sequence,pred
AEEEERRARRAAER,0.001530996523797512
ARSEELWAELDALL,0.0001231814967468381
ALPAEELAALLARA,0.00023563305148854852
DLEAEAAAADARLA,5.8342709962744266e-05
AAAAEAAAAAAAAA,2.6852116207010113e-05
SDATVAELAALVAA,0.00018771713075693697
GLLEELRRLLEELA,0.00010002197814173996
VEAEAAAADARRAA,7.56777444621548e-05
AAARAAAAAAAAAA,8.275639993371442e-05
GFAELAAFRAALAA,0.021966787055134773
AREEERRRREEEEE,3.254381590522826e-05
AAALEAERAAIAAA,0.00030326686101034284
DAALAASRARAAAL,0.000267277006059885
AAAELAAAAAAAAA,6.0664697230095044e-05
EEAEEAARSAARLA,6.1356013247859664e-06
MEAELAAQEAEEAA,0.00013039408077020198
DLAAREAAEAALLE,4.1393068386241794e-05
AAAAAAAAAAAAAA,2.349523128941655e-05
SYEAEAAARRARRA,0.0006858643610030413
AVEADAAERAAAAA,5.284292274154723e-05
DEARAAAADARAAA,5.785699249827303e-05
AELEAEAAERDAEA,0.0012950031086802483
AEAALLAELRAALA,0.00018769022426567972
SAEVDARLAAEAAA,0.00021958719298709184
REEELRRLQAELVA,8.081759006017819e-06
DALAAAEAAAAALA,0.000801321875769645
AAAAEAAEEAALEA,5.7985089370049536e-05
SRDAERAAAAAAEA,6.832970393588766e-05
DAELAAALAARDAA,5.7010212913155556e-05
AAADAELAAEEAAE,0.0030041446443647146
AEAAARAARLAALA,3.1122181098908186e-05
SAAAEAAAEAAAAA,7.452631052728975e-06
DEAARAAVDALAAA,4.593373887473717e-05
DRAARDAEAAALAA,0.001175498589873314
DADARAAALAALVR,0.0008083104039542377
TAAVEAALAAAAAA,0.00017430074512958527
DEAERAARAARLAA,0.000523420691024512
EAAARDAERAAREE,0.0008747133542783558
DLLARLAAIRAERA,0.00012752838665619493
GPLLALLLLLLLLL,2.33534137805691e-05
DELAAEAAALAAAL,0.0006648056441918015
AAAEAAARRAAAAA,4.566137067740783e-05
AALDAVAAEAAAAA,0.0002002309774979949
DAARAAAEAAEAAA,0.00010143488179892302
RTAAEAAAEAAALA,8.527742465957999e-05
AAAAREARRAALAA,0.0003087142831645906
DAAREAAAAAAAAA,0.00024524613399989903
DAAEAARAAAEAAA,0.0024090465158224106
DRAAREARAAALLA,0.0009278043871745467
AERDARLAALRAAA,0.0007506004767492414
VQARLDALAAERAA,0.0030853489879518747
AAAAARQAELAALR,0.0004946105764247477
AEEEAERAARAAEL,0.0025452887639403343
AEAAREAERAAIAA,4.680205529439263e-05
AEELEAERAEREAA,7.124309922801331e-05
LAEALLARLAAVRA,0.00015016233373899013
GAGAAARAALEAAD,8.143992454279214e-05
AELAERDARLAAER,3.967027805629186e-05
EEEAEARRAAAAAA,0.00022172975877765566
AAAAAAAAARAAAR,0.0010891314595937729
AALAAARAAAAAAE,0.0003448511124588549
GAAATAALRAALAA,0.0004137292271479964
AEAAARAARLAALA,4.188445473118918e-06
AAAEAAAALLAAAL,0.0016391916433349252
PAELEALRAELAAE,5.352238076739013e-05
DAEARAAALEALLA,0.0005008858279325068
DLAARAAEAEAWAA,0.00011779560736613348
DYEAEAAAAAAAAA,3.216031473129988e-05
DARLAAADALLAAA,0.000643944600597024
AAAAAFAAEVAAAP,0.0026928228326141834
DEAVDAALAARRAA,0.00015742803225293756
GEAYRAELAAAAAA,0.000430234766099602
GALEAARAEAAARR,0.0005926410085521638
ERAASEARAAALRA,0.002113797701895237
AAAAAAAAAERAAL,0.0003349320322740823
ARAERRARLDALAA,4.428444663062692e-05
SAARRAALAARLAA,1.679953493294306e-05
PLLEELLRLLEELA,7.053781246213475e-06
YAAARAAAAAEAAA,0.00011068792809965089
AAEEADRRRAAAAA,0.00014825203106738627
EAAREAARAARAAA,0.0013155245687812567
DATEAAAAARDAAA,0.003090901533141732
GAAAAAARAAREAA,8.442330727120861e-05
DAAAALAALRAAVA,0.007735978811979294
SDEAAEADARAAAL,0.0003464478941168636
LAALRAERAALEAE,0.002643741900101304
DRTDLERLLEALLA,0.0001169899114756845
AAAEAVAAERAAAA,0.0002719595795497298
RAALDELSDLRAAA,0.00032797615858726203
LTARERAALAELLA,0.0003720275708474219
AEEEELLRELEELL,2.3854081518948078e-05
AEAAERDARLAELR,0.00017770862905308604
SAARAAADLARELA,0.0002836872008629143
GAAAEAAAAAAAAA,1.9380020603421144e-05
SDAALEAALAELAA,0.00020034046610817313
AAAAAALRAEVEAA,0.001207249704748392
EAEAEARAAALAAA,0.000565836438909173
LAARRAERAARLAA,0.0024392397608608007
SSEALLAELAAALA,0.00014645054761786014
AEAEARAAAAEAAA,4.701323268818669e-05
DDAARAARRAAVAA,0.00019304612942505628
AAYEEWRAELAAEG,0.001080743852071464
AAAARDARAAERAA,0.0006601146305911243
AEAAARAARIAALR,4.2174455302301794e-05
DLAARAAAAAAALA,0.00022859401360619813
AAAERAAAAAADAA,4.048689879709855e-05
GLPLLLLLLLLALL,6.238345667952672e-05
GEAEARRAAAAAAA,0.00011734709551092237
SALAAARAAERAAA,0.0002793773601297289
AAERAARRARLAAL,9.617006435291842e-05
DREARVAALRAAAL,0.00029098615050315857
EAHEAELAARAAAA,0.002551039680838585
AAREAARLAERLAA,0.0008083226857706904
GSVEELRALLAASL,0.00447888532653451
SAADAEAAARAAAR,0.0009360849508084357
SEAARLAAREAEAA,0.0005615423433482647
AAALAELARAAERA,0.004981528036296368
AAAAARAARDAALA,0.0007337886490859091
AAAEAARAAARAAA,0.0006116237491369247
DAALAALAAERAAR,0.00348931597545743
AAAVAAAVAALRAA,0.00014486873988062143
AAREAERAAREAAA,0.0003990355471614748
DEAAAARLEALRAA,0.0014750107657164335
SEAARAAELAARRA,0.000266518909484148
AALAAELAAAAAAR,0.003784200642257929
SAEAHAARRAVLDA,0.0034601427614688873
GAAAEAARREREAA,4.6533819840988144e-05
EPDEALLAELRAGL,0.0012905456824228168
SAAAERAAREAARA,1.2790410437446553e-05
AAAARAAAAAAERA,2.6958701710100286e-05
PLEELLAELLELLR,6.793472857680172e-05
ALLLLLLLLLLLLL,3.465990812401287e-05
EEAERDARRAAAAA,1.588470877322834e-05
AAAEAARAAQDAAL,0.0025282118003815413
AELEELLLELLELE,3.809517693298403e-06
DAAAELRALLAASF,0.0010106359841302037
DAEAARRDAERAAA,0.001076890854164958
AARAARRAELEALR,0.00014561964781023562
AAAAARRAAAAAAA,0.00011044384154956788
DAFLARVDAIAAER,0.0007350991363637149
AEAEARAAEAAARA,0.00014113150245975703
DAAARAAALAALAG,0.0002922946878243238
AAAEAAARAAERAA,0.0017005152767524123
AAAAAARAAARAAA,0.0005569299100898206
GLEARLAAAAAAAA,0.00010820831812452525
DASEARLAALRAAV,0.003493488533422351
SRSAALDAELARAA,1.755415360094048e-05
AAALEERRARRAAA,0.000793619838077575
SDAALLAALDAVAA,0.000518868095241487
SEEEEEARRAALAA,0.0003087743534706533
GLAAEEAARAAAAA,0.00016879831673577428
DAAWAAEEAAAAAA,0.008061554282903671
DWRAEAAARAAELA,0.0007958521018736064
DEEAEAAARAARFA,4.2420531826792285e-05
AEAEAEARRAAAEA,8.237630936491769e-06
VDAALAAAAAEAAA,0.0002261693007312715
DAAAAAAAAAAAAA,0.0007661287672817707
AAAREAREAAREAA,0.00103671383112669
ASPLERLDAIRAAR,4.0974264265969396e-06
AEAELAALDARLAP,0.0007390284445136786
AAAQAAAAAAAAAE,0.0025000672321766615
DAAIAALAAAVAAD,0.002434999216347933
ALEALLRALEAALE,5.844536644872278e-05
PLEELLRELEELLR,6.948485679458827e-05
SAEAVAAAWRAAAA,0.00015940243611112237
GEAAAERAAERAAA,0.0008494503563269973
ALPLLLLLLLLLLL,2.4056078473222442e-05
GLLLLLALLLALLG,3.899063085555099e-05
GVAEAAAEAAAVAA,0.003428416093811393
DARDAERAARRAAA,0.0011468082666397095
RAEEIEARAAAEAA,0.00015193021681625396
AELAAYDAERAAAA,0.0009642081568017602
DAARFDAWAAAAAA,0.0004328439827077091
GAAEVEAEAAARAA,1.0539292816247325e-05
AEEAAERAARAARL,0.00037885893834754825
DALAAERAAAEAEL,0.0011287517845630646
DAEREARLAAARAA,0.0007821216713637114
AAAEAAELRAELEP,1.4186081898515113e-05
DAELEAEAAAREAA,0.0012400533305481076
GAAAAAAAAAAAAA,0.00021616661979351193
SATEAAAAAEAAAA,0.001590959494933486
AAAEEAAALAAALA,0.0002857648942153901
EEAARRAALEAALA,2.4401460905210115e-05
ELAEELAALLAALA,0.0003097717999480665
DAILAALAAIAAER,0.004246236756443977
AAVAAWEAELAARR,0.0013166718417778611
AAEREAAEAAAAAA,7.46804362279363e-05
GSEARAAALAALLA,0.0007810827810317278
AEEAARAAELAAAA,0.00029142361017875373
ALDAELAARAAAAA,0.02104000933468342
AAARQARADAAAAE,0.0028789215721189976
AAAERAAEAAARAA,0.000487065757624805
AAARAAAEAAAAAA,4.866566450800747e-05
SSDARAAALAALLR,1.8408356481813826e-05
ALLLLLLLLLLLLA,2.022280023084022e-05
DAAVAAVAARAAAR,0.002574899699538946
GAAALAAAAAAAEA,0.0005765376845374703
AAEAARAAAEAAEA,0.00041312669054605067
LEAELAARSAEAAA,5.103116200189106e-05
EEARAAAAAAFAAA,7.131069287424907e-05
AAAARDAALAAAAA,8.391970186494291e-05
AAEAAAAARAAAAA,0.000656458898447454
AALAAARAAAAAER,0.00031785425380803645
DEADAEAAARAAAL,0.0006121318438090384
YDEAAAAAERAALA,0.001082047587260604
ALAEDEAAAAAAAA,0.00011290500697214156
PDPWAALAAERAAA,0.004322196822613478
AAAAAARAAEEAAE,0.0009313292102888227
GLLLLLLLLLLLLL,0.00011708534293575212
GAALAAAAAARAAA,0.0005712814745493233
SAALEAAAAAAAAA,0.0006674364558421075
EAAARRARAAAALA,0.00014037314394954592
AALDAIAAEAAARR,0.00019781265291385353
AEDAEQAARAAALA,0.002207113429903984
DEEAAAAAAAAAAA,0.0002937726385425776
GAATAAERAAAAAA,0.00010281763388775289
SLEELLRALLELLR,9.816515375860035e-05
DLAAERAARRARLA,4.189579340163618e-05
ASDARNAALAAELA,9.878419223241508e-05
DEAERAARRAAAEA,5.11546058987733e-05
AAEDAAHAARRAAL,0.0041202460415661335
DAAAARRARLAALA,0.00314518460072577
AEAAARAARLAALR,1.953991159098223e-05
DELAAAAARAAALR,0.00017782161012291908
GDARRAARRAARAA,5.159312058822252e-05
AAARAARDAALAAL,0.000277775339782238
LAALDAAAAAEAAA,0.0006986277876421809
ARAAERAAARAAAA,4.327955321059562e-05
SRAAEALAALLAAL,0.000516605912707746
AAALDARLAALRAA,0.0035328217782080173
PEAALAALAALRAE,0.0060389358550310135
AAAAERAAERAAAA,6.7428860347718e-05
TPEAEREAAEAAAA,0.00013080444477964193
DWAARRAAREARLA,9.643113298807293e-05
ASDARIAALAAELR,6.421113994292682e-06
AAAAARAAAAAAAP,4.527829878497869e-05
EAEARAAAAAARAA,0.000983347068540752
DRLAELRAAREAEE,6.737650983268395e-05
SPLAEVDAIRAERE,0.0005237630102783442
SAAAAAAARAAVAA,8.472931767755654e-06
DLEAEAAERAAERA,0.00011888152948813513
AHYEELDARLAARA,0.0004620224062819034
DLAALDAERAAARA,0.0015635761665180326
AEEREAAAAARRAA,3.273986294516362e-05
DAEEAARAAAARAL,0.001044061267748475
GPLLLLLLLLLLLL,3.19067548844032e-05
DAAAAEARAAALRA,0.0009539513848721981
SAADALRAAAAAAA,0.0002334484743187204
MSAEERAAEDARIA,6.32756418781355e-05
AAAEALAAEVAAEL,4.268695192877203e-05
DAAEEAELEAREAA,0.0038395801093429327
AAAAAAAREAERAA,7.515391189372167e-05
AAEEAERAARRARL,0.003004626836627722
ALAAALAEAAALRA,0.0015278703067451715
SDARIAALAAELAA,0.00012560770846903324
ALAAALAALAALLA,0.04089357703924179
AEAEAAARRAAFRA,0.00015606371744070202
ALLAELLELLAELL,0.0002202608302468434
AAEAEREARRAAAR,0.0005887810257263482
DDAAREAERAARAA,4.385983993415721e-05
DLDAEIAAREARAA,0.008739521726965904
AEAAAARAAAAAAA,0.0010351714445278049
ALDAIAAAAAAEAA,0.00021843450667802244
AAAAEREAELAADR,1.0872944585571531e-05
ARAAERAAARAAAA,5.8423182053957134e-05
AAEAARDAARAAAA,0.0002072240022243932
DDAAREARLAALEA,3.851273868349381e-05
AAAAAAELAARAAA,0.00034426533966325223
AEDAERAAERAAAR,0.0005935425870120525
MAALEAALAALAAA,0.00036347529385238886
GADARAAARAAAAA,0.00016180911916308105
EEEARAAAAAARAA,0.0002241557667730376
DDAAHAAARAARAA,0.0008232920663431287
DTAAELRALLAAAR,0.0012444149469956756
MTVEEADAERAAEE,3.5919725632993504e-05
LAALEAARAEAAAA,0.0006701937527395785
AAAIDERLEALRAE,0.00011350297427270561
SAAAALAAAAAARA,0.001371714984998107
DDAEAAARRAALDA,0.00019675327348522842
SAAEEAAEAAREAA,0.001520101330243051
VEAALAALAAERAA,1.1323335456836503e-05
LDAERAAADAERAA,0.00022320629796013236
AEEEEARAARLAAL,0.0007126170676201582
AAERAAAAAAAAAA,0.0006039454601705074
AALAALLAAAAAAA,0.0005269500543363392
PPLLLLLLLLLLLE,6.861965812277049e-05
LEAERAAAAARAAA,0.0003851609362754971
DELAAARAARAAAA,3.882443343172781e-05
SVLARLAAVRAAAA,0.0005032089538872242
PAAEHAAALAAEEA,0.00027904449962079525
DRDAERAALLAALA,2.8331771318335086e-05
GLLLLLLLLLLLLS,0.0002105056046275422
AEQAARRAAWEAAL,0.0009602782083675265
DELEAERAAARAAA,0.00010481196659384295
AAAAAARLAAELAA,8.24568542157067e-06
DLAAREAELAARRA,0.00020565695012919605
DAEAEAREAAAAAA,0.00017614233365748078
EEEARAAAREAERP,2.7238809707341716e-05
AAAAEAALEAARAA,3.4426098864059895e-05
DEAAEAARAAAAAA,0.0008467442239634693
AARELEREAEELAA,9.610253982827999e-06
EEAELAALDARLAA,0.0033122540917247534
MAAARAERAAREAA,4.3323307181708515e-05
ALAALAAERAARAA,2.547074473113753e-05
AREAEEAAERAAAA,8.256171895482112e-06
AEEAARDAEVAAAA,3.7918463931418955e-05
AAARAAAAAAAAAA,8.922395500121638e-05
PLLLLLLLLLLLLL,0.00041220392449758947
AAAAEAAAERAARL,9.817890531849116e-05
LDAEIAALEAANAA,0.0002848216099664569
GAERAAREAAAAAA,1.2880865142506082e-05
AAAEAALAAIRAAE,0.01765270158648491
AAAAEEAARAARAA,8.669258386362344e-05
PDPAAQADLNALAA,0.0008537342655472457
AAARAAAAAAEAAA,4.4577624066732824e-05
DAARRARLDALAAA,0.001544703496620059
MTLEELAAERARLR,0.0001038319242070429
AAREAEAAARAAAA,0.0001504370738985017
AAEAAREAERAAAR,3.903795004589483e-05
AAAEAAALAAALAA,2.995797694893554e-05
ADAAREAARAARAA,0.0007367591606453061
DAAAAARDAARAAA,0.0013489389093592763
AIEAEIAAEWAAAE,0.0002720822812989354
DAAEEAEEAARRAA,0.0038650776259601116
DAAIAAELAARDAA,0.00029689521761611104
GAARAARAAALAAA,0.0005487316520884633
GAVAAARAEAAAAA,0.0017042872495949268
DAHAAELDARAAAA,0.0036134913098067045
SAAAEAAERAARAA,0.0004454144218470901
LEAEVAAAADAAEA,0.001172904740087688
AWEAERAAAAAEAA,0.0006405384629033506
DAAAEAAYEARLAA,0.0016142481472343206
LDALVAERAAREAA,0.0005075769731774926
LEARLAELEAARAA,0.0006175580783747137
SAAAEAARAAARAA,0.0007800690946169198
DAERAAREAARAAA,0.00038736689020879567
AAAALAALLAAAAA,0.00025544408708810806
AAAARAALDAAIEA,1.0648794159351382e-05
PEARAAAAAAREAA,0.00017923544510267675
AEAARAAARDAEAA,8.912050361686852e-06
HAAASDARAAALAA,0.00927677471190691
SALAERDARLAALD,1.668409095145762e-05
SEAEARRAARAAAA,1.2705289009318221e-05
ARAARDAELAARAA,1.9080573110841215e-05
AAEAARAAARAAAA,0.0002376741322223097
AEARHAAAQAAAAA,0.00048797769704833627
SELAAERAAREAAA,3.801877028308809e-05
SAAAEAAAAAAAAA,0.0007873852737247944
ASVEELRALLAEER,5.669525489793159e-05
SAEELRALVAASLA,7.670524610148277e-06
EWAAEVEAARAARA,0.0012473809765651822
DSAAELRALLAAER,5.966649405308999e-05
DAADAERAAAEAAA,0.0030818551313132048
SAAAAAAAAAAAAA,0.00011863998224725947
DAARAARLAALAAE,0.0005239706952124834
GAAAAAAAAAAAAA,0.00022573434398509562
AEAEARAAARAAAA,5.2254927140893415e-06
DPLARLAAIRAERA,0.0001803545601433143
ARDAELAAWAAALA,0.0016442440683022141
AAARAAADALRAAL,2.763413249340374e-05
GAAEARAAELAAER,0.0001704871392576024
AEEEERARRAEERA,0.0002752899890765548
DDAARRAANAARAA,3.9379818190354854e-05
GLAELEELLEELLR,0.00013063357619103044
AAARAAREAARAAA,0.00047547038411721587
DAARRAALDALLAA,8.916624938137829e-05
MTAEEREARRAAAL,5.438146217784379e-06
AEAAARRAALAASA,0.000906491419300437
SHEAELAARAAALA,0.001004184246994555
AAEAAAAARAAAAA,0.000376164389308542
REAEEAAREAERAA,0.00033006101148203015
SRAARRARLAALAA,8.980424900073558e-05
TLAALLAEIAAARA,0.001855493988841772
SWEAERAARDAELA,2.3106216758606024e-05
AASDERAAALRAAL,2.3232161765918136e-05
SELAARDAELARLD,0.00036035021184943616
GALEEADAFAAAWA,5.880729804630391e-05
SAAAEEAEAAALEP,0.0024250017013400793
SDARAAALAAELAA,1.9234634237363935e-05
AELEAAAAARAAAA,0.00018716514750849456
EEAARAARRAALAA,0.00010479999764356762
AAAEARAAAAAAAA,0.00015088988584466279
AEAAERAARLAALR,0.0007426866795867682
AEAAAAAAAAAAAA,0.0002594869292806834
AEDAAAAARRAALA,0.0025349659845232964
AAAERAARAARAAA,0.000239396802498959
DAAAEAARAAERAA,0.00011122172873001546
MAALDALAAERAAR,0.0008747239480726421
DESAAELAAEDAAA,0.0014629585202783346
DLEAEAAADAAAAA,0.0003493334515951574
SEARLAALRAALSA,5.304923979565501e-05
DPVAAATEAREAAE,0.0016837699804455042
DAEAEIAARDAARA,0.03581912815570831
DLAAVAARTAALEA,0.0017669744556769729
SAAAREARLAALAA,3.401357389520854e-05
DLAARLDAALAAIA,3.334634311613627e-05
AAEAEAERAARAAA,0.0008136986289173365
GSDAELAALAAAVR,0.005797659512609243
SEEEEEARAAAAAA,0.00040193836321122944
DAAAREAALAALEA,0.0013812684919685125
AERDARAAALAAAA,1.399255506839836e-05
EAAEAAARAAARAA,0.003202443476766348
AVEAAVAAREAARE,7.443589129252359e-05
DEAEAAARLAAARA,0.0002193859836552292
SDARAAALAAEVAA,5.1764996896963567e-05
AMAARDAARAAEEA,1.3811591998091899e-05
SLDARLAAVRAAAA,0.0015100780874490738
SAAEERAAERARLA,1.3283260159369092e-05
ALDAERAAAAAAAA,0.00048046925803646445
ELLARADAIAAEAP,6.788205064367503e-05
AAAEAARAAANAAA,0.0006861147121526301
EAAAAEARAAALRA,0.00028901826590299606
DAEAEAAAAAAAEA,0.0003405702009331435
AAAAEAAAARAERA,7.862530765123665e-05
AAAEEAAERAARAA,0.0005923012504354119
AEAAARAALLAELA,8.506912126904353e-05
DEAAHAAAAALAAA,0.003081083996221423
SAAAAVAALRAAAA,0.00020548094471450895
DAEARREALDAALA,0.0006842905422672629
VEALEAARAAAEAA,7.13815024937503e-05
DAAIAALAAAVRAA,0.004182144533842802
PLAELLRLLAELLP,8.250862265413161e-06
GLAAEEAAREAEEA,0.00037691599573008716
DELAAHRAELEAAA,0.00021040532737970352
DYAAELAARAAAAA,0.004095257725566626
DAAARDARAAALAA,0.0005772338481619954
EEERREIERRLAER,0.0008660989697091281
EAEEAARAAARAAL,8.392084964725655e-06
SAASEARAAALLAA,0.00023703486658632755
DLLLLLLLLLLLLS,0.00030766346026211977
AAAEARAAALEALR,5.153453457751311e-06
AAAAERAAELAALA,9.2365822638385e-05
VEAELEARRAEAEA,0.0007228201138786972
AEAAYAAEDAAAAA,0.020347973331809044
ALLLLLLLLLLLLA,3.713716068887152e-05
AAARAAREAAREAA,0.0007608105079270899
AAAEREAERAARRA,0.0010045950766652822
SLLARADALAAARP,9.344696445623413e-05
EAAAERAARAAAAA,0.0001565519196446985
DAADAALAAEELAE,0.0003973904240410775
ASEARTAALAALLR,0.00018884206656366587
AAAAAAEAAAAAAA,0.00012530252570286393
DAAWEARRAAAEAE,0.0011831270530819893
GSGAAAAAAAAAAA,1.3297436453285627e-05
AEAERAARAAERAA,4.8278623580699787e-05
TAELAALRAERAAA,4.3522290980035905e-06
AAAEEAEAAARAAA,0.0006203694501891732
AEEAERAARRAALA,0.0006984206847846508
DLAALRAEREALRA,0.0002343988453503698
AEAARAAALAALAA,6.671747996733757e-06
AAAADARAAALRAA,0.00010436303273309022
AAAEAAREAARAAA,0.0009744062554091215
AEREARRAALAAAA,0.0013129516737535596
VEAELAALEAERAA,4.736421396955848e-05
ARAARLAAWRAEAA,0.004459943622350693
ATAEALAAAWAAEF,0.0011190881486982107
AAERDAAAAAAAAA,0.0007781172753311694
ARAAEEAARAAAAA,8.776461982051842e-06
LEALDAAAAAAAAA,0.00012130015238653868
DLAAIEARAAALRA,0.0007324205944314599
GRAAADALAAELAA,0.0008696372387930751
AEARLAALDAAEAA,0.008766239508986473
AEAEARAAEEEAAE,0.000201430098968558
DAAAAAAAANDAAA,0.001984046306461096
AAAAARAEAERAAL,7.971619197633117e-05
ALAAEWAAARAAAA,5.706524825654924e-05
AAREAAREAARAAA,0.0004392314294818789
AEAAARAALAALAA,8.699323370819911e-05
ALAALLALLAALLA,0.00035170800401829183
AEAERERRRAEREA,0.00011635902774287388
LAAEEAAAAAAAAA,0.0038451040163636208
ALAALLAAEEAALR,0.0011051848996430635
DPAEELARRREAAA,0.0005302219651639462
AAAEAERAAAAAAA,0.0009522079490125179
DSDARAAELLALVR,0.00013513433805201203
AALEAAEARAAAAA,0.0005973403458483517
AAEEAARRAAAAAA,9.83557492872933e-06
SEAEARAAARDAEL,0.0004802480689249933
AEAAARAARLAELA,4.899229679722339e-05
DPVEAEAAALAAAA,0.00048645419883541763
MTAEELEARLAAAR,0.0002850562159437686
EEAARAARLAALAA,5.811859864479629e-06
AAELEARAAERAAE,0.00028918488533236086
DDAAADAAAAAAAA,0.00010319492139387876
SAADALRALLAAER,0.0005767777329310775
DAAAAARDAAFAAE,0.007968067191541195
AAAAAALAARTAAL,0.0015277316560968757
AAAVAAADAAAAAA,0.0001672536600381136
AARAAAEAAAAAAA,0.0022487640380859375
AAALEALARELERA,0.0011668390361592174
SDAAVAALAAALAA,5.886247527087107e-05
LAAARAESAARRAA,0.00017957498494070023
DERDARAAAAAAEE,3.6080014979233965e-05
DEEAARDARLDALR,8.060641994234174e-05
EAAAAAAAAAAAAA,0.0003742830303963274
LAAALRAETEARHA,0.00044345593778416514
EREAERAAERAAAA,8.011784666450694e-05
DLAARLLAAVAAIR,0.00019373086979612708
ALAELRARRAAREA,0.0007603570120409131
GDARAEARRAALEA,1.6832838809932582e-05
DSEARRAAARAAAA,6.70405788696371e-05
AAAEEAARAALDAA,0.0003363979631103575
EELETEPLVDEAIR,8.873542537912726e-05
DLAARAAARDAEAA,8.223823533626273e-05
GREARDAERAARRA,0.00027445360319688916
GPDPVDELAALLRA,0.0009556812001392245
AAEAAARAAALAAL,1.1221586646570358e-05
DAARAAAEAAALAE,0.00016778925783000886
ASDAATAALAAALA,0.0063558113761246204
DEWLARLAEIRAEL,4.714707029052079e-05
AEAAEEAARRAAAA,0.0001716930855764076
GAAEADARAAEEAA,0.0009756255312822759
EEAALDAEAAARRA,0.009124621748924255
EEAARAAADAAWAA,0.001969430595636368
DFDAEAAARDAALA,0.005513353273272514
SDAALAAALAAERA,4.1317412978969514e-05
AAEAAARAALDAAA,0.00034688948653638363
EWEEERAARRAARE,9.38006542128278e-06
GLAALEAELAARRA,9.120871254708618e-06
SLAAERAAADAERA,5.4604231991106644e-05
SAAAREAAAAALAA,0.00047284638276323676
AAAAIAAEAAARAA,7.489501513191499e-06
AAAEEARRAAAEAA,0.00013793454854749143
AAAAREARRAALRA,9.842134750215337e-05
EEAEEAAREAARAA,8.223635632020887e-06
MPVAERLAAEAAAA,0.0008485562866553664
GGEARRLERELRRA,0.0011614153627306223
VDAELAARAAAAAA,0.0005806029075756669
HDAERAARAAARAA,3.2369393011322245e-05
YDAEAAARAAAAAA,0.00023595360107719898
ALAAEVAAARAARA,0.0004958146600984037
DLAAARAALEARLE,5.1116883696522564e-05
AAALEAAERLARLL,0.0055022151209414005
AAAAEAARAASEAE,0.00017790678248275071
SSDARVAALAAAVR,3.856975308735855e-05
AEAARLAAEWAAAR,0.00039176843711175025
DLDARAAAARARAA,0.00016281477292068303
EEAERLVEERRRES,0.0006020683795213699
GLLLLLLLLLLLLL,0.0001108068972826004
DAALAALDAARAAA,0.0014614176470786333
AADAEVAALAALLA,0.0013360640732571483
MEEYEENRARAAER,0.0034979968331754208
SPEAFLARLDAAAA,9.584119106875733e-05
SAAEREAERAARRA,6.967258377699181e-05
AAEDEARDARLAAP,0.00033699919003993273
AEAEARAAAARAAA,0.00016555417096242309
DAAREAELAALAAA,0.0007316517876461148
DAAREAAAAAAAAA,0.00016376515850424767
DAAARAARLAALAA,0.00025573797756806016
LEEEEAARAAERAA,0.0015161775518208742
AAAAEAARAAAAAA,8.55066828080453e-05
GDARVAAAEAALAA,2.724077603488695e-05
DVDAELAALDAAAP,0.03637875244021416
SAAARDAALAAALA,2.2045158402761444e-05
AAAAAAAAAAAAAA,1.1487649317132309e-05
VDAEAAAAAAARAA,0.009896433912217617
PPPEERAARAAALR,8.368037015316077e-06
AEEEEERAAERAAE,0.00039246465894393623
DDTEALAAAVREGV,3.5125427530147135e-05
DDAAIAELRALVAA,0.00022180449741426855
GELLELLLRLLELE,5.031198452343233e-05
MTAEEEAARAAALE,2.3791484636603855e-05
AAAAEEAAREARLA,0.00040281779365614057
AAAALAAELAAALA,0.00027285542455501854
DAALRAARAAELAA,0.00013324567407835275
AAAEELAALLEALR,0.00040986714884638786
DARAAARRAAAAAA,0.0006207948317751288
GLLEELLELLELLR,7.978488611115608e-06
AELDARAAAAEAAL,3.0497378247673623e-05
PDRTLLPPEAVVAE,0.0003086925717070699
AAEAEARIAALRAE,5.843498365720734e-05
SAAARAAREAERAA,3.4944496292155236e-05
AAEEAEAAARAAAA,0.012196756899356842
PLLLLLLLLLLLLL,0.00048009585589170456
EELEAEAARRAERL,0.00028601245139725506
GLAAALEALRAERA,8.872097168932669e-06
EEEELAAERDAEAA,0.0002733002766035497
AAAAEAEALEALLE,0.00036547763738781214
AELEAERAALRAEA,0.0006356057710945606
DAAARAARLDALAA,0.000260931090451777
VEARLAAVAAERAA,7.137383363442495e-05
GRARRRRRRRRRRR,0.9911746382713318
AAAAALAAAAARAA,0.0017935053911060095
EEAERAARDARAAA,4.2184012272628024e-05
GLLLLLLLLLALLA,8.120723214233294e-05
AADAEVAALAAAVR,0.001588996034115553
DAEAEAAEAAARLA,0.00032760726753622293
GAEDLERLLERLAR,7.28921513655223e-05
AEDEARAARAAAVR,0.000167234378750436
DDAEHAARDAALDA,0.0019284645095467567
DAEVAALRALVAAD,0.00047125897253863513
GAAEEAREAAAAAA,5.0441271014278755e-05
DEEAEAAERRARLA,3.675670814118348e-05
ERAARRAARAAEAA,0.0004244703450240195
EEEERRLERERRRA,0.0017483999254181981
EEAARAARRARLAA,6.589565600734204e-05
AAAADARAAALAAA,9.420644346391782e-05
SLDAEAAARAAALA,0.0005859640659764409
AAAALAALLAALLA,5.0891270802821964e-05
DAAEAAAAAAARAA,0.0012666800757870078
DAEAAARAAAAAAA,0.0027542973402887583
DLLARAAAAAAEAA,0.0006658966885879636
AAAEAARAAARAAR,0.0006300489185377955
STDARLAALRAAVR,0.00037333875661715865
AGEAELAELLELLA,0.00018849004118237644
AAAEAARAAERAAL,0.001201228704303503
AAAEAAREAARAAA,0.0011225128546357155
GAREERRAAREAAR,0.0003801121492870152
TAAREAARAAEEAA,1.695641731203068e-05
SRAAERDAERAARE,0.00015047812485136092
DAEREARAAAAAAA,0.002023806096985936
AARAAALAALAAAL,0.0006528650410473347
DAIAAEAAAAEAEL,0.005443281959742308
WEEERAARAARLAA,0.0003596702590584755
AAAAEREAEDAALA,6.357105303322896e-05
EAAAREAAAAAAEA,0.00036432372871786356
SDAAREAERAAEAA,4.1851784772006795e-05
AAEAELAAIAAERA,2.410913111816626e-05
DAEVAALRALVAAD,0.0006359021062962711
DAARAALAAREAAA,0.0005294877337291837
SAVARVDAIAAEAA,9.255266922991723e-05
AERAAAEAARAAAA,2.201664392487146e-05
DAEAAARAARAAAL,0.0021832750644534826
ERAAADARTAALAA,0.0011889823945239186
AEALRAEVRAALAA,2.3241493181558326e-05
LDALAAERAARAAA,0.0010920038912445307
GLLLALLAALLAAA,0.0001301681186305359
MQAALDAALAEAAA,0.0010068613337352872
DDAAVLAAAAAAAA,0.00016565526311751455
AEEEERERRAAERE,0.0005647556390613317
AAAAAARDARLAAL,4.635903678718023e-05
AAAEAERAAAEAAE,0.0007673874497413635
EDAEEEARRAALRA,0.0005322150536812842
SDARIAALAAAVAA,2.1211795683484524e-05
AERAAELAAERAAR,0.0005346394027583301
DTDARLAELRAALA,0.0008790538995526731
ERAARRARLDALAA,7.817534060450271e-05
ASDARIAALAALLR,2.1408528482425027e-05
DAAIAALRALLAAS,0.00018033561354968697
SRAAAEAAAAAAAA,1.842782148742117e-05
EAAEAAAQAAERAA,0.0023003334645181894
EEAELAARAAARRA,0.0029814166482537985
GLLELLRRLLELLR,0.00046387864858843386
DARVAAAEAAEAAA,0.00026145903393626213
AEAALEAERAARRA,0.002180746290832758
AEEEEWEAEAAARE,2.510386002541054e-05
TREEEEEEWEEYAA,8.254378371930216e-06
LEERRAEREAEAAA,0.000510284851770848
SVLSAAEWAALAAS,0.0013021967606619
AEEAAREARRAALA,0.00021783735428471118
AAAELAARRAAAAA,0.0006130014080554247
AAAAEAAERAADRA,0.0008101534331217408
SEAAELAAERAARA,9.642110671848059e-05
DAARAAALAAARAA,3.569953696569428e-05
DAAVAALRALLAAD,0.0002535161911509931
RDAERAARDAELAA,0.00021402168204076588
ALAELDARRARLDA,0.0007942544179968536
EREARLAELDARLA,1.9843068002955988e-05
DAEDAARAARAAAA,0.0026507903821766376
AEAEARAAAREAAA,0.00022223037376534194
DEYEAARAAADAAA,7.588934386149049e-05
AEAAALRAAIDAEL,0.003490815171971917
MGDAEFAALAAALR,0.0034889690577983856
MSAEELAALLAAER,2.0067693185410462e-05
AAALEAALAAARAE,9.261017112294212e-05
AEEAAREAARAAER,0.00012296823842916638
EAEAEAAAAAAAAA,0.0008451764588244259
EEAEREARQAEARA,2.757169204414822e-05
EAAAEAERAAAAAA,0.0032422977965325117
EAAAEAAARAAARA,0.0006368341273628175
AAAEAALAAALAAA,0.0008399690850637853
AAAAAAAAAAAARA,0.00024080053844954818
AEAAEAAYAAEEAA,0.010515693575143814
SADARVAELRALLA,6.999046308919787e-05
EEAEREARRAAAAA,6.480456249846611e-06
ATAALLAELEAARA,0.0008563533774577081
SREARRAAEAAAAA,1.6914025763981044e-05
ARDARLAALDALAA,0.0010742793092504144
AAARAAYAAALAAE,1.018877446767874e-05
EEAALAARREAEAA,0.00034552652505226433
SAAAEAAAERAERA,2.7128973670187406e-05
EAARAAAAALAAAL,0.000303013832308352
DELLARLAAIEAAR,0.0004301967564970255
ALLALLLALLLLLL,4.571989393298281e-06
DVDAALAAARAERA,0.03811972588300705
DPLLARLAAARAEA,0.0003991638368461281
SPEAEEAERAARAA,0.0009880635188892484
DPELVSEETTVPLP,4.015239392174408e-05
AAAEAAERAARAAA,0.005230696871876717
ARTAELAAERAALE,0.00027103113825432956
LAARLDAALDAVAA,0.00012800631520804018
DAAAERAARDAEAE,6.580097397090867e-05
EVTAAERDARVAAL,3.3038829769793665e-06
AARRAALDALAAAL,0.0003067332727368921
SFLAAVAAAAAEAA,0.00010106063564307988
EEEWRARRAAAEAA,4.946254193782806e-06
AAAAARAAAAAAAL,1.0218413990514819e-05
DALLARLDAIRAAA,0.0011106415186077356
DVEAAEAAAAAERA,0.0008775300229899585
AAAEDAAHAARRAA,0.018413469195365906
LAELEAELAAEEAA,0.0011151526123285294
WAAERAAAAAARAA,7.961023584357463e-06
DDAARAAEAAARAA,0.00011757999163819477
REAEREARAAARAA,0.00030502452864311635
PEALAAERAARAAA,6.303496320470003e-06
AALAALLLLALLLA,8.413363684667274e-05
AAAAAAAARAAALA,0.00036459288094192743
AEAAEEAEAAALAA,0.0026411120779812336
ALAALAAERAAARA,3.440448381297756e-06
AEAELAAEAAAAAA,0.0021638814359903336
LAAVEAARAEAAAR,8.442081161774695e-05
DAALEAELAALDAA,0.00016095131286419928
MDAEFAALRAEAAA,3.063544136239216e-05
ALAARDAERAAALA,0.0001642678107600659
MEARLAALRAERAP,1.5749430531286635e-05
DWAAERAAARARAA,0.0020932131446897984
DAAVAALAAEVAAA,0.004367214627563953
GEAEDAAREARLAA,9.482461609877646e-05
SLAEERAARAAALA,1.454924677091185e-05
DEAERAARDARAAA,4.975873525836505e-05
AEWAAHRAATDARL,0.0004911428550258279
AEREARRAALEAAL,0.0006057589198462665
AALEAERAARRAAE,0.0009940838208422065
AAAAAEAARRAAAR,0.0037212870083749294
ARAAREAAREAAAA,0.00023882693494670093
AVEARLAERDARRA,0.007873754017055035
AALEAEEAALAAAR,0.015219807624816895
EEAERAARRAALDA,2.159788527933415e-05
AEAAAEAAALAAAA,0.004262941889464855
DAAAVVDARRAARE,0.0004885419621132314
PLLLLLLLLLLLLL,0.00036283949157223105
LAAVEAARAEAEAA,0.00027381093241274357
WEAERAARDARLAA,0.00023688210058026016
AHLAEVDAIAAEAA,0.00022942219220567495
GAAEEEALAAARAA,1.601374606252648e-05
DFLARVAAIRAEAA,0.003490633564069867
DRAAELAAEAAAAA,5.891643013455905e-05
AAAAAAARAAAAAA,0.00011798320338129997
SEEAERAARAARLA,8.382087798963767e-06
DAARAAAAAAEVAA,0.00018780546088237315
AEAEERAARVAELE,2.249797216791194e-05
DTEARAAARAAEAA,5.8757770602824166e-05
AAAAAARAAARAAA,0.0005730850389227271
ARAAEAAAAAAAAA,0.0009739036904647946
AEAAEEAEAAALAA,0.0063717300072312355
GAARAAAEAERAAR,5.216074350755662e-05
EDAARAAAAAAAAA,0.0004456172464415431
DALLARLDAIAAER,0.0018842060817405581
GEARAAAAEAAAAA,0.00010545382247073576
AAAAEAAAREAARA,8.373570744879544e-05
AALLEALRRLLEAL,0.001183128566481173
ALAALAAERARIRA,0.0009706916171126068
ALAALLAALAAALA,0.001752339070662856
VAAREAENAARAAA,0.002480483613908291
SDARLAALRAAVAA,7.257988909259439e-05
AAALAAEAAARRAA,0.004807190969586372
EAAAAAAREAERAA,0.0016331688966602087
AAAAAAAAAAERAA,0.0002491808554623276
AAEELEELLRLLEE,0.00019139552023261786
DASAARVAALLAEL,0.00013723761367145926
AAADAAAAAAAAAA,0.0010728001361712813
DARLAAVEAELAAA,0.0011428039288148284
AEAAELAARFEARL,0.000209002333576791
SDARAAALAAELAA,3.42183411703445e-05
AAERAARDAERAAA,0.00018598571477923542
LEERERARAEERAA,0.0006277119391597807
AAEDARAAARAAAR,1.672608414082788e-05
AASDARIAALRAEA,0.0001713458332233131
AAAAEREARAAESR,0.0003290925233159214
AAAEAARAAERAAR,0.0009157931781373918
SEARLAELRALLAA,5.78328144911211e-05
MTPEELAALRALVR,0.00013107495033182204
SREEAAARLAALLA,9.0454523160588e-06
DAEAAAREAAAAAA,0.0005060245166532695
GAARAARAAAEAEE,0.0006168865947984159
EEAERAARHARLDA,7.548105349997059e-05
DLAAREAEAAARAA,0.0005375933833420277
DLSAEELAELAARA,0.0009262448293156922
GDATVAELAALLAA,8.493520726915449e-05
DAERAAREAAAAAA,0.00030895942472852767
AAAAREAAEAARAA,0.0018566044745966792
LAEAEARLAARAAA,0.001427157549187541
AAAAAAAAAAAAAA,1.0769722393888514e-05
DRAAEEAAAAAAAA,0.0004051558207720518
AAAELAAALAAALA,0.0012679984793066978
AAEAAARDAEAAAL,0.00022975016327109188
AEEDARLAELRAAV,8.796230395091698e-05
ALEELERLARELAE,0.0004087521228939295
ALAAEEAAARALAA,0.0007064273813739419
AAAAAAAARRAARR,0.00013206670701038092
SGDARNAELRALLL,3.3518055715831e-05
SAEAAAEAAERAAR,0.0005142402951605618
DEREARRAALAAAA,0.00017517506785225123
LAARVDAALAAARA,0.00012337036605458707
AEEAAARAARLAAL,0.00015656102914363146
DAEIAARDAAAAAA,0.0038823371287435293
SSEALDAELARALA,1.2103316294087563e-05
DRDAARAAAEAAAA,0.00012593757128342986
AAAIDARLAAARAA,0.0002820459776557982
EEERRAARAAERRA,1.1058960808441043e-05
DAALEAALAAVRAP,0.00017608213238418102
RAAEEAAREAERRA,7.6255714702710975e-06
GLEEELERLLEELA,0.00017698747979011387
AAERAAREAAEAAA,3.900520096067339e-05
AEAAARAAARAAER,7.306121551664546e-05
DAALAAADAAAAAR,0.0017209380166605115
ALAAELAAERAAAA,0.012749617919325829
DAEAEARAAARAAA,0.0011069009779021144
DRDARLAALRAEAA,0.00028519079205580056
AELAARDARLAAAA,9.250991570297629e-05
AAAAAAAAAAAAAA,2.0687668438768014e-05
AEAAAAAAAAAALA,6.288139411481097e-05
EEAERERLARELAA,0.00022251495101954788
EEDAARAAERAAAP,0.00035462636151351035
AAADAARAAAEAAE,0.004327180329710245
EEEDAARAARAAAL,1.3009808753849939e-05
DAAADAAAAARAAA,7.274516246980056e-05
AAWEAALLAAVDAL,0.00558303389698267
GAREAAEAARALAA,0.0001314426481258124
EAALAAIDAEAAAA,0.00019910556147806346
RSLAELLAELAERA,6.733082409482449e-05
RAARRAALDAELAA,2.398155993432738e-05
AASDARAAALTAAL,0.0001840175682445988
DLAALDAERAAAAA,0.001222275197505951
EAEREARRAAREAE,0.00032462377566844225
DAARAARLAALRAA,0.0003016966220457107
AAEAAARAAALAAL,7.818188169039786e-05
LEEAEAASAARAAA,0.0013233828358352184
DWAAHRAAQDARLA,6.953604315640405e-05
MEAELAEAAALAAA,0.0009693392785266042
AAEAARAAAAAARE,0.00037913760752417147
SDARLAALAALVAG,0.00029608607292175293
SEREERAARRAAER,3.940080205211416e-05
GAAATDARAAALAA,0.002069015521556139
DEAARAARLAALAA,0.00013874612341169268
GAAELAAALAALLA,1.7826916518970393e-05
GAAELERAAVRAEA,6.922488410054939e-06
ARDAERDARRAELE,6.0821457736892626e-06
AAAAREAELAAAAA,0.0018572324188426137
AEEEERAARVAALR,0.0001816755102481693
DAAEALAALLAAER,0.001332380110397935
DRLAALEAAIAAAA,0.000531292287632823
VDAEAAAEAAAAAA,0.010065571404993534
AEEVAALRAAAAAA,0.00011612330126808956
AAAAAAAAAAAAAA,6.178206604090519e-06
SSDARIAALAAAVR,9.089168997888919e-06
AEVAALEAALAAAA,0.00017907527217175812
LAALAAERAAEAAA,0.00407291017472744
AAELAALEAEIAAL,0.003290137741714716
DAEREARLAALDAE,0.0001958919019671157
GAWDALAAELAAAR,0.0001333579421043396
SLLAELAAAAAARA,0.0024134491104632616
AEGEARMAALLAEL,7.280331919901073e-05
DEALLAALDAIAAP,0.00017092438065446913
EEAERAARAARLAA,0.0005074383807368577
EEAEDAARAARAAA,0.00013078816118650138
SDAAIAALRAEVAA,4.370419992483221e-05
AAAEAARAAARAAA,0.0006084058550186455
AAREAARAAARAAE,0.0010210498003289104
DEERAARLAALRAA,4.228686520946212e-05
AAARARLAAEEAAL,0.0001920345239341259
SISAALEAELARAA,0.0003648700949270278
AALAEALAAALAAA,1.5859894119785167e-05
AAAEEAAARAARRA,0.00010851370461750776
AALAALLAALLAAL,0.00021212456340435892
GLLAALLELLAALL,7.370645471382886e-05
GEEAERAARAAALA,8.597620762884617e-06
AAEAERAAALAALA,4.064802487846464e-05
ALAALLAALAAALA,0.0017480319365859032
AARQAELDAERAAR,0.008086735382676125
ALAELLAALAALLA,0.0011741898488253355
EEAERAARRAAYAA,1.4410010408028029e-05
DEFVARVDAIRAEA,3.9466998714488e-05
AAASDAADAAEAAA,0.0004954547621309757
DAEAEARAAEAAAT,0.0011024734703823924
AALLAALAAALARL,0.0016610799357295036
AAAEAAARAARRAE,0.0003840395074803382
AAAIDAALAALRAA,0.0009492509416304529
AAALAELLAALAAA,0.0001704612368484959
DAAALAAAAARRAA,0.0002271394623676315
MAALAAARAAAAAA,0.0001629671169212088
EEAERAARAAALAA,0.0006879626889713109
MEAALLAALDAIAA,0.00043970660772174597
AESEAAAAAAAAAA,0.0004206121666356921
SADARLAALLAALA,0.0005833421018905938
AAALAAAAEAAARA,0.0027861741837114096
AAAALRAAWRAANA,8.014961167646106e-06
AALDAVAAEAAAAR,0.00018681060464587063
DAAARAAAAAALAA,6.119699537521228e-05
AAAEARRARLEALL,0.0010481670033186674
MDAELLARLDAVAA,3.165622183587402e-05
DLEAEAAAEAARLA,0.00017739689792506397
AEAAEREARAAALR,9.806406160350889e-05
EAAARAAAAAAEAA,0.0024410178884863853
DLAALRAARAAEEA,4.6047327487031e-05
DLAARAAAADAELA,0.0001593620836501941
ALAALLAALAAALA,0.0030817980878055096
DDAALAAARAAEAA,0.00045984506141394377
DARTAEWRALAAAL,8.393278403673321e-05
EAERAALRAEIEAS,0.0002163263998227194
DEARRAAADAAAAA,0.00016026810044422746
SALDAERAAAALAA,0.0003915884590242058
GLAELLERLAALAA,0.001542709767818451
AAAALLAELRAAEA,2.2239537429413758e-05
GEWRALLAALEAER,7.454348633473273e-06
DREARRAEDDARLA,0.00030574508127756417
AAEEAARAARAAAA,0.0015146841760724783
LEAEAAAADARRAA,0.0016792210517451167
DSAAELAAAAAAAA,0.000991295208223164
DAEREARRARLAAA,0.0004939783248119056
DAFLAQLEAIAAEA,5.2791438065469265e-05
LAEAEALAAAAAAA,6.557975575560704e-05
LAEAEARLAALRAA,0.0009942089673131704
DRAEAERAAAAAAV,2.603539905976504e-05
ALLELLLALLLALL,5.4738611652283e-05
AEAAERAARRARIL,6.321333785308525e-05
SEEALDAERAARAA,0.0012723628897219896
DEEARSAATDALAA,0.0004995292983949184
AAAAALAAAAAAAA,0.0022904572542756796
DEEAEREARRAALA,6.972119444981217e-05
AAAEEEAAARRARL,0.0004738277639262378
AADARIAALAAEVA,0.0012134283315390348
AAAEREARLAALAA,0.0005304270889610052
FDAELAAEAAARAA,0.0002855182974599302
AAAAAAAAAAAAAA,1.1528784852998797e-05
AAEAAAREAAAAAA,0.00011007043940480798
GLAAEAAAEAAALR,3.463566827122122e-05
SVAALAAEVAAALA,0.03219020739197731
GLAELLSALLRALL,1.195654294861015e-05
EAAARAARAAALAA,0.0019855680875480175
AAALDARLAAVRAA,0.0015417832182720304
ASDARLAELAALVR,0.0002352883602725342
ADARAAAAAAAEAA,0.000355203403159976
ALDAIRAAAAAERA,8.11585268820636e-05
GALAEELAAAAAAA,9.70600449363701e-05
ELAALEAELAARLA,0.0007983681280165911
AAAAAAARAAERAA,1.2989764400117565e-05
AEAAAADAEAAAAA,0.00033218340831808746
EEALEALLAELLAE,2.4056302208919078e-05
AASEEARAAAAAAA,4.0554426959715784e-05
PLAALDAIAAERAA,0.0003075618005823344
ALAALEAELARRRA,4.258555782143958e-05
EAARRARLDALAAA,2.3904829504317604e-05
AAAAAEAARAAVAA,0.0037833070382475853
ALAAELAALAARAA,0.010192940011620522
EEEELEARRAEAAA,0.0001422720670234412
EEEERERAAAAAER,0.00028918153839185834
AAVEAEIAALAARA,0.002163362456485629
ADAEAAAAAAARAA,0.0038417058531194925
AEAALEAAARAAAA,9.753191079653334e-06
SLEARLAAARAAAA,0.0009543364867568016
GLLEALAALLAALA,0.0009606919484212995
DLDAERAAADAAAA,0.0011105149751529098
SAAAEAAARAARWA,0.00038601909182034433
ALEEELRELLERLL,1.0411003131594043e-05
DLAAARAAAREAAA,0.0001568076986586675
AAAAAREAELAALE,1.2049395081703551e-05
DPAAEEARRAALEA,0.0024861665442585945
DWAAEGAARAAAVL,0.009675033390522003
SEWEEERAARAAAE,6.267301796469837e-05
AAAAERAARLAERA,9.025658982864115e-06
AEAAEAERAAEAAA,0.000514483661390841
AEAERLAALAAARA,0.0005743419169448316
AEAERRAAERAAEA,0.0002813886967487633
SAAADARAAELRAA,4.3174011807423085e-05
DETEARAAAAAAAE,0.00013483267684932798
AAAEELRALVAAAV,0.0016748267225921154
AEAAERAARAAAAA,0.00013070710701867938
WDAVAAALAAERAA,3.222670056857169e-05
DEELAAAEAEAAAA,0.00016362151654902846
DAAAAAAAAAAAAA,0.0013909604167565703
EEAARAAELAALAA,7.131988695618929e-06
DEEAARAARAAALA,3.55908450728748e-05
DAAAALDAERAAAE,0.00043647136772051454
DVAAESAAREAARE,0.009576018899679184
AEERARWEAERAAR,3.311376349302009e-05
DAAVAALRALLAAD,0.00012821471318602562
AAEEEREARLAALR,0.000325422384776175
AADAARAAALAAAR,0.0008291556732729077
ELEAAAAAVEAARP,1.0142121027456596e-05
REAEEAAREAERAA,0.00018980135791935027
AAELAALEALAAER,0.003929954953491688
AALAAEAAAARAAA,0.0005404745461419225
DAESAALDALLAAL,0.0001566165592521429
AADAEAAARDAAAA,0.0007460078340955079
DELLARLAEIAAEA,0.0006418968550860882
AAADAALAALRAAA,0.010552158579230309
AEARAAAAAAAAAA,0.00037370662903413177
DPEAALAAAAALAA,0.00017934964853338897
AAAAAARRAAEAAA,0.00015288717986550182
MPDEELAALRAELA,0.0033388924784958363
DEEAEALRAELAAR,3.2767955417511985e-05
EEEAEAEAAARAAA,0.0006300745299085975
AGAAETAALLAAAA,0.000241235044086352
GAALLAALAAAAAP,9.03341788216494e-06
GRAAELAARAAAVA,7.371040737780277e-06
AEEAAAEERAAAAR,3.5712902899831533e-05
AAEAEEAARRAALA,0.004630549810826778
ALDAEAAAADAAFA,0.0005502812564373016
SAEARAAELAALVR,0.00010550817387411371
