sequence,pred
AAEAEARLAP,0.0005825756816193461
AAARDAEEAA,2.517439133953303e-05
DAAERAARRA,0.0030514122918248177
EEARLAAAEA,0.0001266643375856802
AARLAEWEAA,0.0005950015620328486
AAYRAALEAE,0.003223970765247941
AAGAAERAAE,0.0002069078473141417
DEEELARRAA,6.93226684234105e-05
LEAERAARAA,0.00045914811198599637
WAAERAAERA,0.0003642361261881888
REAERAARRA,3.4588429116411135e-05
GRSPEVRVRP,0.0003763028944376856
AAARDLADAL,0.0008095974335446954
DAAHAALEAR,0.00877454038709402
ALAEELAERA,0.00029990787152200937
EEAARAAARA,1.0337031199014746e-05
AALAAALAAA,0.00010049778211396188
ARAARDAELA,0.0003810689668171108
AAEAAREAAR,0.004788748454302549
EEAEADARRA,1.3956852853880264e-05
PPLVTPREVR,0.07778013497591019
SAAAERAAAA,0.0010314109968021512
EAAERAARAA,7.456286402884871e-05
EAREAARAAP,1.2114460332668386e-05
AAEEARALAP,0.000177180118043907
ARDAERAAER,0.0012915434781461954
PEEPLPEVTL,3.420648135943338e-05
DLAAEAAAAR,0.008316939696669579
DDAAIDAELA,0.00016172058531083167
AARELAALLA,0.0013032082933932543
SAARAAALAA,8.706009975867346e-05
SHEARLAAAR,0.003683879505842924
ARDAERAARA,0.0006896191043779254
AAAAAARAAE,0.00046651792945340276
EIVDRLALLP,0.00043842371087521315
AEENLLRELA,0.003259760094806552
AAAELAALLA,0.0007073567830957472
GPREEVESEA,0.00011168904165970162
AAAAAAAAAE,0.000578156323172152
REAEYEAEEA,0.00034723232965916395
ASSAEVRARY,0.0058314986526966095
LLLLLLLLLA,0.0001473447773605585
GAAEAAARRA,0.0005753743462264538
ADAEAAAELA,0.0017962076235562563
EDEAWDAELA,9.402687282999977e-06
DARELEAALA,0.0003366968303453177
EEAELREAAE,0.0005562496371567249
PPLPPRPPRP,0.5788569450378418
AARDAERAAA,0.0016229975735768676
AWEALRAELA,0.0031180328223854303
SLRELQELLE,0.00029376556631177664
PEPPPQPVTL,0.0004652686766348779
LGALVDALAA,0.0004953370662406087
AAARAARDAA,0.000953834387473762
ETEERWAAAA,0.0005360295181162655
AAARRAAAAA,8.769168925937265e-05
AAAVDARAAA,0.0004444215737748891
AALAAALAAR,6.254911113501294e-06
EEAALRAADA,0.00017648709763307124
WEAALAELEA,0.0004807936493307352
DAEEEAALAA,6.359280087053776e-05
ADEAAAAARA,0.00016276394308079034
AEAAEAAERA,0.004709558095782995
SRVAAELAAE,0.00010915259190369397
DDAARAARLP,0.00023699896701145917
GEAEAAAAAA,0.00021665003441739827
AEAERAARAP,1.0634485079208389e-05
DAELEARRAA,0.0005994943203404546
TPAAERAALA,5.3405216021928936e-05
AASAAEAAAA,0.20681844651699066
AAAEEAARAA,9.599499753676355e-05
AAAREAELAA,0.0033185521606355906
AAARLAAELA,0.0008316877647303045
AELLAELEAA,0.0017904556589201093
AAAAAAAAAA,0.004430973902344704
WVAEAELVLP,0.00130854535382241
ERAARDAALA,0.00020900866365991533
DAVFAALAPP,0.002354971831664443
AAALEAALRA,0.0004599530657287687
SLRAEAEALR,0.0010581654496490955
DAARAAERAA,0.006258989218622446
DERAAELAAE,0.0017229804070666432
SAADALVARF,0.0008200252777896821
AAALAARAAA,0.001880420371890068
AAAAAARAAA,0.0004832151753362268
AAARREAARA,7.862103666411713e-05
AVESDWEVEE,0.009156324900686741
ALEELLRALL,0.0017344995867460966
DPAEEVAAER,0.004359269514679909
AHAAELAARR,5.706302908947691e-05
SDARAAAAAA,8.087677997536957e-05
AATAAALAAE,0.00012315304775256664
DAAWEARRAA,0.003950115758925676
SSPDLSPLLA,7.515492325183004e-05
LTPAELLRRP,9.873140515992418e-05
AAAAREAEAA,0.0017517851665616035
DPADLEAALA,0.008004543371498585
EPAAERAAER,0.00013959243369754404
DAEREARAAA,0.00010084043606184423
REAELEARRE,3.980644123657839e-06
AALAELAAAA,0.0006007133633829653
AADAAAAAAE,0.00017280397878494114
ASAALREAER,0.00389902968890965
AADAARAAAA,0.00013564304390456527
AWAAERAALE,0.0012776795774698257
ERLAALDAAA,0.00010245642624795437
AARAAAVAAP,8.016802894417197e-06
LEAERLAREA,0.00029101542895659804
STLAELEALL,0.0012827723985537887
DLAAREAAAA,0.008767468854784966
EVEAAAEALA,2.4517166821169667e-05
EAERALRRAP,0.0006797003443352878
RLEALRAAAA,0.007511420641094446
ERELRRALER,0.00020421799854375422
DLELLEELLE,0.0014522902201861143
GVTLEPPVLP,0.0015064263716340065
DERDARLAAL,0.0021050861105322838
AAAAAERAAE,0.0015189681435003877
EREAELAAAR,1.2124064596719109e-05
EEQELREALA,0.0024080988951027393
AAREAAAAAE,0.0005030450993217528
AEREALAAAL,3.455859041423537e-05
AAALEDALAA,0.0008573157829232514
VAARLAARDA,0.002504484262317419
LTDEELAARR,0.0014544491423293948
AAAAEAERAA,6.11025607213378e-05
AEADEADAAS,0.0010759120341390371
SVAELAALLA,0.0003124678914900869
ALLEELLELL,0.000383070670068264
AEAAARELAR,0.0040659718215465546
SEAEREARRA,7.811680006852839e-06
PLLLLLLLLL,0.00011150022328365594
AAVAAARAAR,0.00043426675256341696
ADAARAAEEA,0.0007630622130818665
DAAVEAALAA,0.0030958487186580896
DAAARDAERA,0.0022321443539112806
REALEAERAA,0.00059896131278947
DARRAALDAR,0.0006458997959271073
AEDRAAALAP,0.0020107722375541925
AAAAAAAAAE,0.007858104072511196
AALAAEADAR,0.002775741508230567
EAERAERRAR,0.00039569634827785194
AEAERAARAA,7.770437150611542e-06
AARDAALAAA,0.001857507275417447
AAAAAARAAA,0.002122614299878478
LAALDAERAA,0.0010739280842244625
SARALAAAAE,1.7392563677276485e-05
RLAAAAAFAA,0.007338970899581909
AAALEAALAA,0.0005302423378452659
GPLLLLLLLL,0.010343252681195736
ALAEALARAL,0.00029641445144079626
SLAALLAELL,0.0007937189657241106
AEEEAERAAR,0.00126745761372149
EAEAERAAAR,3.6699035263154656e-05
EVDVPVLPPP,9.001114085549489e-05
AADAERAARE,0.0006675291806459427
AEAAELAARR,0.0013863646890968084
DAAAAAAAAA,0.0018644571537151933
LEELEAAAAA,0.0007871658890508115
LLLLLLLLLL,9.472129750065506e-05
ATAALAAEWA,0.0003832817019429058
SAEREARRLA,0.0003410927893128246
REAEAEAARA,7.103440111677628e-06
AADARAAAAA,0.0006945271161384881
HAAERAAAAA,2.7441650672699325e-05
ARYEELLAAL,0.0027288927230983973
GAAERAAIEA,7.35318508304772e-06
AEAEAAARDA,0.0005968049517832696
AAALEAARAA,0.000970975321251899
DALLARLAAL,0.0014738942263647914
SLAELEALLA,1.2820868505514227e-05
DAALAARRAA,0.003395705483853817
DAALAAELAA,0.002475899877026677
AEALEAERAA,0.0014032663311809301
SPLAEALRAA,0.00016015001165214926
DIAALAAALR,6.558946915902197e-05
LSLTLEREVG,0.0003411405486986041
ETLTPEELAA,5.214291741140187e-05
SAAEAERAAA,1.7701840988593176e-05
EREELERAEE,0.0005730895209126174
RAAEAEARAA,0.00041196736856363714
GAEAAAELAA,0.0006879254360683262
AETDARLAAA,0.0004433340218383819
GPYVERLFRW,0.005341216456145048
EEAAWDAARA,0.00173623813316226
ELERLLRRLA,5.036959919380024e-05
DEALEAELAA,0.0008380201179534197
ASLEELQALA,0.0025705103762447834
AAAELRALLA,0.0004022714274469763
DPAALAAALA,0.00787512306123972
SAAARLAAWR,0.0013787171337753534
EALEAALARA,3.0018703910172917e-05
SLAALRALAA,0.000492260733153671
DELEAALAAE,7.329085929086432e-05
GVSTELEDLG,0.0009301108657382429
AAAARDAEAA,0.0009588905959390104
DDEARAAALA,6.619379564654082e-05
AALAALLEAL,0.00020011149172205478
EEEERRRARE,0.0006239482900127769
AAAERDARPL,7.33394790586317e-06
SELRAEVAAR,2.1664483938366175e-05
AEREARLAAA,0.00018450153584126383
LAAERAAEAA,0.0006026549381203949
DLAAELAALL,0.00414554076269269
DLAAYRAERA,0.01128811202943325
AAARLAALEA,0.0006630959687754512
EAALEALRAA,0.00015955755952745676
GSVAELAALL,0.011327340267598629
SLAEEREAAA,1.787464861990884e-05
SAARHAAIAA,0.0013165329582989216
EEAEREARRE,0.0008841318194754422
SADLERALRE,0.0001929905847646296
AAEELARLLA,0.00010725385072873905
LEELLRELLE,0.0006650179857388139
ERAAWEAEAA,6.131833652034402e-05
EEDELAALLA,0.00031640875386074185
AAAARAAARA,0.00011325077502988279
ALAALLAALL,3.641312650870532e-05
AEAARLAALA,0.0038319360464811325
GRAALVDLSG,0.0005886927829124033
ALAELLAALA,0.00026093467022292316
AALAEAQEAA,0.0005863464321009815
PAAEAALEAL,0.002464290941134095
EEADLRAELE,0.00035924388794228435
RDAALAALAA,0.0004008109972346574
GAYEAALAAA,0.00015125254867598414
AAALAAALAA,0.0005873473128303885
SAAEAAALAA,0.0002583734749350697
AAAAAAAAAA,0.015209919773042202
EEDARAAAAR,5.573229645960964e-05
AAARAALLAA,0.00232373527251184
AEAEERRAAA,0.0010293322848156095
EERALERAAA,7.315638868021779e-06
AEAEARAAAA,9.541538020130247e-05
AAAADAALLP,1.0094496246892959e-05
AAAEALLAAA,0.0005681020556949079
DAAAAAAAAA,0.0038739691954106092
ARPDTSAALR,0.00021648063557222486
GLLEELLRRL,0.0012710014125332236
AAARAAALAA,0.0009165371884591877
EAAERAARRA,0.00010260707495035604
DAARDAAEAA,0.0007417082670144737
ALLAELLAAL,0.0017247132491320372
LAELEAERAA,0.00024887642939575016
DAAEAAEAAE,0.006501484662294388
DEDARLAALR,0.0008204312762245536
AEAEARRAAR,2.68520579993492e-05
ELAAIAAAAA,0.007247397676110268
EDAERAARAA,0.0006626757676713169
ERAAYLAARA,6.731349458277691e-06
AEEARAAALR,0.00025003988412208855
DLRAEAEAAA,0.0010086647234857082
AAAAAARAAE,0.0008314139558933675
AAREAERAAA,0.00018506948254071176
ALLEELLRLL,0.00024627530365251005
AAEAELLALL,0.0003770431794691831
AAAAAAERAA,0.002197302645072341
YEALLAAVRA,0.021128205582499504
ARAAELRALL,0.0020597190596163273
DALLEEVRAA,0.002423923695459962
SAAARAAAEA,0.00059996556956321
DAAREAARAA,0.001875950489193201
DAALAAAEAA,0.0029256297275424004
AAADAARAAA,0.003215968608856201
SGLEDFVVAP,0.00045997847337275743
AAADAEAAAA,0.0007653748034499586
LAEAEARRAA,0.00030706325196661055
LAEVAALRAA,0.0023060173261910677
DLAALDAELA,0.0072500319220125675
AELLERLLAL,0.0032326169312000275
ALLEELEELL,0.000513850653078407
GAALDAELAA,0.0015027699992060661
EAAEEAEREA,8.58044732012786e-05
EEAAWAAEEA,0.0012332298792898655
EEADDAAAAA,0.0015719870571047068
EAEEAARAAR,0.0003037413116544485
AEAERAALEA,0.00012021900329273194
ERAAEAEARA,0.0002109415509039536
ELAEELAARA,0.0016711301868781447
AAEREARRAA,0.0006135410512797534
DAARAAAREA,0.002998622367158532
GSLEELLLLL,0.0037325776647776365
AAVAAEAAAA,0.0019213666673749685
MAALDAIRAA,0.0011341022327542305
DPTEAAAAER,0.0024705263786017895
AAAEAAREAA,0.00042430864414200187
MSPLERERAA,0.0009047095663845539
VQARLDALRA,0.016426753252744675
AAARRAEAEA,0.00045996831613592803
PLLLLLLLLL,7.336353155551478e-05
PLAAADAIAA,3.0615899504482513e-06
ELLERLLEEL,7.884959632065147e-05
SAAAAADAAA,0.0019540388602763414
AEAEALARRA,1.0637048035277985e-05
SAAVAAARAA,0.00936923362314701
SAAALAAEVA,0.00015537998115178198
GLAELEAERA,0.0002356667973799631
AAAALAAALA,0.0001462609798181802
AAAERDAELA,8.870576857589185e-05
LDAEREAEWA,0.00035509851295500994
SSVEELRAER,0.0001131036042352207
EEERREREAR,0.0007422826020047069
EEAARRAAAE,0.00013152054452802986
AARAAAEAAA,2.2603579054703005e-05
DEVAERLAAE,0.0008369046845473349
DASELEALAA,0.0002744792145676911
SAAEEAARAA,0.00014660204760730267
ADAASEAARA,0.00028920176555402577
LAARDAERAA,0.0007050147978588939
TAEAAARRAA,0.00030824795248918235
SLLEELARLL,1.0558797839621548e-05
AVAAAREAEE,0.0026795377489179373
EREAELAARR,1.4716774785483722e-05
DRAAREAARA,0.0020157338585704565
EEELERLLEE,0.0012648297706618905
AEAAARAAER,0.01758778840303421
AALLLELLAA,0.0013344037579372525
LEEETRLRRL,0.0002333853190066293
AAAEEAAAAA,6.018183194100857e-05
DREAVEAARA,0.0003081653267145157
EEREARRAAL,6.195183959789574e-05
GAAFEARLAP,0.0014671948738396168
AAAAEAAARA,0.0009458804270252585
AAAAEEAALE,6.896595004945993e-05
AAETAARLAA,0.0008339116466231644
RAEIEARWEA,0.0012417735997587442
AAAAARAAAA,0.0004001180932391435
VAARLDALLA,0.0017025620909407735
SLEERRRERA,0.000604219501838088
DETEARLAAL,0.00018860951240640134
GLLELLLLLL,0.0014398908242583275
AALEAERAAA,6.409516117855674e-06
EREAAAAEAA,0.00017163735174108297
YEAEAAARDA,0.002821176778525114
YEARRAAAEA,0.001662508468143642
GEAEAAAARA,0.00036071453359909356
YEAEWEAERA,0.00079541519517079
AEEWEAWLAA,0.0034974582958966494
ALEEELELEE,0.0012883881572633982
AEARAAAAEA,0.0009962174808606505
REAERLAAAA,0.0002686915686354041
DRDAERAAEE,5.0909908168250695e-05
AAEAARAAER,0.007088454440236092
EAARAAARAA,0.00012468990462366492
AEAAERAARA,0.0044639878906309605
DEAEAAAAAR,0.0003786522429436445
DLAAEVAARP,0.0064298054203391075
AAAADAARAA,5.185733698453987e-06
AEAAARDARL,0.009997074492275715
AAAAERDAAE,0.00018872844520956278
DATDAAAAAA,0.0006254432373680174
ERLARLLARA,0.00017496269720140845
VYESELEELA,0.0003474914701655507
AADALAAAWA,0.000667629181407392
YEARRARLDA,0.003625014564022422
AAARRAEVAA,0.00037612614687532187
DLAELLALLA,0.004532632417976856
ALAARLAEEA,0.0001663834264036268
AAREAARAAA,0.00037681779940612614
RAAEEAERAA,0.00024361294344998896
AAAAERAAIA,9.599121767678298e-06
SAAERAARRA,0.00014124698645900935
AAVDEELAAL,0.004689597990363836
EAAREAEAAA,9.70872279140167e-05
DAAHEARLAA,0.004475041292607784
DAARAAARAA,0.0024923437740653753
DLAALLAALA,0.004479804076254368
AEAADLAAAG,0.00412881700322032
MVLEEREPRA,0.0006987568340264261
SAAEEAARLA,0.00016129668802022934
WEAERAARRA,0.0009347345330752432
AAARDAEDAA,0.0005440977984108031
EEAEWLARRA,0.0003066173230763525
DLEEREAEAA,0.0007745051989331841
AAREAAAAAR,0.0005516596720553935
AAAAARAAAA,0.0019764392636716366
DAARLAALAA,0.0022624321281909943
ADAEAAAAEA,0.002052505034953356
AAAREARAAA,0.002904763910919428
DAARRAAVAA,0.0040181903168559074
ADARLAALRA,0.002560053486377001
DAAAAAAWEA,0.0031341668218374252
SAAEEAARAA,0.00035869990824721754
PLLLLLLLLL,5.135767423780635e-05
ADAARAAARA,0.0012445441680029035
AAAAAERAAA,0.0013682279968634248
EEEEELELLA,0.0008685772190801799
EEAEREARSA,0.00033948023337870836
DARRAAREAE,0.0005981712602078915
DLAALDAELA,0.007201956585049629
LEAERAARAA,0.0005843433318659663
DAPSLAELLA,0.000482164352433756
DAVPPSEVVL,0.0011992529034614563
ALLLLLLLLL,0.0030373719055205584
HEARRAALEA,0.009226610884070396
AEAAAAAAAR,0.0050292955711483955
AAARELARAA,0.0021242876537144184
DAAERAALRA,0.0023056056816130877
AAAAAAAAAA,0.0006474911351688206
AEAAAAAAAA,0.004661645740270615
AAALEAERAA,0.0013568171998485923
RDAALDARLA,2.5050530894077383e-05
REALDALVAA,4.650272330763983e-06
SRAARRAALE,7.243413620017236e-06
EEAAELAARA,2.7908665288123302e-05
LEAYLAERAA,0.00026145754964090884
SAAERAARAA,7.345796620938927e-05
AAAAAAAAAA,0.0006474911351688206
AEAAAAAEAA,0.009297920390963554
SVAALAAAVR,0.010859981179237366
LVEVERPLLR,8.46130569698289e-06
LDEEELLLLP,0.0008720770129002631
AREERRRAAR,0.002243912545964122
RDARRAAANA,0.0006617912440560758
AAAREAARAA,0.002425089944154024
AAAAAAALAA,3.322414340800606e-05
AEAERAARRA,0.0002535723033361137
AAAEEAARAA,0.0002926895394921303
AEAALRAAIR,0.0037998792249709368
RVESPFELAF,1.6488165783812292e-05
DAARAAAAAA,0.0020978767424821854
DLRLERELLE,0.0012346593430265784
AAAREARRAP,0.004923942498862743
AEAERLRAEL,0.0003423639282118529
AAAAAAAAAA,0.000933949020691216
AAELDARRAA,0.002198147587478161
PLLLLLLPAP,3.523128179949708e-05
AEAELADLLE,0.0004568016738630831
DASLAERRAP,0.0004214058571960777
SAAAAAAAAA,0.0009384782169945538
GEAERLARRA,3.959356763516553e-05
DERRLAALLA,0.0025762724690139294
RAAREAARAA,0.0006042708409950137
AEAARDAALA,0.008877637796103954
NLVEELERLL,0.000252357596764341
DAEAAARAAA,0.0002697829040698707
DATEAAAAAA,0.0002390491426922381
ADARRAAAEA,0.0019723335281014442
SLAAEAAARD,0.005497903097420931
AAALDAERAP,0.0010116237681359053
GSTLAAAEAA,0.00014116500096861273
EAAAREAARA,0.00018067884957417846
DEGEELVVLP,0.0005707349628210068
AAAREAALAA,0.0018208669498562813
AAAAAAAAAA,0.0004121206293348223
AAYAAELDAA,0.0013707183534279466
AALEAERLAA,4.688988337875344e-05
DAAAAAAAAL,0.0016566570848226547
YLAEQEALEA,0.00017136236419901252
ELLELLLELL,3.924192424165085e-05
DAARRAARAA,0.002320036292076111
RDAASDALRA,3.5666191251948476e-05
AGDARVAALR,0.003994589205831289
AAAAEAAARA,0.00020271549874451011
EAEAARAAAP,0.00031289985054172575
LPLLLLLLLL,0.0005585310282185674
ALEELLALLE,0.0013569107977673411
TEAALAAERP,4.343510227045044e-05
MAALAAEHAA,0.000714253110345453
DAALAARAAA,0.003224756335839629
LLAELLRLLP,8.414213516516611e-05
WEARRAARAA,0.00018277665367349982
GLAELLEELL,0.0008272975101135671
EEPDEEVDLE,0.0014457206707447767
AAERAAERAA,0.00040855907718650997
AAAELARRLL,0.002597348764538765
DAAARAAAAA,0.0020878834184259176
AAALEAERAA,0.001525730243884027
GDARLAALRA,0.001962271286174655
DAAARRAARA,0.0016363332979381084
AAARDAERAA,0.0001724172179820016
DEAELEARAE,0.0006307174335233867
AAADAERAAE,0.0033276970498263836
LTPEELAALE,0.00030462921131402254
AEAEAAARRA,0.0003252017486374825
SLAEELALLA,0.0011703905183821917
SLAELRARAA,3.510943497531116e-05
DDAARDARRA,0.0003425811300985515
DADARRAALD,9.224969107890502e-05
GLLLLLLLLP,0.0009377012611366808
AAALAAARAA,0.000798430759459734
DEAALRAALA,0.0019159154035151005
EAAREEALAA,4.8623260227032006e-05
FRAEIEAAWE,0.004788930993527174
AAALAALLAA,0.0028296220116317272
DEIAEERAAA,0.00012232546578161418
AEIEELAALL,0.000513638777192682
ALAELLAELA,0.0003050888772122562
AAALLAALLA,0.0010558897629380226
ADAEAEAAAA,0.0013341386802494526
SEALREALRA,0.00014854554319754243
SAEEEARAAA,0.00036475303932093084
DEVAAREAEL,0.0009020924917422235
DAREAAALAA,0.00014753871073480695
AAAEAAARAA,0.00011913437629118562
DALAAAARAA,0.00354339019395411
AAARDAEWAA,0.00010077260958496481
EAEREARRAA,0.000706170336343348
AAAAARAARA,0.0039002145640552044
ALADEARAAA,0.0019240690162405372
EREAREAAEA,7.20723937774892e-06
AAAAAELAAA,0.0011307038366794586
EEEELLELLE,0.0014199779834598303
ALAEEAERER,9.608800610294566e-05
WEAELAAREA,0.003957369830459356
LAAERAAREA,0.0006279111257754266
ALAEELARRA,0.0005970956408418715
SDEARRAAAA,0.000295508885756135
DAEREAREAA,0.00013021414633840322
DDAARAAALA,0.00014672419638372958
REAERDARAA,4.451772474567406e-05
AEREALAAAR,0.00010063969239126891
PLLLLLLLLL,8.181727753253654e-05
DAEEAALEAA,0.00016470838454551995
AAAEADALAA,0.0005273509304970503
AAAAADAAAA,0.0015204044757410884
ALPASLLTLP,0.0016132073942571878
AARDAAAAAA,0.0006671448354609311
GLLEELLALL,0.0015572374686598778
RAAREAERLP,0.0006904247566126287
AWEEEREAER,0.005510082934051752
EDAAREARLA,3.5593900975072756e-05
DIAAETEARA,0.0010482874931767583
AADAAAEAAR,0.0008899366948753595
ASEAAAAARE,2.9457009077304974e-05
AAAAAELAAR,0.0006958440644666553
EEAERLAYAA,0.00023316225269809365
AAADEARDAA,0.003534655086696148
EELEERARER,0.000467139994725585
DAAARLAREA,0.0013062773505225778
AELAALRAER,0.005671338643878698
AVDVAELEAA,0.10235130041837692
DLAALLAALL,0.0034347728360444307
DRDARLAALD,0.00016858275921549648
SSAAVAAAAA,0.002322244457900524
AAAAARAAAA,0.0008051365148276091
AAAEAAAAAA,0.0005153191741555929
AAAWAAEAAA,0.00037392618833109736
EVPAIVRDYS,0.0004368858353700489
SAALEEAEAA,1.740493462421e-05
SRDARLAALE,0.0003172215656377375
DELEEEELLA,8.73244134709239e-05
EEEALAAALA,1.0997046047123149e-05
LAAAEAADAA,0.0011089432518929243
EELLLLLLEL,0.0008600982837378979
SVEELAALLR,0.0013095741160213947
ATPEERRAAA,0.0018727949354797602
PAIAPDLTAE,0.00018371532496530563
DAAAAAAAAA,0.00267444527707994
EAAWAAVAAE,9.163001959677786e-05
AEREAARAAL,0.00039741184446029365
AALAERRAAV,9.349847096018493e-05
AALEALAAER,5.2731076721102e-05
AAAEREAARL,0.0003553679562173784
SAAAAAAAAA,0.0013364142505452037
ALAARDAARA,0.00030325850821100175
DAEARAAARE,0.00019349185458850116
GLLLLLLLLL,0.0015901217702776194
AERELAELLE,0.0008357580518350005
YEPLPEDLSR,0.0020608464255928993
AARDAELEAA,0.002150740707293153
AAARDAEREA,5.354031236493029e-05
DAATDAAAAA,0.0074344174936413765
DPAAEREAAR,0.003356326138600707
AAYREALEAE,0.0038723491597920656
ERAARRAARA,8.324454029207118e-06
ELVTEPVARA,0.0003027448256034404
DALRAALRAE,0.0021650728303939104
HDEELERRRA,0.0011542097199708223
MEAAEAERAA,0.009997733868658543
DAAEAAREAA,0.0025793202221393585
VAAERAARRA,0.000761149451136589
DLAAADAERA,0.007022797595709562
YAEALAERAA,0.0004703490121755749
ADAEREAARA,0.001557736424729228
GTVTDEEIEA,0.0006611397839151323
AEREAREAAR,0.0015591863775625825
AAAAEAALAR,1.975937993847765e-05
AAAEREAARA,0.0005810853326693177
GPEVAEDTGS,9.077431604964659e-05
SLDVEEVDLE,1.9574325051507913e-05
AEDDAARAAV,0.001300900592468679
AAAAAEAAAA,0.0015716090565547347
ALAEELRALL,0.0005255659343674779
DYLEEREARR,0.002945962129160762
LLEELLRLLL,0.000675487273838371
SAAAAREAAR,0.0003986013471148908
SLAEELRAAE,0.0001767861976986751
SAAEVAAEAA,0.0005885410355404019
DALAELRAKD,0.0009859205456450582
DEAREAERAA,0.0015565123176202178
AAAEAARRAG,0.0012864971067756414
AAAEAARAAE,0.0015885105822235346
REAEREARAA,2.9303039354999783e-06
EREAEREARR,0.00018873400404118001
AAERAAAEAA,0.00017515738727524877
SLAAELAAAL,0.00145136215724051
AAAELAALAA,7.569147419417277e-05
DVEELAAELA,0.015424150973558426
PELEERENVV,1.0429778740217444e-05
GLAALLAALA,7.786032256262843e-06
AEARRAAEAA,5.3693249356001616e-05
DAAALARALA,0.0015801215777173638
EAEREAARAA,9.467162453802302e-05
AEAEAAAEAA,0.0002875089703593403
AEAEREARRL,2.959021003334783e-05
SAAARRAALA,0.0015027063200250268
LAALAAERAA,0.000720527081284672
AAARAALEAA,0.001936864573508501
ALEELLRELA,0.0016647431766614318
AAARAARAAA,0.0009340408141724765
DLEAEAAARA,0.000156501293531619
SDAAREAARA,4.532907041721046e-05
ELEELLEELA,0.000614860444329679
SVAELAALLR,0.0011112565407529473
DRLAELEAAR,0.0001041995346895419
AAAEAARAAA,0.0006667738780379295
EAEARVAESR,0.0013037626631557941
DIAAEVAAFA,0.001623979420401156
ALALLLALLL,0.0015135399298742414
EEEERLREIE,0.00044631847413256764
AAAAEADAAA,2.2173648176249117e-05
DERAAERAAA,0.0017408664571121335
AAAAEAAAAA,0.0013056766474619508
DATDAAAEAA,0.0006024884642101824
AALAAERAAR,0.0018664716044440866
ALAEELARAA,0.0008036365616135299
EDRALLEALA,6.834435771452263e-05
EELLAELAAR,0.0010453667491674423
SEARAAELEA,0.0006006789626553655
PLLLLLLLLL,7.15814094292e-05
ADAAAEAEEA,0.000608615402597934
AALLAALLAA,0.0007488687406294048
IEAEAAAAAA,3.281319368397817e-05
ALAELLAALL,0.0004987406427972019
AALEALLAAA,0.0007493507000617683
EEAERRRLER,0.00029892174643464386
EWAEYRAALD,0.031030802056193352
ADAERAAAAA,0.001431057695299387
SAAAAAERAA,0.001478117541410029
DARAAEAAAR,0.0024231253191828728
AEAAARAAAR,0.014962868764996529
TAEELAALVR,0.0001742424356052652
DAAAAVAAAR,0.00026437401538714767
SAEALWAEER,2.494902946637012e-05
AAAARAAALA,0.0002850709715858102
AAAEEERAAA,0.0013872151030227542
DPVAEVRAER,0.002474432112649083
DSAAWAAAAA,0.0004751868254970759
AEEIEPGLED,0.0006729626911692321
ELAEERALAA,0.0010047036921605468
ELAALLRALE,0.000918705016374588
EEAELRAALA,0.00012683916429523379
ADARAAALLA,0.002801872557029128
AALEELLELA,0.0005545842577703297
AAAAARAAAR,0.002369664376601577
AAELRAEVAA,0.0017328733811154962
DAIAELRALV,7.82670613261871e-05
AAREAAAAAA,0.00041206905734725296
AAAELAARAA,0.0006079488666728139
DAEARLAALR,0.0004953271127305925
EAEARAAAAA,0.00035156766534782946
ATAARAAAEA,0.0003674569888971746
DELEEEELLR,7.000977348070592e-05
DPLEEEALAA,0.0027930233627557755
EVVFVEEPEE,0.000290846626739949
EAEREARRAA,0.0005733237485401332
AEAAARLAAL,0.0021512936800718307
EEAAREAAVA,1.8485212422092445e-05
ALAAELAARD,0.00010455375741003081
AALAAELAAA,0.00012342436821199954
SAERAAALAA,0.000557173800189048
AVPLADLLAA,0.007410218473523855
RDEEREAAAA,0.0003938325389754027
VELVDRDLVL,0.0015175101580098271
DEEEAARLAA,0.00012545687786769122
PLLPAPPDPV,2.0955874788342044e-05
AEAERAAAAA,0.00014828285202383995
DAAAREAAAA,0.00282662408426404
GLLELLRLLA,0.0012408840702846646
MTDEERAAAA,0.0010090918513014913
SAAERAARAA,0.000261790060903877
PLLLLLLLLL,0.00011662644101306796
YDARRDARAA,0.00013820167805533856
AEAEARAAAA,1.6743866581236944e-05
EEAERAARLA,0.00044012299622409046
ALLLELLLAL,0.0037273985799402
SLEALLAALR,0.000275706232059747
LEAEEAAADA,0.0019455495057627559
SAETAAELAA,2.0847484847763553e-05
AREAESAALR,0.00017895885684993118
DEFEAERAAA,0.0004473856824915856
AAEAEADRAA,0.0001461461652070284
SWAAERAARA,0.0006203409866429865
SAAELDAERA,0.0007009327528066933
ALAAIRAEAA,1.1033497685275506e-05
AAAAEAARAA,7.29863404558273e-06
AAAFEARLAA,0.0020192076917737722
AEAERAAARA,0.00023944710846990347
LAAVRAALLA,6.430786743294448e-05
AAAAARAAAR,0.0009153899154625833
EAAEAARAAP,0.0006918910657986999
LREEREAERA,0.00022032170090824366
VTVRPATLLP,0.0008448903099633753
EADERVAAFV,0.00014148354239296168
MEIVAEEVLP,0.22667473554611206
EEEEREAAWA,0.0003881038574036211
GEAERAALLA,0.00016881621559150517
ARAAELAAEL,0.0014234198024496436
EEAEREARRA,0.0006177815957926214
EAAEEAARRL,0.00031032838160172105
MAALDAERAA,0.0010431809350848198
AAEAEAAAAA,0.010353589430451393
LDALRAEREA,6.512914114864543e-05
PLAAELAARR,8.051202712522354e-06
AAEELLLQLL,0.0005948208854533732
SSAARAAAAA,7.061987707857043e-05
GLEARDAAAA,0.000139780473546125
PLLLLLLLLL,0.00013819946616422385
SLAAERDAAR,0.0014456933131441474
REARLAALRA,0.0007442216156050563
ALEDLRRALR,0.004146028310060501
AEALAAELAA,0.0021217642351984978
RAEREAALAA,0.0012223573867231607
AAAREAEEAA,0.0016675546066835523
ARDAEIAALR,0.0015392821514979005
EAEELAALAA,0.00014502172416541725
AERELRELLE,0.0005146225448697805
REAAVAAAEA,0.0017761052586138248
EEEWAAERAA,0.0007592705078423023
ELLEELAALL,0.000285731308395043
GPALVVEHAP,0.00028766278410330415
EELEAAELAR,0.0017389269778504968
DAAAEAAEAA,0.0023871201556175947
DPAAELAAEA,0.004031903110444546
EAAERAAERA,0.00013461388880386949
SAAARAAAEA,0.0009975737193599343
DAAALDAERA,0.003144209971651435
EDAAIDAERA,0.00041654406231828034
WDARREAEAA,4.813884515897371e-05
DALEARRAAL,0.00209467182867229
ERAALRAAAE,6.057003702153452e-05
AEEEERRAEA,0.0036486396566033363
ASAAEAAARE,0.00023798272013664246
GSAEAEAAAA,3.507850124151446e-05
YRAEREAERA,0.0006824407610110939
AAAAAAARAA,0.007568656001240015
LTAEELAARR,0.0013620457611978054
REAERAAARA,3.820228812401183e-05
ELVREPRSLA,0.0005622599855996668
SAAERAARRA,0.00019725030870176852
SAAELAALRA,8.55942998896353e-05
PRPPAQPLTL,1.3384602425503545e-05
MEEEDVEVLE,0.0185718797147274
AEATAAEAAA,0.002887319540604949
AAAEALRAAA,0.0008012449252419174
EELLELLLRP,0.0007825868669897318
HDEEREARRA,0.001300193602219224
ALAELLAELL,0.00045703843352384865
AAAREAALAA,0.0017687213839963078
MEALAEAAAA,0.001074872794561088
ALREERLAAE,0.0002741759526543319
DAELEALRAA,0.00089237280189991
DEYVSENELA,0.0004950806614942849
GLDELLALEE,0.001828765613026917
GPLSLAELLA,0.0067703602835536
GAEVEARRAA,9.538557787891477e-05
EARSAAERRA,0.00288145593367517
DEEARAAAAA,6.927927461219952e-05
ELADLLALLA,0.0007096352055668831
GAARAAELAA,0.0002928479516413063
GLSELEELLA,0.0005001908284612
AAARAAAAAA,0.0006501233438029885
REAALAAARA,0.006923807319253683
DAAARDAAEA,0.003261457197368145
EEELEERRLA,0.0008784576202742755
AAREAEEAAA,0.00013447129458654672
AEAEREARRE,0.00014179872232489288
AAAAAARAAA,0.0011389028513804078
AELEAREAAR,0.0014988257316872478
EERDAERAAR,6.322406989056617e-06
ALLEALLAAL,0.0008750337292440236
EAAAEAAARE,0.00028989792917855084
ALELLEELLA,0.0028408162761479616
EDAAWAAEAA,0.0007535303011536598
MTVVSVEEEE,0.0005223131738603115
EDLLRELLER,1.0180006029258948e-05
AELAALAAER,0.011079887859523296
EELAERRAAA,7.895012095104903e-05
ALLLELLAAA,0.0033789132721722126
AAAELAELLA,0.001104256953112781
MSDEEAAARR,0.002629954135045409
LEEAEAAAAA,0.0002928588364738971
AAALAARDAA,0.002058216370642185
AAAREAAAAA,0.0010389102390035987
EARAAAAAAL,0.0008689425885677338
AEAEAERAAL,7.47103476896882e-05
DLAARRAAAE,0.005163890775293112
DPALLALLAA,0.009269054979085922
GAAREAEEAA,8.679732127347961e-05
LAAAAAARAA,0.0007052968139760196
PVFVEREYVL,8.559806883567944e-05
AAAEEERAAL,0.0017629677895456553
AVDELAALLR,0.09278568625450134
ERDAELDAAR,5.526661334442906e-05
ALAELLALLA,0.00045467636664398015
YDAEYAAREA,0.0007663479191251099
DETEARRAAA,0.0006065957713872194
AAREAERAAA,0.0003605469537433237
GVPPPEAELA,0.004862397909164429
DLEELLEELL,0.00038820027839392424
AALERALAAA,0.0014373230515047908
ADARAAALAA,0.0036792985629290342
MEEDVPYEER,0.12534670531749725
SRYLEEELLR,0.00010264437878504395
EAAERAAERA,0.00010345050395699218
MAEREAERLP,0.00017003450193442404
DAVEELRRLV,0.0010899888584390283
GLAALDAARA,0.00800989754498005
EWAAELAARA,6.397134711733088e-05
DRDAEIAARA,0.00010381538595538586
AAARPPPAPP,0.002635637065395713
AALAAARAAA,0.0002815711486618966
EAAELEREAA,0.0002043220738414675
AAAAAARRAA,0.0005110750789754093
EAAARRAAER,8.600343426223844e-05
AAALLAELAA,0.0006214392487891018
SAAAEARRAE,0.00031386222690343857
MRPPLDLVLL,0.00043815537355840206
AWAAEWRAAE,0.0072686211206018925
GAEAEARWRA,1.4979302250139881e-05
DLAAARAARR,0.007663153577595949
DLAARDAAAA,0.007559558376669884
DVADPERWLP,0.021408561617136
SAAERDAERA,3.6123583413427696e-05
DAAEAARAAA,0.0028358949348330498
AEAAAERAEL,0.0038567634765058756
ELEELLELLE,0.00048065243754535913
DEELAARRAA,0.00011269673268543556
SAAAAAAAEA,0.0006610015407204628
AAAAAAAAAA,0.000751083716750145
ELAEELAAAR,0.0018466408364474773
LSLAELLELL,0.0010685574961826205
AALEAAREAE,2.2057995010982268e-05
SEADALAAEL,0.00034561261418275535
SAAALAAELA,1.3103901437716559e-05
RAELEALRAA,0.0008748083491809666
DAAADAERAG,0.002917790785431862
LPLLLLLLLL,0.0004523654642980546
SEEELLALLE,0.00024933330132625997
GAAEERARLA,8.060689287958667e-05
DDAARDAARA,0.00036073909723199904
AAREAEAAAR,5.8340519899502397e-05
ALEELLRRLA,0.0012786645675078034
REAELDAEAA,0.0003824426094070077
AAELAAEREA,0.0018192894058302045
MSLAERVELP,0.010969134978950024
AAAYRAALYA,0.00018064890173263848
DELAAREAAA,0.0009683156968094409
SPAAEFDARL,5.039970710640773e-05
AFEEELAARE,0.00010547167039476335
ADLAALAAEP,0.00026680066366679966
ALAELDARRA,0.00013751801452599466
DPEAALEARR,0.00149427296128124
EEAALRAALE,0.00022694829385727644
DAELAAERAR,0.0005319036426953971
LAALAAERAA,0.0009166832314804196
ELEEIAAEAD,0.0004196339286863804
SARDARLAAL,0.00016526979743503034
SLLELLRQLL,0.0002408824220765382
DAAARAAEDA,0.0021668863482773304
AAEEDAERAA,1.0553101674304344e-05
AARELEALLA,0.0019063940271735191
AAALEEALRA,0.0006791286286897957
LAEAEARAAA,0.00031819683499634266
SLEARLAAAR,0.00019908543617930263
ELEELLEELE,0.0005427541327662766
AEREAAAAAA,7.77391396695748e-05
AELEAERAAR,7.431866833940148e-05
DRDARLAALA,0.0003849271161016077
RAAERAAVRA,0.00026518033700995147
LAAADAARAA,0.005181364249438047
AAAEARDAAD,0.00018418123363517225
AEAELLAAAP,3.446992195677012e-05
SLAEERAALR,0.0003870298096444458
ALPLLLLLLL,0.004615352023392916
ALLAELAALA,1.1743517461582087e-05
ALAAVDAEWA,0.0001960581575985998
AAAAREARRA,0.000322685664286837
DARLAELAAA,0.0012677616905421019
EEAERRRAAR,0.00026475818594917655
GVTHTPLPPA,0.0025873263366520405
TEARLAALEA,0.0004868465766776353
SEETLAAAEA,0.000614676158875227
EEELLRLLEE,0.001692310906946659
DSAAEAAAAR,0.00044401505147106946
EARALERAAE,1.8123973859474063e-05
AALRAELEAE,0.0008928161696530879
AAAAERAAAA,4.997679207008332e-05
ALAALEAALA,9.144301657215692e-06
DEAEDAAAAA,0.0005191132077015936
ASALDAAVAA,0.008050231263041496
DAAAEAAAAA,0.0029300255700945854
DAAARAAAAA,0.002169690327718854
AAEEAARRAP,0.01358486246317625
AAARAARAAA,0.000843274116050452
AAARAAAREA,0.00037886478821747005
EAAERAARAA,0.0001852058048825711
DAERAAALAA,0.0005833182949572802
AALEARAAAA,4.956610791850835e-05
AAARDAEAEE,0.00029509540763683617
AARELAELLA,0.0015829007606953382
AAAREAAEAA,0.00020263127225916833
AREAEWEAAR,0.001560039701871574
DAEAEAALRA,0.0004095177573617548
AAAEEARRAA,0.0008521969430148602
ALAALLAALL,3.798039324465208e-05
AAAALDEELE,7.2756911322358064e-06
DVAALAALRD,0.027271782979369164
ALELLLELLE,0.002987056504935026
ALAALLAALA,1.671526479185559e-05
AALLEELLAA,0.0007133782492019236
DAQAAAEAAP,8.012491161935031e-05
ALAELLALLL,0.00028156882035546005
AAAREAAEAA,0.0004426607338245958
ADAARAAARA,0.001049714395776391
ERVLPEYVAP,2.7672886062646285e-05
DAEAEAREAA,0.00022617218201048672
LAAERAAAAA,0.0009752330952323973
GDREAERAAR,0.0003847820626106113
SAEELAALLR,0.00015379027172457427
LTLAELRELA,0.0010140560334548354
AAELAALLAE,0.0036129034124314785
DAAREAERAA,0.002219035290181637
AAAEAAAAAA,0.0002464172139298171
SDDAERAAIR,3.6237830499885604e-05
AAAEARAEAA,0.0002158696879632771
AAAAAARAAP,1.4158140402287245e-05
ALAALLAALA,6.644022960244911e-06
AAAEEAALEA,0.0003284909762442112
AEAAALAAAR,0.009170128963887691
DAERAAREAA,0.0012534931302070618
SPEEEAARRA,0.0003144410438835621
EERELRRLAE,6.5705316956155e-05
AAAALARELL,0.0015788141172379255
EEAARAAARA,2.0244106053723954e-05
AEAEREAARE,0.00016956949548330158
RVAELDAEAA,0.00043844798346981406
SAAEARRAAR,0.00034020707244053483
GETLVELPAL,8.58254043123452e-06
AAAEAARRAA,0.0005208186339586973
AARLAAEAAA,0.0004325587360654026
ALAEVLARLP,0.0002508819743525237
DREIPWVERP,0.0011984446318820119
ALLEELLAAL,0.0004203451971989125
AAEAERAAVA,0.003134222701191902
EDAALAARRA,1.1487071787996683e-05
GAAAAARAAP,9.131937986239791e-05
AAAAEDAAAA,2.9708076908718795e-05
SLAALAARAA,0.0007007917156443
SALEALLAAA,0.0005891377804800868
SAADAAAAAA,2.785764809232205e-05
DASDLEALLR,0.00025041555636562407
AFEELRAEAE,0.000858347222674638
AAARAALEAE,0.0017964186845347285
EVAEERALAA,0.0002467117446940392
ALAELLALLA,0.00017004195251502097
AAAEEAARAA,1.0471811947354581e-05
SELDLLAALA,3.482085230643861e-05
EREARLAEVA,2.9778817406622693e-05
EAAAAAAAAA,6.189195846673101e-05
ADAERAARAA,0.0019367688801139593
AAAAARAAAR,0.0006254357867874205
ELSEELLELL,2.5654131604824215e-05
AALEAAAAAA,0.0005344353849068284
SAAELERLAE,1.847711973823607e-05
MEIEEREYEL,0.0032094730995595455
AAADAAAEAA,0.0020492346957325935
AAAERAARAA,9.776103979675099e-05
AEDARLAELR,0.0002359102654736489
EPRVQRLFPP,5.467415394377895e-05
EAAWQARLAP,3.343035132274963e-05
AAARLAALRA,0.00035845563979819417
DLEALRAERA,0.00041137225343845785
LAAELAAERA,0.000385923805879429
AALAELLAAA,0.0003566508530639112
AAALEAEWAA,0.0007135080522857606
PLLLLLLLLL,0.00010944424866465852
GAARDAAREA,7.348959479713812e-05
GAARLAEELA,0.0007233857759274542
DDEEREAARA,0.00010704106534831226
ALSLRELLDP,0.0034268489107489586
DAAREAAAAA,0.0020309481769800186
ESEAERLARL,0.00015807249292265624
TAEERDRLEA,6.930038944119588e-05
AEAARAAERA,0.007147128228098154
MTDTPLELAL,0.0008976279059424996
DDAARDAALA,0.0005697445594705641
EEAAREAERA,6.46498374408111e-05
AVREEVVELP,0.0011692139087244868
