sequence,pred
GSALER,0.000908611
DVALPA,0.905198872
SEEIEE,0.014495243
GSAALA,0.009475945
AAARAA,0.003963665
MVVDLP,0.001303141
GSLAEL,0.044060133
MRDLAA,0.001032263
ERPDRP,0.001005279
LLELLL,0.009296764
PPPQPR,0.009309736
SVELPE,0.007460393
EDWLRP,0.004133725
GSTDLA,0.000682861
AVTRPW,0.000997097
EERFLP,0.00243083
SSPLLP,0.002193147
EAPPRP,0.003002729
AAEAAA,0.000458174
DRELER,0.347350538
AAEDLS,0.001924075
MLEDLP,0.004611375
SERFPA,0.002084163
DLVLAD,0.322699428
AEAALR,0.000426295
GLVLLL,0.000491566
RAELLA,0.000218374
ESVELP,0.005861179
GAAAAA,0.002230833
ELLLLL,0.009039692
SSSWLE,0.013212821
ASELAE,0.003671101
GDTYLL,6.46E-05
AAEPTL,0.001522221
DTALLR,0.300789803
SVRLEP,0.021294486
PSVALE,0.000132524
GRRYVE,0.003275753
YVLEER,0.010769041
PAIPAP,0.013337205
GGGGAG,0.281845391
ALLLLL,0.015948206
GPPPEL,0.593518496
ALLLLE,0.015742043
GLPPGL,0.331681907
SVWDRS,0.018108666
LDALRD,0.016800741
AVEHEP,0.001904931
ARAEIE,0.010659679
PLLDLE,0.014732293
RAARLA,4.38E-05
DELLEE,0.211029038
DEGVEL,0.161322296
GAALTR,0.001913975
SLAEAE,0.014584805
GLERAE,0.000511706
SRTVYP,0.000705238
SLADLL,0.013826879
ELRERE,0.010534097
AIELPE,9.26E-05
GRDLLA,0.003807352
GLLLLL,0.00011909
DSALLE,0.183568627
AEFLLP,0.003496388
SAARLA,0.009815575
AAARLD,0.003635906
LEPALP,0.003293825
DRPPLP,0.242728189
GPLLLL,0.021658117
GPEPLE,0.000126345
SSASLA,0.007117284
DLLEAY,0.236562595
PRPARP,0.012436161
SLLLGL,0.014753063
EREAEL,0.009116291
REAEAL,0.000730237
ELDTAP,0.007129305
GPRLVF,4.40E-05
ELLLLL,0.009119418
GRVVEE,4.44E-05
GDALLL,0.002132722
PLASLA,0.005997669
GLALLL,0.00783815
GDLLLL,0.000380606
EARPPP,0.006037766
GSRWLP,0.002847939
WEPPLP,0.054247007
EEIELE,0.005340376
ERALLR,0.008321537
LLEPRA,0.005645265
AAAESR,0.004672274
GAAARP,0.001935944
PLDRPA,7.26E-05
SAPVLP,0.007529391
SSALRA,0.009091998
AEAALR,0.0006655
DGIAPA,0.303177387
DAEVLA,0.194171056
PEVSLP,0.002461005
MLPSLP,0.006888118
SADALL,0.005008609
SPALLR,0.00792121
SREEEA,0.002276652
LAALAA,0.006165165
GSFSLP,0.010298662
SLEELR,0.0073014
YERFAP,0.467192471
SEPLVL,0.005671494
ALYPAA,0.016738925
GPALLA,0.000325299
LTRVDL,0.009118512
SLNVGA,0.003667478
EPLLVE,0.006174249
MRWEPR,0.002293948
SRRPLR,0.000945971
SAAVYR,0.009248477
GPLPEL,0.569237649
ASALAR,0.001881468
ATLLPP,0.00624644
WDARAA,0.025207425
SEEEDE,0.011124986
APEVEL,0.002680469
YEEVLL,0.000234046
EIVTLA,0.005350039
LLPLPP,0.00771697
GPPRPL,0.541062295
RLRYEE,0.196359828
AAALRA,0.007560195
DDDELE,0.197150856
YRPGLL,0.621316135
PRALRL,0.000761737
PARPAL,0.010354687
EVEEEL,0.005177617
SRADLE,0.00636473
DELAEP,0.184274048
AETVYE,0.005332135
PSLQPP,0.005336412
WEEWAA,0.072942205
EVLERP,0.007645302
RVLLEP,0.001128981
DASLLA,0.184092924
AEEIVD,0.002326328
AAEVAA,0.002766471
AGPDLR,0.00029894
PAPLLP,0.00533095
LASTAA,0.003639949
LLEELL,0.010468659
SAVLPP,0.010181064
SLAEEA,0.015902821
GEEEEA,0.003005328
GAELRL,6.66E-05
PFIERP,0.49106738
DLALLP,0.355945766
RPPRLR,0.950272501
DVPLGS,0.899673879
PLALLA,0.005259408
MEVRLP,4.79E-05
GLDLSL,0.000734693
ARPRAP,0.000548171
GRAEEE,0.003727173
AARAAP,0.004557082
AAAEAA,0.006006613
AEVRAR,0.00469407
AARWAA,0.003498949
AAALLE,0.006465846
SSSFLP,0.012823643
SLPRPE,0.013166972
ELERLL,0.008718887
MTVPGE,2.92E-05
GPWRLP,0.783905387
RVPLTA,0.017261283
GRELLE,0.001029295
AVDTSA,0.008588989
AALLLL,0.004488983
DSLVAS,0.075644597
AEELLR,0.001198389
SYSEEV,0.032893948
SLVALP,0.001160775
YVAVER,0.000555676
DLPRLP,0.147864282
SSEPLP,0.010293948
YVEREW,0.000938867
STRLAE,1.60E-05
SRLRVP,0.001511028
EERWLE,0.002140579
ADDSLV,0.000930219
SAAVAA,0.014278463
HEELPL,0.002540025
EPPAPP,0.003826072
GTVVPA,0.018184043
AAGPRP,0.017636538
LEELLA,0.009863002
AAREAA,0.004415092
LAERLA,0.008409893
GPAPLP,0.019781301
AERDLP,0.002641795
PVRVAR,0.112247363
AAELAP,0.003866319
MREEAA,0.000224318
HVSTLG,0.005784195
EDIALE,0.007275301
DAAREA,0.293552071
AAADAA,0.006004566
PRPEVP,0.013963174
GAVPEP,0.003493163
STERLE,0.001426103
GLILEE,0.005718423
PPPILP,0.012534287
PEPAPR,0.003228617
DAALAL,0.291079342
GGAYVE,0.64963156
ADPALA,0.001586929
SLLEEL,0.009615164
GAALEA,0.002062924
YERVEL,1.73E-05
PPLSAL,1.38E-05
AAPTPL,0.0034365
REVEPP,0.002406304
GAGALP,0.002060627
AALALA,0.005059802
VLLLSE,0.001901469
GPRLRL,0.013617388
LEESLL,0.010107545
PLPPRL,0.005488025
MVVVAP,0.000503701
GLLLLL,0.000139419
DAALAA,0.329110473
SSLELR,0.010346578
LAALDA,0.008901644
PRRLLG,0.009474949
ELLLEL,0.009491464
MAELLL,0.005864168
GAAPVE,0.000806769
GLRWLE,0.000298721
ERSLAP,0.010341491
EEAELR,0.001053975
ALDLAS,0.007668827
ASLLAR,0.004205664
GGEAPE,0.021513093
ATPVEP,0.001023587
GAAARA,0.001699421
AAAAAA,0.003230579
AAAAAA,0.003230579
SLAELL,0.012944733
ELLLLL,0.00660617
GPAPPA,0.006153546
SGAVAA,0.058639832
GPRLFP,0.184167936
ALPALA,0.002678776
EVIEPR,0.002857828
SLAALR,0.009601304
EVVYEP,0.004803932
VRLSEL,0.000129692
GEPYPE,0.823178589
GASWAP,0.027477447
WEPLLD,0.057763953
GPPILP,0.009810857
GPLTAD,0.150348336
MEVDLP,1.93E-05
DAARLA,0.242484957
DVHVAP,0.8450948
DEAALA,0.16552183
ELRVEL,0.006038249
ELELAA,0.008100234
ARPLFA,0.002052835
REARAA,0.00098814
GVLVLP,0.047971725
DAALAA,0.285030991
AYEAER,0.008917217
DTTLPG,0.201982573
APVVLP,0.004657716
ALPPIV,0.006324188
GLLRLP,0.016505051
ALLLLL,0.007783101
GDSELA,0.000874515
SLLLLP,0.010757242
SLLELL,0.008876522
DSYLLR,0.168187305
LEVVEE,0.003151576
DLARLL,0.331642061
GPLAEL,0.110377423
DAALAA,0.323132038
GARLLE,8.05E-05
MDPLDL,0.005100734
GGLLLL,0.021713251
SSLRPP,0.011014951
LAELRP,0.007502852
DSSLPP,0.089394651
GLLLLL,0.001026079
PLLLLP,0.003879383
LAEPVE,0.008703154
ELEEEE,0.007441102
SPALTR,0.008144501
DEARAA,0.197930917
EAVDLT,0.003146939
GSNPPL,0.003952247
LAATDL,0.007481237
GAGLLP,0.001061344
SHAPEP,0.164044201
SIELTV,0.071724467
LVDLVS,0.006862267
MERALA,0.001422222
FVYVDE,0.399927825
GGPVRL,0.968107641
EVRDLS,0.004628433
DAPLPA,0.231451318
DAGERA,0.272200227
ARPPLL,3.06E-05
DAARRA,0.246342242
AALYRA,0.006574397
DLERAP,0.182204902
GELAEL,0.001791229
AEESLD,0.002835697
MEVEEL,0.000332889
SLAAAL,0.012295374
MVDVRE,0.02416268
ELVLEE,0.00718967
SRDVLS,0.005786414
SPLLRR,0.003202134
PRPAPP,0.031683654
DELRLR,0.141127035
AAAALA,0.002815481
GLDSLP,5.61E-05
AAALAR,0.008504636
GRAAEL,0.002216957
GPASSA,0.00227412
SLARAL,0.012509762
GVWPEE,0.168198094
EDLSLE,0.009636068
ALLEAL,0.009071517
EEELER,0.003989702
DSDLVL,0.130184442
GDLLAP,0.001928617
AEAALA,0.001116651
ALLELL,0.008699471
SVTIEP,0.007736336
PPRLEF,0.000286884
PAPPPP,0.005018696
GSLAEE,0.061012
DLSLLL,0.198937163
DLAALE,0.292350978
AERLLE,0.004667534
SSAALL,0.000581121
SAAHLA,0.017031126
PPRLRE,6.75E-05
DAALLL,0.310743958
SLESLE,0.01828783
GSPTAP,0.141252354
SLAELL,0.016536709
GPLVLP,0.713515341
PLRRPL,0.893997073
RDLRLL,0.008184138
EELETD,0.006072896
REPLPP,0.000967087
GLSLLE,9.60E-05
SVWEEE,0.01658068
ELLPLL,0.00861852
AVDLGA,0.011858643
EEVLIE,0.005604378
ELEELL,0.009628877
AAARRA,0.004381644
GSADLP,0.014365008
SHDPEE,3.45E-05
GSLLLP,0.022652198
PDLEAE,0.002557504
KRPGEP,0.092099398
LEPVVP,0.005892958
SLEEER,0.012983498
DAAALA,0.229252398
ASLALE,0.001969182
GLASLL,0.00154108
LDVLRA,0.002772748
AERPAE,0.003417094
DLALLE,0.377988428
ADALEL,0.006235368
VERVLP,0.001134662
YVETVE,0.000450775
LAAEAA,0.007451001
WASWLP,0.036780141
HERVEL,0.002262841
VAPVVD,0.002136641
SELIVL,0.013193032
PEPVPP,0.00269027
DAPVVY,0.197419807
SRLVIE,0.001804154
DLALLP,0.384776711
PSQALE,0.000482315
PSVERP,0.003871776
GSLLLL,0.025184982
LPPLLP,0.005360741
FSPVAL,0.007624294
WEWEPP,0.127494723
GERVEP,4.77E-05
ALLELL,0.007810467
ASASLL,0.000289379
LEARVP,0.007219345
GGRDLA,0.041155692
REAELA,0.000455882
SISLLR,0.046734028
ADLAAA,0.004609161
GRAVLP,0.004044631
AAVRLP,0.002013429
ERALER,0.009219034
TEVELP,0.000360899
GRSDWA,0.004308661
SAARLP,0.013135322
AEAALR,0.000602571
FEEYRA,0.172013178
REALYS,0.000323411
EVELVT,0.006169636
ERLPLL,0.009319291
MLLEPP,0.010200713
LESLLR,0.00890111
RLSTLL,0.00471132
PTDRPP,0.007438632
GSSYVP,0.024297476
EAVREE,0.001847715
GVALLR,0.019188903
DWLASL,0.616167188
EELLAE,0.007188576
GAEEAA,0.003980186
MEESLE,1.73E-05
AFPTEP,0.071665235
APPASL,0.001731046
AEAEAE,0.003727718
AAALAA,0.009896349
AEVELP,0.006197541
AAAALD,0.005003539
AAARAA,0.005272314
PRPPLL,0.065549329
GLLELP,0.001004902
SHPLRP,0.002226018
LLRPAE,0.001019194
SAALRR,0.009300503
PLAVPE,0.005262738
HVFVRP,0.00575036
SALERL,0.006355217
GSGVLA,0.003358205
SLYTPP,0.000925044
PDPRLP,0.013789821
VSEVAP,0.009306713
EEVVLP,0.004113243
GSLALA,0.090439789
ELVLHE,0.012227405
GPLVVE,0.558444977
DELVLD,0.148803368
PYVDTV,0.588668942
GPPTEY,0.186739296
ALLLLE,0.0145538
SSWLEA,0.00976205
SREAEE,0.00649065
GARLPP,0.004141895
FVYVER,0.271062672
LLLLLP,0.01549151
AAEAAR,0.005812457
PLPERV,0.012779244
LVSVAG,0.004016831
GSPLLP,0.033713341
SEAERE,0.008257814
HVDTWP,0.007884425
GSAELA,0.010153285
DPALLP,0.452979267
GSRLLR,0.000462723
DARLAA,0.213600039
LEGALR,0.000505885
LEPSLA,0.00407903
GTLAGE,0.052941952
DAIRAA,0.174116105
RRPREP,0.173793226
LLPLLL,0.004869098
PDLSGL,0.000796928
LVRSLL,0.00016864
SAAERE,0.01997222
REALRA,0.001282466
DAAALA,0.233703181
AALVYA,0.004241645
ERSLEP,0.007029417
SREVAA,0.005132242
AFSEVE,0.175897852
RQRALP,0.006787493
GVLQEE,0.205193475
GAAALE,0.000437782
AEALLE,0.00256068
SWLGRP,0.005631876
LVEVVL,0.003124125
PDLAAP,0.00111697
AVPPVP,0.016624779
APAPLA,0.002134279
SLAEEE,0.010176481
YVRTEP,0.001483558
GSLTYL,0.891902566
GRPAVL,0.006999212
LAAELA,0.004944459
APPPAG,0.002362715
GPVREW,0.749315679
SLAALR,0.012628551
GWVLLF,0.006815111
PPRDLS,0.000837386
DERTLE,0.176828563
PLVRLP,0.975641131
LEPLTA,0.006934863
ALPEEE,0.007048007
GVVHVP,0.797406673
ALRALP,0.005824223
MAENEA,0.003381474
APVSQP,0.004472494
ELPASL,0.007625073
AEPELE,0.004561533
ARAELE,0.00434146
RAPALE,0.003188941
SVREVL,0.00567087
AEARAE,0.000790613
EAARLL,0.000852032
DWATAP,0.778727651
GSLPLL,0.231482208
PLPDSA,7.97E-06
SAPVVP,0.00499315
GPELLL,0.014593424
LAAEVA,0.00456165
SLASLE,0.013778031
FAASRA,0.280629247
SSSSTA,0.012096903
PAAVRA,0.00519132
LRAVLA,0.003937651
DPALLE,0.425208449
PPAAAR,0.000988242
EAAARA,0.001127153
GELALP,0.002201556
DLPVLL,0.181776851
LERVLP,0.008233114
DAREAA,0.206977248
RDALLA,0.001004216
GPLSEL,0.043781925
SLLVLP,0.015998757
GLVAPR,0.00126373
DAAAAA,0.26206699
PVRARP,0.019732073
AVAPAA,0.009695568
GASLAP,0.000238467
LLSELL,0.009706344
WEEELE,0.06905245
LLLPLL,0.007328748
GLPRLP,0.339462578
ALRALE,0.006246442
LVRELP,0.017317764
DALRAP,0.259471029
ASLPVE,0.016146744
SLPELR,0.027544443
LPPLPP,0.018205853
EVDLTR,0.011059262
SDALDL,0.02371124
ELLRLP,0.02544455
PWRPTL,0.598937035
AARSLL,0.018571896
GRLSDE,0.004164909
GVLLLL,0.006694193
SRVYLP,0.014489871
GPVVEE,0.401920915
ARRRLP,0.023048002
MLPPEE,0.023632348
MATPER,0.01407234
DAPLLD,0.21331495
EAALRE,0.010029483
GLPAPP,0.002549872
WADYVE,0.081625342
PLPPRT,0.006936218
SYVARP,0.009078846
LLLLLE,0.015319146
ESLRRP,0.014012508
GPLLLP,0.01616063
GSLPEE,0.143661633
GARAAA,0.003583279
DAARAA,0.27114144
ERVIVP,0.012350028
LRPAAP,0.002596417
GEDLLR,0.002297378
MRVVEW,7.62E-05
RVDLPL,0.015922673
EEALLA,0.00148348
AAAAAA,0.003892311
SRELPP,0.005175207
GLRLVP,0.003838845
APLPLG,0.004837942
GAALPA,0.002754076
ALAELL,0.007740898
GSGAGV,0.002689981
ATVRLP,0.004884704
AAARLL,0.003214969
NEWDLP,0.022027723
GALELP,0.002094639
EEAALA,1.81E-05
DLSLLE,0.189660683
GSIVYP,0.862794638
AEPALP,0.001803154
FTLRLP,0.007669115
PPVLPP,0.90105927
AALAAA,0.0045571
APAWRE,0.003647214
LSLLPL,0.004468788
AEPLVL,0.003320178
ASVRLP,0.000376044
SALRLL,0.003779003
VELEER,0.00047261
AAARRA,0.002529249
SRLLLP,0.002478384
GSTRPL,0.000164694
EPVELP,0.003907398
GPLPEE,0.572981358
SAAEAA,0.008642497
REPAAP,0.002012826
GSVYLE,0.789803743
GWPMRE,0.023171989
AAEAEA,0.00060794
STSLTA,0.002625359
GRSALE,0.002460519
TELLLP,0.001361205
RPLVGP,0.876700997
LREITA,0.004682309
AEPYLP,0.010509393
HMLETE,0.003422234
RPPAEW,0.067711502
REPRLP,0.001793799
AAERAA,0.00066051
PALPLL,0.002443057
VVDRSG,0.773547828
PRRELP,0.010697435
VEEVLA,0.000872225
MSSAEL,0.001255858
PPLPAD,0.004492852
SLAALE,0.014302881
DLDDLE,0.246348426
AALLEE,0.009226255
APAYTP,0.003773777
LGEPRG,0.004017208
VSLSLL,0.000635873
GAAYVE,0.009022134
AAETRA,0.002089818
SDAERA,0.011645164
LAESAA,0.009801862
MLSDLE,0.004763575
GALSDL,0.095865883
AWLDLP,0.003555935
LELLEL,0.009532024
ELELLL,0.008062134
DELLEE,0.213561922
AAAALR,0.004608229
GPLVPP,0.937919736
EEVLEE,0.004754571
GAAARA,0.00148265
ALLLLP,0.009288122
SEAELR,0.002997249
LEDDDL,0.006124095
AIAELV,0.001026939
GSDLRS,0.000571864
PAALLT,0.006351825
ESVFVP,0.002495059
GLGGGG,0.003939697
LPRRLG,0.004483016
APEVRL,0.003595972
APPPAP,0.001275261
SLAALE,0.00892223
EVVRRP,0.004997306
FLRLEE,0.07595855
GVLLLP,0.073072568
GLPELL,0.001647343
LPPVLP,0.000547799
LEAALA,0.001740234
TTVVTP,0.014798846
AAAEAP,0.004515951
SEPLPP,0.005153232
AYRSTP,0.054432377
GASYEP,0.733342409
EAEARA,0.004296658
ATLVTP,0.007064143
SRNRWE,0.001657039
AEPARY,0.001162273
GTALRY,0.005026563
AALAAE,0.00539835
ELLLLL,0.007237399
GLARAL,0.004759146
LDAELA,0.007236772
GLLELL,0.002899311
DPALLL,0.520166755
GLLLLA,0.002938996
SSLLLE,0.013836731
ELAELE,0.010200639
SSLPEL,0.012730116
LLPLLP,0.009077732
RPRLPE,0.163414016
ELEVLE,0.008697184
GAAAAA,0.002163163
DLLLLL,0.348824233
ALLDEE,0.009164645
APSLLG,0.004977327
SLLLPP,0.017624184
EWVEEL,0.007110372
ALLLLL,0.009546537
EPVVLP,0.002497822
DLSLLL,0.170436025
DPPPRP,0.16609548
EVYERP,0.001781591
LAAEAA,0.004715079
PEERLP,0.000899076
SVLLEP,0.008988614
ALALLP,0.006904162
GGPVRL,0.969278753
GPLLEY,0.011839371
SAGRRA,0.001867222
DARLRA,0.180224121
ALTYLP,0.006307467
PPSSLA,0.000237321
YLEEIR,4.57E-05
SSSLLA,0.007393656
DELEAA,0.156236351
ASASLE,0.000271511
EEVELL,0.00451269
PDPRLA,0.060810465
MSLAPP,0.000225556
SYAARP,0.460792691
DEARLA,0.194750726
SAALAA,0.026567569
SLLLLP,0.014122758
ERELLS,0.008747091
DPRAPL,0.262154251
DSPEPL,0.118005499
EELLPP,0.004280091
DAARRA,0.312051207
AAARAA,0.003761217
PAPAPA,0.00537041
AWEADL,0.003601005
EERALG,0.00301488
SRLAPE,0.003254544
DAALLP,0.273504049
DSELER,0.107999124
PARLSY,0.003465745
RLSVVL,0.034324933
DVAPEP,0.900364041
APLAEP,0.004158142
ARPIVL,0.003604839
HMEETL,0.003658384
LAALRE,0.006967567
RVEREW,0.011817708
AHPGAA,0.000324448
PLLLLQ,0.002418939
PLLVEL,0.002361033
ASALDL,0.00141807
SLAAEE,0.008963292
GPPRVL,0.558036208
MEVTLA,0.000159163
GSAEEE,0.02403022
SLPPGP,0.006603403
ETVDLE,0.004467589
HSWLGE,0.000253698
GPRVPV,0.006656568
LGGLLL,0.313177556
EAELLL,0.003365922
SATSVE,0.078541681
SGALAA,0.065043718
GSSPLE,0.001087215
AGPRPP,0.001423939
AAERVP,0.000374434
EAALER,0.003448548
DELLLP,0.161804438
LVVEEE,0.087800369
PLLPRP,0.000492235
SVDYAA,0.906500161
PDRVAA,0.00129866
LAELLA,0.009369085
DESLLP,0.167204931
LRPLPA,0.002987728
PSELER,0.002334752
EDLVLE,0.008011006
YASLEA,0.02391096
AAARLA,0.004008062
SLAELL,0.01867087
GPVVEL,0.60481751
GAAIAA,0.000921078
AAEAAA,0.001391956
SLAALA,0.01461345
DPAAFA,0.360271752
ARLLEE,0.007439437
GLARLE,0.002053093
EALEAA,0.008422326
SLLLLP,0.018352492
ALAELL,0.007399548
GLRLWL,0.000206665
GSLRLP,0.056740325
DLRELP,0.232627422
SPADAP,0.007881561
ATLVEL,0.006341241
SLADLL,0.016205886
PLLSDL,0.004102861
RPAVEP,0.051756524
ELERLP,0.007845943
GPVREA,0.7368294
PLPSLD,0.006806125
LEDLLP,0.006585202
LDLSLL,0.005056045
ATLAWE,0.007661539
EAVDWA,0.003439117
YVRVEE,7.07E-06
EELLLP,0.004531446
SLLEAE,0.014121118
LDEDFE,0.012214822
LRSRRP,0.003707633
RDARLA,0.002251313
DLEELL,0.287912846
LRPVRP,2.10E-05
ELEELL,0.010196946
SLAERD,0.013974811
AEELTL,0.003606418
SVSPLE,0.008182957
SSLLEE,0.01646971
SSSVAP,0.010834225
GLAALL,0.0024116
LLLLLL,0.011703038
LRVRLP,0.00168048
YEPRLP,0.004822951
AEVVEL,0.001099782
MEELEL,0.000448059
APTVYP,0.002793081
AAAAAA,0.00188701
SLRELP,0.01195357
MSVELG,0.002271353
SHAALE,0.208734944
YLAESL,0.000428628
SAPRLP,0.00639645
SLEELL,0.011324449
ADAAAA,0.002010585
DAARAP,0.283812195
GAAESL,0.000747399
AALPAP,0.00476781
PLAAAA,0.003475815
ALRDLL,0.003565444
LELELE,0.008614795
ADPLYE,0.004166278
VLPASL,0.000327794
SSAGAS,0.004108976
AARALR,0.002364388
DPAILP,0.468367696
GGVLQP,0.012862389
GARLAE,0.000796134
AAEAAA,0.000498985
GSSEAE,0.112389341
ASAARP,0.003261624
SLAREL,0.016718896
AALALE,0.005640591
GSVTPA,0.088487633
STRALP,0.001852507
LLEELL,0.009802852
DPEALP,0.27691102
ARALLE,0.005377174
GEPVVA,0.010698009
GRRAPP,0.003058719
GSLVLP,0.062068257
ASELAP,0.004044839
SAARAA,0.009653626
DVAALL,0.891319811
DDLLRS,0.25528422
SLAALE,0.008449649
GAEVAP,0.005409463
ELRWQP,0.007915414
SRLLLE,0.003359749
PSPEDL,0.003307253
DAARLL,0.286196709
DVLVLP,0.757229149
ELVRVP,0.004465105
AEEVAA,0.002454713
AVSEEE,0.005782292
MLATDL,0.004483114
AEAERE,0.004135533
YVLELD,0.003565803
APPRRP,0.01015748
DEEREL,0.174291983
ADLSLR,0.006624901
SAWLLL,0.001449172
EVDYSP,0.00430793
APLTEE,0.009821205
ELLLPL,0.010886685
SRLALP,0.003154362
SEDLLR,0.004759606
GRVELP,0.002352209
SSALER,0.008979535
SARELA,0.006277048
ALRELE,0.00533936
EVLVTE,0.003007042
LLELLL,0.00713098
GALPPA,0.513384581
SPPLQP,0.001558353
DRRVRL,0.196275353
DTELEE,0.228329048
GAAEAA,0.001829758
PRPVVL,0.053843945
GSLRLE,0.024832778
LVSGRP,2.81E-05
SRLVLP,0.001544097
AELRAA,0.002010057
ALEELL,0.004954107
APLLLP,0.004478408
DSALKA,0.169064641
GLRPEL,0.00240718
SVLLRE,0.012280072
AALPEE,0.004990571
RPALPP,0.029679582
ESEVPV,0.006657556
DLASLL,0.354839742
GSVVLA,0.025952723
DAELAA,0.247863069
RPLLLP,0.03305909
APELAP,0.003436725
GVVEVL,0.81536293
AAEALA,0.000955271
APLLLP,0.004303109
GARPLP,0.000145823
DARLLP,0.210175052
SLRTLP,0.00738257
PLPVRP,0.000202389
MSLLSL,0.002194089
LLPLAP,0.015998317
LVDSYA,0.37960586
APVARW,0.009822829
SVLRPA,0.013514007
EDTSLP,0.01698697
ATPYLE,0.006696796
GPSRLL,0.010195167
PRAPAL,0.001944261
RVRLEP,0.00430666
PEIVSE,0.007346841
SVALEP,0.00052888
GRLDLR,0.001569996
PPRSLE,0.000126619
PVPEVP,0.059572253
ELRPAL,0.012866328
DERLLS,0.178317577
SAAELE,0.019052081
GESLLA,0.000691742
GLSLLE,0.000629294
PLAQHP,0.003299833
ELLLLL,0.0090138
SVADVV,0.846286118
MEYVEP,0.012133623
VPLSAL,0.006969137
SAALRA,0.0129625
LDPALL,0.00484409
AELEAL,0.005507085
LSEELR,0.009590963
APELLE,0.005248177
PPAPPL,0.000115467
AAERVA,0.001710075
ALEEPP,0.006530378
GLREER,0.000298798
SLPLLL,0.012600649
AALLLL,0.00727629
AEGALE,0.002294727
SVELTP,0.040964451
AVAALA,0.005060406
GWLAEE,0.049324285
SGLARP,0.003181081
MEVVLP,6.15E-05
ALAELL,0.008798842
AELLLL,0.004630652
MEEALA,0.018080119
DRPPRP,0.182416022
LLLLLE,0.010746265
SAAALA,0.001610074
SLSALP,0.006172278
AVTTEE,0.001184215
MRLYPP,0.023564804
SLEDLL,0.012692515
SSLLRP,0.014800254
ALPLVP,0.009169206
EAARLE,0.003257699
AELRAA,0.003512363
GLTLLL,0.003668233
LEELEL,0.008206496
GPLVLL,0.670091093
SAAAAA,0.014838491
PRPPAA,0.034091443
GPIGAP,0.006951849
AREVAA,0.004802267
ARSREP,0.001594018
PLPVLE,3.39E-05
SLASSE,0.016276967
LVTPEP,0.00015265
PSALDL,0.00146223
AAAEAA,0.006148944
PAVSYA,0.001531412
KPASDD,0.004999646
EYVLPP,0.002211311
SGLRSE,0.012267493
ASAALD,0.000629748
AERILD,0.003970474
SSSLSE,0.014352157
SLELLE,0.011952526
EARLLA,0.00494176
PASQLE,0.004020551
DLRPLR,0.131657973
EEVLVL,0.004890572
DLAASR,0.278070748
PFRTLD,0.772115946
