sequence,pred
AAAAERAAAAAAA,0.006657601799815893
SAAEIAAEVAAEE,0.006454911548644304
ALDAEAAARAAEL,0.0006714288610965014
DDAARAAAEAAAA,0.0005497458041645586
AALEAALAAALLE,0.0006007528281770647
DLEAHAAALDAAT,0.00459078187122941
AVAAERAAAAAAA,0.007080448791384697
AEAAAAEAAAREA,8.460417302558199e-05
ALLEALAAALAAA,0.000891878386028111
HDAEREARRAALA,0.0005748996045440435
AALAALLAALLAA,2.176717134716455e-05
SAAERAAQELAEA,0.0004845518560614437
LAAERAARAAAAA,4.3257285142317414e-05
AAAEYAAELAARA,0.0003255041956435889
DEEEEAERAARLA,6.346799636958167e-05
LAAELAARRAAAA,0.004093630705028772
AELDAAVAAELAA,0.0005451419856399298
EAAAEAAAAAARA,0.01657610945403576
ALAAELAAEDAAR,0.006105458829551935
GEAEEARMAAAEA,0.0002960882557090372
AAASAALDAELAA,0.0021155052818357944
GAARAAAEAAAAA,2.9834358429070562e-05
ADALAAEAAARAA,0.00042170807137154043
SEASAARAAALAA,0.0038986532017588615
ALAELLEELLEAL,4.5395048800855875e-05
EEAAEAEAAARAA,0.0004871570854447782
MDAELDARLDALA,0.0001493000308983028
EDAEAAARRAAAA,0.0032739511225372553
AAAAARAAARAAG,0.001234650844708085
AEERAAEEAARAA,2.843437141564209e-05
DAAFEARLAALAA,0.0031353814993053675
GAAAAARDAEAAA,0.00014596966502722353
SAAERAARAAAEA,0.000484257674543187
DADAARAAAAAAA,0.005206839647144079
AAAALAAALAAAL,0.0066564190201461315
AEYEAERAAARAA,3.11033618345391e-05
AAAEAAARAAAAP,7.090505823725834e-05
AEEEEAERRARRA,0.00032211249344982207
ARAAARAAAAAAA,0.0002934063959401101
MSIEELEALLAAE,8.701407750777435e-06
SLDAELEAERAAR,0.0008428915170952678
AAARLAAREAARA,0.00023882668756414205
ADAVAAALAAARA,0.0003877613053191453
SAARDAEIAALLA,0.0018002946162596345
AAARAATEARFEA,0.00011845283006550744
LEAEAAARAAAWA,0.0013462837086990476
AAEEEARAAARAA,0.001576763461343944
AALLEALLAALAA,0.0005762911168858409
EQLAELELREALA,6.99088050168939e-05
EAAARAARAAALA,1.9198554582544602e-05
EEIDLDARPRLQP,0.001422191853635013
SLAARLAAIAAEA,9.785553265828639e-05
DDAARAARLAAAR,0.0025551614817231894
ADLAARAAEAEAA,0.0014010542072355747
SAADAARAAAAAA,0.00018177203310187906
AEAEAAARAAAAA,0.0001341283496003598
ALEALLAAAAEAA,0.0007271572249010205
EAEREAARAALLA,0.00019836408318951726
AAAREAERAALRA,0.0002832351019605994
LPLLLLLLLLLLS,0.0007926807156763971
AAERAAAQARAAA,8.27798339742003e-06
EWEELRAERAARA,0.0008243971387855709
DEELLARADAVAA,5.618889190373011e-05
DPLEARAAAEAAA,0.0001314581313636154
AEEAARDAELAAR,0.00045903894351795316
AEAEARLAELRAL,0.0003295165370218456
AAAAARAAALAAL,0.0007862034835852683
EARDAAADAARAA,0.002034759847447276
AERDAERAAARAA,0.0007592560723423958
SEAEARRAAREAA,0.0006744762067683041
AALLALLAALAAA,3.485349225229584e-05
SLDAETAALEAAA,0.0006284676492214203
EQAERDARAEALR,6.63235186948441e-05
ALEELDARAAAAR,4.867869211011566e-05
GEALLARLAALAA,0.0004786390345543623
AARELERALRAAA,0.00031753224902786314
AADAARAAAEAAE,0.0006278977380134165
ALPLLLLLLLLLL,4.943640669807792e-05
LDAEDAARRAASA,0.00917640421539545
ELAELLEELAREL,0.0005983902374282479
ALEELLALAAAAA,2.570852120697964e-05
GAAYAARREAERE,0.0007364337216131389
SAAALAAERAAEP,0.0011332001304253936
ALEAEQAARDAAR,0.0022186636924743652
SDARVAALRALLS,0.0009784200228750706
DRLLARADAAAAA,0.0004994509508833289
AAAERAAAAAAER,0.0005628557992167771
DAAAAREAARAAA,0.0037054186686873436
ALAEAADAEEAAA,0.001198536017909646
SAAAAAAARAAAA,2.0909459635731764e-05
DRAARHAAAEALR,0.0019323833985254169
FAEVDARHAAELA,0.003685844363644719
DRAAELAAEAAAA,0.003126939758658409
EEAEREARRAALA,7.710876161581837e-06
WAAERAARDARLA,0.00013969278370495886
LAAERAARDARVA,0.00033240506309084594
SDARAAALRALLS,3.98608208342921e-05
ELAAERAAEEAAR,0.0012213676236569881
DEAERDARRAARA,0.00013343640603125095
SAAALRALVREAV,0.00041884303209371865
AAAEAEREARLAA,0.006176588125526905
EAEERAREREARR,0.00011508691386552528
AALEAERAARDAA,0.0011918183881789446
AAADAAAAAAEAA,0.00017169663624372333
DARLAELDALLAA,0.0023601579014211893
ADALVAERAARDA,9.072457032743841e-06
DAELEAAAAAAAA,6.968462548684329e-05
DWEARLAALDAAR,0.006859057117253542
DAALAALRAELAA,0.0001750500814523548
DLAALRAEVEAAR,0.0001253720256499946
MAALAAARAARAA,6.921412023075391e-06
SAELEELLRALLE,0.000627711066044867
AALEELAAALAAA,0.00030272649019025266
AREAEEAAREAAE,0.002349351765587926
AEEAARAAAEAAA,7.677981921005994e-05
DAAVAALRAAVAA,0.001783970044925809
AEEAARAAARAAA,0.00016212466289289296
SAAALRAAWRAAE,0.00032601013663224876
AALAAAAAAAAAA,0.00019360761507414281
GSEAAAAAAAAAA,6.514619599329308e-06
ALEELLEELEEEL,1.259343116544187e-05
DAARAARLAALAA,0.0007212254568003118
DARAAELAARAAA,0.00015490269288420677
LAAERAARRAARA,6.1119535530451685e-06
AAEEEARAAAAAA,0.0013606997672468424
DALAAERAARRAA,0.0040184431709349155
DAAARDAALAAAL,0.0001826167426770553
YQAELDARAAALR,0.0005449395976029336
SLDARLAAVAAAA,5.538258847082034e-05
GEWRALAAELAAA,0.00016290537314489484
ADAADAAARAAAA,0.0017592358635738492
LEAERAARDAAAA,0.0002782168157864362
AEDAELAARRAAE,0.0008436975185759366
SPREQAELERAAA,0.000211081700399518
AAAELAALAAERA,0.0011598721612244844
AAAEAEARARAAE,0.0010362362954765558
AAAAAAAAAAAAA,0.0012948017101734877
GLAAAEAERAAAA,2.8527590984595008e-05
AAEELEELLAALA,0.00026596811949275434
EARAAEAEARAAA,5.98672304477077e-05
AAAAEAAAAEAAA,0.011329482309520245
LEAELAAERAAAE,0.004800744354724884
SDAERAARRAALE,0.0002210888487752527
GLLLLLLLLLLLL,0.00017298238526564091
DAERAARAARLAA,4.65764787804801e-05
DRDARAAAAAAAA,0.00018908402125816792
MAAAEADDAEAAA,8.395451004616916e-05
ALDALAAEAAAAR,2.3939006496220827e-05
AREAERAAREAAA,0.000334179843775928
EELAAELAARRAA,0.0004071241710335016
SLDARLAAVAAEA,1.1611924492171966e-05
EEAEEAAERAAAR,0.0004025055095553398
DSAAERAARAAAA,0.0018840519478544593
AAAAAAAAARAAA,0.0016813932452350855
AADAEAELAAALA,0.0026445307303220034
EEELLELLRELEE,2.0007393686682917e-05
AALAARRDAEEAA,5.3386906074592844e-05
AEAAARAAARAAE,0.00010524636309128255
LEARDAEEAAAAA,3.858362106257118e-06
ALDAEREAREAAE,7.547691348008811e-05
DAAREARRARLAA,0.0012105751084163785
DARDAEEAAAAAA,0.00011659401206998155
GAVEALAAELRAA,0.0006130235269665718
GEEVDAAAAAAAA,1.5669069398427382e-05
ESLAARRAARRAA,7.974887557793409e-05
SLAELEAEAAAEA,0.001249112538062036
SAEAERERLRAEL,0.006922425702214241
PPEEERAAARAAA,1.012843586067902e-05
AEAAAAARDAADA,0.00011687050573527813
AAAAAARAAERAA,6.60286532365717e-05
DAELEALLAAAAA,0.0005646616918966174
SLDAELAAREAAA,0.0005305689410306513
AAAAAARAELAAE,0.00015701646043453366
SLAAALAAALAAA,0.0018218479817733169
AAAREAERAARAA,0.0003033924149349332
DAAIAALRALLAA,0.0008424465777352452
LAEERAARRAAAA,6.208267677720869e-06
AAEAARAAAAAAA,0.000183249925612472
AEAELAARAAAAE,0.0018014117376878858
DAARDAEAAAIAA,0.000256914587225765
SRAARDAALAALL,6.73227768857032e-05
DAAERAAREARAA,0.00034284612047486007
AALAAVAAARAAA,9.00164304766804e-05
LAAELAAARARAA,0.0006709636654704809
VAAEEAARLAAAR,0.0013853538548573852
AAARLAELAAALA,0.0009671084117144346
AALAAAAAALAAA,1.1018657460226677e-05
DAARAAALAALAA,0.0003133984573651105
AEDARLAELRAAL,0.0007475322345271707
AAAERAAADAAAA,0.0001575581554789096
MLSAAERAAREAA,0.018038924783468246
YAALRAERAAERA,0.0002155687689082697
AAVAAERAAALAA,0.0004461431235540658
AQADLERLLAELA,2.3200633222586475e-05
SAAAAEAREAALA,3.888095307047479e-05
DALAAARAAAEAA,0.0017848544521257281
LAAERAARAARLD,3.776698940782808e-05
AAAAAEEAARAAA,0.004472233355045319
AEARRARLDALLA,2.7015816158382222e-05
AAAAERAAAAAAE,0.010251080617308617
DAAARDAAAAAAA,7.96446911408566e-05
AEERAAELDAERA,0.00010317905980627984
DEAAAAAAAAAAA,6.616574682993814e-05
AERDARLAAFLAA,1.26653676488786e-05
AAAARDAERAALA,1.0218311217613518e-05
AEAEELLALVRAD,5.847315151186194e-06
SAAEREAFDAELE,0.00012204657832626253
AAEADARTAALRP,1.914201129693538e-05
DAAAEEAAARLAA,0.0040299855172634125
SLLEELLELLRRL,0.0001480951759731397
AAAARDAERAAAE,3.223438034183346e-05
SAAAETEARFAAL,0.0038049970753490925
LEAERAEREAERA,0.0001527022395748645
AADAARAAARAAA,0.0012945504859089851
LEAERAAARARAA,0.00010472380381543189
AAAAEAARAAALA,0.012773511931300163
PEAELARLRAARP,4.82645737065468e-05
AEAAARAAERAAL,0.00015613148570992053
LAALEAERAAEAA,0.0004892526776529849
AAAAEAAARAAAR,0.029052387923002243
AARDARIAALRAA,0.0007259388221427798
EEAARAARRAALA,0.00010801995813380927
MSSEEEAAARRAA,0.005538714583963156
AEAARAARRAALA,5.4217730394157115e-06
DLEARAAAAEAEA,5.03639348607976e-05
AAAAARDAERALL,0.00028836342971771955
DYEAEREAARAEL,0.010268180631101131
AAASDARAAALAA,0.0046418108977377415
AALLLLLLLLLLL,3.9590108826814685e-06
ALEAVRAEAAERR,0.0002465025754645467
ALLLLLLLLLLLL,0.00016882245836313814
AAAAAAAAAARAP,0.0018702751258388162
GAAALAALLAALA,0.0016814213013276458
AEAAERRAAAAAA,0.0003630814899224788
DEARLAALRAALA,0.0011542427819222212
AREARDAAREAAR,1.4183397070155479e-05
DLEAERAARALAA,0.0006173746660351753
AAAVAAARAAAAA,6.221194780664518e-05
ALAAAAAAERAAA,2.4614548237877898e-05
DADAERAAADAAA,0.0062519246712327
WEAERAARRARLA,5.515808879863471e-06
AAAAAARAAAAAG,6.02030331720016e-06
AAESAAARARAAA,0.0006342844571918249
DEELAALDAENAA,0.0005607933271676302
DAEAAARAAAAAA,0.004979741759598255
DEELLARLEAIRA,0.0005397031200118363
YAARLDAERAAEE,0.01756945438683033
SSDARIAALAALL,9.370381121698301e-06
AAAAAARAARAAA,1.7477770597906783e-05
AIAAEVDARLAAA,0.00011309710680507123
DAALAALRAELAA,0.000254755315836519
EDAARDAERAAAL,0.0002221687900600955
AAADARAAAAAAA,1.8775303033180535e-05
GEALLARLDAIAA,9.017464435601141e-06
DAEIAARAAEAAA,8.014601917238906e-05
DRAARDAALAELE,0.0006770488107576966
DAERAARLAALRA,0.0016239853575825691
AEAERAAARARVA,2.208204568887595e-05
SDARIAALRAELL,0.0004912029253318906
DARAAERAARAAA,0.0006364436121657491
AAAAARAAARAAI,0.002001054584980011
GAAAREARLAALR,0.00011633142275968567
AAEAAFEARLAAL,0.0063457670621573925
AVEEREAAKAAAA,6.984425908740377e-06
GEALEARRAAEAA,0.00014916894724592566
EEELEELLRELLE,1.736863487167284e-05
WAAERAARAARLA,0.0021563151385635138
AAAEARAARLAAL,4.921802246826701e-05
AEDEARRAARRAA,0.00018308544531464577
AAAEARAAARAAA,0.00044076828635297716
AELEARAAAAAAA,0.0002435464266454801
DLAALAAAREAAR,0.0003784735163208097
EEAELEAERAARR,0.00015005352906882763
AAALAAAAAARAA,0.0009210752323269844
GAAAAAAAAAAAA,1.9626157154561952e-05
SDAATAALAAALR,0.009849351830780506
MEELARERAEEEA,0.0004979564109817147
ALAAYAAEAAARA,5.3347637731349096e-05
DAAAAARAAALAA,0.001205747714266181
AAAEAAEAAREAA,0.005919584073126316
EWEAERAARRAAA,0.003877602983266115
AAAEREARRAAEE,0.0009557227022014558
GAAEAARRAARAA,1.8854963855119422e-05
LEEARARAAEEAA,0.000121837823826354
DDAARLAARAAEL,0.0012415762757882476
PLARVDAIRAEAA,0.0008628159994259477
DREARLAAARAAA,0.008886353112757206
EAAARDARIAALR,3.91542271245271e-05
AAVEELAALLAAN,0.0003247999120503664
EQAAADARIAALR,0.00047392171109095216
LLAELAALRAERA,0.0025966668035835028
SAASEARLAARAA,2.089083682221826e-05
AAAALAAETAADA,0.0005098950932733715
DAARAALAALAAA,4.9462465540273115e-05
WAAERAARDARAA,0.0003750669420696795
AAAAALEAEEAAA,0.0024697231128811836
DAARAARRAAEAA,0.0006931577227078378
LDAVLAAIRAESA,0.0030588400550186634
AAARVAAAAARAA,0.0005221117753535509
DAEEAAREAERAA,0.0012829340994358063
DAAVAELAALLAA,0.0015475624240934849
SAAEEAARDARRA,0.0005990831996314228
AAAALAALLEALA,0.00048149871872738004
AALAELDAELAAR,6.644243694609031e-05
DAAAEAAAAAAAA,0.0036738349590450525
SEDAERDAERAAA,0.0001837613817770034
AAAAARDAERAAL,0.0001576564827701077
DELEAAAALAAAA,0.0003130677796434611
AAEVAARLAAEAA,5.911290372750955e-06
SAAEVAAWRAALR,0.00034256934304721653
SADALLAELRAAL,0.00046877728891558945
DDAAAAAARAAAA,0.0021551225800067186
DALEAARAAAAAA,0.0009540818864479661
ELAAVRAAREAAR,0.00045663092168979347
GEARSAERAALAA,4.552766404231079e-05
AAAAAAERAARAA,0.002285569906234741
AEAERAAAAAAAA,0.0002195477718487382
DAAREAERAAAAA,0.000491865910589695
AEAARAAADAAAA,6.001651854603551e-06
LDEEQARREAELA,0.002161621116101742
SAESRARLDAFVA,6.16365869063884e-05
GLVEELAALVREA,0.0004896980826742947
SADAEAAARDAAA,0.0003731540637090802
DARAAALLAEVRA,6.263068644329906e-05
SEAEARAAELAAA,9.739936649566516e-05
DAAREARRAELRA,0.0005266309599392116
ALAALLAELAARE,0.0006752604385837913
GLAELLALLEELA,3.308148370706476e-05
SEDAELEARAAAA,0.00031381630105897784
DAAEEAAHDAAHD,0.013572379015386105
AAEAEAARAARAA,0.0025904460344463587
DPAEEAAARAEAA,0.00013119321374688298
AAARAAERAAEAA,5.095983397040982e-06
AAAALAELLAALA,0.0010880341287702322
DVEARAAAAAARA,0.0004524105752352625
SAEHEARRAAIAA,0.004106520675122738
SDARTAALRAVLA,6.844609015388414e-05
DAEVAALRALLAA,0.0004935573088005185
DPTAAAAAAAAAA,0.0015472137602046132
DAEAAARAARWAA,0.004091569688171148
GDAAAAAADAALA,0.0010064821690320969
AAEAAALAALRAA,0.002844541799277067
EAEREERAAERAA,0.0005332074942998588
IAERIDAELAAVA,1.993202204175759e-05
MPAEEKAAAAAAA,0.00010371233656769618
SAEARAAARAAEA,2.6176028768531978e-05
DDAALDAAAAAAA,0.0024799390230327845
DAARAAAEAEEAA,9.891098306979984e-05
AAAALAALLALLA,0.0017037995858117938
AAAEAERAARLAA,0.009392835199832916
AEAEWEARLARLA,0.00010294612002326176
AAAAARDARYAAL,0.0032955987844616175
EAAAAAAAAAAAE,0.003304810728877783
EEAAREARRAALR,7.18125156708993e-05
AAAEAAAEAAAAA,0.00014911495964042842
AEAAARAARRAAP,0.00015645407256670296
DAARDARLAELAA,0.00024188682436943054
MAARLAAIAAAAA,5.7788751291809604e-05
AEEALEEARRAAA,0.0003031781525351107
EEARRLRAAERAA,8.15067978692241e-05
GLALLLALLAALA,5.416985368356109e-05
ADAAFAAERAAAA,0.13735613226890564
AALEAAFAARDAA,0.005305418279021978
EEAERAEREARVA,5.6328881328227e-05
AAREAEREAARAA,0.0008986748871393502
GPVELETEPRPEE,0.0011064293794333935
SDARLAALRAEVA,0.00026915533817373216
VDAEADAERAAEA,0.0037629567086696625
DAAARRAALEAAL,0.006164293270558119
GDAEVAALRAELS,8.793217421043664e-05
AELLEELEELLRR,0.00018804686260409653
DAAEDAARAARAA,5.725386654376052e-05
AAAARRAAAEAAE,0.0011106280144304037
EERAEARRAEREA,5.967247943772236e-06
SEEAAREAERAAA,0.00023080424580257386
AAALAALLLLLAA,1.8991499018738978e-05
ALAAELARAARRA,0.0014855355257168412
LPALAAVRAERAA,0.0001032979998853989
DAEREARAAAVAP,6.267707067308947e-05
DETAAAAAARDAA,0.0011751415440812707
SAALAAAAAERAA,0.0037184280809015036
EEAERAAREAAAA,8.159266144502908e-06
DAARAAERAAARA,0.0003884489997290075
GDAEAAARAAAAA,0.000578824954573065
SALAAREAARAAA,0.0009859241545200348
SAAVDALAAEVAA,0.005167487543076277
GAALAARLDAVTA,0.00021795199427288026
EAARRAALDAAAA,0.00015620654448866844
MAAERDAEWAAEE,0.00022206634457688779
GALDALAAERAAR,0.00026900492957793176
DPAALRAESEARA,0.000801640038844198
EAEEAARRAAREA,0.0032408414408564568
GRLAEREAERAAE,0.0004928224952891469
LEAADAAAAAAAA,0.0005939648253843188
LAEAEARAAARAA,0.0001353746629320085
DLAARDARLAALA,0.00010983795073116198
AAAAAAAEARAAA,0.001390754128806293
ARAAERAAAAAAA,0.00045697225141339004
WEEHRAAEEARAA,0.0009814784862101078
AARAAERAARRAA,0.0011546240421012044
DERRARAEAFAAA,0.00017582568398211151
SAAEEAAAAAAAA,0.003908260725438595
EAAAREARRAALE,9.289221452490892e-06
EAEAAEVAARAAA,0.0003395688545424491
LDAALLAALAQIG,0.017933707684278488
ALLLLLLLLLLLA,0.00013460330956149846
AAAEREAERAALR,0.00014592638763133436
LLARLDALAAERA,7.565797568531707e-05
LAALEALRAEREA,0.0018200716003775597
AAARDAELAAEEA,1.9492392311803997e-05
SDARIAALAAALR,7.97819666331634e-06
AADAARAAADAAA,0.0018157415324822068
SREAEEAAREAAR,0.004159207921475172
DAEAEAARAERAA,0.007387054152786732
LEAEAAAAAARAA,0.005383319221436977
AAAAAARAAERAA,0.0001360453898087144
AEAAEAAREAAAA,0.003763785120099783
SAAERAAAEAADA,0.0004693389928434044
GPVEAAEAAAAAA,0.0021663180086761713
DRAAIDARAAALR,0.0003583712677937001
AEAARRAAERAAA,7.013254071353003e-05
DAEARAAAAAAAA,0.000817886262666434
DWAELAAERAARR,9.589378169039264e-05
WAEERAARDARLA,0.00012056250125169754
AAAREALDARLAA,0.00016223362763412297
EEAEAAARRAALA,5.967278411844745e-05
GELIDRRLAEARA,1.6179668818949722e-05
GETEAEAAARAAA,0.0002497506211511791
AARAEEFAAWAAA,0.0005592427914962173
LAAVEAERAARRA,0.0008580798166804016
AADAERAAAEAAR,0.002954103983938694
AAAEAAARAARDA,0.00037735255318693817
DSAARAAARAAAA,5.636160130961798e-05
DDARLAAARAAAA,0.000199918620637618
MAAAAAERAAEAA,0.0005535667878575623
TAAAIRAETEARA,1.6070207493612543e-05
AAADEAAAAAAAA,7.767515853629448e-06
GDATVAALAAELA,0.0005844155675731599
LDAELLARLDAVR,0.005838042590767145
AADARAAALAAAL,0.0001266460312763229
RLAELDAEAAAAA,0.0005008367006666958
WEAELAARRAERA,0.0004076498735230416
DAARAAELAALAA,0.00037775078089907765
AALAALLAAALAA,0.0004320090520195663
GLAEELAALEAAA,9.837251127464697e-05
RRPLAELRALLAE,0.00022204368724487722
SEAEALAAELAAR,8.832748426357284e-05
YQAYLERLAADAA,0.0037639352958649397
ARAAERAARAAAA,0.00041834116564132273
GEELLARLAAVRP,0.00031800733995623887
DAADAARAAAAAA,0.00035609808401204646
GSLAAALDALRAA,0.00027310161385685205
FAAERAARRAAAA,0.00031768225017003715
DAYAAELAARAAA,0.00518594216555357
AAERAAAAAARAA,9.8414084277465e-06
AEARAAAADAALA,6.85485647409223e-05
DLDARLAEFRALL,0.00014038787048775703
DAEREAEEAAEAA,0.0001373706036247313
AAEAEIAALREAV,0.005891164764761925
GSDARVAALRALL,0.00012905562471132725
REAERAAREAAAA,0.00011423209070926532
GADARRAAAEAAA,8.62829438119661e-06
DAAARAARRAAAA,0.0011588134802877903
FAAERAARRAAAA,0.0012481559533625841
DLAARDARREAAA,0.00015861120482441038
EERELAAELEALA,0.0005453056655824184
AVAAEIAARRAAA,0.030674202367663383
REAEEAAVAAALA,6.536610453622416e-05
SAAAAAADEAEAA,0.0005848993314430118
SLLARVDAIRAEA,2.4149445380317047e-05
EVEARAAELAAER,0.00607668049633503
AYDAERAARRAAA,0.0047629415057599545
AAAAAARAAALAA,0.00023411250731442124
AAERAARHAAIEA,2.225129537691828e-05
ALAEEEELRELLE,0.00013909897825215012
AEAAREAERAAAE,4.709476797870593e-06
EAEWAAERAARAA,0.0029269875958561897
EAAEAAARAAAAA,0.00016303143638651818
DVEAEAAARAAAA,0.0011179730063304305
ELAAIDAAAAAAA,0.000537422951310873
AAAEAARAAAEAA,0.00115571531932801
AELAAEDAAAAAA,0.00036136916605755687
AAEEAAHEARRAA,8.698759484104812e-05
AEAARRAARRAAA,5.3931671573081985e-06
DAAREARAAAAAA,0.00024961266899481416
LAETEARLAELDA,0.0002121564612025395
SDARVAALAAELA,0.00025166405248455703
DAEAVAARNAARA,0.0008075545192696154
DAAELAALRAAAA,0.0030423554126173258
AAAEAEAAAREAA,0.00364160118624568
AEAERAAERAALR,6.499889877886744e-06
AAAALAEAARRAA,0.0005988801131024957
AAREAARAAAEAA,0.0004950971924699843
DATDAEAAAREAA,0.0012633184669539332
AEEAARRAARAAA,0.004184423945844173
AADAELAALRAAL,0.010383496060967445
ADAARAAAAAAAA,0.0008485830039717257
SADARLAALLAAL,0.0003134607686661184
DAARAAAAEAAAA,0.00045839569065719843
PTPEERAARRAAL,0.0007630424224771559
ARAAERAARAAAL,0.00022717544925399125
DAAAAVDALLAAA,0.0004942736122757196
EAAEAERAAARAA,0.00041756153223104775
DDEELTAHAAALR,0.001030557556077838
AAEAEAAAAAAAA,0.0050587039440870285
AAAEAAAEAARAA,0.0002959721605293453
SDARAAALLAEVR,0.00013692340871784836
AEFEARRAARAAA,0.00061986711807549
DESELEAAARAAA,8.02512004156597e-05
AAARAAREAEEAA,0.00031392238452099264
ADEALAELQAEAE,0.0010143151739612222
EEAELAARAAALA,0.0010485171806067228
DEEIEAARAAAAA,0.0017065901774913073
LAAEVAAREAAAA,0.00014323057257570326
AAAARAALDARLA,1.8793622075463645e-05
AAALAAARDAAAA,1.3169055819162168e-05
ADARVAALAALLA,4.761376840178855e-05
TEAIEAARAAERP,1.1211118362552952e-05
AAAAARAAALAAA,0.00011049390013795346
DAALEAERAAAAA,0.00011905587598448619
GEALLERLDAVAA,0.00029512765468098223
LEERDARLAELRA,7.405019914585864e-06
DQAAAAAAAAAAA,0.000199360481929034
ASAELDALAAAAA,0.001940469490364194
AAAAAAAAAARAA,0.0006050881929695606
LPLLLLLLLLLLL,0.0007514511235058308
WEEERREREARAA,4.209352846373804e-05
SAAEEAARAAALA,0.0005296292947605252
LAAVDAIAAEAAA,0.00292838248424232
ELEEREARRAAAA,2.446177495585289e-05
DAEIEAALAARAA,0.006850801408290863
DARDEERAAAAAA,5.24772513017524e-05
AERAARRAAAAAA,0.0006143474020063877
DALLARLAALRAE,0.00032049394212663174
DAEAEAERAAVAA,0.0034196244087070227
ALAEALAALLAAL,0.00023351497657131404
DLAAEEAAAAARR,0.0029527361039072275
ELAAERAARAAAE,0.0007809812668710947
AAEEEARAAALAA,0.0020084662828594446
ALAARLAAAAAEA,1.1778236512327567e-05
LDALAAERAARRA,0.0007817284786142409
DAALEAELAALEA,7.379606540780514e-05
AAAAAAARDAERA,0.0022910693660378456
SLLEALLALLEAL,0.00037647594581358135
DTEARLAALRAAL,0.001450421055778861
DAAARAARAAEAE,0.0014233267866075039
EREEERLRERLEE,0.0023299227468669415
AVEALEAELAARE,0.0018666350515559316
DAEAAAAAARLAA,0.00453598378226161
AEARRAAREAAAA,2.3274089471669868e-05
GTEAAAAAEEAAA,0.0012284844415262341
DAAARRAALDALL,0.009576577693223953
DEDARLAALRAAL,6.835012754891068e-05
AEAAREAARAAAA,4.267836175131379e-06
EAERAEREAERAE,6.378421403496759e-06
AEAAARAARLAAL,4.6957288759585936e-06
DAELAARAAELAA,0.00016137538477778435
SAVEEAAAEAAAL,0.00010204881255049258
SAEELERLAEELA,0.0005011434550397098
ALAADDAAAAAAA,6.8685221776831895e-06
RAAELAALAAAAA,1.6117312043206766e-05
AAEAVAAAYAAAR,0.0017905872082337737
AAAAAAAAARAAA,0.0008097072131931782
DAAEAAARAAAAE,0.0004908236442133784
EAEEAAERAARRA,1.7958613170776516e-05
DARAAERAARRAA,0.0004780812014359981
DTVAEWRALLAAE,0.000818565662484616
SAAVAELRALLAA,0.0033983327448368073
LDARLLAAVDAIR,0.002110423520207405
PLAALAAIDAEAA,0.000313475145958364
DLEAEAAAAEAAA,0.000624890613835305
AAREAAAAAAAAA,9.834817319642752e-05
LAAERAARDAERA,5.149852222530171e-05
EEREEARRAWEAA,2.144541394955013e-05
AAAEALLAALRAE,0.0004326124326325953
AALLEALLAALLA,0.00020204810425639153
AVEEREAELAAKA,0.00018175115110352635
DLDAEAAAADAAA,0.0008042976842261851
DEALLAALDEIAA,0.00022336238180287182
DLVAEADAERAAA,0.00122799479868263
DAELAALEAALAP,7.730677316430956e-05
AAIAAARAAELAA,0.0023749785032123327
EREERREARREAA,0.0038599311374127865
AERAAAAAAAAAA,3.5163034226570744e-06
AAHAAELAARAAA,2.302059692738112e-05
GRAAIDARAAALR,1.633094871067442e-05
SAAWEALRAELDA,3.6736237234435976e-05
AEEARAAARAAAR,1.7212934835697524e-05
LEARRAAADAAAA,8.657776925247163e-05
AAAREARDAALAA,0.0008007821161299944
AEELLERLLALLA,2.5241440653189784e-06
AAAAARRAAAAAA,0.00011629494110820815
LAAADAADAAADA,0.00024003832368180156
AAAADAAAAAARA,1.449662977393018e-05
EELELERLLEELL,0.0002197004941990599
LAAIAAAAAAEAA,0.0022427174262702465
PLAAVDAIAAEAA,4.232757055433467e-05
ALAALLAALAELA,0.0012869631173089147
SIDARLDALAEER,0.00018288353749085218
PRVPDPRVLAAEA,0.006700742989778519
AEAARAAARAAAE,3.9542144804727286e-05
AEAAAARAAAAAA,0.0004552202590275556
AREAERAAAAAAA,0.0004987462307326496
GRDAEEAAAALAL,8.79040908330353e-06
AAAAAAAAARAAA,0.0017908881418406963
AAAARRAALAAAA,0.0015332166804000735
AEAEEAARAAAAA,0.000345325970556587
AAAEAAARLAELR,0.00016349906218238175
DELAAREARRAAL,0.0019888353999704123
SAAEARAAAEAAA,9.197752660838887e-05
EEAEAAARDARNA,5.486377631314099e-05
GIAEEFRALLEAE,8.780059943092056e-06
SDAALAALAAALR,0.014547880738973618
AEEALEEALEAAA,0.000534385908395052
AEAAAEAAAAAAA,0.00047428213292732835
EEAERAARAAALA,2.5351897420478053e-05
EAEAEAEAAAAAA,0.0005385714466683567
GDAEVAALRAELF,8.70504736667499e-05
RAARRAELDALAA,0.00016213963681366295
DAALEAERAAAAA,0.00039383076364174485
EEAERAARRARLA,1.6254551155725494e-05
DDARRAAADALAA,5.286535088089295e-05
AEDAARRAAAAAA,0.0007061849464662373
GEARRARMDALLA,0.00036365719279274344
AADEERAAAAAAA,0.0004506126279011369
LPPALAALLALLA,0.0002169426006730646
GAARAAEWAALLA,0.00043761517736129463
AAEAERDARLAAL,0.0008102796273306012
SDARIAALAAELA,1.688649172137957e-05
GPRAEAERRAAEE,9.281398888560943e-06
AEEELRELLRELE,1.3896091331844218e-05
AALEELLRELLEL,7.370710955001414e-05
AAAERAARAAARA,0.00014562300930265337
SADAARAAARAAA,1.0451850357640069e-05
DAAIEALAEALRA,0.0013131501618772745
DEAAEAAARAAEA,0.002464032033458352
DARSAEAAAALAA,5.5264205002458766e-05
AAAAARAAALRAA,0.00011840914521599188
DAAAEAAAAAAAA,0.00519164465367794
AAAEAAARAARRA,0.0007476574974134564
ALAALLALLLLLE,0.0004330190713517368
AAEAARAALDAAL,4.4845928641734645e-05
SEEELELLRELLE,0.00012996637087780982
EEAERERRAAALA,1.714372956485022e-05
AAAEAAREAERAA,4.056909347127657e-06
SDAEVAELAALVR,0.0036888637114316225
PLLLLLLLLLLLL,0.0002109363122144714
ALAALLAALAAAA,0.002208962105214596
SAEEEERARLRAE,0.00174139894079417
DVEAEAAARAAAA,0.002598620718345046
AWAAERAAEAAAR,0.01770489476621151
EAAEAARAAAAAA,0.002057860139757395
ADAARAAARAAAA,0.0010766946943476796
AEALREEEEARRA,0.001167296664789319
DAAAARAAAAAAA,0.0029670787043869495
MDARRAAELAAEE,0.00019301672000437975
ALAEAEARAAAAA,0.00037894296110607684
GELLLELLRELLE,9.371951819048263e-06
GPAAADAERAAAP,0.0011833765311166644
ARAEARRAEREAE,7.314496906474233e-05
AAAAERAAELAAE,0.007048082537949085
AEAAARAAERAAL,3.626909528975375e-05
AAAAAAAAAERAA,0.0008134828531183302
AADAARAAAEAAA,0.0013705679448321462
ALEALRAEREAAA,1.302570672123693e-05
AAEEAEREARLAA,0.0014257343718782067
DAEREARLAALDA,0.0012493059039115906
DERAAERAAREAA,6.179380579851568e-05
GPLAALDAVRAAA,0.0014752385905012488
ALDAIAAAAAAAE,0.0007844273932278156
AAREAERAAREAA,0.0018729656003415585
SSAELRAAAEAIA,2.8671684049186297e-05
ADAERDARLAAAA,0.0005636968417093158
SDARAAALREALR,4.259250272298232e-05
ADAELAAADAAAA,0.012324424460530281
GSAAERDARAAAA,2.717078859859612e-05
AAAAEAEEAAEAA,0.03176696598529816
AEEAEARRAALAA,0.00032262515742331743
DLEARWAAREAEE,7.892779831308872e-05
AAADAARAAALAA,0.001428834511898458
DARIAALAAEVAA,5.968190816929564e-05
AAAELAARAAAEA,8.544293086742982e-05
AAERAARAAALAA,0.0005293589201755822
AEAAALAARAAAR,0.0006850407226011157
AAAAAAARAAARA,0.0022317448165267706
LAALDAEDAAAAA,0.008348804898560047
AAAEAARAAAAAA,0.001527725369669497
ALAALLAEEAARA,0.0063628326170146465
DAERAARAAALAA,4.8579167923890054e-05
ELRAEVDARLAAA,0.00011802960943896323
ELEALRAERAAEE,0.00016806052008178085
DAAARAAAAAAAA,0.00036812215694226325
ASAEELAALVREA,0.00013940926874056458
PLLLLLLLLLLLA,0.0001728277129586786
GREAEREAERAAA,1.8587667000247166e-05
DAAREARAAAEAA,0.00010726667824201286
GSAARRAAERAAA,8.697760677023325e-06
WEELEAERARRRA,0.00011421573435654864
DAARRAAAAAAAA,5.291009438224137e-05
DELLARVDEIRAA,0.00014646790805272758
DYAARAAAREAAE,0.005860994569957256
DPLAAARAASAAR,7.669421029277146e-05
AEEEELAAEADAR,0.00472748838365078
GRAAERAAAAAAA,1.4059099157748278e-05
DDAAREAALAARR,0.004134860821068287
DEEAEAREAARAA,0.0007439360488206148
DEAARAARRAALA,7.079693023115396e-05
DERAARDAAAAAA,7.593636109959334e-05
AAEREAERAARAA,0.000300724059343338
EEAEAAARRARLA,0.0002035959914792329
MEALLAALAALLA,3.892709719366394e-05
DAAIAALAAAVRA,6.656486220890656e-05
EEAEREARRAAAA,4.564816481433809e-05
DAAREAARAAAAA,0.0012784991413354874
DARAAERAARAAA,0.00035141315311193466
AALAAERAARAAA,0.001755971577949822
AAAAAAAAEAAAA,0.0030040680430829525
DLAAERAAAAAAA,0.000133889087010175
SEEAERAARRAAR,1.5775967767694965e-05
GLLAALLELLALL,1.8986589566338807e-05
DLAAYRAALAERY,0.005218710284680128
DAAARDARIAALR,0.0015231207944452763
SAAAAALAERALE,0.0014021043898537755
LEELLREEEERRR,9.205822425428778e-05
AVAAELEAARAAA,0.0062023308128118515
DAESEALDAELAA,0.00073949561920017
EAALAALRAEAAA,0.00051264459034428
SDAALAELRAALA,0.005205743480473757
AAEEAARAAERAA,0.0004102266684640199
DLAAERLAEELAE,0.00037088035605847836
ADAAVAALAAALA,0.008081737905740738
DAAAAAAAAREAE,0.0018741838866844773
ALAALLAALRAAA,0.0008961521089076996
ALAELLAELAALA,4.3832085793837905e-05
SDARLAALAALLR,0.00012851876090280712
GALDEVRAAAEAE,6.199836934683844e-05
LEALRAERAARDA,0.00046323472633957863
SEALEAELRALLA,0.0009112147963605821
SLADLARLAERLA,7.525192631874233e-05
WEARLAAIAAEAA,2.6000589059549384e-05
AAAAAAAAAAAAA,0.0016665005823597312
AAAELAARAAAAA,6.23418964096345e-05
VEARLAALEAEAA,0.002758850809186697
MEEAREARAAAEA,0.008229229599237442
AALAALLALLAAA,0.00032573184580542147
AAALAALLAALAL,1.4999859558884054e-05
DAARAAARAAAAA,0.00039380998350679874
DAEADAAAAAARA,0.0004326951166149229
DEIAALRAALAAE,5.86672467761673e-05
DARRAARAAAEAA,0.00023651811352465302
DAAAAAAARAAVE,0.0038468684069812298
RPAAERLAEALAR,4.2215171561110765e-05
AEAAAERAARAAA,0.0012458174023777246
SLAEELARLLAEL,0.0019339355640113354
YDAEAAARDAAAA,0.031121928244829178
LAAAAEARAAALA,1.3966228834760841e-05
ATAAELAALAAEA,0.014594340696930885
DVEAEAAAAAAAA,8.592048106947914e-05
AAERAAREAARAA,8.755337330512702e-05
YEAEEARLAAERA,0.0010578830260783434
DLAALRAEVEADR,8.827613783068955e-05
ASAAAAAALAAAA,0.00012338958913460374
DLAARLRAELAAA,0.0001940602669492364
AAARRAEDAAAAE,0.00011195753904758021
AAAAAERAAEEAA,0.00012357317609712481
ASAEMDALLAAAA,7.317777544812998e-06
TAAELAALLAASA,0.007906913757324219
EAERAARRAELAA,0.0001143919289461337
EEAERAARDAALA,0.00015103410987649113
REAERAARRAALE,0.0001301457523368299
AAAELARAAAEAA,0.00023463489196728915
DEARAAARAAEAA,6.926248170202598e-05
ALAAEAAAAAAAR,0.008733452297747135
GEAYYEARLAELE,0.00037811289075762033
SLLARADAAAAAA,0.00011887920118169859
ALEELLRALEEAA,5.520762897504028e-06
ADAEAEARRAAAA,0.00035962561378255486
AELEAHRAALDAA,3.339097020216286e-05
SAEARAAARLAAL,0.00036552833626046777
MTPFVQALAARLP,0.002200722461566329
AAREAAEAARAAA,0.0006253523170016706
APLSDAELAALRA,0.00011860010272357613
EDAAAAAARAAFA,0.006175997667014599
GAAEAREAAAAAA,1.6103142115753144e-05
REAERAALEAARA,0.00022556712792720646
AAAADAAAAAARA,5.926336962147616e-05
GLAELEAERAAAA,7.469404863513773e-06
LEARLAARDAARA,0.0027179275639355183
AALEALLAARAAA,9.112583938986063e-06
AALRAALDAEAAA,3.087106961174868e-05
DAAAAAREAERAA,0.0023599134292453527
AEAAREAAAALEA,4.8562716983724385e-05
SEWEAERAARRAA,0.00010992754687322304
AAAELAAAAAAAA,0.00043708141311071813
EEAELAAERAAAA,0.00022419093875214458
AARSAARAAAAAA,0.00047182070557028055
DAAAADAARAAEE,0.0023228833451867104
AEAEREAERAALR,4.7179023567878176e-06
AAAERDAEEAAEE,0.0001033078515320085
GAALLAALDAAAA,0.0008132192888297141
SRAELDALLAALS,0.0003431717923376709
DAERAARAAARAA,0.00011763723887270316
GALLLALLAALLA,0.0005784246022813022
ADAEVAALAAAVR,0.006386556196957827
MAARDAERAAEAA,2.7489168132888153e-05
ALDAVRAEAAAAA,2.2536982214660384e-05
EAAAREAERAAAA,0.0009725678246468306
AALDEEAAARRAA,0.0003555367002263665
AEELRAETDARLA,0.000202366805751808
DAAARAAAVAASR,0.00027659209445118904
SRAAAAAAAAAAA,0.0001929441641550511
LAAAEAERAAIEE,0.008948641829192638
AAAAAADAARAAA,0.000792496488429606
EEEEYLAARRAER,0.007342745084315538
AAAEAAAAAAAAL,0.0008905660361051559
PRAEAEARAAAAE,0.0013776925625279546
AAAAAARAAELAA,0.00020783099171239883
DAAARAAERAAAA,0.0001122794856200926
AAAEAAEEAAKEA,0.003261582925915718
ARAALRAEREAAE,4.645943045034073e-05
SEYDAERAAEAAA,0.00011378699127817526
SVEAAREATAAAA,0.0021540033631026745
AALDAARAAAEAA,0.0001325145858572796
DAAAAARAGGGAL,0.0006055166595615447
EEAAWLAERAAAA,2.972332003992051e-05
ATAAELAAAVRAA,0.011169759556651115
SSDARAAALRAEL,0.00011876513599418104
EAAEAAARAARAA,6.9053188781254e-05
AEAARDAARAAAL,2.6238139980705455e-05
GAAAAALAAELAA,0.0008144459570758045
AAAEAEEAARAAA,0.014417254365980625
AEREARRAELRAA,0.00017648612265475094
GGAAERAAAAAAA,0.0015213263686746359
ASAAELAALVAAQ,0.0041275955736637115
AAAAAAERAALDA,0.0009125219658017159
AAAEAAERAARAA,0.0004361292230896652
AAEAARAAERAAR,9.078726179723162e-06
MSAEERAALEAAR,0.00022521796927321702
ALEAEWLAALDAI,6.13536176388152e-05
SEAALAALRAALA,3.7157755286898464e-05
DVAAALAAARDAA,0.00016994970792438835
LTAEELAALLAAE,9.342589328298345e-05
DLAAALRAALRAG,8.061502740019932e-05
GAAAAAARRAAEA,0.0006535217980854213
MLAALDAIRAARA,1.3247235074231867e-05
AAAAEAAARRAAR,0.0357683040201664
ADAAAAELRALLA,0.006380313076078892
ALLEALLAAALAA,5.4909851314732805e-05
AAADEAAAAALAA,0.0003386998432688415
DAARAAALDAERA,0.000545877730473876
AMDAALAAIAAAP,0.00012657740444410592
DAAAAEARLAALR,0.00598685210570693
GLAEELERLLREL,0.0002689535613171756
EEEERRRRAERRA,0.002317632781341672
LAAAEARLARTRA,0.017397163435816765
SDARLAELRAGVR,0.000603487016633153
AEVVEVLPAAATD,7.324974285438657e-05
IAAELAAAEAAAA,0.003212687326595187
AEARAAELAAAAP,0.00028974583256058395
SEELAAELAEEEA,0.00013174534251447767
AEAAEAAAAAAAA,0.00746527872979641
DDAARAAALAAAR,0.000589416129514575
RAAAADAAAAAAA,0.0003386466414667666
SDAALAARAAALA,0.0025977834593504667
SVEAALAAIAAAR,0.02716969884932041
DRGAELAARAAAA,0.0011455435305833817
DAAAADAAAAAAA,0.0006102818297222257
AAALAAARAAAAA,1.0830276551132556e-05
AALEELLLAAAAA,0.0006380486884154379
DAEREAELARLRA,0.0013102380326017737
DAALAAARDAARA,0.0004419265314936638
DAREAEREAARAA,7.055397873045877e-05
EAAELAAYRAARA,0.10343209654092789
EEEEEERRRERTP,0.0003313670458737761
AAEWEAELAARRA,0.0027307167183607817
SEEARRAAREAER,0.00047381033073179424
AAAAVDAARAAAA,0.00048647791845723987
EAAEAAARAARAA,0.0002278454921906814
AAAEAAREAARAA,4.854032886214554e-05
EAARRAAWAAALA,1.4924173228791915e-05
AEAEARAAARAAA,0.00015963538317009807
GEEAEAARAAAAA,0.001185226603411138
REAEAAAREAARA,0.0008119819103740156
SLAAERDAREAAE,0.0008570632780902088
AAAAAAAAERAAR,0.004392764065414667
DADAARDAERAAA,0.006048282142728567
DALAAADAERAAA,0.0009140147012658417
GADAEALAEELAA,0.00033273870940320194
ELAAYRAARDAAA,4.9304388085147366e-05
AERAAVLAELAAR,0.00022499266196973622
DARDAELDARRAA,7.650270708836615e-05
EAARAARRAALAA,0.00031314551597461104
SEEEARDAARAAA,1.2418862752383575e-05
AAAAAARAAERAA,6.946248322492465e-05
AAALAALLAALLA,1.143333429354243e-05
SDPAAAAALRAEL,0.0005656782304868102
SEAARRAAAEAAA,0.00018034684762824327
AEERDRERAAEAA,7.11555276211584e-06
SVAELDAREAAAA,0.17087610065937042
ASDARVAELRALV,4.979208461008966e-05
AEAAAERAARAAA,0.001345762750133872
GEAEREARRAAEA,9.756883810041472e-05
DEARRAALAAAAA,5.8293677284382284e-05
SWREEELRRALEE,0.0004951021401211619
GAAEREAARAERA,0.00010214478243142366
AEEERLAELERLA,9.821035746426787e-06
AESAAVDALLAAL,0.00031144701642915606
DAARAAAAARLAA,0.00011616024130489677
WEAERAERAARAA,0.001502640312537551
DARAAELAARRAA,0.00023902536486275494
AEAEARAAAAAAW,4.655247903428972e-05
AEEEARAAALAAA,2.5644081688369624e-05
DADARAAAAAALA,0.0003700125962495804
DVEAALAARRAAR,0.09780240803956985
ALDAIAAEAAAAR,0.0005253214039839804
DDAEREARAAALD,0.0005147747579030693
DAAAARAAAAAAA,0.004181849304586649
RAAEEAARAAAAA,0.00019686235464178026
DDAARAARLAAAR,0.0016268400941044092
EAARDAALEAAAA,8.714562682143878e-06
EAAAAAAAAEAAR,0.0023896105121821165
AAAAEAAAAAAAA,0.016912199556827545
AAEAAAADARLAA,0.00030810211319476366
LAERDAALAALRA,4.575723869493231e-05
AEDEARAAELAAA,0.0002792263403534889
AAREAEDEARRAA,0.0016656374791637063
AAEARARRAARRA,0.001099642482586205
EEARRAAADALAA,3.836901669274084e-05
AAEAAARAAAAAA,0.0016646672738716006
LAAIAAERAARAA,0.0005803898675367236
AEAERAARAAAAA,4.352393716544611e-06
ALAALAALLAALA,0.0005097604589536786
DAAAAAARAAERA,0.003448739880695939
AAAEAAAAAARAA,0.0011423721443861723
GALEAAEAAAAAA,0.0022409576922655106
DLEARLAALRAAL,9.176472667604685e-05
LEAYVAERRAARA,5.07885379192885e-05
ALAALLEELARLL,3.6181838368065655e-05
TAAELAALLAASA,0.004599169362336397
TLAELAARRAAAD,0.0005943418364040554
DEAAREAREAARA,9.437307016924024e-05
ALAEVEARLAALR,5.947800218564225e-06
VEAAEAAAAELAA,6.785117875551805e-05
SLDARLAAIRAAR,6.393393414327875e-05
VAAALDAVLAEAA,0.002833095146343112
AAAEAAAAARAAA,0.00039978150743991137
GAAVDARLAALAA,0.0018042006995528936
DAELAAREAARAA,0.0008083306020125747
PAAELDRRRALEE,6.073149052099325e-05
SAEELAALVAEAL,0.00046453357208520174
AEEEARAAAAAAA,1.5030299437057693e-05
MAALDALAAERAA,0.0007571603055112064
SLLARLAAIAAAS,0.0014078491367399693
EDAAWDAERAARA,0.0005018360097892582
AEEAEREARRAAL,0.0003996431187260896
AAAAREAERAARA,4.483152679313207e-06
AEAYAAELAARAA,0.003079990390688181
AAERAAARAAAAA,3.910750092472881e-05
DAEAAARAARLAA,0.003819766454398632
ALEELLEELLELL,1.1161746442667209e-05
LAAERAAERAARA,2.120812496286817e-05
DPAAEAAERAAAR,0.00024344929261133075
AAVAAAAAAREAA,0.0007167963194660842
SLEELERLLAELA,2.1653997464454733e-05
AAAALAAAAAAAA,0.010908245109021664
DAAARAAAAAAAA,0.00036113447276875377
SVEALAQEVREAL,0.0026335350703448057
EAEALAAEAAAAA,0.0031215748749673367
EEAARAARAAALA,2.322800901310984e-05
SAAERDAAREAAR,0.002223087940365076
LDAARAAERAAAA,0.000579745159484446
ARARSEAAAAAAA,0.0040340484119951725
AEAALRAELAAGV,0.00047743384493514895
GEAEAARRAAEAA,0.0020683645270764828
AAAAAADAAAAAA,1.3691591448150575e-05
EAAEEAAEAALAA,0.0009197699255309999
MAAERAARDAAAE,8.319436346937437e-06
ELEELEELARLLE,7.867510430514812e-05
GDARAAAAAAAAA,0.00040852156234905124
AAAAAEELAALLA,0.0004526140110101551
GAEEAAAERAAAR,0.0007477484177798033
SLEARLDALRAAR,0.0031756535172462463
REARRAELDALAA,0.00035860075149685144
ADARLAALAAAVR,0.003088664263486862
DAEAAAAAAAAAA,0.01114259846508503
ALEALRAERAAER,0.00010021643538493663
ALAAIAAARAAAA,6.827454490121454e-05
TPEEERAAALAAA,9.383345059177373e-06
SAEELAALVREGV,0.000279172818409279
EEAEREARIAALR,2.6666308258427307e-05
AAEREARLAALEA,0.000774728658143431
VAERDAELAAAAA,0.00010921538341790438
ADAAAAARAAAAA,0.006265383679419756
SDATLAELRAGLA,0.007652892265468836
AAAARAAAAAAER,0.00013370085798669606
DAAVAAVAAELAA,0.003151519224047661
ALAEEEAAAAAAA,7.804515007592272e-06
AAAARAAAAAILA,6.478020077338442e-05
EEAALAAAREAAA,0.00017253687838092446
PLLLLLLLLLLLA,0.0001465217355871573
