sequence,pred
EEAEEAARAAARAAER,2.0429382857400924e-05
DAELAARRAAEEAARA,0.0022344584576785564
ARAAADAAAAALAAAL,0.0003480557643342763
GAAEAARAAALAAARA,0.0001092788515961729
AARAAAEAARLAALRA,0.0002629533992148936
DEAAARAARAAALAAE,6.488088547484949e-05
DLAALEAELAARRAAA,0.004504406359046698
EARDAERDARRAALDA,8.083206921583042e-06
AEAAERDARVAALAAL,2.6162688300246373e-05
GALDAEAAARAARLDA,0.0008769166888669133
AAAAAAEAALAAERAA,0.009384092874825
AAADARTAALAAALRA,0.00033223259379155934
DIDAEAAAAAAALAAA,5.017052171751857e-05
AAAAAAALAAAAAALA,0.0176272913813591
DEAARDAAAAAAAAAA,4.0165657992474735e-05
AEAEERAAAAAAAAAA,3.57268399966415e-05
AAEEAEEAEEAAREAA,0.000356993725290522
DAARAAAAAAAAALAA,0.002864610869437456
DAAAEARTAELAALLR,8.415096090175211e-05
AAAARAAALAAERAAA,0.005332800094038248
SIEAALAALRAERAAA,0.00017906165157910436
EEAERAARRARLDALL,0.00013607583241537213
AEALAAELAARAAAAA,0.00017763467621989548
AAAAAAAREAAEEAAE,0.0016506005777046084
AALEAALDAARAAEAA,0.00020040682284161448
AAAADARAAALAAALR,0.002561453729867935
EEAERDARLARLRAER,0.00024097651476040483
AAARAAREAERAAAAA,0.0017191610531881452
AAEADARAAELRALAA,0.00021965130872558802
AAASDARAAALLAEVR,0.00152006431017071
AEEEERAAARAAAAAA,0.0006433595553971827
AAAADAAAAARAAEAA,0.036999013274908066
AAREAERAALDALLAA,0.0009410256170667708
DPAEARAAQREAEVAA,0.0018689287826418877
AAEAVAAWWAEEAAAA,0.014836255460977554
AEAAARAAAAAALEAA,4.860409171669744e-05
AEDAALDAEAAAEAAA,6.973435574764153e-06
DAAAEARAAELRALFG,9.489918738836423e-05
MTFEAEAAALAAERAA,9.499742736807093e-05
EAEREARRAELEALAA,0.00015347055159509182
AAEWEAERAARRAALA,3.857856063405052e-05
AERAERAAARAAAAAA,5.811143637401983e-05
LEAALAALAAARAARE,2.0383269657031633e-05
AAALAAEAAAARAERA,0.001306559657678008
GALDALRAERAAREAA,0.00011848783469758928
AAAAAAAAARAAAAAA,0.006628908682614565
AAEEAARAAAEAEREA,7.74880827520974e-05
AAADAEAAARAAAAAA,0.011825819499790668
AAAEAARLAEVDAIAA,0.002631028648465872
DLDARLLARLAAIAAE,0.00032202800503000617
MSEEEEEALELAELLA,4.696262476500124e-05
DEIDAEAAARAAAAAA,0.00020924829004798084
AAESEARAAELLALLR,0.00011533864017110318
LEAELAALRAERAALR,0.0005318739567883313
AAAAAAAAEAAARWAA,0.004891333170235157
AALEAELAAAAAERAA,5.378875357564539e-05
GDAAVAALRAELAAAL,0.007271467242389917
AAREAAAAALDALLAA,0.0007673350628465414
DRAAVDAAAAALRAAL,0.0002088288456434384
PLARLAAELAAAAAAR,0.00013212038902565837
DAELEARSAAADAAAA,0.0010129230795428157
HSAAIEAAAAAAAAAA,0.0015456704422831535
VSAEALAAEAAAAAAA,0.003369585843756795
DALLARVDAIAAEAAA,0.0016853315755724907
APLLLLLLLLLLAALA,0.0004010052070952952
YDPAEAAAEAAARAAA,0.0004512511077336967
SAEARAAELAARAAAA,0.0005413386970758438
GDAATAALRAELAAAL,0.010198863223195076
SAEAEAAAREAELAAA,0.0004135469498578459
ALEAEAAEREAELAAL,6.274284532992169e-05
AEAEARAAAREAAAAA,0.00014027414727024734
SDARAAALAALVREGV,5.208330549066886e-05
RAAALLAALAAARAAA,0.007518504746258259
EAAALAAQRAARAAER,6.0095786466263235e-05
SAAIEALAAEVRASVA,0.0008467680308967829
DARAAAAEAAAAAAAA,0.000404067657655105
AAAAAAAERAAAAALA,0.01890241913497448
SAAEAAARRAARAAAR,0.00015048887871671468
ALAAALAALLAALLAA,4.42259042756632e-05
EVVLTSTTTAWEERLA,0.0049429177306592464
DAAAREAAAAAARAAA,0.0016756445402279496
DAAEAARAAARAAAAA,0.004310196731239557
SDEALLAALDAIAAER,0.0013506384566426277
AAEAEAAARDAARAAA,0.00038651059730909765
AEEAERAARLAALAAL,9.445520845474675e-06
AAAEALAAEFARRLRE,0.009957077912986279
EEAEAAARAARAAALA,1.4554692825186066e-05
GLPAEVLARAARVEAE,0.00015589820395689458
DALVAAADAFDAELEA,0.008786221966147423
DRAAALAAAAAAAAAA,6.003610178595409e-05
GEALLAARDEERAAAA,0.002276418264955282
PLAAVDAIRAARAAAE,0.0006909336661919951
AAAEAAREARRAALEA,0.017459936439990997
SAAERAARDARLAALR,0.00013066035171505064
VAAALAALAARAAEAA,0.010738614946603775
DPAAQEARAAALAAAL,3.982557245763019e-05
MTPEDLLAAVDAIAAE,1.7992870198213495e-05
DAEREAARARAAALAA,0.003689768025651574
AARDAAIAALAAAVAA,6.1796154113835655e-06
EAARAARRARLDALAA,2.0090676116524264e-05
DPLLARLAAARAERAA,0.00019224744755774736
GEELAARILAAADAAA,0.0006912199896760285
GAALAALRAARAARAA,9.223519737133756e-05
AAAAAAAAAAAAAAAA,0.006328965537250042
AAAAEARAAALAALVA,6.332331395242363e-05
AAAAEAAAEAAREAAR,3.471863965387456e-05
AEAEEEARAAALAARL,1.2261071788088884e-05
AADEAAAAAADAALAA,0.0018836545059457421
ATAAELAASRAEVDAL,2.699787546589505e-05
GAADAAREAAAAAAAA,0.00023668594076298177
LAAREAAAAARAAAAA,1.4556447240465786e-05
AAAAEAAARAAAAAAV,0.0020631509833037853
ALARLLAEAARRAAAR,7.69791950006038e-06
AEAEARHARLDALLAA,0.001246947213076055
AEEDAARAARRAALWA,0.00034708422026596963
DVDALAELVRAGLAAG,0.0009387702448293567
DATEARTAALRALLAA,0.0006140439654700458
AEAAARAAAEAAALAA,0.0019052113639190793
AAAAAAAAERAAAEAA,0.013004184700548649
LAAERAAAAAAAAAAA,0.0005178797873668373
AEAEDAARDARLAALD,0.0001088591743609868
GAEEAALAAEREARAA,0.001179881626740098
DAAWEAEEAERDARLA,0.0016360211884602904
AREAEREAREAAAAAA,0.0002420734235784039
DAAEEALAAARAAALA,0.0010802110191434622
AAAEAAARAARAAALA,0.002632974414154887
AAREAALAAARAALAA,0.0013146083801984787
AERDRRLAETRALADA,0.00012453757517505437
DAAAEAAAARAEREAA,5.792611409560777e-05
AAADEELAARRAAREA,0.0005704398499801755
EAAEREARLAELRALV,4.013831858173944e-05
DAARRAALAAAAAAAA,7.935737812658772e-05
AAAEAERAARRARLAA,0.002463751705363393
AAAADALAAELAAAIA,0.0011455928906798363
ERAAAEAALAAAAAAR,9.77868476184085e-05
AALAADAAAAAARRAA,0.00012181518104625866
SPRDAERAARAAAAAA,0.00011311384150758386
FAESEARAAELAAWLA,0.0043413699604570866
AAAAEAARAAEAAAEL,0.00010234838555334136
DAAARDARVAALRALL,0.0061455280520021915
ASAATIAALAAAVAAD,0.0011000551749020815
AEAEEAARDAALAAAR,0.00016790689551271498
ALAAVDAEAAALAAAL,1.3688521903532092e-05
SDARVAALAAEVRAGV,0.0002795976761262864
VAAELAAERAAEAAAI,0.049825675785541534
AAALAAALAAALAALA,0.008294428698718548
AADAEAAAEEAARAAA,2.6791338314069435e-05
SAAAAAAARAAERAAL,0.000907671288587153
SPEAERAAAAARAAAL,5.5124932259786874e-05
AEAEREEAEEAARRAP,0.0003260235534980893
SAAAARAAERAAERAA,0.0003912348474841565
AEAARAAAAAAAEAAA,8.239808084908873e-05
SAAAEAARRAALAAAA,2.8105137971579097e-05
AAARAAARAAERAAEA,7.023506623227149e-05
ASAARLAALRALVAAD,0.0027912124060094357
AAAAEAARAALRAAAA,0.0002037340309470892
DAEAAARAARAAAAAA,2.8816932172048837e-05
GASDARAAALRALLAA,5.6956538173835725e-05
DAEIAARAAERAAARA,0.00046354354708455503
AEAEARAARAAEELAA,5.726740346290171e-05
DEAERAAIDARAAALL,0.00012340975808911026
DADARAAAAEAAAAAA,3.7236761272652075e-05
SAAEDAARDARRAALA,0.0007890975102782249
AVAALAAEVAAALAAA,0.0004295145336072892
AAEAEERAARAAAAAA,0.0003672871389426291
SAAEAAALRAELAAEA,0.003884562524035573
SRAAELAAREAAAAAA,0.000166585436090827
VEAALAAVAAEAAARR,1.8482174709788524e-05
SAARRAALDAAAAALA,0.0005439806845970452
SEAEARRAALAAELAA,8.861559763317928e-05
EEAEAAARAAAAEAAR,1.625571348995436e-05
ADAELAALRAWLAESA,0.0036659175530076027
DAYRAERAAAAAAVAA,0.0011722700437530875
AAAAAAAEAEAAAREA,0.007214652840048075
AAAAAAAEARRAAAAA,0.020441563799977303
SEAARAALDALLAALE,4.7406534577021375e-05
LEAELAARRAAREAAA,3.068212390644476e-05
DAEAAAARAAAAARAA,5.357665577321313e-05
DAASDARAAALAAALA,0.0020875311456620693
GLLLALLALLAALAAA,0.0023490001913160086
AELEARRAERAAEDAA,5.6561002566013485e-05
DAEIEAEAAARRAALA,0.0020844365935772657
AEAAAREARMAALEAA,2.831154051818885e-05
AAAAEARLAALEAALA,0.0028794773388653994
DLAAESAAAAAALAAA,8.47509436425753e-05
DAFLARLDALRAEAAA,0.0003597726172301918
AEREARSAAVDALAAA,0.0002331840805709362
AAEEAARAARAARLAA,0.0005898087983950973
DAAVAALEALLAAALA,0.0007352072861976922
DPAREAALAALRAAAP,0.00020057384972460568
AADEAAAAAEAAAAAA,1.584738856763579e-05
SSDARVAALAALVAAD,0.0010047955438494682
SDEALLAAVDAIAAER,0.0027361582033336163
GLAAEAAAADAAAAAA,0.0015574328135699034
LSARLLARLAAIRAEA,0.0006840554997324944
DAAAARAARLAALAAA,0.0008497023372910917
AEAAEAAARAAAAAAA,0.0002581578155513853
AAEARLAALRALLAAE,0.007062114775180817
LAAAEAASAARAAAAA,0.006808936130255461
AAHDAAHAARRAALEA,0.019438670948147774
SSEARAAALLAEVRAA,0.00014475244097411633
AAREAERARLAALAAA,3.27558554999996e-05
ASDARVAALAAEVRAA,0.0007000321638770401
AEAATAAAEAARAAEA,0.00010969751747325063
DVAARDAERAAEAAAE,0.005077525973320007
SAAADARAAALAAELA,2.3157905161497183e-05
AAADAALAELRAALAA,0.00367735861800611
DARAAARAAAAAAAAA,0.0005948442849330604
DEALLARLAAIDAEAA,0.0015425176825374365
PEALAAELAAEAAAAA,0.0004114016774110496
AALAALLAALAALLAA,0.00325029157102108
MEAALAALRAERAARA,0.0001272988156415522
DAAREARRAALAARAA,0.00030446448363363743
DLAAEAAASAAERAAA,0.0006660977960564196
AAAERRARAAALLAAV,9.377314199809916e-06
AAAEEAARAAARAAAA,0.0002082470600726083
AAESEARAAALAALLR,6.516311259474605e-05
DQAARDARVAALAAEI,4.55578847322613e-05
AAEEAARRARAAALAA,0.008221282623708248
AAEAAAEAARAARRAA,0.0023588943295180798
AAAEEAAERAARAAAA,0.01323807705193758
LADRILAALDAIRAAA,0.00021602000924758613
DERFLERLAALRAEAA,0.000533747544977814
EEEEFLAALAAGRAAV,0.0003052291867788881
SAAADARAAAELAALA,6.725163984810933e-05
MDAELAAEEAAAAAAA,0.0007445739465765655
AAAAEEAAEAARRAAA,0.0019662133418023586
REAARAAREAAAAAAA,0.0005896332440897822
SAESEARAAELLALLR,0.002476963447406888
DAEEAAARAASDARAA,0.0007256347453221679
DAALEALAAARAEARA,0.0011389527935534716
AEAAARAARLAALRAA,0.0002494816144462675
DVEALLAERDREDEEE,0.001005598227493465
SAALLAEIARTRAERA,0.0002855564234778285
AEAEAAAARNEAEVAA,0.0027555690612643957
EAAEEAARAARHAALA,1.0861517694138456e-05
ASLAEHAAEREREELE,0.0010919934138655663
AAAREAAVAALAALVR,0.00021849411132279783
LEAAEAAAAAREAAAA,0.00023986291489563882
EDAELAARRAAAAARA,1.0650189324223902e-05
DAEAEARAAAAAAAAA,0.0017637975979596376
EEEAERAARAAAAAAA,3.3013908250723034e-05
AAAEAAAAAARAAALR,0.009816331788897514
DAHAAALAARRAAAAA,0.005243736784905195
DAALAALAAERAARAA,0.0033575145062059164
GAAAERAAEAAAAAAA,1.6304573364323005e-05
AAAAEAAVAALRALLA,0.0005618213908746839
AAAREARRAALDARLA,0.000322709878673777
EAEAEARAAAAAAAAA,0.0014311115955933928
AAAAEAAAERAAIAAA,8.0551762948744e-06
AAAAAEEAARAAALAA,0.010980702005326748
AEAAEAARALERALAA,1.0307868251402397e-05
AAARRAELDALRAELL,0.0002693984715733677
DAARAAADARLAAIAA,0.0024094379041343927
AAAAAAAAAEAARLAR,0.0028915335424244404
SDARIAALAAAVAADP,9.868611414276529e-06
ALAARLDAVLAARAAE,0.00011876962526002899
ALEAARAEEAEREAAA,1.842925303208176e-05
PEARQAARDAEKAARA,3.551131158019416e-05
LEARLAALAAERAAAA,0.00010587569704512134
DAAFAAAAAAARAAAE,0.0034927777014672756
AEAAARAAARAAELAA,0.0002639955491758883
MTLEEIAAEAAARAAA,7.0575333666056395e-06
AAAILAALAAARAAAA,0.000589509669225663
HAAESDARAAALRAEL,0.0018434531521052122
ALAAARAEAAALAAEL,0.0004013598954770714
AEAIDAERAAAAAAAA,2.066002707579173e-05
AEEVAAWRAERAAREA,0.00013603465049527586
GAEAEARLAEARALAA,0.0015046753687784076
AEADALAAALAAELAA,8.96957135410048e-06
SLLARLEALEAERAAR,0.0003180281782988459
EDEALAAERAAERAAA,0.0012490013614296913
AEDEAARAAREAERAA,3.3007516321958974e-05
DAAAEAARAAAEAAAA,4.5660814066650346e-05
DAAEEAERAALDAALA,0.0001095992629416287
LEAAEAARAAAAAAAA,9.327440056949854e-05
AAAAEAAARAAERAAA,0.0022567480336874723
SAARTAALRALLAADL,9.651175059843808e-05
GAADERAAALAAEVAA,8.067915587162133e-06
AAALDALAAERAAARA,2.705333463381976e-05
EEDAARRAALAARLAA,5.5459386203438044e-05
RDAAERAAAAARLAAR,0.00015263752720784396
GAWEALAAEEAARAAA,0.0046782768331468105
AEREEEAARRAAERAA,5.044349018135108e-05
DDEARAAALAAARAAA,0.0004923641681671143
LAAAEAARAARAARLA,0.00012525026977527887
AREAEDAAREAARAAA,3.925802593585104e-05
DAAALEAELAALRAEL,0.27689555287361145
DAALDAEAAARDARLA,0.001497813849709928
DEVARRRAERAAAEAA,2.970721288875211e-05
DAAASEARAAELAALV,0.0001753922551870346
AAAAAAASEAARAEDA,0.004928860347718
LAALDAARAARAAEAA,0.0028360288124531507
AAAALLAALDAVAAER,0.006895715370774269
AAEELARAAAEAAEAA,6.415947609639261e-06
DLEAEAAARAARLAAL,6.340605614241213e-05
DARAAALAAAAAAAAA,0.0006738182855769992
MLAAVAAARAEAAAAA,0.002046446781605482
AAEAAALAEEARALRA,0.009168672375380993
DAAREAEAAARAAAAA,0.0006815503002144396
DAEEEARSAAADALLA,0.0008566013420931995
TSEAERAARAARLAAL,1.6466272427351214e-05
ERAARAAEAAADRAAR,9.718488581711426e-05
SAAREAALAALAAALA,3.3693107980070636e-05
AALEARLAERDAARAA,0.0007450018892996013
EAAREAERAARRAAAA,7.368519436568022e-05
DAARFEARLAAAAAEL,0.00012783111014869064
VEAALAALRAEVAAER,0.00018878781702369452
DAERDARLAALDALLA,3.379602640052326e-05
EEEEVREWEEEREARR,1.5877762052696198e-05
DERELAALAAAAAALA,0.00028982694493606687
SAAEEALLAELAAALS,0.00045359571231529117
EELEAEAAAREAAAAA,7.80088230385445e-05
AAAAEAAAAAAAAAAA,0.001772392657585442
AEAAERAARLAELAAL,1.2261406482139137e-05
DADARLAELRAAVAAS,0.010500680655241013
LAAVEAELAATAAERA,0.005869339220225811
DAAARDARAAALAAEV,0.0002502930583432317
DDAEAEARLAARAARA,0.0004183065320830792
EAELAALRAERAAERA,0.002815301064401865
SERAARAARAAALRAE,8.910588076105341e-05
AEAARAARAAAAAAAA,2.6787105525727384e-05
TPEAEREARAAALRAA,0.00013239943655207753
DLLARLDAIRAEAAAA,0.00018055032705888152
DAAARDARTAALAALL,0.002630477538332343
AAREAERAAREAAAAA,9.571116243023425e-05
VAARIDAAVAAIAAAR,0.012524394318461418
DEAERDARLAAADALA,2.906183544837404e-05
SASEAEAAAAAAAAAA,0.0016151547897607088
LAERLLAAVDAIRAAA,3.74912160623353e-05
AENEEESAAEAAAAAA,0.0009797688107937574
EWEAERAAREAERAAA,0.00021416977688204497
AAHEAAAAARAAAEAA,0.016077470034360886
ADRDARIAALRALLAP,2.7150017558597028e-05
DAAALAAELAARAAAE,0.03698307275772095
SAEAREAEREARRAAA,0.00030617244192399085
EAAARAAAREAARAAA,6.196949107106775e-05
GESEARAAALAALLAA,0.0009013991220854223
REEREAAAAALRAEVA,0.0001442852953914553
LEARLAEAEARLAALA,0.0016383914044126868
AEAARRAAEAAEEAAA,1.2910151781397872e-05
ALAAADAEAAAERAAA,0.00021756350179202855
VEELAARRRAEREAEL,0.0006918131839483976
AEREARRAALEAALRA,0.00015192451246548444
AAALAAAAAARAAEAA,0.005520673468708992
AAAEEAARAAAAARAA,9.596168820280582e-05
AAAAAARDAAAAAALA,0.0002339802449569106
EDPAEREARLAELAAL,6.597592437174171e-05
AAAEAEEAARAAAWAP,0.03149302303791046
ETAARRAALDAAAAAA,3.7933939893264323e-05
AEAAAAAARVAALAAA,0.0001275779795832932
PLARLDALRAERAAAP,0.00042442785343155265
AAASDARAAALAALVA,0.0013971775770187378
SLAELLALLALLALLA,0.00010504172678338364
DEAAYAARRARLTALA,0.0007758251740597188
AAASAAARAAAAAAAA,0.011737611144781113
GAAAAARAAAAAALAA,0.000314656033879146
DVEALAAAAAARAARL,0.005129768047481775
AAEEAERAARAARLAA,0.0013984694378450513
AARDAERAAAAAAEAA,0.0002270854456583038
AAAAAALAALEAALRA,0.002309934701770544
SEAEREAREAELRAAR,6.897750427015126e-05
SEEAEEAAEAAARAAA,7.675949746044353e-06
SAARDAAAAALLAELR,2.6282768885721453e-05
EAALAAAAAERAARAA,0.0007271196227520704
EEAEAAAEAARAEALR,5.045920261181891e-05
AEAERAARDALAELLE,0.000335337856085971
LEERLLAALDAIRAER,0.0003161858185194433
DEEEEAARAARHAALA,4.561178502626717e-05
DALDAEAAAEEAARAA,0.0009845868917182088
DAAEEAERAARAAALA,3.5250453947810456e-05
LEAELAALDARLAALR,0.0005390893202275038
TAALLAEIARSRAELA,0.0004086942644789815
SLLARLEAVRAAAAAA,0.0009573796996846795
AAAASRARAAALLAAL,1.4535936315951403e-05
MEARLAAIDAEAAAAR,0.0005165408365428448
AAASDARAAALLAELR,0.000959049619268626
MEAADAAAAALRALLA,0.0016793315298855305
DLAEALAAAALAAAAA,5.6848733947845176e-05
DLAALRAERAAEEAAA,3.4660279197851196e-05
DAAIAALAEEVRRGVA,0.0015203063376247883
DAFEAAAAARRAAAAA,0.00019713562505785376
DAEREALEAELARLEA,0.00038504714029841125
DLEALEAALEAERAAL,3.682058013509959e-05
DAAAAARAAAAAAALA,0.0006109216483309865
EDAAAAAERAARAARL,0.0023021982051432133
GAFLAAVAAAAAEAAA,0.001668419223278761
RAAELAALLAEAAALR,0.000498017470818013
AAEEAARRAALAAALA,0.002738709794357419
SSAAADALAAELRALI,0.00021468651539180428
AEEARRAAREAEARAR,0.00012419176346156746
SEAEVAARLAALEAAI,1.5472596714971587e-05
AAAAAEAAAAAREAAL,0.013653546571731567
DAAAAARAAARAAEAA,0.0007394516724161804
AAAAEARLAALRAALA,0.003832520917057991
MAEAEARAAAADAAAA,0.0006154462462291121
AEDARIAALRALLAAD,3.0197423257050104e-05
LAELEARRAEREAEEA,0.0002925677108578384
GDSDARTAALAALVRA,0.00010483092773938552
AAARAAELAARAAAAA,0.0011189427459612489
DAALAAADAERAAVLA,0.0016465976368635893
LSERLLAALAAIAAAR,0.0008835308253765106
SAEAAAREARAAALAA,0.0009930820669978857
LDAVAAEAAAARAALA,0.002046542940661311
AEEEDARAAAREAAAA,0.0002392839378444478
MTLEQRRAESAARAAA,0.00027802312979474664
LDAALLAAVDAIRAAA,0.0034444215707480907
AEEEARRAAREAEAAA,0.0002635267155710608
LEAEEAAAAERAARLA,1.548011823615525e-05
DARAAAAEALAAAAAA,3.441248554736376e-05
EEAEREARLAELRALV,0.00012987753143534064
AAAARDAADAAAEAAE,0.0014292786363512278
DAAVEAAEARRAALEA,0.007979280315339565
DAARAARAARLAALAA,0.0007010518456809223
SAREAARAARRAALEA,9.928346844390035e-05
EEEREARRAALRAAAA,5.0262129661859944e-05
DEAVAAALDAERAARA,0.00016638549277558923
LEAELAERDARRAAAA,0.0002230107638752088
DAELAARRAAWAAREA,0.0018797925440594554
WAAELPRDPAVWAPVE,0.00026715733110904694
SAAEAAAREALLAELR,0.00015401218843180686
AERAARRAALAARAAA,5.6604647397762164e-05
AAERDARIAELRALLT,6.850041245343164e-06
AAAAAAAAARAAEAAA,0.012167702428996563
GELDAEAAARHAALDA,0.0010631601326167583
ATAAALAAAALAAALA,8.589269418735057e-05
AAAAEAARAAWLAALR,7.151804311433807e-05
AADAARAARAAAARAA,0.0016361505258828402
AAAIEALAAEVRAGLG,0.0004168810264673084
DAAALAAEAAALRAER,0.008479941636323929
PAESRARAEALREALR,4.7710502258269116e-05
EAAWAAREAALRAEAA,0.00048733223229646683
AAAAAAAAAAAAALAA,0.0034550889395177364
SAAESEARAAELRALL,0.00021881853172089905
AAAAAAALAAALAAAR,0.009059036150574684
SLDAELAARDAAAAAA,0.0013230062322691083
AAAADARAAALAALLA,0.001211237395182252
GADEAALAARRAAREA,0.0007632542983628809
AEDAERAARHARLAAL,0.00014287661178968847
EAAAEAARAARRAALA,9.83706777333282e-05
SEAESEARVAALRAAV,0.00037264739512465894
DARAAASAARAARLAA,0.0004959330544807017
LEAELAERDARRAALD,0.0002023298293352127
DEVDEEARRRAEAEAA,5.785500252386555e-05
VDPAVLAALDAEREAA,0.0008428480941802263
DLAAREAELAAEAAAL,0.00041524364496581256
EEAERAARAAALAALL,2.5131144866463728e-05
AEAAERAARLAALAAA,5.4708481911802664e-05
MAAEAAAADARLAALE,3.125619696220383e-05
DAAARDARIAALAAAL,0.0007535010227002203
AAERDARLAELAALVA,4.4265321776038036e-05
SAAAAAAAIAAAEAAL,0.0005257994635030627
GREAARAAAAAAAAAA,1.3175162166589871e-05
EDAALEARIAALDAAA,9.509263327345252e-05
AAAAEAAAAELAALAA,0.00044206774327903986
AAAAEAAAAAAAAALA,0.001969405682757497
AAAREAALAALAALVA,0.00032356649171561003
ARAAEIAALAEELAAE,0.00022034641006030142
AAEREARLAALRAALV,0.00036896875826641917
EEEAEARSAAVDAALA,0.0007842014310881495
DEALEAAEAARAAARA,7.73945648688823e-05
DGDARIAALRALLAAE,0.0014596772380173206
AAEAAEAAERAARRAA,0.00012245796096976846
AAADAALAALRAALAA,0.0032917512580752373
AEAEARTAELRALLSA,4.646667366614565e-05
LAEVDAEAAARRARAA,2.5751061912160367e-05
DEAARAAALAAAAAAF,0.0001261625438928604
DAALLAALAAAAAEAA,8.830859587760642e-05
GEALLARLAAARAAAA,0.0007322916062548757
LAATVAALAAAAAARA,0.003138058353215456
ASDAEVAALRALVAAD,0.00036794148036278784
SLEAALAALAAERALP,0.000412779045291245
ITAEEAAARRAAREAA,8.358827471965924e-05
GLAALLAALLAALLAA,0.00017283215129282326
AAERDARAAALRAALA,0.00034222810063511133
DAALAALLAALLAALA,0.0004537463828455657
AAAAAEALAAESRAAA,0.00037615405744872987
DAEAEARVAELRALLA,0.001946228090673685
LEAARAAAAAAEEEEA,0.00011726569209713489
DLDAEAAERAARLAAL,0.0005499186227098107
DAAAAAAEARLAALRA,0.0035310869570821524
ADAARAAEEAAAAAAA,0.0005909012397751212
SAAAEAAARAAARAAW,0.0005947021418251097
AEAAARAAALAALEAA,0.00017385094542987645
DDEAAAAARAAAEAAA,3.7128207623027265e-05
EDEEAARAAARARAEA,7.4601179221645e-05
GAAEATLAELRAALAA,0.0009491730597801507
DEAEAAARAARLAELE,0.0005140490829944611
DPLLAALAAIAAERAA,3.134773578494787e-05
AEALLARLAAIDAEAA,0.0007771000382490456
ALAADEARSAALDAAF,0.0012430140050128102
LEEEAEAAEAAAAAAA,0.0009445155155844986
AEAAAREAARAAAEAA,0.00016115496691782027
VLAALDAVAAERAAAP,0.001094783074222505
DAEREARVAELEALLA,0.0018043825402855873
AAEEEAARAAARAALA,7.721623660472687e-06
MAALDAIRAARAAARA,0.0002289485710207373
ALAAAEAAAAARAAAA,0.003951291553676128
SIDAALAALRAERAAA,0.0001998100633500144
SAARAARIAALAAALA,4.117613934795372e-05
AEAIAAANAAARAAAA,0.0013799861771985888
DAARAAAAAAAAAAAA,0.000670198816806078
ALEAEAAAADARLAAL,0.0005730708944611251
SIAAALDALAAERAAA,0.0008179765427485108
AAARDAAIAALAALLR,5.283739483274985e-06
SAARDAELAALREELR,3.9608843508176506e-05
GERYLAELAAIRAERE,0.0005858003278262913
AELAAWDAAAAARRAA,0.0006227604462765157
DAALLARLAAIRAEAA,0.0039016364607959986
GDEAARAAAAAAALAA,0.0005352618172764778
WAAHRAEREARLAALR,0.0015827951719984412
AAAAAARAAALAALAA,0.00022124534007161856
AEAAARAARVAALAAL,3.707547875819728e-05
AAAREAARAALDALAA,8.014304512471426e-06
DALLAAVAAAAAEAAA,0.015469124540686607
SAAAEARAAALLAELR,2.6016461561084725e-05
AAESDARAAALAALVA,0.0009972008410841227
DAERDARLAAVRARLA,0.00011381502554286271
LTLEEVRAAAAAARAA,0.0006671769078820944
GALEATEAAAAAAAAA,0.0005591446533799171
EAEEAERDARLAALLA,8.606114533904474e-06
AEADARAAAERAALAG,1.2137914382037707e-05
GAAAAAALAAAAAARA,0.0459371954202652
DAAREAALAALAAAVA,0.0004073378222528845
DAARAARRAALDALLA,0.000655100797303021
EAEAAAREARAAALAA,0.002332769799977541
DAARAAELAALAALWG,0.00010976003250107169
ADAEADAEREADRAAL,0.004092415329068899
AEAAARAAALAAELRA,0.00038653635419905186
DAARDAAAAAAAAAAA,0.0011887997388839722
EEAERAARAAEAAAAR,4.676759635913186e-05
AEAERAALRAERAALR,7.552469469374046e-05
EEAEEAARDARLAALA,3.18329366564285e-05
EEAAEAAERAARDARL,0.0010616795625537634
AAAREAAAAALRALVA,9.074899571714923e-05
DPEALAAALAAAAAAA,4.351216193754226e-05
SLDEERAAERAAARAA,1.1966497368121054e-05
AAAEAERAARRAAVAA,0.0032121744006872177
DAATEARAAAADAAVA,0.004210085142403841
EEAERAARRAAIEAAA,0.00011503915447974578
DAEEERAARDAEAAAA,0.002391471527516842
AAAEAAAREARAEAAA,0.0026096156798303127
DAAARDAERAALAAEL,0.007687829900532961
LAAAAAAARAAARAAA,0.01456946786493063
LEAELAARAAAREAAV,0.0005787186091765761
AEYEAALAASRAARAA,0.00031325730378739536
EAAEAARDAERAARRA,0.00047426827950403094
AAAAAERAALAAEIAA,0.0010169775923714042
AERAARDARLAALLAA,4.5853441406507045e-05
ALAALLAAALAAAAAA,4.573941623675637e-05
DLEALDAEAAARAAAL,1.856528797361534e-05
AEEAAARRAAIAAAAA,5.21756101079518e-06
SLLAALDAVRAEAAAA,5.6850174587452784e-05
SAAARAARRAALEAAA,0.00035864568781107664
SDARAAALAAEVRAGV,1.2105754649383016e-05
GEAALAAADAADAAAE,0.00016432964184787124
IRAEADARRAAIEAAA,0.00041010533459484577
DRDAEAAAAAAAAAAA,0.0001616994122741744
AEAALLAEVAAAAAER,0.0041216714307665825
AAEAEAAARDAELAAL,2.1826941519975662e-05
AEEAARSAAAAARLAA,0.0005005296552553773
GSVEELRALLAAAFAA,0.0010258026886731386
LDAELDAERAALAAAL,0.0010534683242440224
DPAEVAARRAAEEAAA,0.0002709203981794417
ALAALAAERAAEAAAE,0.0014261031756177545
DALAAELAARRAEAEA,0.00019894230354111642
LAAELRAETEARLAAA,1.2078369763912633e-05
AAAAAAAAEAAARAAL,0.005082502495497465
AAADARVAALAALVRA,0.00045482011046260595
SAASEARAAELLALLR,0.000586322566960007
ALAALLAAAEAAERAE,1.4297711459221318e-05
EEAEDAARAAELAALA,0.0002577230043243617
AAEAAAESAALAARLA,0.0014455411583185196
AAESEARTAALRALLA,5.202811007620767e-05
AAASEAAVAALRAALA,0.00011949640611419454
DAALLARLAALAAERA,0.0007694123778492212
AAAAELAARRAEAAAA,0.0002192933898186311
VEAALAAARAAAAAEA,4.6914894483052194e-05
AEAEELAAERAARAAA,0.00013434671564027667
AAAAADAAAAARAAAA,0.001497248187661171
ALAAELEAAAAAEAAA,0.0012046833289787173
DLAAARAAAAAERAAL,3.148545874864794e-05
GAARAHRAAREAEAAA,0.0003760474210139364
AAEAEDAAVAAALAAP,0.00010699239646783099
HSAESDARAAELRAAL,2.7059108106186613e-05
AAAAEAEAAEQAAEIA,0.0007729280041530728
EREAAREAERAARAAA,0.0003758453531190753
AAALEARLAAARAEAA,6.255399785004556e-05
DRDARRAALDAVLAAL,0.00024926484911702573
AAAAARAAELAAEEAA,0.0003060305898543447
SIEERLAAVAAERAAA,0.001135723665356636
ALAALLAAAAAAAAAA,0.0009290245943702757
DEREARLAALAAVLAA,0.0007243623840622604
DDAAAAARRARLDALL,0.0010130393784493208
AIDAELAAADARAAAA,0.0015850397758185863
AALAALAAERAARAAE,0.0009387596510350704
AELEAARAAAAAAAAA,0.0031520056072622538
AELERLKEERAAEEAA,4.110803274670616e-05
AEAADARAAALLAEVR,0.00011356797040207312
DLDARLAAALAAIATR,0.00032547939918003976
SREARLAELAAAVRAD,0.0015762061811983585
DEAAAAARLAALAAAL,0.0006211053696461022
AAEEAEAAARRARIAA,0.001307865371927619
DAADEAARAARDAALA,4.057434853166342e-05
EAAEEAARAARAARLA,5.227515794103965e-05
DEAARLEARLAALDAA,0.006913323886692524
MAAAVAAARAAAAAAE,0.005755998659878969
AEAFLARLDAIRAEAA,0.0008218702860176563
EELEELARALAEALAA,6.957842560950667e-05
EAAAEAEAAARAAARA,0.0010439844336360693
GAAEEAARREADRAAA,0.00022783760505262762
AAAALAAASRAAAAAA,0.0049880086444318295
LAAVDAAAAERAAALA,0.016443215310573578
AAADEAAAAARAAAAA,0.00047611529589630663
GAARAAALLAALRAEA,0.008556722663342953
GLLLLLLLLLLLLLLL,0.0009832076029852033
LDAEIAAAAAARAAAA,0.00019391535897739232
EEAERERRTAELAALA,6.691439193673432e-05
AALDAAAAAARAARAA,0.0011577978730201721
DLAAAEARAAAAAAAA,0.00020980733097530901
VEAALAALAAERAARA,7.148966687964275e-05
DDAAAAAEDARIAALA,0.0014460767852142453
EEEEERAREEARAALR,8.334119047503918e-05
GAARAAAAAAALAAAA,1.0638896128511988e-05
EEEAERAARAARLAAL,1.5083674043125939e-05
SLAAERAAERAAEAAA,5.155415419721976e-05
DEAAREAAAAAADAAL,4.5862521801609546e-05
AAAAEAAEAARAAALA,0.016935519874095917
GAAAAAAAAAEAEEAA,0.009059811942279339
AAEREARLAELAALVA,9.509174560662359e-06
AAAAAALAAAEAARAA,0.005691933445632458
ALAALLAALLAALALA,1.2820683878089767e-05
EAEEAARAAAAAAEAA,0.002036989899352193
GAEEEAAAAAAAAAAA,0.00037254157359711826
DARDAERDARSAALDG,0.0009122933843173087
ALAARDAARAAALAAA,4.132097092224285e-05
AAAAAAAAAAALAAER,0.00661439448595047
DAEAAARDAERAAAAA,0.000394032133044675
SAAEEAARAAARAAAR,7.761352026136592e-05
AAEREAALAALDAEVA,7.416082371491939e-05
SAAALAAAAAAAALAA,0.00026269149384461343
EEAEAAARAARLAALR,1.5340254321927205e-05
DAEVEAEAAERDAERA,0.0015091078821569681
GLLLLLLLLLLLLLLA,0.0010148442815989256
DAAERAARDAEYAALR,0.002266906900331378
AAAARDAAIDAARAAA,0.0021483951713889837
DALLAALDALAAERAA,0.008621328510344028
AAEAERAARRAALRAA,0.00013122218661010265
SDARAAALAAEVRAGV,1.3781326742901001e-05
EAAEEAARAARRAALA,4.100264050066471e-05
AEAARAAAEAAEAAAA,5.998786218697205e-05
PPPEAREAAREAERAA,0.004492256324738264
AALAELRAEAEARAAA,5.485375368152745e-05
GEYEEERAAREAARAA,7.02858014847152e-05
AAARRAARDAERAADR,2.4552848117309622e-05
GRAAAAAAEAAAAAAA,0.0013894697185605764
VLAALDAVAAEAAARR,0.002149546518921852
DEELLAELAARDAAYA,0.0001376309955958277
SREAALAALAARRAAR,0.00022870961402077228
SAEAERAARLAALRAA,0.0006251208251342177
DDAERAARAAELAARL,7.994690531631932e-05
DAEAAAERAEIDARLA,0.000270699878456071
RAAREAARAAAAAAAA,0.00014665523485746235
SAAESERRAAELAAGL,8.562135917600244e-05
AAAAAAATAALRAAAA,0.0013322398299351335
DAAARQAAADAEAAAR,0.0017034279881045222
EAAEAAAAAARAAAAA,0.0013252529315650463
PLAELDRLAAEAAAAE,0.0001138686275226064
EEEEELREWEERRAAR,0.000285519752651453
PLAAADAIAAAAAAAR,1.7040278180502355e-05
DEAAAAAAAARLAALR,0.00024252626462839544
AEEEAERAALAAALAA,0.0010484925005584955
AAEWEEERARRAARAP,0.0008139212150126696
DWAEADAELAAARAAE,0.0012946680653840303
AAREAERAAREAERAA,4.414036447997205e-05
LEALRAARAAADAELA,4.7610708861611784e-05
PLLLLLLLLLLLLALL,0.0003033903194591403
AAAELAELLARLAALE,0.06689945608377457
AEEAEEAAREAARAAA,0.0008534812368452549
MDAEIEARAAAADAAA,0.0022960419300943613
AELEAEAAARAAAAAA,0.0017971679335460067
LAEARAASDARAAALR,0.0005548955523408949
AESEARRAALDARLAA,0.00019276721286587417
SQEEIDARMAALLAAL,5.585288454312831e-05
AEAEAAARTAALAAAL,9.909141954267398e-05
DAAERDARLAALLAAL,0.0002713931316975504
DAELAAADAAAAAAAA,0.0009864741005003452
DAAAVEARVAALRAAL,0.010419514030218124
EEAAWDAEAAARAAAA,0.00020886700076516718
AAAAEAAAEAAAEAAA,0.00011783379159169272
DLAAREAERAAAAAAA,5.74192417843733e-05
DAAARAAERAAAEAAL,0.0008424651459790766
AEAEREAAAARADALA,0.0002871084143407643
SDAEVAALAAAVRAGV,2.8539516279124655e-05
AAAAARAAERAARRAA,0.00047771932440809906
DAAAEARVAALRALVA,0.0019722760189324617
RDAELDARAAAAAAAA,1.4236827155400533e-05
WLAELAALAAERAARA,0.0008624645415693521
DAVAAAAAAAAAAEAA,0.00021149894746486098
AAAEELARAAEAAAAA,5.403974137152545e-05
EAEARAAELAAEAAAA,3.624715463956818e-05
EAAERDRRAAELAALL,3.525342981447466e-05
LDARLLARLAAARAAA,0.0005184965557418764
AAVEALRALWAAELAA,7.662877760594711e-05
AEAAAAAARLAELAAA,8.722928214410786e-06
DPAALLARLAAAAAES,6.333220517262816e-05
AAAEAAREAALEALAA,0.0017862352542579174
DAELAAADARLAALRA,0.0010939928470179439
SAAAEEAARAAAAEAR,0.00028334144735708833
AAERAEREARAAAFAA,1.2812489330826793e-05
DAREAAAAAALAAALA,0.0004030674754176289
EEAERAARRAELAALE,0.00020600603602360934
DRAAELAARRAAAAAA,1.7765671145753004e-05
DAEDAARAARRAALEA,0.0005698622553609312
AAAAAAAAAAAAELAA,0.0006027589552104473
EEEELEEAREEAERAA,2.9943728804937564e-05
AEAEAEAAERRARRAA,0.0005297213792800903
SLDEEIAARAARRAAL,0.0001539043296361342
SEEAALEARAAALEAA,1.0790885426104069e-05
DAAAADARAAALAALL,2.9483499019988813e-05
GAAAVAAADAIAAEAA,0.004335103556513786
AAAAAALEAAWRAEWE,0.025276264175772667
DVEADAAAAAARAAAA,0.005095335654914379
AAAAREAALAARRAAR,0.0027620154432952404
AAAADARIAALRAAVA,0.007125144824385643
DAALAAARAARAAERA,0.0022274411749094725
DEVDAEEDARRAAREA,0.000539889675565064
AELEALRAARAAERAA,0.0032379874028265476
SAAARLAARRAAVAAP,0.012605007737874985
DAELAARAARTAALRA,0.003052787622436881
ALDAEIAAIDARLAAP,2.2777225240133703e-05
DEALLARLEAIRAERA,0.0005285502411425114
DEAARRARLDALLAAA,0.00021627353271469474
DAAAREARLAALEAAV,0.04557553678750992
MTLADLEAERAEEEAE,0.00022366830671671778
HMDAALAAIAAEAAAA,0.0013556829653680325
GADARAAALRAEVLAA,0.0007233719225041568
DEEREARLAELDALLP,0.0007261163555085659
DAAARRAAAAALAAAL,0.0001801962498575449
MNMEERLAAARAEAAA,0.00033882586285471916
ALAALAAERAERAAEE,0.0009004103485494852
LDAEAAAAEARAAALA,0.0019687407184392214
ERAEAEAAAAAAAAAA,4.409719258546829e-05
AAAAAAAAAAAAEAAA,0.005250738002359867
DAAADARNAALAAELA,3.159100378979929e-05
AAAEAEAAARAAERAA,0.026182377710938454
AEAAARAAAEAAAAAA,0.0004433168505784124
SAAEDALLAELRAAVA,0.0005964713636785746
EEAERAARRAARAAAA,0.00017642020247876644
DAAREARLAALAAAVR,4.4985437853029e-05
DAAREARVAALAALLR,0.0015806029550731182
ALDAIAAERAAAEAAA,6.295673665590584e-05
EAAWAAERAARAAALA,3.689271761686541e-05
GDAEVAALRAELAAAL,0.0010096741607412696
ALAEAEARLAAAQALA,0.0018166955560445786
VAAAEAAHAAADAAAA,0.000572779041249305
AALAELAARAAARAAA,7.967041710799094e-06
AAAALDAARAAQEAAE,0.009060912765562534
MTAEERARAAALAAAR,7.3915689426939934e-06
SEAAERAARAAALLAE,1.992989200516604e-05
EAAIEAALAAVAAAAA,2.7045853130402975e-05
SAAERDAARAAAAAAA,0.0014634542167186737
GLLLLLLLLLLLLLLA,0.0012333155609667301
EEAEEAARAARRARLA,6.800382834626362e-05
GLLLLLLLLLLLLLLL,0.0012169110123068094
DAEAAARRAALDAWAA,0.00026707592769525945
MAALAALEAERAAAAA,4.5815690100425854e-05
EEAEEAARAARLAALR,0.00017191060760524124
DAAARDARLAALAAAL,0.004452992230653763
DAAWDAALAALAAERA,0.00014036450011190027
DLAALDARRAALEALA,4.987110150977969e-05
AEAAAEAAARAARAAA,0.0004682833678089082
SAAAEARAAELRAAVL,3.830457717413083e-05
SLAELAARLAAEAAAA,0.0005050122272223234
LSERLLAALAAIRAEA,0.00020300300093367696
DALLAALAAAAAESAE,0.009260451421141624
LEARLAAEAARRAAER,0.0005762617802247405
DLLARLDALRAEAAAA,0.00022747449111193419
AAAAAALAAAAAALAA,0.001910070888698101
DAELEARRAAADAAAA,0.0009427777258679271
SAAALLAEAAAAAAAA,0.007384440395981073
AAADDAASAAAAAAAA,0.002095399424433708
DAAARDARVAALAAEL,0.00241912086494267
SAAEAAARAAATAALA,0.0003646691038738936
TAAELAELAARRAAAA,0.0008886101422831416
DPAREAAAEARAAAAA,0.0015556327998638153
ADEEAAARAAAAAAAA,0.00011864037514897063
GAAESAARVAALAAAL,0.00019344613247085363
DAAAAAARAALAAELA,4.381509643280879e-05
SLEELLRLLAEAAALA,0.0002701175690162927
GEAFLARLAAIRAEAA,0.0012980314204469323
GDAALAALRAALAAAL,0.0016189345624297857
AAAAAAAAAAAAAAAA,0.005306359846144915
AELDAEAAARAARLAA,0.000300240091746673
RAAEEAARAAELAALA,0.000175090812263079
SEAAAIEARAAALRAE,0.00027091935044154525
AEAAARDAALAALLAA,0.0003078451845794916
AAEEAARAARRARLAA,0.003919891081750393
LEAELAAAAAAAEAAA,0.0002943004365079105
EAEEAARAARRAALAA,7.662690768484026e-05
LAAERAAAAAARAALE,0.0005600456497631967
AEEAERAARRAALAAA,3.4018405131064355e-05
AAAVAAERAERDAERA,0.003616676665842533
DAEVEAEAAAAAAAAA,0.0034085512161254883
SDAAIEARLAELAAAR,0.0001080455695046112
DAARAARLAELAALAA,3.923270560335368e-05
AEAARAAERAARAAAE,3.0315148251247592e-05
AAELEALRAARAAVEA,0.00030415848596021533
AAALAAARAERDAELA,0.0014223632169887424
AELEAARAAAAAAAAA,0.0035901579540222883
ALDEEAAARDAALAAA,0.00023431920271832496
AEAEEEAAREARVAAL,4.397167140268721e-05
AAAAARAAERAAEDAA,7.406916847685352e-05
MDAALAAIAAEAAAER,0.0004962001694366336
AALAELLAALAAALAA,0.0032934173941612244
AEERAAEAERARAAAP,0.0016678711399435997
ASDARIAALAAEVRAA,0.0009396029054187238
SDARVAALAALVRASL,0.0012697250349447131
GQAESDAALAALLAAL,0.0008338023908436298
AARDARIAALRAAVAA,7.298234322661301e-06
DREAARAAARAAAAAA,0.0019955106545239687
AAEEAAREARLAALEA,0.004089206922799349
FDAERAARDALAELLE,0.00028030804242007434
LAEAEARTAALRAVLA,1.7977930838242173e-05
GVLSDAERAARHAALA,0.000184329051990062
VAASRAARAALEAEEA,8.362198423128575e-05
DAELAALDAAEAAEAA,0.004110882058739662
AEYEARLAEWAAESAA,9.26890061236918e-05
DAAAAAARAAELAALL,3.8603320717811584e-05
DARRAAARARLDAEAA,0.0005989234196022153
VAAAIDAALAAIAAER,0.028050394728779793
LDAEAAARAARAEALA,3.1729094189358875e-05
GEARNAAVRALLAAER,1.4081044355407357e-05
DAEAAARAAALAALEA,0.0006561258342117071
AAERAARRAAAAAAAA,1.4916715372237377e-05
EAEDAAERAARRAATA,0.00011547150643309578
MAALAAERAALDAEVA,1.603492819413077e-05
GAAEAERRRAERDARF,8.597441592428368e-06
DAAEARDAARAAAAAA,0.003018968738615513
IEARFAARDAARAAAA,0.0016580263618379831
AEEAAAEAAAAAAAAP,0.00026735448045656085
SLAERLARAAEVAARR,0.00030905180028639734
AAAADARTAALAAELL,0.008982708677649498
DAEREARRARLAALAA,8.690630784258246e-05
AAESEARAAALAALLP,2.4590091925347224e-05
AAAARAASDARAAALR,0.00025156300398521125
AADARVAALRAAVRAA,0.008230920881032944
WAAERAASDARAAALR,0.0004295522812753916
AAARAAALAALAAAVA,0.00044554431224241853
AAALLAEAAALRAERE,0.001486180815845728
SAAARAAALAALRAGL,0.006987424101680517
AAAAAREAARDAAAAA,0.004494624212384224
AAAREARRARLAALLR,5.6202130508609116e-05
ALDALRAERAAAEAAL,2.646544817253016e-05
WRAEREAERAAREAAA,1.9739787603612058e-05
AADEERAAAAAAAAAA,4.837178494199179e-05
AARDARIAALAAALAA,7.823520718375221e-06
EEAERAARDAALAALR,2.00312897504773e-05
DLAAAAARRAAAAAAA,0.00011063154670409858
AEAAARAAREAERAAA,0.0003834361268673092
DDAALAAAAAAADARL,0.0002818386710714549
EEAARRAAGRAEVAAE,0.0001395277213305235
SAAAREARLAELRAAL,0.00022289597836788744
DAVAAREAEDAAAAAA,8.110807539196685e-05
AEAAREAARAAAAAAR,0.00019540837092790753
AADARAAARAAAAAAA,0.0014765721280127764
GGDAEVARLRALLAAA,1.7052960174623877e-05
MSAEERAARAAALAAL,3.086277502006851e-05
SREARRAAREAERAAA,0.00011033995542675257
DEELEAREAEREAERA,0.00019522734510246664
SPAEIDAAVAAARAES,0.0019390028901398182
LAARLDAIAAAAAAAR,0.001392763340845704
DDDAEAAARQARLAQL,0.00020858425705228
DIDAELDARRAAAEAA,3.608999031712301e-05
AAEAAARRAAAAAAAA,0.002248769160360098
AAASEARLAELAAALR,0.00588850025087595
GARDARVAALAAAVRA,4.0698454540688545e-05
MTPELAARLAAVRAAR,8.464203347102739e-06
MLAALAAARAAAAAEE,0.0007167668081820011
AWAAAAAAAAASAAAA,0.00010060350905405357
AALSAELDARLAAARA,0.0008128287736326456
EEEEEERRRAERDARL,0.0006708403234370053
AAERRAETDARVAALA,7.11712273187004e-05
AEALLARLDAVAAERA,7.34145796741359e-05
DFVARVDAIRAEAAAA,0.0012926709605380893
GSEAAREAALAALRAA,0.003084722673520446
SDARAAALAAEVRAAV,3.226774060749449e-05
WEAERAAADARAAALR,0.0003608259139582515
AAALEAELAARAAARA,0.018062952905893326
EAAERAAAEARAAALR,0.00026652246015146375
AAAEEAARAARRAALA,0.0009696016204543412
AAALEAALAAWRAEEA,0.010722939856350422
GLSREELAALRAAILG,1.90634837053949e-05
GLAAAEAERAAAAAAG,0.005311593413352966
DQAARDARAAALAAAV,0.00013448104436974972
DAEAAARAAAIAALAA,0.0011113430373370647
AEAAARAAARAAELAA,0.0004083435924258083
DAEARAAARAAEAAAA,0.0007422440685331821
DHAAASAARAAALRAA,0.01462964341044426
GALLEELARRLEELAA,0.0014718555612489581
DPLEARLAAARAAAAA,0.0014873885083943605
MAEVEAAAAARRAEAA,0.0003357452806085348
PLAAVEAARAEYEAQL,3.4111111745005473e-05
DAGEEAAAERAAAAAA,0.0022074487060308456
DAEREARLAALRAAVA,7.214720244519413e-05
EEAEAAARAARLAALR,1.892643194878474e-05
LLAELAALRAERAAAD,0.0008268188685178757
GAEAAERAARHAAIAA,0.011714266613125801
EAAAEAEAAARRAAAA,0.0008547734469175339
DVAARAAAAAAAAAAA,0.011266875080764294
AAAEEARLAELAALLA,3.9254453440662473e-05
SEEERAARLAALAAAP,3.602496872190386e-05
LLAAADAAAAEAAAEA,0.000336624652845785
ALAALLAAEAARAAAA,2.4989738449221477e-05
DAAEEAARAARRAALA,0.0002675127179827541
DAAREAAVAALRAAVA,0.0019217715598642826
SWRALWAQLEAEAAAA,4.917234036838636e-05
GAAAAAAAAAAAAARA,0.007987174205482006
DALAELEAALAAEEAA,0.0022674123756587505
VGARIDAELAALRAAR,0.00014930842735338956
EEAERAARRARLDALA,0.00019707161118276417
DAAERAAADARAAALA,0.001273310394026339
DEARRARLAALLAAAA,7.123064278857782e-05
AARAARAAALAARLAA,6.881235549371922e-06
ARAARDARLAALAAEL,4.4684598833555356e-05
DAAAAAARAAAAAAAA,3.60775193257723e-05
GAARTAALAAALAAAL,0.0011200988665223122
AAALAAELAALRAARA,0.03888411819934845
AALAEALAALAAALAA,0.007986336015164852
HAARRAALAALAAEVA,0.0028175381012260914
DAAAAARAAAAAALAA,0.002273379825055599
DRAAIDARHAAWAAEL,1.731265729176812e-05
DEALLAAVDAIRAEAA,0.008176067844033241
ADARAAAREAAAAAAA,7.596208160975948e-05
AAALDARLAALRRELV,0.010069274343550205
AAAREAALAALAAALR,0.0012272339081391692
SLEEELRRELLERLLA,0.00016187047003768384
SRDAELAAAAAERAAA,0.0006539785536006093
DAELAARAAEAAARAA,0.006190272979438305
AAAIEAALAAIRAERA,0.00013572625175584108
AALEAEAAAAAARAAA,1.3088935702398885e-05
AAADARAAELAALLAA,0.002897498896345496
AAAARAAAAAARAAAA,0.002044535940513015
AADARAAALLAELRAA,0.0006053416291251779
SAAREAARAALDARLA,2.0201607185299508e-05
SAAAEAAAEAARAAAR,8.199449075618759e-05
LEAEAAARAARLAALE,0.00016240333206951618
ADAAVEAALAERDARR,0.006721781101077795
EEAEREARRAARAAAL,3.794391159317456e-05
SAREEERAAREAERAA,1.5195141713775229e-05
SEAAREAERAARAAAL,0.0004254463710822165
DAARDARVAALRALLA,0.004454270005226135
AAEEAARAAALAALAA,0.00015584587526973337
DWLARLAAALAAAAPP,0.002001255750656128
AAAEEAAREARRARLR,0.0009164753719232976
DAALAAARAEAAAERA,0.003398012835532427
AEAAERAARRAEAAAA,2.8750831916113384e-05
AAAAAERAAADAEAAA,0.00017657194985076785
GALEALRAARAAEAAA,0.0017970101907849312
LAASEAATAALRALLA,0.004569792188704014
AAAREARLAELAAAVA,0.00045792842865921557
LAAERAAADARAAAAR,4.2905645386781543e-05
AAAEADARTAALRALL,0.0004668301553465426
SLDAELAARAAERAAR,0.0006014909595251083
VDARLEAAEAAEAAAA,0.0009603549260646105
AAAAARAAEAAAAAAA,0.0006500912131741643
AEAAEEAAAAARRAAA,0.0002086594031425193
ASDAVVAALAAALRAS,0.0004958430654369295
EEAEIDAERAAARAAP,0.004822858609259129
DEELEAEFAAELEARR,0.0016951356083154678
DAAVDAEWAARRAARA,0.021261578425765038
LDAIRAEAAAAAAAED,3.659712092485279e-05
MAAARAASAARAAALR,0.004428294021636248
AAAEATLAALAAAVAA,7.730742800049484e-05
DEAFLARLAALRAEAA,0.00019677837553899735
AAAEAARAAAAAAAAA,0.00039120358997024596
DAAAAAARDARLAALA,0.0004952375893481076
SIEAALAALAAERAAR,0.0017543253488838673
SDARAAALAAELRAAV,1.2184907063783612e-05
EEAEREAEERRARLAA,0.0002909603645093739
GEELAAELAARRAALE,0.0002220668102381751
GEAEARAAALAALLAA,0.0005115601234138012
MEERDARLAEADALAA,0.00017877582286018878
SEEAERAAHRARLAAA,0.00010785473568830639
DLDAEAAAADARAAAL,9.703649266157299e-05
AASEARAAALLAELRA,6.7449341258907225e-06
DALDAEAAALAAELAA,0.004608567804098129
DAAVAAAAAAREAARA,0.003775226417928934
PLAAADAAAAEAAAAR,0.0002692782727535814
DEAFLARLDAIRAEAA,0.0014301941264420748
AAAAAEAARAAAAEAA,0.0026451428420841694
PLLLLLLLLLLLLLLA,0.00044442457146942616
AEAARAARAAARAAAA,4.976702985004522e-05
AAAAAEAAALAARRAA,0.0014324942603707314
MAAAEAERAARRAAAG,0.0003644765238277614
DAARAAAADAAAAAAA,0.0016942266374826431
ARAEAEAAAAARAARR,0.00011907627776963636
AEVEARAAERAAREAA,0.0019752192310988903
LDAAAAAAAAERAAIA,0.0019135508919134736
EEAEAAARAARAAALA,2.455034882586915e-05
