sequence,pred
SLEEIDAELAARAAA,6.63E-06
SAEEAARAARLAALA,2.84E-05
ASDARIAALAALLRA,0.000114549
LAALEAARAARAAAL,0.000495141
AEAAARAARAAALAA,0.000145241
AAAEREARLAELRAA,0.001579826
EEEEEEAEREARRAA,0.000161985
SAERAAQRAAWAAEL,0.000312334
AAEAAARAAERAARA,1.91E-05
DAARDAARAAAEAAE,0.005881405
DLDAELAAREAAAAA,0.001688723
SAAEEAARAAREAAE,0.000706091
DAERAAEAAAADAAL,0.001134154
AAARAASDARAAALA,0.000571648
MEARLAAADAERAAA,0.00072443
PSAAELAEAAAALAA,0.010859427
AAAAEEAAARAARRA,0.001220003
AAAAAAAAEAARLVA,0.001457032
MSLEELLAAARELLA,0.001222987
GAAGGASGAAGGAAA,0.000929255
DAEREARRAELEARL,0.000435291
GAAEERAAAAAAAAA,0.000118507
AAAEAARRARLRALA,0.008892346
DAEAHAAALAARRAA,0.00012124
DRAAALAAERAAAAA,4.26E-05
DALAAEARALREADA,4.35E-05
DARAAEADARAARLA,0.000127737
LEAARARRAAEEAAE,5.13E-05
AAAAAELAAAEAERA,0.002143614
GALEAALAALAAERA,0.006111662
AEARRAAADAAAAAA,0.000382812
SLEARLAELDARNAA,0.001553385
LDAALDAVAAERAAA,0.001300081
LAAEAAAERAALEAE,0.000543218
DAAEREAERAAAAAA,0.000223962
DALLAERDAERAARA,5.00E-05
AAADALNAELAAAVR,0.000806225
AAAEALAALLAALLA,9.45E-05
AAAEAARRRAEREAE,0.001092787
AREARLAALAAALAP,0.000688982
REAERAAREAERAAA,8.34E-06
DELLARLDAIRAERL,6.87E-05
DAEDAAREAALAAAR,0.001476416
AAEREAERAAEAAAA,0.000601877
DARAAALLAEVRAGV,0.00461141
AAAAALAAALLALLA,4.16E-05
AAALLALLLALLALL,0.000779269
DAAAARAAARAAELA,0.00036363
AAAAAARAAAAAAAE,0.000399729
YEAELLAEELARLLA,0.00226337
AAALEELLAALAAAA,0.000724477
DALAALEAERAARAP,0.000214899
AAAVEALAALLAAEA,0.003174127
AEAEARRARLDALAA,0.000943362
LAARLDAALAAIAAE,0.000574914
MSPEERAAERAARAA,2.11E-05
DFSARIAAALAAAAA,0.000811695
GSLAAALDAVRAEAA,0.000806982
EAAERAALDAEVAAA,2.17E-05
AAAEAARAAEAAAAP,5.25E-06
AEAEARAAARAAAAA,0.000102498
GAAAAARRAAAAAAE,0.000711676
AAAAAAEDDALVAAE,0.013039433
ELAAQRAAERAAAAA,0.00032943
AAAAEARAAAAAAAA,0.00024803
WAAEDAAAAARAAAL,5.61E-05
DLAARRAAREAEEAA,0.00016219
PLLLLLLLLLLLLLE,0.000636866
DEAAREARTAALEAA,9.79E-05
LLAELAAIAAERAAA,7.10E-05
SEREARRAAWAARAA,5.25E-05
SEAAARAALEAEAEP,6.75E-06
GLAALLAALLAALAA,6.78E-05
LEAARAARAAALAAL,2.89E-05
AAAAEAAAAAEAAAR,0.013302276
EAAERAARDARLAAL,7.66E-05
EAAAEAARDAALAAA,8.32E-05
DVEAAAAAAAARAAA,0.000171019
EEEEERRAAARAAAR,8.90E-06
AELAALAAERAALAA,0.007167821
AAAEAAARAAELAAL,0.001768527
ASAARTAALAALVAP,0.000204937
AAAAARAAERAALAA,0.00038966
AAALAEIAASRAARA,0.000419057
DAEVAARRAARAAAR,0.000666187
SAAAAAAANEAAAAE,0.002048776
AAFAAERAARDAAAE,0.003710622
MTPEERLAAAAAAAA,9.21E-05
AAAEEELAALRAALF,0.003208978
GAREARIAALAAALR,1.45E-05
AAEAAAREAALAALA,0.002474212
DLAAADAERAARAAA,0.000249906
AAAAERAAREAERAA,0.000881748
DAREEEAAARAAEAA,7.39E-05
AAIAAAAAAERAARR,0.000265203
AAALEALAREAERAA,6.95E-05
GALSERILARLAAAR,2.13E-05
DAARDARIAALRALL,0.002756545
DRDAELAALEAALAA,4.50E-05
ARAEREEEFERRLEE,0.000119186
AEAAARAAERAALDA,6.19E-06
LAASRAARAAAAAAA,0.000459679
AAAAAARDARLAALR,0.001735312
ADAEAAARAAERAAA,0.001667133
SDARAAALLAEVRAA,0.000253398
DLDARLAAAEAAAAA,0.000292556
AEARAAEAAERRAAL,0.005027581
AAEAAARAARAAALR,7.46E-05
DEVEALAAERAARAA,0.00087079
AAEAERAAEDAAIEA,0.00538448
DAAAAAEARAAAERA,0.001546171
DEELEAASAARAAAL,0.000110558
AAAALAAERAAEAAA,0.019676752
AELDAESAALAARLA,0.001867163
DAARRAALDALAAAL,0.001182641
AAAAAAAAEAAAAAA,0.000720344
AASDEAAAAARAAAA,6.61E-05
EEEEEAERAALDEEL,0.000173933
EEAAEDAARDAEAAA,0.000139934
ALDAIAAERAAELAA,0.000212419
AAASDARAAALAAAL,8.74E-05
AAAAAAARAAERAAA,0.010671475
SARAASAARAAAALA,0.000488751
MEALFAAVRAALDAA,1.60E-05
AAAAAAARAAELAAE,0.007693462
AELAALRAARAAERA,0.000217522
EWAAYRAARDARAAA,0.002040068
AERAARRAAAAAAAA,0.000113286
AAAAEAERAAEEAER,0.011367925
ALEEELLAALLAALA,0.000124039
AAAAEAAARAAAAAA,0.002824302
SDARAAALRAAVRAA,0.000535512
AADEARAAAAAAKAA,0.000268544
EEAEAERAAREAERA,0.00012211
AAAAAAAAAERAAAA,0.004442528
ALAAARAAAAAAAAA,0.000127573
EAAREAARAALEALA,0.000109064
DADARAAALLAELRA,0.000141322
DAENEAAAAARAAAA,0.000673091
AAEVAALLAELAARP,0.021479506
DAEAEARAAEAAAAA,5.00E-05
ALDALAAERAARRAA,0.000378396
GAADARAAALAALVR,0.000188347
LAAAEAAAAAAAAAR,0.001884875
SAAREEELAARAART,0.000815786
LAALAALEAERAAAA,8.73E-06
SSDARAAALRAALAA,8.10E-05
SLLEELLEELLRLLP,0.000205056
DAEAAARAAAAAALA,5.40E-05
SSDARTAALAAALSA,0.000231719
GLLALLAELAALLAA,0.002120292
AAAAAAARRAALEAA,0.011431682
SAAAEEAAEAAREAA,0.000271867
SAAEAAARRAAAAAA,3.84E-05
DAAEDAAHAARAARL,0.006664123
SERAAAAARAAALAA,0.001088508
GALLEERAALRAERA,1.85E-05
ALLAALLLLLLALLA,9.70E-05
AAEAAERAAAAARLA,9.73E-06
GELDARRAAADAAAA,0.000296928
EPDAVLDAELAARLA,4.64E-05
LAAAEAAAAAAAAAA,0.002461249
RDAEREARAAAEAAA,0.000555636
AAARDAELAAERAAA,0.01566468
DEAEAERAAREAAAA,0.000173604
AAEAAALAAELAAAR,0.010680753
AEEAEEEAEAAARRA,0.001374347
AEAAAEAARLRAERD,0.000399415
LEARIDAVLAEIEAE,5.66E-05
GLDEAAIAALRAALA,1.51E-05
AAEDAAAAARHAALA,0.000473667
LDARLLAALDAIAAE,4.45E-05
EEEARAAERDARLAA,0.00075016
EDAAAAAEEAARAAA,0.000824721
DVDAEHAAERAAIAA,0.023120873
AAEDARAAAARAAAA,2.00E-05
AEAAELAARLAALEA,8.04E-06
ASAARLAELAAAVAA,0.001738542
AAAAEAALAEARARA,0.002291582
AAAEEAARAALDAAL,0.000850134
REAALAAAAARRAER,0.00024743
ASAARLAALAAALAA,0.001132956
AAAAAAAAAAAAAAA,0.00163389
AAAAAAAALAAERAA,0.000138067
EEAALAAAREARRAA,0.000505843
AAADAEAAARRAELD,0.006769517
AERDARAAARRAAEA,2.48E-06
AAAEREAELAELRTP,3.69E-05
DAAERAARAARLAQL,0.001055827
DAELAARRAESDARL,0.000177978
AAAAAAAAAAAARAA,0.001989139
AAALAAAAAAAAAAA,0.002097851
EAAEVEARRAARRAA,8.50E-06
EEEARAAEAEARRAA,0.000157997
ALAAALAALLAALAA,0.000394558
DAAARAARAAAELAA,0.000336298
AAAAAAARAAAAAAE,0.006162818
AAAAAAEAAAAAARA,0.029252052
DEDDEEAAARAAAAA,0.000175822
AEEEAAREARAAALR,9.19E-05
AAEAAAAAAAAAAAA,0.000774826
DLLARVDAIAAEAAA,0.000276784
DAALAAAAAEAAARE,0.001206848
SLEARLAAARAEAAA,1.05E-05
DAETEARAAAAAAAR,6.58E-05
AAAREAERAARAAAE,0.001594508
SAADAARAAAEAAAA,0.000648944
SDAEIAALRALVAAA,0.001769385
SAVAEELAAEELAAA,0.00039845
SLEARAAEVEAERAA,7.65E-05
AAEREARRAAAAAAA,0.001402257
ADAHAAELDARAAAA,0.029477302
AEARAAEAAARAAAL,0.004104159
LAALEALAAERAAER,0.000407953
DAEAAARRAAAAALA,0.000316589
AEAEAVAAFWAAARA,0.004392998
AAEEEAEAARRAARA,0.012125978
RDAAREAERAAAAAA,0.000248437
AAAAAAAAALAAALA,0.000496944
MTDEEREAERAAREA,2.13E-05
DAEAAARAAALAALE,5.05E-05
AEREARLAELRAAVS,0.000487259
AAAREAALAELRAAL,0.004650828
AAALAAAAAAAAAAR,0.004139525
GRVEEADAAAEEAGA,0.000246873
AEEEARAAARDAELA,9.40E-06
DEEAARRAAADAAAA,6.14E-05
AEADAELAARDAAAA,0.001007747
AAAAAAAAAERAARA,0.00804682
SLDARLAAARAEAAA,2.14E-05
DAADAALAAARAAAR,0.020473337
AAAELAAALAEALAA,0.002656815
SDARAAALRAELAAA,0.000175842
EEAARAAARAERAAA,0.000184141
SLLAELAAADAERAA,0.002854048
EAEAEARAAAAAAAA,5.31E-06
AAAAAAAARRAALAA,0.01322804
AALLRALEEALRRAL,4.14E-05
AEARAAEAAAELAGL,0.002611582
DEADARRAAAAAAAA,0.000279998
AAAAEAERAAREAAE,0.023435617
AAEAAEARARVAALE,0.000538608
GEREERLAALLEAAA,7.14E-05
AEAERAARRARLDAE,0.001231781
SVEAALAAVAAERAA,0.000635646
RAAEDAARAARLAAA,0.000598302
AEAAAEAAARAAAAA,0.000164523
AELEERAARRAARAA,7.58E-05
DAEVAAAAAERAALR,0.000895509
AAAAAAAAAAERAAL,0.00346275
GALDAIAAERAAALA,0.001713994
DLDARLAARDAERAA,0.000351002
AAAVEALRAELAAAL,0.003070416
AAAERAARAAARAAA,0.000140962
DAAARAAEAAARAAA,0.000434115
AAEREARRAAREAER,0.002298026
SREEAAAALEAEAAA,5.44E-05
AARDERAAALLALLR,3.28E-06
AAEEAARAARRAALA,0.000837035
PAEAEARRAAAEAAE,0.001137753
AAARRAELDALAAAL,0.002370649
AAAVEARAEEEAAEL,8.93E-05
SMLAALAAIRAEAAA,0.000227276
ELDALRAARAAAEAA,0.000752438
SAAERAARRAALEAE,9.87E-05
AAAAAEAARAAALEA,0.00063559
EAAREAREAAAAAAA,0.00016394
ADEEAYAAELAALLA,0.000521104
AAASEAAAAALRALL,0.000527288
VDARLTAALDAVAAA,0.001738955
EEEEEAERERERAER,0.000529012
DAEAEARAAAADAAA,5.38E-05
AAALAALAAERAAEE,0.001342463
ADAEAAAAAARAAAA,0.000317103
VEAALAALAAERAAA,0.003408703
DARRAALDARLAALT,0.001812348
AAEEAARAARLAALR,0.000760102
SSDARVAELAALVRA,2.09E-05
EEAEREAELAELEEL,0.001251991
DAARAARRAALAALE,0.000637739
ADDAAREARLAELRA,0.000311874
DAAAAARAAELAAAA,0.000257851
SVEALEAELRAALAA,2.84E-05
MSPEERRAARDAAEA,0.000151184
AAAAAAARAAARAAA,0.005180434
AAAALAAALAAAAAA,0.000253282
AAAAAAAAAAAAAAA,0.003095805
EAAADARAAAAAAAA,2.31E-05
AWAALAAEADALAAA,6.20E-05
DLDAEIAALDAARAA,0.014295227
MDAALAAVAAERAAR,0.000776988
AEAEALRAALEAERA,3.92E-05
EEAARAARLAELAAA,0.000183053
AAARDAERAAEEAAE,0.008902038
AEAEAELAALRAELF,1.09E-05
GARDARVAALAALVR,2.23E-05
AAAAAREAALAALAA,0.00520772
AEAARAARAAARAAA,0.001788166
AEDAARRAAADAAAA,0.000443966
LLLLLLLLLLLLLLL,0.000289705
DAERAARRARLAALR,5.21E-05
SLDARLAALAAERAA,0.000719288
DEALLAALDALAAER,0.000921041
SREAELAARRAALAA,1.36E-05
DDDAEAAAREAAAAA,0.00015853
AEDAELEAERAARRA,0.001972057
DAAAEAEAAARAAAA,0.002399908
AAAAAAAAAAAAAAA,0.00224855
AEEAAEDAAAAARAA,0.00310078
AAREARRARLDALAA,2.70E-05
DAELAALDARLAALA,0.004446968
EEAAERAARDARAAA,5.55E-06
ADDAEAAARAARLAA,0.00012637
AAAAAAAAARAAAAA,0.00195889
SWLARLDEIAAEAAE,1.08E-05
AAAAAARAAREAAAA,0.000443804
DALLARLAAIDAEAA,0.00013199
SYEAELAALRAERAA,0.00030472
DAAADAERAAAAAAA,0.005319203
ALLLLLAALLALLAA,0.00053138
DAEAAARAAAAAAAA,7.56E-05
GLLLLLLLLLLLLLL,0.000404333
SAARHAALEALRAAL,0.000858689
DAEREARRARLAALE,0.000416059
AAAVAAAAAAERAAA,0.00508842
AAAAARLAALRAAAR,0.009695927
GALLELLRALLEALA,3.30E-05
EAAWAAEAAAARAAL,0.001413097
GAAEARLAALRAALA,0.001096079
AAEEAAAAAARDAAP,7.11E-05
LEELEAERAAREAEE,0.000178838
DLEAEAAARDARLAA,0.000785453
ARLEAEEAERAAAAA,0.000233402
AAAEEARAAELAARR,0.000133868
AEAAERAARDARLAA,0.000200122
LAALRAEREAERAAA,0.000251149
SAAADARAAELRAAL,5.37E-05
DAEARLAALRAALAP,0.001532486
AADARIAALRALLAE,0.001008984
EAEAEAARAATDARL,7.37E-06
ALDALRAERAAEEAA,0.00117133
ALAAALAEEAARAAA,0.006955674
DTAARLAAEAAAAAA,0.000422638
GAAERDAEAAAAAAA,8.42E-05
AAADAAVAALAAAVR,0.002661967
EAEWAATQARAAAAA,1.22E-05
SAAAAAAAAARAAAA,0.000191595
LAAERAAEEAARAAA,3.42E-05
DDDARSAAVDAAAAA,8.11E-05
GHAALEAAARAAARA,0.000256848
AAAREAERAAALAAL,0.000324798
AEAAAARREAAAAAA,0.000269133
EEDEARLAALRAGLA,8.16E-06
AEAAARAAARAAARA,0.000163461
DAELAAARAERAALR,0.000356622
AAWRAEAAAAAAAEA,0.000762773
AEARLAALDAAIAAA,0.040224042
AAADAARAAARAAAA,0.000726897
AAALAEAAARRAERA,0.008002032
DALAAAAAEHAAALA,6.79E-05
DARRAELDAERAARD,0.001216473
REAEEAARAAREAAE,0.000134765
AAEDAARAAARAEAA,0.000485354
DAAEEAAEAARRAAW,0.002143569
AERDARLARADALYA,0.000120111
DELARWDARLAALAA,0.000103326
ALAAELAARRAARRA,0.001955474
AAEEAARAARRAALA,0.000450944
SADAEREAARAAERA,0.000414017
AEEAEAERAAREAAR,4.93E-05
AAAAAAALERLAAEL,0.005292569
GLLLLLLLLLLLLLL,0.000296746
DAEVEARAAEAAAAA,0.000168086
DAAAAEARLAALRAL,0.000421656
AAALLARLDAIRAAA,0.003148683
SREAERAARLAALRA,8.96E-06
GEAVAAEEAAAAAAA,0.000418453
AEEAAHAARRAAIAA,4.05E-05
ELLLLLLLLLLLLLL,0.000371813
EDAEAAARRAAAAAA,1.46E-05
GEPDEAAVAAARAAL,9.48E-05
SAAEALAAEWAAALA,0.000391596
SDAARLAAEAAAAAA,0.000888853
EAEAAAAERAAAAAA,6.75E-05
AALAALEAERAAAAA,5.36E-05
DAALEAAEAAAAAAA,0.001579763
AAAAERAARAAEAAA,0.001169462
MAALAAELAAARAAR,0.001435501
DEAEEAARRARAAAL,0.000132261
SAADAANAALAAALR,0.000706321
AAVAAEAAARAAEAA,0.008789093
LAAVAAEQAEREAEL,0.000567074
MAAELAALEAARAAR,0.000968985
LDARAAAAEARWAAA,7.79E-06
AAAERAARAAEAAAR,0.001405767
AAARAAAEAAAAAAA,0.007458839
YDAEAAAEAAAAAAA,0.00164772
EDAARRAALDARLAA,0.000127775
PSLEERLAAIRAERA,6.24E-05
GEARIAARDAEREAA,5.96E-05
AAAAALAARAAAAAA,0.001630259
DLAAARAAAAAAAAA,7.94E-05
AAAVAAADARRAAAA,0.00135003
AAAEAAREARRERVA,0.001317755
AEAARAAERAAEAAA,0.000374497
GEAARAAAAAAAAAA,0.00307206
AARDERLAALRAELL,2.16E-05
AELAALRAERARLLA,0.000321165
AEARAEELAAREAAA,0.001116453
GDARVAELAALVAAN,0.000175812
GARRAALDALAEALA,0.000451066
AAAAAAAAAAERAAR,0.005418621
PAAERAAAAALAALA,0.00010706
DELEARAAAAAAAAA,0.000582139
MAAEEAAARAEAAAA,0.000810244
ADAELAARDAAAAAA,0.00194089
DAAAAALAALRAANA,0.004046984
SAEAERAARDAERAA,9.84E-06
AAAAAEAAAEAAFAA,0.009489708
AEAAEREARLAELEA,0.002434224
AAEAAARAARLAALR,0.000191102
ALAEAAARRAAWDAA,0.000716354
AAARRAEADALRAEL,0.000910573
AAALDARLAALAAAR,0.001030313
AEEEAARAARRAALA,7.16E-05
DSAAADAAYAAAQAA,0.000248104
DRAARDARAAALAAA,5.12E-05
PLLLLLLLLLLLLLL,0.000582453
SRSEAERAAAAAEVA,0.000400783
AAADARTAELAALVR,0.005084134
EAELAALDAERAALD,0.00037145
DAELAALDARLAALE,0.003685585
DEAAARAAALAALEA,7.35E-05
AAADAAAAALRAALA,0.012316462
DLLARLDAVRAEAAA,5.99E-05
AEEAARRAALAARLA,0.001141458
PEAALAALAAERAAA,0.000322104
AAADARLAALAAALA,0.005510324
ALAAELAAADAAEAA,0.014131145
AEREARRARLDALAA,0.000268311
ALAAALEAAERARLA,0.002104643
SEAEREARAAARAAA,9.92E-06
AEEEEAEDAAARAAA,6.29E-06
DAAIAALEAELRAAL,0.001122134
AAALAAAAAALAAAR,0.001836874
SREARLDALLAAATA,1.11E-05
DLAAELAARRAAYAA,0.002372036
GEAEEAAAAAAAAAA,0.000243608
LEARLAAAAAERAAR,0.000616395
AARDARIAALAAALA,5.58E-06
EEAARAAAEAAAAAA,0.00104664
DALAAEAAAARAALA,0.000245856
DEAAAERDAEAAAAA,6.27E-05
AAAAEARAAAALAEL,4.28E-05
AAAAAARADAAAAAA,0.000478225
AAAARAAERAALAAE,0.000441556
DEAAAAALAAARAAA,0.00030915
AAAAAALAALAAEAA,0.01165554
SREALRAAREAERAA,5.91E-05
DAEREARLAAVLALA,0.001148704
AESDALLAELAAALR,0.000165641
GAALDARLAALRAAR,1.73E-05
SAAVAARAAALLAAL,0.001378384
LAAVRAAAAAARAAA,0.000228851
GAAERAARAAALAAE,5.60E-05
DALDAERAARAAALA,0.001963332
DARRAAIDALLAELR,4.13E-05
VEAALAAVRAERAAA,0.000636345
SAAVAALAEAVRAAL,0.002208302
AAAAAARAAERAAAR,3.18E-05
SAAAAAAAAARAAAA,0.000170695
PLARLDEIAAEAAAA,1.77E-05
AAALAERAAIRAERA,0.000188063
SSEERAAALRALVAA,3.87E-05
AEEEARDAALAALRA,2.93E-05
DAWLAAVDAIRAAAA,0.003019725
SAAAEAAEAARAAAA,1.51E-05
MDARLLAAVDAIEAE,6.67E-05
AAALAALLAALAAAA,0.011243191
AEWEAERAAARAEAA,0.001502138
SEAAARAARNAALAA,0.000591431
AAAREAALEAERAAA,0.002458158
AASDARAAALAAALR,2.37E-05
AEWEEARRETAARLA,2.36E-05
AEAAEAAAAAEAAAA,0.000931439
DSDARIAALRALLAA,0.000175732
AAEREARLAALAAAL,0.002018391
DEEFEARLAERAAER,6.04E-05
GAEAAAVDAARAAEE,0.002091676
LAERLLAELAAIAAE,0.000188987
AAAAEAAARAAERAA,0.002282013
GEPTPDAELEARLAA,3.69E-05
AAAAAEAAARAAEVA,7.28E-05
GASDERAAALAALVR,6.96E-06
AALLAELAAERAARA,0.000439446
AAERAAAEAELARLR,0.00436551
DEWAELAAERAARRA,0.003173942
AAAAEARAAAREAAR,7.96E-06
DAAARAAAAAAEAAA,0.000495275
DLAALAALLEALLAA,0.000237132
SEEARAEREAREAAA,1.41E-05
LAALRAALAARAAAL,6.28E-05
SAEEAERAARRAALA,0.000320954
SESAERDAAFAARLA,6.79E-05
ASEARIAELRALVAA,0.000496656
ERAAADARAAALRAA,0.000100422
AAAAAARAAAAAAAA,0.000358339
DAELEARAAAAEAAA,7.75E-05
MDAALAAIAAERAAR,0.00074145
DAADAERAARLAAEE,0.002418664
ADAEAAARAAARAAA,0.002271945
SPDAERAARAAERAA,1.83E-05
SWRALAAALAAEAAA,0.000590307
DAAAAARDAARAAAA,9.94E-05
DELLAQLAAIRAEAA,4.68E-05
AAEVAAARAAAAAAA,0.003224502
AIDAALAALAAERAA,4.53E-05
AAAAEEAARLAALRA,0.005930314
GAALAAALDAARAAA,5.56E-05
DAEWAARQAELAAWD,5.09E-05
AARAARRARLAALAA,0.000402648
MAAADAERAAAAAAA,0.00107134
AAIEALRAELEALNA,0.000251792
DFLARVDAIRAEAAA,0.000479486
ALDAIAAARAAEDAA,0.000266234
AEAELLARLDAIAAE,9.38E-05
SAAAAAARDAERAAL,0.000405331
DALAAERAAEAAAAA,9.17E-05
PAALLAELAAARAAR,0.000291392
AEAAADAAEVAAAAA,9.37E-06
AEALAAAAAAARAAA,0.000236094
DARAAAAAAAAAAAA,8.54E-05
ALAEALAAAAAAAAA,0.004537771
DAARRAALEAELAAR,0.000528478
AAEAAARAAALAALA,0.00026229
AADARTAALAALLRA,1.19E-05
DEVAAEAAAAAARAA,0.000337622
VAAALDAERAAREAA,0.00143408
DAAEAAAAAVAAAAA,0.003304977
DELAAARAAEAARLA,0.000174883
ARDAETAALRAAVAA,1.48E-05
DADAARAAREAAEAA,5.87E-05
EAAEEAARRAARAAL,3.99E-05
DAEAERARRAAEAAA,0.00053474
REAERARRDAELAAR,1.77E-05
MSAAELAARRAARAA,0.000347556
AELEEERERMREELE,0.000154893
PLLELLLLLLLLLLL,0.000428275
AAALAAEVAAAAAAA,0.018741999
EAEELLRELARLLAE,0.000299835
DAREAERAAAAAAAA,8.08E-05
DERFLERLDAERAAA,7.64E-05
DAEDAARAARLAAAR,0.00077861
RAAREAAAAAAAAAA,0.000908056
AARDAARAAARAEAA,5.97E-06
AEAERAARDARLAAL,0.00055612
EAAALAAELAALRAA,0.006502645
DYEARAAELAARAAA,0.000559569
AETAARAAEAAAAAA,0.000444166
AAAAAALAALLAALA,0.003817149
REARAAALDAERAAA,0.00044883
DTEAAAAARAAAEAA,0.000395933
SAALDAARAAAAAAP,0.001222377
ERLAALLAEVDAIAA,4.03E-05
SAAAAAAERAARAAA,0.000781995
DLLLLLLLLLLLLAA,6.05E-05
DAAARDAARAAEEAA,5.77E-05
AAAAAAAAAARALAA,0.001686689
DAAIAALAAELAAAL,0.00372014
DLDAEAAARRARLEA,0.000466796
ADTAAALAAEVAAAL,1.88E-05
RAAERAAERAAAEAA,5.48E-06
EAEREARRAALRAAA,7.15E-06
SAAARAARAAALAAR,0.000693055
LAAREARLAALRAAA,0.007361619
SDARLAELRAAVRAA,0.001079544
AVEAALAALRAERAA,0.003271733
DAELAERDARLAALA,0.001789085
EEAAIDAELAARRAA,0.003479647
MAAAEARAAAAAAAA,0.000138381
DAEAAAAAARAAALR,0.000156921
SEAAEAAALDARLAA,7.16E-05
AEAAERAARAARWAA,0.000248606
SDARIAALRALVAAD,6.40E-05
DAAEAAEEAARAAAA,0.002593921
SLEAERAAREAERAA,0.000360632
RDAAEAARAAARAAA,0.000447728
DAARDAARAAAAAAA,0.006942382
SEEAERAARRAAAAA,7.73E-06
SLDAELAARDAERAA,0.00107705
DVAALDARRAAAEAA,0.005679815
MSAEERAAARAAELA,0.000107079
SDARIAALAEEVRAA,0.000541394
GAADEAARAAADAAR,0.000791086
DPDAARDARRAAREA,0.000115588
DAALEAAEARAAAAA,0.000484947
AEEAERAARLAALAA,0.000147353
AASDARAAALRAALS,1.23E-05
AAAAQDARRAARAAA,0.00051669
AEEAARAARLAALAA,0.00049267
ALAEAAAREAARAAA,0.000143382
DDAAVEARLAAARAA,0.000401367
SEAEREARRAELAAA,0.000150669
AEAAERAARHAALAA,0.000867299
AAAAAAAAAEAAALR,0.006497918
DEALLAALAALAAER,0.001309195
ALAAADAAAAERAAA,6.75E-05
DAEVAALRALLAAER,0.00127961
MTLEERAAAAAAAAA,1.28E-05
AELEERAAEAERRRA,0.000261924
AAADARTAALAAAVR,0.007450696
GLAALLAALLAALAA,6.80E-05
AAASAAAREAERAAE,0.000719181
RDAEAAARAAAAAAA,0.000708322
AAAAEAAAAARAAAL,0.007294012
LDEALLARLDAIAAE,0.000260182
AAREARRAELDALLA,0.000263725
DAARAARRAALAALE,0.000721691
ASEALLAELRAAVAA,0.000116093
ALAAALAAEEAARRA,0.000175802
AERDARLDALLAALG,6.58E-06
ADEALLAALDAIAAE,3.25E-05
DAAAFAAAAAARRAA,0.003119678
LEEAEARRAEADAAA,2.08E-05
AALEALRAALAAALA,4.29E-05
LEAEIEAAEAAAAAA,0.000465989
ALEELLEAAEEAAAA,0.000160068
DVAALEAARAAERAA,0.006497541
AAERAAREARAAELA,0.001464651
GASDARAAALAAEVR,1.84E-05
AEAHAAARAAARAAA,0.001300818
GAAEARRAEIAAAVA,6.09E-05
PEVDDALIAALAAEV,0.000476693
AAALEAARAAAAAAR,0.003585409
AEAAARAARLAALAA,0.001130963
AAAAARAAALAALAA,2.24E-05
AAALAALAAERAAEA,0.000793933
AELAARAAERAAAAA,9.72E-05
ADARDAEAAALAAAA,0.003132286
ALAEALALLLAALAE,0.000459501
SEEAERERRAAERRA,2.41E-05
LEAALAALAAERAAE,9.31E-05
DAEAAARAAAAAAAA,9.60E-05
TAEEAAALDAEAAAP,0.000156084
AREAEHAAAAAARAA,0.000353998
GAEAEARAAELRAEL,8.59E-06
AAARAAALAAERAAA,0.006824453
AAAAAEAARAAAAAA,0.002088891
MATMAALLAELAAAR,0.000138185
SLAEELLRLLLLLLA,7.02E-06
DPIAAALAALAAERA,0.000239344
DREARSAAAAALAAA,0.000109133
AEREARAAARAAERA,8.15E-05
SAAARARAAALRAAL,0.000411305
AARDARAAALLAEVR,5.32E-06
SSEETDRVLAELEAA,1.14E-05
DSDARAAALLAELRA,0.000109565
VDAALTAALDALEAA,0.0016613
AAAREAEAAAEAAAA,0.002803238
AADARTAELAALFAA,9.05E-05
EAAARAAREAARAAA,0.000290569
SAAAAAAEAYLATRA,1.41E-05
AAEAARAAAAAAAAA,0.001326227
AAADAARAAAAAAAA,0.001332123
AAALAAAREAAAAAA,0.000330784
DERFLAELDAIAAER,0.000122851
DAAEAARDAEAAARE,0.000328577
AEADERAAALAAALR,0.000619127
ALEAEEAARAAAEAA,0.000810195
DLLARLDAIRAEREA,0.000236614
MSLLELLERLLEELE,0.000419767
AEAEARAARNAARAA,2.77E-05
AALLALLALLLALLA,4.23E-05
DEAFLAQVDAIAAER,0.003887801
DAAREAARAEAAAAA,0.000809981
AAEWAAWRAERAAAA,0.015838215
ASAAERAARAAALAA,0.000514583
LDAALAAAEARSAAA,0.000451404
SAAVEELAAAVREAL,0.001834906
GEAETEARAAARAAA,0.000324549
LTAAELARLAAAEAA,3.50E-05
SLEERLLRELLERLA,1.84E-05
VSDAERAAARAARAP,0.000342947
AEEEAAAREEREEAE,5.67E-05
AAEEAAAAARAAALA,0.000146857
SDARIAALRAELAAS,0.000460565
SEEEAERAEAAARAA,6.13E-05
DVDAELAAEAAAAAA,0.000112531
GDAEAAARRAAEAAA,6.57E-05
ALLAEIAAARAELAA,0.001431183
SAADALAAEWAARVA,2.62E-05
ALLAELAAELARAAA,0.000933417
VEAALAEIDARLAAL,4.49E-05
DAEREAAAAAAAAAA,0.000903772
AEDEEREAERARRRA,1.24E-05
DAAVAALRALLAAAA,0.002749668
SAEEEAARAEAERAA,0.000963951
DPAEEAAARLAAARA,0.000112526
REARHARLAALAREL,7.16E-05
AAAAEEAARRAEVEA,0.005484453
MAALDALRAERAARE,0.001170787
AEEAAERAAAAARAA,0.000187603
AEADAARAAAAAAAA,0.001179945
DEAAAAAAAARAAAL,7.34E-05
DLAARLLAALDAIAA,0.000361626
DALAAERAAARAAAE,8.08E-05
AEDAARAARLAALSG,8.00E-05
SAAAAAAAAADAEAA,0.00034215
SDARTAALAAEVAAN,0.000499519
VEAALEALRAERAAR,3.91E-05
AAAAEARLAALRAAL,0.007964493
SAESEARAAALRAAL,4.64E-05
ARRAEVDAEAAARLA,0.00025902
EDAAIDAAAAAAAAA,0.00014911
DALLAAVAAARAAAA,0.000255825
AAEEAARQAEIAAAA,0.000137292
SAAEREARTAALRAL,0.000127908
AEAEARAARAEALRA,1.42E-05
AAEEEALLAELRAAL,6.79E-05
DEAREAALAAERAAA,0.000688307
DDAARAARLAALAAA,0.000502268
DPYEAALAAEAAAAA,0.000963474
MTDAEAAALLAEVRA,0.000161996
AAAEEEALRRLLEEL,0.002293779
AEEARLAELRAALAR,3.31E-05
MAALAAIAAERAAAA,8.64E-05
AAERAAAAAEAAAAA,0.00186899
DAAAEAEAAARDAAR,0.003340871
AAAAAALAAELAAED,0.006776674
AARAAAAAAFAAALR,0.000635345
AERAARAAALAAELA,4.07E-06
DAAIEAALAAVRAAA,0.000397564
EVAALLAELAEAAAE,0.000199129
DAAAALAAARAERAA,0.000334157
LAAERAARDAERAAE,0.000504096
AEADALLAQLRAELA,7.54E-06
ELAALAARLAAAEAA,9.51E-05
DAEHAARRARLDALA,0.003672779
AAAEERRAELDRLAA,0.000841349
LAEELARAAEAAARA,0.000435916
DIAAAEARREAAAAL,0.000263155
SAAATAAREAERAAA,0.000608732
EEAADAALAAARAAA,0.000201958
SELRAEAEARRAARD,0.000277272
SLAERRAAAAAEAAA,6.50E-05
MAALDALAAERAAAA,0.000156488
AALAEALRAAAEAER,0.000553258
AAEEAARAARSAAAA,0.000576702
AAAAAAREAELAARA,0.001767219
VEARLEAVAAERAAA,0.000983762
GPLLALLLVLLLLLG,0.000455036
GLLEELLEELEELLE,0.000498342
AELAARDAARAAAAA,5.34E-05
AAAAEAAAAAAERAA,0.003329891
DEAELAESRARRAAT,7.04E-05
AAEEAEAAARAAAAA,0.000406071
AAAEAARAAARDAAA,0.000196731
TPAADRLAAEEAARA,1.25E-05
AAAAAAAAAAAAAER,0.003108822
PEAVAAATAEARARA,0.000411521
AAAEAAALAAELAAR,0.001350988
EQAALDARYAALLAA,0.001496647
AAREAEAAAAAAAAA,0.000762362
DAAWEARRAELAAER,0.000349126
DAAREAARAAARAAA,0.000616829
AAAEREAERAAIEAE,2.60E-05
AARAAEAAARAAARA,0.000152397
WAAERAARDAALAAA,1.35E-05
GEALLARLDAIAAEA,0.000140668
GAAAAAAAARAAAAA,0.001190728
DGDARTAALRALLAA,0.000356897
IDAALAALEAERAAR,0.001587877
AERFLAELDAIRAEA,0.001593075
AEAAERRDAEREAAL,0.000380493
AAAAAAARAAAEAAA,0.006798448
GALDAARAAAAAAAA,0.000579124
SEDEARAARAAALAA,0.000491792
AEELDAERAAARAAA,0.000810096
AAEAAERAARAARLA,0.000839302
SLAAAIEARLAAIAA,0.000100678
DAALAALDAIAAERA,0.002021202
EEAARRAAADAALAA,0.002289467
GAALDAALAALAAER,0.001449934
DALAAALAAERAARE,0.005340292
AEREARIAALRAALL,0.000267953
AEERRAERAAAAAAA,0.000171093
AEEAAARAAAREAAA,6.02E-05
GAEAAAARLAAAEAA,0.000261399
AAAEAERARRDAELA,0.000236724
AERDARIAALAAAVR,3.89E-06
DAEAAAAAARIAALE,5.00E-05
AEAAREAERAAREAA,1.24E-05
DSAARAAALRALLSA,8.55E-05
LAAELRAEREAEEAA,3.07E-05
AALAAELAARAAAEA,0.009261742
AEAEARRAAAAAAAA,6.90E-05
AAAERAAAAAEAAAA,0.000605513
SRAEETARLLAELAA,0.000178406
DALLARVDAIRAEAA,0.001040714
ALLALLAALLALLAA,0.001127346
LAAEEAAAAAAAAAA,0.005436114
ALEAEAAARAAAAAA,0.001525162
AAAEEALLAAVAAAA,0.000550172
AAAAARRAALDALLA,0.000499293
GVAARDAEVAAREAA,0.000693521
SARDAAAAAAAAAAA,9.43E-06
AARDAEAAARAARLA,1.60E-05
AARDARSAALDAELA,7.85E-05
AAEEAELAAERAAAA,0.001761889
SDARAAALLAEVRAA,0.000452861
PAAELAAAAAARAAA,0.00045703
AAAEAERAALAAEAA,0.000261279
DADARLAELRALVAA,0.000407173
GLLALLLLLAALLAA,0.000476526
VEARLAALAAERAAA,0.002861873
PLLLLLLLLLLLLLL,0.000495429
AERFLAAAAAAAAEA,0.000145785
ALAAEAAAAEARRAA,0.001130268
SAASAARAAALLAGL,0.00037517
AAAEAARRAAVEAAA,0.00210182
AAEEAEAAARDARFA,0.001112103
AAAAAEAARAAAAAA,0.00185046
AAERAARRAAAAAAA,0.000368525
AAEAARDAEAAAIAA,0.002429053
DAAADAAAAARAAAL,0.001406381
AAAERAAALAAERAA,4.15E-06
EEDAAAAAERGAIAA,0.000622833
AAIEAALAALAAERA,1.13E-05
DPEELARELAAALAA,0.000138143
GAAAERAAERAAAAA,0.000177692
AAEAAEAAAAAARAE,0.000665212
EEAERAARDARLAAL,0.000427895
DAREAAREAAAALAA,0.000355349
AELAEIDAELAALRA,0.000691243
LEAREAARAAAAAAA,0.000139303
SAELAALRAAEAAAA,0.000684623
AAEWEAARAEAAAER,0.008924963
DLEAEAAEAAARLAA,0.000945235
VEAALAALAAERAAA,0.00233091
DEAAARAAALAAAVA,6.41E-05
AALAAEAAAARAAAA,3.07E-05
EAARAAEREARLAAL,1.41E-05
AEDAELAALAERIRA,0.00077701
AAAEAAARAAERAAL,0.001975404
DRAAERAAAAAEAAA,4.58E-05
AAAAVDARAAAREAA,0.001507551
LAAERAASAAERAKL,0.000400369
LAETEARSAALDAAA,0.000464387
GEAAEAAARAAAAAA,0.011869936
GALEALAAELRAGIA,0.000232468
GDAAAAARAAARAAA,0.001258628
AAAAAAAAAAAAARE,0.002818106
AAAAARFAAELGAAA,0.03252703
SAREAARAAARAAEA,7.80E-05
AEAEAAAREAAAAAA,8.87E-05
AAAARRAARAAARAA,0.000359246
DAERAARRARLDALR,0.000119669
EDAEREARIARLAAE,0.000223202
AAAAARRAAAAAEEA,0.000445782
VDARIAARLDAVLAA,0.002235105
AAAAAAAAARRAALD,0.004787311
DEAFLARLDAIRAER,0.00010304
ALLLLLLALLLLLLA,0.00016477
SIEALRAELLAALRA,2.15E-05
DAAAAAAEARAAAVA,0.000159921
AAEAAAAEAARAAEE,0.002406049
AREAARAAERAALAA,1.09E-05
AAELAAVDAALAAAA,0.00397541
AADAEAAAAAAAAAA,0.006227995
ADAEAAAAAAARAAA,0.000643157
GAAEAARRAAEAAAA,0.001823073
EEAAAAARRAALAAR,0.000571016
AASEAARAAEEALAA,1.44E-05
EAAARAAARAAAAAA,8.70E-05
AAAAEEAAREARAAA,0.002219361
AAARAAARAAERAAA,0.002766961
MSPLERREAELAAAA,3.65E-05
DEAARLAALAAALRA,0.002943408
AAAAAAREAALAALR,0.004189868
YDAELAAREAAAAAA,3.70E-05
DAIDARLAAIAAERA,5.59E-05
AAARAAAEAAAAAAA,0.009063561
ALAAIAAAAAAERAA,7.00E-05
AAREARRAAADAAAA,5.05E-06
DLLARLDEIAAEAAA,0.000436841
SPLAAELAAAEAAEA,0.001548669
DPLARLAAIAAEAAA,0.000242195
DEERARREAEELARR,6.43E-05
AAALAALDAAAAAAA,0.001138556
SEDAARDAALAAARA,0.000289742
SLAAREAERAAEEAA,0.001945726
SDAEIEALAAAVAAN,0.005266994
EEAEAAARAAAAAAA,0.00024665
DAARDAAAAARRAAL,0.001694026
DEEEEAARAAERAAA,6.06E-05
DARSAAADALAAALL,5.95E-05
AAAAAALAAELAALA,0.005612795
EAEWAARRAAQEAAA,0.000519544
AAAAAAAAAAAAAVA,0.004347784
AEAAREAARAARRAA,0.00020402
GLAEADARSAAAAAA,0.000184727
DEARDARLAALDALA,0.000347303
AEAEEEAERAARRAA,0.000730003
DELAARAAAAAAAAA,0.000934628
SLAAELAARAAERAA,0.007792795
ADAELAARLAEAEAL,0.000519873
AAAALAAALAAALLA,0.000606495
MDAAVAAIAAAAAAA,8.02E-05
SEAEALRAEAEAERA,0.000294081
MAALDAIAAEAAAAR,1.92E-05
EAAAAAAARRAAAAA,0.000124604
DAARRAARRAAAAAA,0.001006187
SAARAALDALAAAAA,0.000379794
AAERRAAREAAAAAA,0.000725128
AAAEAERAALDAELA,0.000734126
AAREARLAALDARLA,0.00060538
DAAREARRAALAARL,0.000482756
DAFLARADAAAAEAA,8.48E-05
DAEIAAREAAAAAAA,0.002053482
EEAARAAEAAARAAA,0.00048749
DAAEAAARAALRARV,0.002262036
AAALDAALDAVRAAA,0.012685894
SAAEDARLAAWRAEV,4.95E-05
AEAAARAARAARLAA,0.000531228
ALAAERAAEAAAAAA,6.89E-05
DAARAALAADDAAEA,0.003954069
AAALAAAAEAERAAA,0.000304416
EAAAAAARAAALAAA,3.42E-05
MSAEEYAAERAAALA,0.00048536
DPLLARLDAIRAEAA,0.000157173
AEEAEARAAARAAAA,3.99E-05
AAASEARAAALAALL,1.47E-05
AAREAERAALEAELA,6.16E-05
AAARAAAEAARAAAA,0.004064627
AAADAAVAAAAAALA,0.003114025
AAWEARLAALDAARA,0.002495085
DEAEAAARDARLAAL,0.000223156
AEARLAELEEERARR,0.009421895
DAALAAAEARLAAAR,0.000418171
AALEAAAEARRAAAE,3.09E-05
AAEAAALDARAAAAA,0.000230618
ALAALAAERAAREAA,0.001894629
SDATVAALRAAVLAA,0.000552141
VEARLAALAAERAAA,0.003254408
DAELEAADARLAAVR,0.000262068
SDARLAALAAAVAAD,0.001071229
DAARAAADAALAAAA,0.000126557
DAAAAAEDAERAAAA,0.002708402
AAIEAERAAARAAAA,0.000144851
AARAAERAALLAELR,4.21E-05
AEDARAAELLAALRA,0.000247972
ELAAIDAERAAARAA,0.00185961
ADAEAAAARAAEAAA,1.81E-05
AEEAERAARRAALEA,0.000351293
DAQAAAAAAAAAAAA,0.000108924
AEDAARDARLAALDA,1.86E-05
DPALDAALAAERAAA,0.000268659
SDAARDAERAAAAAA,4.20E-05
DAEEAARDARLAALA,0.000211253
AAAAAAEEAARARAR,0.035011657
GEASAAEAAARAAAF,8.17E-05
AEAEREARLAELRAA,0.001309401
GEQEEVEARIAAFVA,4.13E-05
RDAELAAAAAAAAAA,0.001810839
AEAAARAARLAALAA,0.001425876
SAALEALRAEAAARA,0.000524766
DEAEARAAAEAAALA,0.000344128
AELEAEAAEAERRAA,0.005768005
SALRAEVERRAEEAE,4.13E-05
SEAAALDARLAAAAA,0.000161325
AAAAREAELAAARAA,0.000129841
EDAELAARRAAARAA,2.01E-05
ERAARDARAAALRAL,1.33E-05
PLARADALAAASAAA,3.65E-05
SAAELAALDAELAAE,0.003427193
AARRAAVAARLAALA,3.28E-06
LAESAAARAALDAEL,0.000625669
DAELDARAAARAAAA,7.22E-05
AAADAAAAAAAAAEA,0.014348517
AAAAAEAAALAALRA,0.000278114
AAEEAARAAALAARR,0.000135952
AAAAEAAALAAAAAA,0.000496746
DVDAEAAALDARAAA,0.005962077
GAAEARARRDAEVEA,5.82E-05
DAAAEARVAAREAAR,6.75E-05
AEARAAEADARRAAR,0.002690446
ADAEAAARRAAAAAA,0.000877366
AARAARRAALAAAAA,0.000542497
DLAARLAAERAAEAA,0.000239958
FAAERDAARAARAAA,0.000727785
SLEAERAAREAERAA,0.000452485
AEARAAELAARAAAA,0.006513122
AASDARAAALLAEVR,0.000152108
WDAELEAERAARAAA,0.000284639
DAVAELAARLAAERA,7.30E-05
ALAALAAERAAEEAA,0.002658105
AAADAARAAAAAAAA,0.001848278
DELAAERAAARAAAA,8.74E-05
DAAEAARAAALAALR,0.000256195
DALDAERAAARAAAA,0.000131577
