sequence,pred
ALAALLAALLA,0.00021046660549473017
LSAESDARVAA,0.005784192122519016
AAARAAELAAE,0.00014734358410350978
SSAAELAAEAA,0.00070056167896837
AEAERAARAAA,0.00025551870930939913
AAAARAAALAA,1.666882963036187e-05
AALEELLALLA,3.1038009183248505e-05
ERAAEIAARLA,0.00024743450921960175
LEAAREAAAAA,2.366778426221572e-05
ALPLLLLLLLL,0.0006624686066061258
SLAEELAALLA,0.0034628144931048155
ERALEEALAAA,0.00022203748812898993
EEAAVEAARAA,0.0002628908841870725
AAAAEAAAREA,0.00033816599170677364
DAAAREAARAA,0.0017494854982942343
AAAAAERAAAA,0.0022504462394863367
SELEEERALEA,4.107423956156708e-05
SEAEREARRAA,0.00017772642604541034
SSDAERAAEAA,0.0003581946948543191
SAARAAELAAR,0.002725849859416485
WAAYEAERAAA,0.24932479858398438
LPLLLLLLLLL,0.00018762689433060586
AEEELRRALRE,0.00014232622925192118
AEAEREAARAA,5.281232370180078e-05
AAAAAAERAAA,0.0012020786525681615
DAAARAAALAA,0.0021864580921828747
EERERERLAAE,0.0007604834390804172
DLDAELARLTA,0.0025686919689178467
SAAREAAEAAA,2.1148529413039796e-05
EAEREARYAAP,6.22257575741969e-05
ALEALRAERAA,0.00012199026241432875
EREAERAAEAA,0.00014071798068471253
AEAAVAARRAA,0.000731183507014066
AAADAAAAAAR,1.5064603758219164e-05
AAAEAAAAAAP,0.009160125628113747
AAARAAARAAP,8.427847205894068e-06
REAEREAWFAA,0.0011042351834475994
WEAERAALRAE,0.008450002409517765
AAAAARAAAAE,0.0018708797870203853
RDAERDAARAA,0.0008345990208908916
MSREEVLAEAA,1.7596294128452428e-05
AARDAERAAIA,0.0006325431750155985
EPPPVPPPPEE,0.0018485046457499266
DDAARAARRAA,5.3611689509125426e-05
LAASDLARALA,0.0014289325335994363
GEAAAAAAAAA,0.0003407880722079426
AAAAEEAARAA,0.0005234483978711069
DEEAARREAAR,0.0003979690372943878
AERDAALAAAR,7.163254849729128e-06
AAAERAAEAAA,0.0033138198778033257
AAEAAALAALY,0.020715368911623955
DSEALRARLEA,0.00020620563009288162
DEREAARAAAA,0.0003116952138952911
DAALEAAAAAA,0.00030651080305688083
GAEELLELLLE,0.0012256138725206256
AAEEAEAAARA,0.03274250403046608
ASVEELRALLA,0.0003049695515073836
DAARAARRAAR,0.0008753783185966313
DLLLELLLRLL,0.0012808056781068444
SELAARAAARA,0.0015248933341354132
DEAEARHAAAR,0.0005361847579479218
REAYRAEKAAA,8.597108535468578e-05
AAAAEAAAAAA,0.0001735295372782275
AAAAAARAAAR,0.0015197324100881815
ALAAELAARDA,0.0005561733269132674
SADAEREARLA,8.179728320101276e-05
APAAEDAARRA,0.0032930297311395407
AAAAARAAELA,0.0023359660990536213
LSAARRAALAA,6.435642262658803e-06
AAARDAARAAA,0.0006753509514965117
AAAAEAEARAA,9.625977327232249e-06
DAEREARRAAA,0.0014178656274452806
DLLEALLAALA,0.0007900695200078189
DLAAREAAEAA,0.004012580960988998
DEAEMEARFAA,0.0003572261775843799
DLLEELLELLE,0.002426421269774437
ALAALLAALAE,0.0002012203767662868
EEAAREAARAA,6.536332512041554e-05
HAELEAAEAAA,1.050877745001344e-05
AAEARRAAAAA,0.008800922892987728
AAARELARLLE,0.0004155167262069881
EDAELDARLTA,0.0006268075667321682
DLARLLEELAA,0.0029849817510694265
AAAERAAADAA,0.0022249442990869284
AAAAAAARAAA,0.002071364549919963
DAALAAVEARL,5.337627953849733e-05
AAAERAAELEA,0.0045236339792609215
LAELDAERAAL,0.0004220247792545706
DAEAAARRAAA,0.0016040721675381064
DAEREAAAAAA,0.0003244515391997993
AAVEELRAWLA,5.8959678426617756e-05
ADAERDARRAA,2.2232266928767785e-05
LAALDAERAAL,0.00013468328688759357
AAEALEAAARA,0.0015497364802286029
AERDAEAAARA,0.00020286218205001205
DARHAAAQAAA,0.0005447990843094885
ADAAAAAAAAA,5.1253744459245354e-05
EAREAEREAEE,8.309618715429679e-05
DAARAAREAAE,0.000684221915435046
ALEEELRALLE,0.0009233830496668816
DEAAELLAALL,0.001036267727613449
AAALAAALAAA,1.9814498955383897e-05
DEELEAERAAR,0.0007136210333555937
DAAERAARAAA,0.0023388671688735485
AAAAARAAAAA,0.001701574306935072
AAAALERLAEA,0.0010364068439230323
PLLLLLLLLLE,0.00034198077628389
ARAAEAAARLA,0.0006155644659884274
DLEEEVLVLAE,0.0043611591681838036
AAAEARRAALE,0.003016981529071927
EAAARAAREAA,0.000421235803514719
DERRAEREAEE,0.00019199161033611745
GDARAAAAAAA,0.00031704112188890576
GASEEAAALAA,0.0002541810099501163
ALEELERLLRE,0.0006204082746990025
ALRAELAAERP,0.0009600638295523822
LTLPAHSHEEL,8.5720959759783e-05
AAAEEAAALAA,5.3783802286488935e-05
DAAARAAERAA,0.0018526114290580153
DAAREAARAAA,0.0002520113193895668
AAAAAARAAAE,0.0007753485697321594
DDAALDAAAAA,0.00035695661790668964
AAARAAERDAE,0.00010016441956395283
SARELRLALEE,2.3109685571398586e-05
GLLEELERLLE,0.0013957428745925426
ASAALDAEVAA,0.00339693040587008
EEDYLESLLKR,0.0005866295541636646
LAELAAERALP,0.0014665351482108235
REARHARLAAL,0.009052537381649017
EEDLSITELPP,0.00016374816186726093
DAALAARRAAL,0.0002578759740572423
LAALRAELEAE,0.00013592898903880268
DEEREAARAAA,0.00022492313291877508
GLEELLRELLE,0.0009474858525209129
EEAEDAARAAA,0.00020564864098560065
DLAELLALLAE,0.005951737519353628
SDARIAALLAA,0.0008371618459932506
AELARLLAELA,0.0008946888847276568
DAEAAARAAAE,0.001515694078989327
DEADARRAELD,8.092199277598411e-05
ELEELLRELLA,0.0001250850036740303
GARAEAEAAAA,0.00025714264484122396
AAERAAELAAA,0.002301636850461364
AIAEELAAERA,0.0005397553322836757
REAELAALAAA,0.0017054901691153646
DAAVDAALAAA,0.001286633312702179
AAEAARAAAEA,0.018944693729281425
AAAADAERAAV,0.0015344121493399143
DAAYEAARAAE,7.050268322927877e-05
GAAAADAAAAA,8.145881292875856e-05
AAIAALKAALA,0.0006471796077676117
AESARLAAEAA,7.792952601448633e-06
AAEEADAERAA,0.000998005154542625
AAEAARAAAAE,0.025359703227877617
DEALDAERAAA,9.957232396118343e-05
AAAAAARRARA,0.0030766758136451244
MAARDAEEAAP,2.6010833607870154e-05
ALAELLERLLL,0.00043161213397979736
ELRPVTPAVPL,0.00015214006998576224
ALAELLAELLA,0.0006352513446472585
GAEARLLAELA,0.0004429746768437326
AAAAAERAALE,0.0020095983054488897
MEETYVDVLGE,0.00039293835288845
SAEALAAARRA,8.143132436089218e-05
DAAAAAAAALA,6.149524415377527e-05
DARDAAREAER,0.0009379084804095328
AAAEASAAARR,0.029481034725904465
EEREAEREAER,0.00033912641811184585
DAAAAARAAAE,5.0372647820040584e-05
ADAEREAAEAA,1.8555321730673313e-05
AAAAERAAERA,6.391495844582096e-05
AAAERAAREAA,0.002208297373726964
DAVDARLAAMA,0.002675932366400957
ALAELLARLAG,0.0006210163701325655
DASAARLAALA,0.001284926082007587
AEAAERAAERA,0.0001324199402006343
SLAARLDAILP,0.00013818993465974927
AAAAARAAALA,0.001201119739562273
AAAARAAELAA,0.0001846055529313162
AARDAELAALA,0.0004780763410963118
SAAAADAAAAA,0.000900109822396189
AASARIVDLPE,0.0002162162127206102
AADAAREARLA,0.0001866869570221752
AAAEAAARAAA,0.004455660004168749
DLLARVDAIAA,0.00025173043832182884
EEEAARRARLA,0.00014018725778441876
AAAAAAAEAAR,0.0012747251894325018
ALEALLRELAR,1.6198418961721472e-05
DEAEREAEWLA,0.0009848452173173428
AAAAAAAAAAA,0.004140917677432299
DAEREARRARL,0.002582135144621134
SAEELRALRLP,0.00010283521260134876
AEEAERAARRA,4.070912837050855e-05
AAAELAALAAP,0.0014155949465930462
ARLAERRAAAA,0.0002069481270154938
AARAAARAALE,0.0003059026785194874
ALREELRRLER,0.0013910823035985231
EAAARAAERAA,0.00014591534272767603
AAIEALRAELA,0.0006379922851920128
GDRDLELALEP,0.0007703618030063808
PDPAELIAAEV,0.0011831078445538878
DAALAARDAAE,0.0002944349544122815
DAALAAARAAR,0.000522394897416234
GAAARAAALAA,0.0006932988180778921
VAAEVAAARDA,0.0005663612973876297
SAAAAEAERAA,0.0009679641807451844
EEAARAAARAA,2.229594610980712e-05
SAAAREARLAA,0.0002993825764860958
MDAALDALLAA,0.0006735626375302672
LSEEERAAERA,0.00025296799140051007
AAAARAAARAA,0.00033562188036739826
AAAEEAAAARA,0.00013625303108710796
AEAAREAERAA,9.917506758938543e-06
AVAAEAAAEAE,0.0037584342062473297
AEAAAEAAAAA,2.496286469977349e-05
DAETEARWLAA,0.000694037415087223
HDALREAEWLA,0.000926447391975671
GAARAAELDAR,5.0024544179905206e-05
EEAALRAELRA,0.0003894078836310655
EAAARAARLAE,0.0005136805702932179
ELAELRAERAA,0.00013450458936858922
DESELRAALAA,0.0013715196400880814
SEEEEDAELEA,0.004543341230601072
EEERAARAARL,0.00012219039490446448
AALEAELAARA,0.002682129852473736
DDAALEAAAAA,0.00020549008331727237
AEAARAARRAA,0.0015401245327666402
AEVDRAEAEAR,0.0017061877297237515
DERAARLAALA,0.00041390981641598046
DEAELAALAAA,0.005026200786232948
DAAAAEAAQEL,0.00021176283189561218
AAAAAAAAALE,0.015896117314696312
AAAALRAARRA,1.1625986189756077e-05
DPADERAALEA,0.003993179649114609
DAEEAARAAAR,0.013799577951431274
AAAREAERAAR,1.2123429769417271e-05
EAEALRAAADA,7.76480883359909e-05
DAARRAAAEAA,0.00013359295553527772
EEEQLERELRR,1.948610952240415e-05
AAAELAELLAA,9.034136746777222e-05
SALLAALAAAE,7.841576007194817e-06
AEEAAEEAAAA,0.001690157107077539
DASEAAAAAAA,0.00012868134945165366
AETELEALAEA,0.00013657294039148837
SRSEELAALAA,0.0003744629502762109
SAAAEARRAAA,7.249866030178964e-05
SAALAAELAAE,0.0039593675173819065
DAAAEAAEAAA,0.002947242697700858
SAAREELAALR,0.0012891392689198256
LEALRAEVRAP,0.0001229449117090553
LAALAAERAAR,0.001061232527717948
LAAEAAARAAA,0.0069022816605865955
DAEREARRAAL,0.0017441107193008065
AELAEERERER,0.0003770558978430927
DEEAAALRARL,0.0008044210844673216
DARALARALAP,0.0007489663548767567
ALEELLRALAA,0.0009121892508119345
SEAAAEAAEDA,0.0005925627774558961
SPEAELAELEA,0.00010501810174901038
DAAREAALAAL,0.00048140971921384335
DAETEARLAAA,0.00010913683945545927
SAEARAERAAA,0.00014236016431823373
AALDAALAELE,0.00019989293650723994
AAAADAAAAAA,0.001575496164150536
AVEELAALLRA,0.0006793125648982823
GPLVDTSRDLS,0.00046588139957748353
ELLLLLLLLLL,0.00011985484161414206
AALEELLRQLE,0.00016215196228586137
GLAALLLLLLA,0.0015522048342972994
SLEARLAEALA,0.00010500601638341323
DAAARAEAERA,0.0006621316424570978
SPLAEAEARRA,0.00022767804330214858
LDAVVAALAAR,0.00016922428039833903
SREARRAARAA,1.4566130630555563e-05
AEREAERAARA,6.455556558648823e-06
SEAALAAAEAA,0.00043092266423627734
AEEEARAAALA,0.000562454923056066
AAERDAEAAAA,0.004156809765845537
AAAAAAARRAA,0.006071348208934069
LEAEDERRAAG,0.0007382798939943314
EAERRARLDAL,0.0011009969748556614
AAAAAAAAEAA,0.005435025319457054
DATEAERAAAA,0.0001911197614390403
EARRAALRAAA,1.871453605417628e-05
ALAELLAALLA,0.000707217724993825
ALLAELAEELA,0.0002536198007874191
AAEEARAAARE,0.005503981839865446
AAAAEAARAAA,3.1060037144925445e-05
EEEALRRELEA,2.074777330562938e-05
AAAEARRAAAA,0.0023593096993863583
LEAALARARAL,0.000984494574368
AELAARRAERD,0.0017983204452320933
AEAALAALLAL,0.0035214407835155725
AAAAAAAAERA,0.005859022960066795
LADAREAARAA,0.0006137050804682076
AAAARAAESAA,2.8749884222634137e-05
DPTDLAAALAE,0.002120652701705694
DAAAAARAAAL,0.00010883221693802625
MVEVEVPDLPP,0.0005065496661700308
AEADRLAAERA,0.00018312597239855677
PDRVAALLAAL,0.00037731483462266624
RAARLARLAAL,0.00210763537324965
DAAREAERAAA,0.0004177351947873831
DAAWEAERAAR,0.00040917081059888005
AAERDARIARL,0.0049905539490282536
AETAARRAALE,1.8027019905275665e-05
AAREAARARAA,2.909337854362093e-05
ERDARLAALRA,0.0003340192779432982
EREARAAAIAA,0.00013336888514459133
AAARDAARAAE,0.0005412170430645347
SPAAEVAADAA,9.910924563882872e-05
ALAELLAALLA,0.0005217751604504883
GAAAEAAALRA,0.000992168439552188
AAAAAAAAARA,0.016985377296805382
AAAAALAAALA,0.0009608270484022796
AEAALREAERA,0.000514926970936358
DAEREARAAAA,0.0011549126356840134
AAEAAALLAAE,0.01770029217004776
AEAERAAARAA,0.00019344424072187394
ARREELRAEME,0.0005156254628673196
AAAEERRAALA,0.0004591828619595617
GLAERLAREAA,0.0012901946902275085
AELEELRAEVD,1.865757985797245e-05
PDPLDLRAAAA,0.00012311222963035107
PLLEERRAELD,7.837873272364959e-05
AAERAAEAAAA,0.015216893516480923
DAAAEAAAAER,0.002435143804177642
AEEEARDAERA,0.0024205257650464773
ERAARRAAREA,0.0001224342850036919
EAREAERAARA,3.472165553830564e-05
DAADARLAALE,0.00030174426501616836
AAVEELRELLA,0.00035618554102256894
LEAERAAAAAA,0.0002672153932508081
GALAEAEAAAA,0.0069449408911168575
DRAAELAARRA,0.0024255369789898396
EEDARLAAERA,3.904158074874431e-05
AAARRARLAAL,0.000200181981199421
SPSDAAAAEAP,0.0017656076233834028
AEEEARARERE,0.000923263723962009
LRAEQEAAEAA,0.00013219854736234993
LAEVLAERLAA,0.0007578133954666555
PLLLLLLLLLL,0.00018410049960948527
AALEALLLLLL,7.84952862886712e-06
AAAEAARAAAE,0.005853943061083555
AEREARLAALR,5.863806654815562e-05
AAAAARAAAAA,0.002092125127092004
EEAALAELLAA,0.00016069725097622722
EEAERAARRAA,0.0008567786426283419
GALRAEAEARL,0.03261743485927582
AEREAREAARA,1.4637673302786425e-05
SEAAARAARAA,9.298194345319644e-05
DPAREAAAAAR,0.0018093115650117397
GAAEALAAELA,0.00023627813789062202
SEAEALAAALA,0.0046575418673455715
AAELEAREAAE,5.18505803484004e-05
AAAAAARAAAR,0.0023317274171859026
AEEEERARRRA,0.0002300526393810287
AGEEAAAREAA,0.005124762654304504
AESDERLAAAR,0.0002340392820769921
DPSAAALAAAA,0.001699606655165553
DPLEAAYAAAA,0.003578761126846075
AAAAAAARAAP,0.00239504873752594
LLAPRPREAVV,0.0012221671640872955
AAAELAAWLAA,0.00023528975725639611
SLLEELLEELL,0.00074364262400195
AEEAELAELEA,0.0003006482729688287
AAAREAAAAAA,0.00012777309166267514
EDALRLLEREG,5.605184014711995e-06
ERAAERAAAEA,0.00023674113617744297
LAARLDAVRAA,0.00021420199482236058
SPAAEEAALAA,0.00021632920834235847
DWEARRAAREA,0.009861216880381107
ALLEELLRLLE,0.0005094544030725956
AAALEAERAAA,1.811523179640062e-05
EQAERDAARAA,0.0010542742675170302
AAEDERLAALR,0.0001744299370329827
DVAELAALLRA,0.07464298605918884
DAAERAARAAA,0.0017104827566072345
AAAREAAEAAA,0.00030467045144177973
DAAERAARRAA,0.0014787900727242231
ALAAEVDALRA,0.0007001579506322742
DRAAEDAAEAA,0.0031795515678822994
DPIDAELEARW,0.0014809481799602509
LTPLEAAALAA,0.0005221046158112586
SVELVDVVSLP,0.008104250766336918
DAARAAALAAA,5.149456046638079e-05
GLLLLLLLLLL,0.000309585127979517
AALEARLAALR,0.0006185940001159906
WTAEERAALRA,0.001784530933946371
EEAEEARLAAA,0.0006391232018359005
AAAEAAARRAA,0.010161117650568485
DSSAEAAAEAA,0.0018945032497867942
LEEELLELLEE,0.00035248236963525414
MEREEVETEEE,0.00023701161262579262
AAAARAARAAA,0.000362108345143497
DAAARAARRAA,0.0021750519517809153
AEAAAAAAEAE,0.00039540347643196583
AAALEAALAAA,0.0009180192137137055
MTAADREAAAA,6.676107659586705e-06
AELDAEAAARP,0.0024175718426704407
VAARDAEEAAE,0.00025572144659236073
GWAAAAAERAA,0.00020708823285531253
PLARLDAVRAE,0.000355581461917609
WDARLAAALAA,5.391663216869347e-05
DAAARAAADAA,0.0008588582277297974
DEADAAAAAAA,7.187965820776299e-05
EPLREEAAARR,7.654813816770911e-05
PLPLPVEELEA,0.008599608205258846
AALLAAAAAAA,0.0007000298937782645
EEAARLAAREA,8.633566903881729e-05
ELEELERLLEP,8.879283268470317e-05
EEAARDAELAA,0.0004160847747698426
ERALEEALAAA,0.00023872227757237852
ASDARIAALAA,0.0036493598017841578
GAAAAARAARA,0.00011819684732472524
WLAEAEARRAA,0.00032657990232110023
AAALEAERAAI,1.336876903224038e-05
MTLAERLAARA,0.0035605092998594046
DAEYAAAEAAR,0.017544211819767952
DAAAAAERAAR,7.536617340520024e-05
AEAEREAFRAE,0.0001467921247240156
EEEVLVLEEEE,0.00014405765978153795
AAAAERAAAEA,0.0003750106261577457
ALAELLAALLA,0.0008278363384306431
AAAAERAAAAA,0.00029179168632254004
GAAASDAARAA,0.0012404180597513914
SAAVDAALAAL,0.0011841439409181476
AEAARAAAAAA,0.0011610914953052998
ARSAEADALAA,0.000614631047938019
AAREAERAAAE,9.960200259229168e-06
AALAARDAARA,0.003298395313322544
DAEREARRAAA,0.0019521008944138885
VTERAPLPFAP,6.482039680122398e-06
ALAALLAEEEE,0.00011423993419157341
APLAATPVAPP,6.061092790332623e-05
DEAEAAREAAA,0.00023977483215276152
EARELARELAA,2.6404737582197413e-05
AEPWVSREELE,5.04490417370107e-05
GLAELLAALAA,0.0017954269424080849
AEEAEEAARRA,2.5393184841959737e-05
EWEAERAARRA,3.8510192098328844e-05
SEAERLAELLA,8.138600969687104e-05
DAAAERDAARE,0.0016096358885988593
AAADARAAELR,3.9540867874166e-05
GRAELEARLAA,0.00037903105840086937
DPAAARAAARA,0.0007123941322788596
DLAAEAAARAA,0.008910240605473518
DAAARRAAAAA,0.0008696253062225878
DEEDAEAAARA,4.0611117583466694e-05
DAAAREAAAAA,0.001678416971117258
DPGAASDAALA,0.002661102917045355
AAAAAEEAARA,0.0061222827062010765
AAYDARREAER,0.0009065025951713324
DPEAEAEARAA,0.0015073507092893124
GAEEELLALLR,0.0013323529856279492
LAALAALAAER,0.003596568712964654
DAEARLAALRA,0.0002925042062997818
DAAARNDARAA,0.00046095516881905496
ADVAAELAALV,5.898183735553175e-05
AEALLAALAAE,0.00031719799153506756
ELLALLEELLR,8.556399734516162e-06
AAAAAAREAAR,0.0012135172728449106
ALVAEAEARNA,9.786362352315336e-05
SVAALAAEVAA,0.018872829154133797
LEEELEARYAA,0.001282093464396894
AEAELEAERAA,0.00039582705358043313
YAAALAAEAAA,0.00023772791610099375
EEWLAELAARR,0.00032715435372665524
EEAEARSAAAA,2.534406667109579e-05
SAEALEEALRA,5.167720155441202e-05
EAERAAQDARL,0.0022157456260174513
SASEAALAAAR,0.00037259917007759213
DEEELARELAR,0.0010777688585221767
AAAAAAAVAAP,0.003264381317421794
DETEAEAAAAA,0.0006594453006982803
DAALDAAAAAA,4.662348146666773e-05
DEEDAAALAAP,0.00024334729823749512
VEEEIRARRAA,0.003427244024351239
DARAAARAAAA,0.00046688338625244796
AAATEAEWEAR,5.081819836050272e-05
AEETAARLAAL,8.500697003910318e-05
PEEAELERLLA,0.0002044562716037035
AEEAAREARYA,0.0004329904040787369
DAAREAELAAL,8.529638580512255e-05
AAAERAAEEAA,0.002982059260830283
AAAALAEAAAA,0.0005049530882388353
ALAELLALLLA,0.0007941367221064866
AAAEAAAARAA,0.009002486243844032
AAAREEAEAAA,0.00017371335707139224
AAAELAELAAR,0.00010769165237434208
GLLALLAELLE,0.00026110242470167577
LAAERLARELA,0.0003662075905594975
AAARAAALAAA,5.536079697776586e-05
FLAALDARAAA,0.0013738983543589711
AAAAEARRAAA,1.9478073227219284e-05
AAALLAALAAA,0.0007459535845555365
ALEAELAARRA,2.581877743068617e-05
AAVEEAAAAAA,0.0005588451749645174
EVPSRYQPVLL,0.00032947573345154524
EAERLARLLEE,0.0002278658066643402
WSLSREEEEAA,0.0009375087101943791
AAEAEREARAA,0.002777824643999338
AAAAADAELAA,0.0004045467358082533
AAAAARAAREA,0.0010868045501410961
DEAAWDAAAAA,0.00033531972439959645
EPDLLAQWAAE,0.0002144934842363
LEAEEAALAAA,0.0018872289219871163
ALAAELAADRA,0.0007764459005557001
DWEAEAAARRA,0.012645727023482323
ALLEELLELLA,0.0007977376808412373
GEAVAEEREAG,3.946374636143446e-05
SIAEERDAARA,0.00017741940973792225
VAAEAAAEEAA,0.0180609542876482
AAAEAAAEAAA,0.006006529554724693
EDAEREARLAA,6.538595334859565e-05
AAAARAAERAA,9.574024443281814e-05
DELAAERAAEA,4.7380079195136204e-05
VEAALAARVAA,0.00046246242709457874
AAAADAELALE,0.0015139241004362702
DLDARAAAQAA,0.005012877285480499
DRTPELRALLA,0.0013833352131769061
SEAREAEREAA,0.00021195328736212105
EEAARDAEWEA,0.0001446759415557608
AAEAADAAREA,0.006067010574042797
DREAARAAAAA,0.00036677595926448703
ALAARLAAAAA,2.9774566428386606e-05
GVAALEAEAAA,0.0015398681862279773
AAAEEAARDAA,0.00032753279083408415
AALAEALRAEL,8.375319339393172e-06
PAAARLAALLA,0.0006505859782919288
LAAEAAARAAA,0.007136892527341843
ALLLLEELLAE,2.4146176656358875e-05
DETEARLAAAR,0.0007362626492977142
AELAELLAELL,9.390114428242669e-05
DAERAARRAAL,0.0045249382965266705
DDAEAAARLAA,0.000633006333373487
LEELRARAAAE,0.00013845640933141112
GEPEVIEPPVE,0.0002643634215928614
GAAEELAAALR,0.0005779129569418728
DAASEAARAAA,5.792451338493265e-05
FEAEAAARDAA,0.00013973351451568305
AAAAERAAEAA,0.0006276999483816326
LAALEAARAAR,2.738712828431744e-05
ARAAALAARLA,0.00017582590226083994
MDEARLAALAL,0.00010530051804380491
AAAEEAAREAE,0.0004165258433204144
AAAEEAAAARA,5.996313484502025e-05
VDAIRAEREAA,0.00011888119479408488
AAEAEARAAAA,0.0017705127829685807
AAAATLAEIAA,1.03392649180023e-05
AAAEAAARAAA,0.008806658908724785
DEAARAAAAAA,0.0015794466016814113
ELAERRARAEA,0.00022414597333408892
ALEAERAAREA,2.1315107005648315e-05
AALAALAAAQA,0.0008579901768825948
AAARVAAAAAA,0.00017601603758521378
MTPRELARLAE,0.0010458070319145918
PAAERAAREAE,0.0005001701647415757
EEREAEREARR,0.00026693890686146915
WEEIEAERAAE,0.0003884462348651141
AEARLAAEAAA,0.0014787769177928567
SADARLAAAAA,0.00056498619960621
ALAEEREAELE,0.00031750151538290083
DALLEELRRLL,8.427718421444297e-05
AAAAVDARREA,1.3719997696171049e-05
AAAAAEAEAAA,0.0003866871993523091
SESDLEEALLA,0.0006298708613030612
DAAREAAELAA,0.0006650933646596968
SAAAEAEAAAA,3.087024742853828e-05
AAAREAAWAAA,0.00015832151984795928
ALALLLLLLLL,0.0006345713627524674
DEAAERAARAA,0.0016538628842681646
SAELEALAAAL,0.0007284688181243837
EALAERDAEAA,1.0551532795943785e-05
SLAEEEAARAA,0.0028306692838668823
SVPEREFVVEP,0.00022126559633761644
LAAAEAAAAAA,0.00018194987205788493
DEAEREARFAA,0.002032381948083639
EELTAEERAAL,8.832144521875307e-05
LAAERAARAAA,4.0177292248699814e-05
AEREALRAAAA,2.9236945920274593e-05
SAAALAAELAA,0.00020739153842441738
EEDELAALLAA,0.0006031669909134507
DAAEAARRAAR,0.028902241960167885
AEREARRAALA,1.2664457244682126e-05
SPAAEAAAEAA,0.0017736160662025213
MAAALDALRAE,0.0005076620727777481
AEREAARARAA,2.567799856478814e-05
AAVAAALAARE,9.924731784849428e-06
ERAARLAALRA,0.0003058857982978225
AAAEAARAAAE,0.008414091542363167
LAAVDAIAAAR,0.0015600725309923291
AAAEEARRAAA,0.000507511489558965
DAELAARRAAR,0.008533007465302944
AELDERAAAAA,0.00024046798353083432
DALDAELAARR,9.62361809797585e-05
DAAAAAADAAA,8.761959179537371e-05
AALLALLAALL,3.11623552988749e-05
AAARAAVAAAA,3.6098703276365995e-05
AAAAAAARRAA,0.006245695520192385
AEEEELRRRLE,0.00020947369921486825
AEAEARAAAEA,3.619643393903971e-05
SSAELAERLAA,0.0004007371608167887
SATEEQAAERE,0.00020990186021663249
DEEEARAAARA,0.00044639030238613486
PEAERAAREAA,0.0008884970447979867
ALAELLEQLLL,0.0002306658570887521
GDRVAAAAAAA,0.00015410507330670953
AAAERARADAE,0.0019558491185307503
GPSAAALAAAA,0.00010763022146420553
AEAERAALEAE,0.0012099751038476825
PLLLLLLLLLL,0.00012357131345197558
DASAAAAAAAA,0.0010608385782688856
EEEERLARLLA,3.1134430173551664e-05
AEELLARLAAA,0.0008446593419648707
DAAARAAALAA,0.002950712339952588
ATAAERAARAA,6.867664342280477e-05
EAAREAAHAAV,0.0002929590118583292
GWREELARWLA,0.00041378242895007133
AAAAEEAAAAA,8.23842638055794e-05
MTAAEARALAA,0.00015443452866747975
EAEAAARAARR,0.004396460484713316
SLAALFAEELA,9.417897672392428e-05
ELEELLRELLE,0.00017751190171111375
DAARSEAARAA,0.00024095739354379475
AAAAERAARRA,2.094547380693257e-05
AAERAAAAAAR,0.003863006131723523
AEAAAERAAEA,8.370140130864456e-05
AREAEWAAREA,1.6944753951975144e-05
AEAAEAAAERA,0.0028656378854066133
AEAELARLRAL,0.002295984420925379
AAALEALAAER,8.368168346351013e-05
AVAELEAELAA,0.002310138428583741
ALAELLAALLA,0.0006477253627963364
AEAARLAAELA,4.876183083979413e-05
FTFEELELPVA,0.0013472193386405706
DETDARLAALE,0.00023475509078707546
AAAAERDAARA,0.00031169402063824236
LEAERAARAAA,5.7004934205906466e-05
EARRLARELAA,0.0005271052941679955
LEAARAAREAE,0.0013374518603086472
AAAEARAAALA,0.0024236065801233053
ATAEETAAEAA,0.00040140445344150066
EDAERAAREAA,1.570774293213617e-05
AEREARRAALA,6.230613053048728e-06
ELEELLEELLA,0.0001279621646972373
RAARDAAREAA,3.6393528716871515e-05
REAEEAAREAA,0.0030225994996726513
ALAAELAAALR,0.0003878090647049248
AERAERRARIA,0.00020926856086589396
PSLAELLAARL,2.0312672859290615e-05
AEAEARAAAAA,2.19324829231482e-05
TYVPSPAVLAA,9.21348237170605e-06
MTASELEELAA,0.0005099158734083176
GRGEEAAAAAA,0.0007008124375715852
DAALEAARAAE,5.7855773775372654e-05
DARAEARALAA,0.00100389972794801
SAALEAALAEA,5.883876292500645e-05
ASAAEAAALAA,0.00491721136495471
EAAEERARALA,0.002425636164844036
DAAAEAVAAAA,0.005066553130745888
DLAAALLAALR,0.0019394084811210632
DAEREALRAAA,0.0020012320019304752
SLASELAELLE,0.00048371683806180954
AAAEEAAAAAA,0.00018290450680069625
PLVPESLLLPP,0.0015583839267492294
EERAERRRLEE,0.00021260800713207573
DLAAALAALAA,0.0038655505049973726
AAAAAARDAAA,0.0012774068163707852
LEELELLALLA,7.713107333984226e-05
AAAERAAREAA,0.0034586412366479635
DAEAAAAERAA,0.00014870309678371996
DELAAERAAAA,5.378667265176773e-05
WDAELEAEAAA,8.006151620065793e-05
RAAAEAARAAA,0.00025321540306322277
PAAEAAARRAA,0.00013718432455789298
AAARDAERAAR,0.00036243980866856873
VEARLAALAAE,0.002033257856965065
ALLAALLAELA,9.044367288879585e-06
AELAALRAAAA,0.0008055627113208175
AAAEREAELAA,0.0037796921096742153
AEEEERAAALA,0.00023428381246048957
WDAEREAEELA,0.0004949757712893188
AESDERAALEE,0.00033281874493695796
AEALEAAAAAA,0.0004583367262966931
ARDAELAALAA,0.0008144344901666045
EAAARAAARAA,0.00015007953334134072
MTAEERLAAER,0.00038822361966595054
MTLEQLRAERE,7.757289859000593e-05
DRAAERAAAAA,0.0011881066020578146
LDAEERARAAP,0.0003090153040830046
LTPEELAALAA,3.0314301966427593e-06
EEAAHDAERAA,0.00237740995362401
EREAERAARLA,1.4341692804009654e-05
AALDAELAAEE,0.0004873605794273317
AEEAARDARLA,0.004390240181237459
DRAARDAELAA,0.00312849972397089
ALAAEAAARLA,0.0038148050662130117
SEAERAARRAA,4.96155844302848e-05
GSAEADAAAAA,0.0010232934728264809
GLLEELLRELL,0.0015542239416390657
AALAEEARAAE,0.0005922197597101331
AEAEAAAEAAA,0.0001083045281120576
ALAAERAARRA,0.0001985025592148304
AAALAALLAAA,4.0904204070102423e-05
GAAADLAERAA,0.0002122473670169711
AAYEAERAAAA,0.052285823971033096
LAELLEELLRA,0.0004806435026694089
DEARAAAAAAP,0.00026126104057766497
GAARAAAEAAA,9.73154601524584e-06
PAPLTEEEWLA,5.850762136105914e-06
SAAAEADARAA,6.724768900312483e-05
SAALEAALAAL,4.6138786274241284e-05
AAREAARAAAE,5.629236693494022e-05
LDAARAAAEAA,4.062594143761089e-06
EAAERDARLAA,0.006211420521140099
DLAAWLAAQAA,0.0015257125487551093
AAAEAAEAAAR,0.035229239612817764
ADFAALLAAAL,0.0011830428848043084
AAAELEAIEAA,0.0003245295083615929
AAAAALAAALR,0.00024310832668561488
DAEEEARRAAA,0.00010186736471951008
LEAADARLAAA,1.3954897440271452e-05
AAERAARRAAA,0.007655970752239227
AAAAAAAVLAP,0.0062895165756344795
AEREARREALR,2.0730025426018983e-05
AAAEAARAAAR,0.009513426572084427
AAEEREELERA,0.0014319366309791803
ALAELLARLLA,0.0007440510089509189
AAEREARAAAA,0.0010230611078441143
ARAAERAAAAA,0.00014161586295813322
GAARLARRLAV,0.0002052412455668673
AEAERLAEALA,9.705500997370109e-05
SAALDARLAAL,0.0008809265564195812
LTAEERAARAA,1.126272400142625e-05
DARAAELEARA,0.0014921382535248995
ADELAALLAAE,0.0002144447062164545
SAAAAAEREAA,0.0022252399940043688
MEAYRAALEAA,0.0076546198688447475
DPRAAARAAAA,0.0007813650299794972
ADAELLAEELA,3.755424404516816e-05
AAAEERRAARE,7.27748338249512e-05
PLLLLLLLLLL,0.00018776088836602867
SVAELAALLAA,0.03206232190132141
AAAAARRAEAA,0.002772510750219226
DPAAERAAAAA,0.0036817044019699097
AAELDAAEAAA,0.000644409388769418
DEAALDARLAA,0.003374773543328047
AAAAELRALLA,1.4296126209956128e-05
LAARDAERAAL,0.0011248200898990035
AEAEREARRAA,0.0007807444198988378
LAERDAERAAA,4.180323958280496e-05
LDVAAEEALRE,0.005436318926513195
AEAERLARWLA,0.000380668236175552
DAAEAERAAAA,0.009980409406125546
ERDAELAARAA,0.00034581328509375453
AAREAARAAAA,3.776513767661527e-05
AAREAEAAARA,7.925444515421987e-05
EEEALEAARAA,0.00021218640904407948
LAAELAAREAA,0.003991167526692152
AEEEEAARRAA,0.0012004185700789094
EEEAALRAAAA,0.0005045020952820778
DARAAAAAAAA,0.0010185353457927704
AAAAAADEEAA,0.0028032322879880667
DRAARDAELAA,0.00344003620557487
AAAAAARAAAA,0.0015914803370833397
AAAEARRAAAE,0.0014047930017113686
DAELAAREAAR,0.0014187367632985115
DAARLAERDAL,8.251000690506771e-05
EEAARLAAREA,5.2308314479887486e-05
DAAAARAAAAA,0.00016796131967566907
ALLPVDEELLA,1.6722809959901497e-05
EAEAERAARAA,7.236420970002655e-06
DIAAEAAAAAA,0.0014846569392830133
AEAALADAALA,0.000358546560164541
EEELLRLLEEL,5.903491182834841e-05
AAELAAERAAR,0.013302039355039597
DEELEARRAAA,0.0009259576327167451
AEETDARLAAA,0.0006711565656587481
ALALELERLAE,0.0003433015663176775
AAAEAAREAAE,0.0029946453869342804
ELAELLAALLA,0.00040789967169985175
AAAAAERAARE,0.0011529051698744297
GAIRTPAPPRP,0.000645930995233357
REARLAALRAP,0.002227039309218526
SVAELRALVAA,0.018805263563990593
REAARAALAAA,0.0007189262541942298
AAEAEREARLA,0.00487007200717926
DEAEEAARAAA,0.0024721315130591393
AAVAEELARAA,0.001460927538573742
AAAAAAAAAAR,0.0020561539568006992
GAAAADAAREA,0.0001881409843917936
ALAELLAALLA,0.000737454742193222
GYLAEQEAAEA,0.00013471514103002846
EEREERRAALE,9.651482105255127e-05
AAADAAAAAAA,4.060541687067598e-05
EEEWEEARRER,0.00011167582124471664
SLLELLLLLLS,0.00011563683801796287
AEAEARAARLA,8.32340883789584e-05
AEAAALAAERA,1.7689641026663594e-05
SREERRAAERA,0.0003352273488417268
DLAELLAEAAR,0.0033799249213188887
MRPADLAALLA,1.3934271009929944e-05
DLAAREAELAA,0.003998571541160345
AAADEEREARE,0.0024766873102635145
DEFAARRAARD,0.0008273645653389394
AAAELAAALAA,5.691063415724784e-05
DEAARDAARAA,0.0015444486634805799
GEARRAAREAE,0.0019096662290394306
DARAAELAARA,0.0010375716956332326
LLPLLLALLLA,0.0007939708302728832
EEAEREARLAA,0.0001871370041044429
AEATLAELRAL,8.449811139144003e-05
ALDAELAALAA,0.0020051777828484774
GAAAERAAEEA,0.00011747231474146247
DRDAERAAEAA,0.0013924146769568324
LEEQLAEREAE,0.0011387703707441688
AEEAERDARAA,9.290924026572611e-06
AALAAEREARA,0.00020041174138896167
DAALAALRAAL,0.0017216161359101534
AAARRAAWEAA,0.00020861694065388292
AAAERAAAAAP,0.003255754243582487
PEAPPAAALPA,0.001755696372129023
AAAEAAARAAA,0.008886764757335186
SLEAELEALLR,1.3744419447903056e-05
AAAREAAAAAA,0.00020992923236917704
ELDAEWAAEEA,0.00013115833280608058
DADAEAAARAA,0.0019259359687566757
AALLAALLALL,3.078329245909117e-05
SQAARHAAIAA,0.0006194061134010553
MENELEAAAAA,0.009116090834140778
DAAIAALAAAL,0.0024050534702837467
AAAAAAAAERA,0.004269530531018972
ELLAEEIVREE,0.00026489977608434856
LEAEAAARAAA,0.003941673785448074
EEEAAERAAEL,0.000435465743066743
AAAAAEAAARA,0.012169796973466873
DAALAARAAAA,0.0005631360691040754
ASEARAAALRA,0.0018023125594481826
AAAAARAAERA,0.0044179316610097885
AAAAERAAAAA,0.0005019725649617612
RLAELLAELSA,0.00021857845422346145
AEELEELLEEL,0.00014753414143342525
LAAARAAAAAA,9.39990786719136e-05
DALAAAREAAR,0.00025950741837732494
ATAEELAALLR,0.00014603996532969177
DEAALEAARAA,0.0009834531228989363
AAAEALRAAAD,0.0014435108751058578
ADAERAAARAA,5.741088534705341e-05
AALLALLLALL,6.4854016272875015e-06
AAALDARLAAA,0.0037711968179792166
DAARDAAAAAA,6.510053935926408e-05
GAAIDAALAAI,0.0014586902689188719
SAHAAAERAAA,0.008898064494132996
MEERRAEAAAR,0.015697594732046127
ARDAELDAARA,0.00043478660518303514
AAAARAAAEAA,0.00018765314598567784
SLLEQLLQLLS,1.252647052751854e-05
AAADALAAEMA,0.0002631251700222492
AAALAAAAAAA,0.0004530441074166447
LDAELAARAAA,0.0006927056238055229
MAAAEERDAER,0.0004394686548039317
EAAERDAERDA,0.003617738839238882
DAAREARRAAL,0.0002455059438943863
AALDARRAAAA,0.0007446642266586423
DAAIEALAAAL,0.00010524540994083509
AEAAAREAAAA,1.90611754078418e-05
DAEREARRAAA,0.0017177651170641184
DEAARDAEAAA,0.0004691242356784642
AAVAAAAAARD,9.658682392910123e-05
SHAEERAAARA,0.031833864748477936
AEAEEAARRAR,0.0011853916803374887
DAARRAARAAP,6.519388261949643e-05
DAAAEAAAAAA,0.0025984011590480804
DAAREAAAAAA,7.132744212867692e-05
ALAAEAAAREA,0.006002239882946014
ELEALLAELLA,9.005467290990055e-05
EELEEELRELL,0.0001614691282156855
GLREYPPLSRE,0.00539284385740757
DEAEREARWRA,0.0013893535360693932
VRPTDEAALAP,0.0011772209545597434
AARDAALAALR,0.0001604689605301246
DAEAEARAAAA,0.0001701864239294082
DAEAEARRLAR,0.0005420622183009982
EEALLELLRRL,0.00013633766502607614
ALEEELERRRA,0.0004814606800209731
AELAELDARNA,0.00045115459943190217
AAEAAAAAAAA,0.010422823019325733
MSLEPLVDLPL,0.0044109714217484
LPLLLLLLLLL,0.00024282635422423482
DGDARVAALRA,0.014139043167233467
AEAEWLARELA,0.00039137047133408487
AELERLLEELL,0.00012882583541795611
AAAAARAARAA,0.0003691411984618753
LEAALAALAAE,0.0034096508752554655
AAAAERAAAAA,9.971699910238385e-06
DAEREARAAAR,0.0004846819501835853
ASAALHARLDA,0.001047445461153984
REAERAAREAA,0.0007061280775815248
AAAAEAAAAAA,0.0003380550188012421
TLAALAAARAE,0.00029871653532609344
SAEDAALEALA,0.002709900261834264
DDAALAARAAA,0.000304949760902673
ALAELLAELLA,0.0006437768461182714
AEARRAAAAAL,0.00043494024430401623
AEAAAARAEAE,9.790851618163288e-05
AEARAAELDAR,4.7950488806236535e-05
AAEAAARAARL,0.06671765446662903
MVTAEEAEALA,0.0005915279034525156
AEAEEEAAERA,0.0004721168370451778
DALDAEAEARA,0.00048468378372490406
EEREERRAAAE,5.742062421631999e-05
DLARELAEALA,0.002453140914440155
AEAALREALRA,0.00019765531760640442
ELEERRRARRA,6.042317545507103e-05
EVAAWRAEVAA,1.6702808352420107e-05
AAAAERARALA,0.0010892261052504182
SREARLAALRA,2.629152004374191e-05
AALEAEEAAEE,0.006546513643115759
GDSAELAALRA,0.0007589023443870246
DAAARAALAAA,0.003064580960199237
SEAERLAVELE,1.845844235504046e-05
ALAELLAAAAA,0.0002575960534159094
DAALLAELLAA,0.001074475236237049
VDAEIAAADAA,0.007539881393313408
AAAELAAEAAA,6.233382009668276e-05
DLEAEWAARAA,0.004157735034823418
DPEREAEDAAL,0.0007510877912864089
ALEELLAALLA,0.0006184678641147912
ARAAERAAERA,0.00017723659402690828
AEAAAERAAAA,1.6214082279475406e-05
AEAAREAERAA,1.6389041775255464e-05
ALEELLEELLR,0.0003940471797250211
SLDELLKLVKE,0.0008250978426076472
ARAAEDAALAA,0.0023934219498187304
DAAYRAALAAR,6.19962956989184e-05
ELAALLEELLA,0.0001020308627630584
ASIEELRALLA,0.0004968169960193336
EAEALAAARRA,8.19699780549854e-05
PPAPERTELPE,0.00039124838076531887
LAAEADAAVAP,0.008823959156870842
DAALQARLDAL,0.0014238813892006874
SEAAALAEELA,3.166989336023107e-05
DAEYAAELAAE,0.022877894341945648
EAAEAELAARA,0.0066541386768221855
REALEAEWEAR,3.785638546105474e-05
SAAERAALLAE,0.0014136831741780043
EEEERRAEREA,0.00019463813805487007
AAAIAAARAAA,0.00017104971630033106
DEAAEAAAAAA,0.002107705920934677
AASDARLAALR,0.00037045538192614913
EAEARRAALEA,0.00019622044055722654
SALRPPPPPLP,7.214973265945446e-06
DAAAEARRAAA,0.0020198679994791746
DAAELAAALAA,0.0008321724599227309
DAEELAEALAA,0.0001323255564784631
AAAEAARAAAA,0.005064627155661583
AEAAARAAAAA,2.0357698303996585e-05
DAEAAARAAAA,0.0010956539772450924
AELEALRAERE,0.00012616235471796244
AAEAELRALLA,0.0004034335142932832
EDAELAARRAA,0.00010470860433997586
DLAALLAELLA,0.002251188736408949
AAARLAEELAA,0.00019164319382980466
AARLAALRAAA,5.97050238866359e-05
AEAAARAAALP,6.769219180569053e-05
DAAYRAELAAR,0.0002828571305144578
AEAAERAARDA,2.711504203034565e-05
SADARIAALRA,0.00025261848350055516
EEADRRAAERR,1.5030376744107343e-05
DEERERELAAP,6.145192310214043e-05
DAAARAAAAAA,0.0012375651858747005
GEAERAAEEAA,0.0010125976987183094
SHSAELDRLAA,0.0018804218852892518
DERAAEAAARE,0.0010072961449623108
SDAALAAAEAA,0.00038393677095882595
DAAAAAARAAA,0.0001449952251277864
AREEFERELEE,2.9985461878823116e-05
AEARAAAAEAA,1.1563478437892627e-05
AAEAARAAAEA,0.0349445715546608
AERAAREAEEA,6.0589565691770986e-05
AALEAHRAEAA,0.012829435057938099
DLLARLDAVRA,0.00042452692287042737
PTVAPVELPPE,0.00038925581611692905
APRLPSVLLAE,4.379173697088845e-05
DPAAARRAAAA,0.0015334306517615914
DAELAAREAAE,0.00128810980822891
DEAERLAEELA,0.0006926002679392695
SLAALLAAAAA,0.0004933543386869133
DLAAAEAARAA,0.0033891412895172834
ALAAELAAERA,0.0005573214148171246
AALEELRRLLE,0.0002023905690293759
SELERLAEELE,0.000320315855788067
MAAVEAEREAA,0.0013860438484698534
AAAERRARLDA,0.002385531784966588
AELAAREAAAA,0.0004074429743923247
WDAEVAAARAA,7.013361755525693e-05
SLLEELLEELL,0.0005082251154817641
VPPQPPLVVGA,0.004314576741307974
DAADAAAEAAR,9.682270319899544e-05
