sequence,pred
DRDAEAEARAAA,5.522115316125564e-05
EEEEAERAARRA,1.906448414956685e-05
GAAEELRALLEA,0.00012192871508887038
ELLLLLLLLLLS,0.000195002430700697
AAALAAELAARA,0.020910795778036118
LAARIDAALAAI,0.0012626922689378262
AAAAREAAEAAE,0.0019993670284748077
DLAAEAAARAAR,0.006133883260190487
AAREAAREAAAA,0.007163707632571459
DAARAAREAAEA,0.009777695871889591
EDAELDARRAAL,0.00041758414590731263
AAAAEAAARAAR,0.012009256519377232
GAAQELEELLAP,0.001636506523936987
AAAEARARAAAR,0.02154644951224327
AAERAAAEAELD,3.089355959673412e-05
EDAAIEAARAAA,6.891114026075229e-06
DAEYEAARAARA,0.05769885331392288
DLDAELAARAAA,0.0016359059372916818
AREAERAAREAA,0.00010202160774497315
AEAAREAEAAAA,8.349988092959393e-06
AAAAAAALAALR,0.008262619376182556
ERDLERELEELL,0.00023230638180393726
SWRALLAEWRAE,0.0004642040585167706
ALAELLALLAAA,0.0004944466636516154
SLEELEELLRRL,0.00017066785949282348
MDAELLAEELAA,0.0004531755403149873
ADEALLAAADAA,0.00018573968554846942
GLAELLALALLA,9.555967153573874e-06
RAAEEAARAAAA,0.006407623644918203
DLAAREAELAAR,0.0005972839426249266
DSAAERAAAAAA,0.015597201883792877
AERERRAAERAA,0.00020146381575614214
AREAAAEANAAA,0.00012438891280908138
MEERLEALRAEE,0.003423477988690138
REAEREAARAAA,0.00027753159520216286
REAARAAREAAA,0.0054855793714523315
ADARAAALRAAL,4.390598405734636e-05
LEAERAARRAAA,0.0013647687155753374
GAAADAEAAAAA,0.0005415290943346918
EAARAAERAAAR,8.583426279074047e-06
FEALLAALEAAR,0.00018442214059177786
AEEEAEAAARAA,0.0036681131459772587
GARYAALLAELA,0.00048763962695375085
DETAARLAALKA,0.016716301441192627
DAAAAERAAAAA,0.009848164394497871
DAAAEAALAAEE,0.03132777288556099
WEAELAALAARL,0.1303592324256897
MAAVDARVEAAL,0.0007658488466404378
SDAEIAALAALL,0.004417561925947666
ELAALEAERAAR,4.290132892492693e-06
LDAELAALRAAL,0.008498843759298325
ESAAEAAARRAA,0.0005683209747076035
AEAEAAAAARAA,0.005850635468959808
AAALAALLAALA,0.0034189666621387005
AAAARDAALAAA,0.0008413092000409961
AAAADALAAEWA,0.000528764387127012
SLAEELERAAER,0.0015291452873498201
DAAAAAALAALA,0.021732106804847717
LAALEAERAARA,0.0004791196552105248
AAAARDAEDAAL,0.001341967610642314
DELLARLAALAD,0.0005345431854948401
EEAEAAARAARL,0.004189185332506895
AEEAAIDAELAA,9.198088082484901e-05
EEAELEREAAEA,0.00033740364597178996
SAARVEAFRAAL,0.00011490372708067298
AAAEAERAAAEA,0.01709207333624363
DAEALLAEVRAD,0.004074918571859598
ASAARRAAAAAA,0.003787469817325473
DAARAAALAAAR,0.00277053564786911
DAAIAALAAELA,0.013180045410990715
AALEAEWEALWA,0.0005541720311157405
WEEELAARRAAA,0.008490168489515781
AEELAEDAARRA,0.0038370348047465086
DAAARAARAAAE,0.014940130524337292
ADAERAAALAAD,0.0022445139475166798
AEALRAEREAER,0.00012277082714717835
DARDARLAALRA,0.002883217530325055
EAELAARRAERA,0.0006674624164588749
SLAARLDALRAP,7.877413736423478e-05
AAAAAERAAERA,0.007589145563542843
AADAAAALAAAL,2.8507874958449975e-05
AEAAAAAEAAAR,0.017002655193209648
DAAARRAAAAAA,0.013650056906044483
AAAEAARAAEAA,0.03815160319209099
SLAELAARAAKV,0.00801955908536911
DLAELLAAALAA,0.0019901704508811235
LPAWAALAAERA,2.017568112933077e-05
DAAIAALAAAVR,0.01574837602674961
SAAARDAEIEAE,0.00012905588664580137
AALAALLAAAAA,6.776171358069405e-05
VDAEAAARDAAA,0.04543318226933479
DAESEARAAEAA,0.020330466330051422
ADAEIAALRAAL,0.009486217051744461
DAEAAAAAAAAA,0.010982631705701351
EESELRRALEEA,3.722022665897384e-05
AAAADAARAAAA,0.0010832227999344468
AAERAARRAAAA,5.0718767852231394e-06
AAAAEAARAAAS,0.005410389509052038
ALLEELLRLLEE,0.0006361660780385137
GALAELLALLAA,0.00026831324794329703
AAAEAARAAAAA,0.025343865156173706
AAAAEAEARLAA,0.007602273486554623
DAEREAREAAAP,0.006889840587973595
AVDAAVADALAE,0.0042473021894693375
GGAAAGAAGAAE,0.00012815582158509642
AAAAEAAEAAAA,0.022209499031305313
AAAEEAARAALP,0.055673398077487946
EPEPELEDRPLP,3.0890175821696175e-06
ADEEEAAARRAA,0.0007974475156515837
DAARRAALAAAA,0.021594928577542305
VAARDAEAAARE,0.09869355708360672
AAAAAARRAALA,0.018939092755317688
DALDAEAAAAAA,0.0010719558922573924
AELEARRAAREA,0.001066525699570775
DARAAALRALLA,0.0009268149151466787
GEARAAALAAAA,0.0009116369765251875
REARAAAAAAEA,0.0030386780854314566
DAAAAAAAAEAD,0.02428979054093361
AEAEAAARDAEE,0.008356962352991104
DLEAELAARRAA,0.0006195392343215644
AAETEAEAAAEA,7.177009592851391e-06
AAAARAAAAAAA,0.005295571871101856
EESELEELARLA,0.00041090906597673893
PLAALDAIAAAR,0.0009955341229215264
MEAHLAALDALA,0.02523447759449482
ELEEELAAAAAA,3.5047166875301627e-06
AQAARDAAEAAE,0.00045816058991476893
GEAREAEREAAA,7.881608325988054e-06
AEARAAAAAAAE,0.0005269820103421807
GEAEAEARERAA,0.00013122984091751277
AAAARAAAAEAE,0.00529415812343359
AAAELAAAALAA,0.012098480947315693
AAADLARELAEL,3.62330574716907e-05
DALFQAYRAEEA,0.07387913018465042
ATAEALLAELRA,4.450633241503965e-06
SAADAAAAARYA,0.00021504775213543326
DAEAAARAAAAA,0.014064447954297066
ALAAALEREARA,0.0005627552745863795
AEWDAERAARRA,0.0003439692372921854
AAALDAERAARE,0.009043845348060131
SELEAYRAELRA,5.199608494876884e-05
SIAELEALLAAE,0.0004026558017358184
DAALAARDAARA,0.030055083334445953
GEGGLAGAAGLL,0.06082469969987869
GAALLARLAAAR,0.0062155514024198055
AWEALRAAAEAA,0.006216759327799082
GEEVETREVTLP,2.5900488253682852e-05
AAAEAAAAAAAA,0.04317858815193176
SAAAAALAAALA,0.00019909375987481326
ERAAEREARAAA,0.00029575053486041725
AAAEAREAAAAA,0.02273688279092312
LTPEELAALLAE,0.001469647279009223
REAERAERAAER,0.0029617196414619684
SAAALAAELRAA,9.549926471663639e-05
EAERAAWLAERA,7.471961907867808e-06
DERAAELAARAA,5.2753348427359015e-05
EGELEEELAALA,5.485645669978112e-05
AALEAELAARAA,0.001456573256291449
DAARAAREAARA,0.009930922649800777
AAAAETAAAWAA,0.00947361346334219
EAAARAAELAAL,0.00027552584651857615
AIAAELEAEEAA,5.687207158189267e-05
EAARAARLAALE,1.3994164874020498e-05
DAALLAALDALA,0.026873378083109856
ALLAALAAALAA,0.0010382212931290269
DAARAAAAAAAA,0.004666380118578672
DAAREARAAAAE,0.017471682280302048
AAAAEAAARAAE,0.024639450013637543
GAASAARAAALA,0.006244507152587175
DAAVAELRALVA,0.07782608270645142
AEARRLARALAA,0.0004802463809028268
DAAIAALRAVLA,0.021914103999733925
EAARRAARDAAA,5.7299483160022646e-05
ELEARAEAARAE,0.0010970178991556168
EEAARDAERAAR,0.0010610829340294003
SAARLAERAALR,0.0006479579024016857
AEREAERAAEAA,0.0001027416656143032
SALAAAAEARLA,1.726847403915599e-05
AAAAEARAAALA,0.0037941699847579002
GLSLEELLLLLE,0.00022136988991405815
AAAAAAAAARAA,0.018494317308068275
ASVAALRAELAA,0.0024852734059095383
DPLAARDAERAA,0.0002660801983438432
GAAEEAAAAAAA,0.0358244888484478
AAEEEARRAELA,0.00035855575697496533
AAAAERAAREAA,0.024031884968280792
AAAESRARAAAE,0.04738814756274223
DAEAAALRALVA,0.025091705843806267
AAAAAAAAALAR,0.006197267211973667
AAAAEAAARAAA,0.016182098537683487
SREAERAAQEAA,0.0001327475911239162
GAALRDALEAAA,0.002201917814090848
ALLEELLAALLA,0.000448245438747108
ELAEELAALLAA,0.0007996733766049147
DAAARAAAAAAA,0.012414435856044292
AAEELRAEREAE,0.0010291764046996832
AAAAEAAAAAAA,0.014835340902209282
LEALRAELAAER,0.0001854773872764781
SAALEAARARLA,0.0003871424705721438
AAEEEARAARNA,9.138582390733063e-05
AAEAERAAEEAA,0.001631533494219184
AALAERDAERAA,0.0004929813439957798
LDALAAERAARE,0.0002775084867607802
AEFAARRAAAAA,0.00044411132694222033
EAAAREAAREAA,7.91481670603389e-06
AELAARDAAAAA,0.004512664396315813
AEEELERLRAER,0.00036690320121124387
EYRERRRAEEAA,0.32468950748443604
SRAAEAAAAAAA,0.0010018519824370742
AALEAEREAERA,0.0018062216695398092
DEALAAARAAER,0.008823806419968605
GLAELLAALAEL,1.9183000404154882e-05
DLAAREAALAAA,0.0016071497229859233
RAARRARLDALA,0.002873667050153017
EEAERLARELAE,3.9216636650962755e-05
SEAAARDAAAAA,4.202815762255341e-05
DSAAERAAAAAA,0.019711844623088837
AARREELRRLAA,0.0004246866446919739
AAARAAAEAAAA,4.576378159981687e-06
AEEAERDARLAA,0.0016273146029561758
ELAALAAERAAL,0.0007975469925440848
REAARAAAEAAA,0.008719716221094131
ERAAENAARLAA,0.000137786686536856
SEAEAAAAAAAA,0.011681126430630684
AAAAAAAAAAAA,0.014142248779535294
ERAAEAAARAAA,0.0001818181190174073
DTAARLAAAEAA,0.00039119471330195665
AEHAAAARAEAA,0.038997091352939606
LAAVAAARAAAA,5.239601159701124e-05
DARIAALRAELA,0.00515086529776454
GVPDAELAAWRA,8.228638034779578e-05
ERAAREAARAAA,5.630819941870868e-06
EDRDARLAALEA,0.00021666496468242258
DLEAEEAARAAA,0.011620831675827503
EELEEREAALAA,0.00022211599571164697
ALAAAIRAESEA,0.0002733184664975852
AAAADAARAAAE,0.002321980195119977
HMADLLAAALAP,0.00028605107218027115
ALEERAAAKAAA,0.001180121093057096
SLAAERDAARAA,0.010707870125770569
AEARLAAADAAA,0.0010139403166249394
SDARIAALAAAV,0.0001375624124193564
DEAAAAARAAAL,0.010376011952757835
AAAEAARAAAER,0.03867434337735176
DEEEEELEALLE,0.0031069419346749783
MTLAELEAALAE,0.0010082443477585912
DRAAREAARAAA,0.00175290007609874
SSADAIAAELAA,0.00018747206195257604
AAAEEAARAARR,0.07449005544185638
AAREAERAARAA,0.004199453629553318
SAAELAALLAAE,0.0037703905254602432
LEALRAEAAARR,0.00019592799071688205
SDARIAALAALL,0.00021847935568075627
SAAAREAALAAL,0.00011316118616377935
DAAERDARVAAL,0.1121058315038681
DARAAALAARAA,0.0008035010541789234
AAAEEAAARAAP,0.06085770204663277
ELAELLAALLAA,0.0007755782571621239
AAAEAEAAAALE,0.02793879061937332
SEDALRRAARLP,0.0006302897818386555
DAEAEARRAAAA,0.014331363141536713
TDAAADARRAAA,0.0004144260019529611
ADAARDAARAAR,0.0005457679508253932
DAEVDAAWAAER,0.0021746146958321333
AEEAAERAARLA,0.0024203856009989977
DRAAAAAALAAR,3.184630622854456e-05
AAARAAAAAAAA,0.00020509399473667145
AARLEARAAAAA,0.0017328469548374414
LPPAVLLALLLA,0.0002416619099676609
AAIAARAAARDA,0.0011547672329470515
DAARAAREAAAA,0.011438179761171341
AAAAAAAAAAAA,0.022735649719834328
AAARAAREAAAA,5.948294528934639e-06
AALAERDAERAA,0.0006517958827316761
DLAALRAAARAA,0.0006929886294528842
AAEAAEAAARAA,0.0011506620794534683
LAEAEARLAALE,1.1413657375669573e-05
EAAREAARAAAE,0.000126169717987068
LPLLLLLLLLLA,7.710910722380504e-05
SLAARLDALRAE,0.000447173195425421
AARAAERDALLA,3.267509600846097e-05
AEAEREERAAEL,0.0021863915026187897
DAEAEAAARAAA,0.02499689906835556
GSAAEAAAAAAA,0.0529799610376358
PLLLLLLLLLLE,0.00014182996528688818
AAERAARDAERA,8.20506684249267e-05
GDARAAARAAAE,0.00010188167652813718
GDLDSRAAALLA,0.0041304342448711395
AAAEAEAADAEE,0.02361389994621277
SLLARLAEIAAE,0.0003228815330658108
FAALAAAAAARA,0.05998427793383598
AEERALAAELAE,0.0004159236850682646
ADAEAAAFAATL,0.0028383461758494377
ATPAAELEARLA,0.0012028084602206945
DLAAEAAARRAA,0.010265984572470188
DLAARDAERAAL,0.0001351318060187623
AEAAAAAARAAR,0.004951029550284147
AEAAAADARLAA,0.0027266028337180614
ALLEELAAALAA,0.004023802932351828
PAAAALAAAAAA,0.00027774792397394776
DARAAEAAARAA,0.00025899294996634126
AAWAAERAAEAA,0.01115258689969778
ARAAERAARLAA,0.0002999837161041796
AEREARRAAAAA,0.00010627060692058876
GEEEAAARAAAA,0.0008995963144116104
AAEAEARLAALR,0.0006062327302061021
ALLALLLLLLLL,0.0005812824820168316
SALAERDAEAAA,0.0007951810257509351
ELEELERLARRA,4.575623097480275e-05
GALDAELAAEEA,0.00035180445411242545
PSAAEWAAERAA,0.03716837614774704
LDALAAALAATL,0.0005175584810785949
MSLEELLLLELL,0.0001600735995452851
SAAEAEAREAAT,3.9831717003835365e-05
AAAAAAARAAAA,0.006710391025990248
AALDAIRAERLA,0.0004695873358286917
GAAAREAEREAA,0.0005199725273996592
EAAELARELARE,0.00011586121399886906
DAAREAAAAAAA,0.01472516730427742
VAAEAEAEAAAR,0.04662928730249405
DREEEELAALLE,0.0003929221420548856
AAAAARAAARAA,0.0016605487326160073
DLLARLEAALAP,8.97396748769097e-05
SAARRAALDAAA,0.00014790083514526486
EWEAERAARAAA,0.005494333803653717
RAARRAARAAAR,0.0014319998444989324
DEAEAAAAAARL,0.047604963183403015
ASAAELAALLRA,0.0024050662759691477
DLEAERAAAAAA,0.0007887542014941573
LSPLELLLLLLP,0.0001036691028275527
SDAASAAARAAA,0.0034189580474048853
DAAAAAAEAAAL,0.01878446340560913
DAAAARAAERAA,0.03223858401179314
AAEREAERAAAL,4.6337790990946814e-06
SAAARAAAAEAP,0.00016885038348846138
AAAAAAAAAAAA,0.01316605694591999
ASVAELAALLAA,0.009434528648853302
AEERAAELAARA,3.266959174652584e-05
MSAEEREALAAA,0.004885196685791016
EEALEERLALRE,4.230370541336015e-05
DALRAALAAARP,0.00015532573161181062
SLAELDAERAAE,0.000317456346238032
AEEEAERAARRA,0.0014487745938822627
DLAARRAAREAA,0.00038493366446346045
DAALAAAAAERA,0.05362854525446892
AADAAADAERAA,9.021920050145127e-06
GAEEREAERLAE,0.0007926172693260014
SAAEIAALAAAL,0.007111677434295416
AYEERLARRLAA,0.0008741483907215297
ALLALLLALLLA,0.000332097290083766
EREAERAAARAA,3.347663368913345e-05
AAARDAARAAEL,0.00020196101104374975
AELAALRAELAA,0.00039336810004897416
WAEERAAAEAAA,0.024508381262421608
DDAAVDARLAAL,0.00018950170488096774
LDAARAEAAAAR,0.0017269643722102046
AAEAAERAARAA,0.005569488275796175
SLEELAAQLDAL,7.4199306254740804e-06
DLAAELAAERAA,0.0008872933685779572
EAARAARDAALA,5.467984010465443e-05
DELAAELAARRA,0.00022925458324607462
ALAALEAERAAR,0.0010984997497871518
LAEAVQTPAYVP,0.00035861789365299046
SDAELEALLRAL,9.349598258268088e-05
SDAAVAALRAAL,0.00035243231104686856
DAAIEALRAELA,0.03193407505750656
WEAERAADRAAR,0.05662843585014343
DAALAAAAAAAA,0.05289429426193237
DLAAEVAAAAAA,0.004485732410103083
YRAALEAEEAAE,0.0077851759269833565
DERRAARAAAEA,0.00034421563032083213
PAAEAAAAAAAA,0.004264199174940586
EEAERAAERAAR,0.0006010057404637337
DAREAARAAERA,0.007400168105959892
AEEYAARLDAAR,0.0012981382897123694
AEREAAAAARAA,1.2212805813760497e-05
AADAAAAAAAAA,7.17383372830227e-05
EEVLPAAPLWVL,4.033527602587128e-06
DAAIAALAAALR,0.03033669851720333
AEREARRAAAAA,0.0001277321280213073
EAERAAADARRA,0.00018472368537914008
AAAETDARFAAA,0.05171327665448189
VAAEAAAAAAAA,0.29790356755256653
AEARAAARAAAA,0.00022004857601132244
AEAAERAAEAAA,0.0025265340227633715
PLVAPREVVVEE,0.006355986464768648
DAERAAYRAALA,0.010516153648495674
VAERDAERAAAA,0.0007205457659438252
GAADARRAAAAP,0.0016810678644105792
AAEEARAAAREA,1.173516739072511e-05
SAEAAARADAER,0.0008589096833020449
AAEAAERAAERA,0.003319245995953679
DETDARLAALTA,0.007336253300309181
DARAAELAARAA,0.0003504909109324217
DAAALAAADALA,0.008420520462095737
GREAELAAARAA,0.0005103305447846651
TEAADAADAAEE,0.0006898115971125662
REAETEARAAAA,0.005434727296233177
AAEEAELRARAA,0.0013985648984089494
DAERDARAAAAA,0.005088692996650934
PAAEAAAEAAAA,0.0038855401799082756
AAAAAAADAERA,0.016661694273352623
LEAARAARAAAE,0.00022387273202184588
GEAYLAAQAAAA,0.07704497873783112
EEELAEQRARAA,7.426126103382558e-05
AAAADAAAAAAA,0.0015956858405843377
SVAELEALLAAE,0.05163820832967758
AADAARDAAEAP,0.00045732627040706575
AAAADAAAAAAA,0.0016254661604762077
LAAADAERAAAE,0.0007238101679831743
AAAAAAAAAAAA,0.012339361943304539
AAAERAADAAAR,0.038127053529024124
EAAALAAELAAA,0.001647815341129899
MEERRARRAAAE,0.03068104013800621
AGALARLEEALE,0.00030286036781035364
AAAEAERAALAA,0.011517985723912716
AEAERAAREAAA,0.004985885228961706
AAEAAERAARLA,0.0037129567936062813
ARAELEAAEAAA,0.000739139097277075
VDALVAAREAAR,0.06687570363283157
AGDAERAAEAAE,0.00034836542909033597
YREELRAEAEAE,6.262669194256887e-05
ALAAERAARAAA,0.0006153938011266291
AAREAARAALRA,0.005952083505690098
DEEAAARAAARA,0.004126878920942545
DARAAAVDALAA,0.0013404226629063487
AAAAARAAERAA,0.01902657374739647
DAEAAARAAAAA,0.03749779239296913
LAAEREAAAAAR,0.00013399012095760554
REAARAALAAAA,0.00907036941498518
LAERDARLAALR,3.526716318447143e-05
AEAERDARSAAL,0.0005276266601867974
DAAIEELAALVR,0.029076550155878067
AELEAERAAREA,0.0007843886269256473
AREAERAAARAE,4.276515028323047e-06
AALLAALLAALA,0.00022056691523175687
AAEREAEAAAAA,4.920500941807404e-05
SASAALAAAAAA,0.0006143009522929788
AEARAAERAAAA,0.00016974334721453488
ADARAAEAAAAA,5.2947700169170275e-05
DALAARREAEEA,0.005984022282063961
AAAREAERAAAA,0.0016499697230756283
AAAAEAERALRE,0.010426299646496773
AAAEAARDAEYA,0.0642276480793953
AAAAAAAAAAAA,0.011887765489518642
SAALAAERAALA,0.0013047754764556885
LAARDAERAAEE,0.00039144392940215766
DFAARLAAARAE,0.00035254325484856963
REAERAAREAAR,0.0030466788448393345
AEAEAAARDAAA,0.01111485157161951
AEAYRAELEAER,0.007433142047375441
SEAAERAALDAL,0.001941509428434074
DVEALAALLRAS,0.007938305847346783
AAARRAALAALR,0.0036521744914352894
AAARRAAAAAAA,0.0009265675907954574
AAAAEAAIAALR,0.03579279035329819
AAAAAAEAAARA,0.02654174529016018
VAAAAAEAARRR,0.14803078770637512
AEERAAAEARAA,0.00020936962391715497
LAAIAEARAERA,0.0011948496103286743
AAAEAAALAAAA,0.03438210114836693
SAAREAAREALA,6.142277561593801e-05
DAHAAALAAAAA,0.05996454879641533
PVIETRPLEPLP,0.00014303860371001065
GSIEALAAELRA,0.00280594895593822
AASDAELAALEA,0.002708601765334606
AAAADAARAAAE,0.0006084276246838272
DLAARAAEAEAA,0.0004970478476025164
AAAAEEAARRAA,0.007550481706857681
AAAVDAEVAAEL,0.00039188857772387564
DAAAAAREAAAA,0.010291610844433308
AERAAERAALAA,4.0846211049938574e-05
DAEAEARRAALA,0.00920485146343708
AAEEERARRAAA,3.828253466053866e-05
AEEAEEAAAAAA,0.001010958687402308
PLLLLLLLLLLL,7.01675598975271e-05
LAAESAARAARL,0.015301746316254139
ERAARDARAAAL,3.234762971260352e-06
MAAWLAAIAALP,0.00028655448113568127
DAAIAELRALVA,0.008127300068736076
ELLLELLLLLLA,0.00012943323235958815
LAALAAARAAAA,0.0013094156747683883
EEEEARREAERA,8.80974403116852e-05
DEARRAEADALA,0.003911510109901428
PAALEAAAAARR,0.003719814121723175
EEAALAAEREAE,0.0005726622184738517
AERAAEEAALLA,5.2141007472528145e-05
DAAEREAELAAA,0.05250514671206474
EEAALAALRAAL,1.4976052625570446e-05
AEEEARAAELAA,0.003093031235039234
AAAARDAERAAA,0.0006972492556087673
SAALEAELAAED,0.0002463058626744896
AAAAAAEEAAHA,0.022219881415367126
EAERLRELLAAE,0.0001938461937243119
AAERLLRDLERA,0.0004012314893770963
EDAALDAAAAAA,0.0001837435265770182
AAAASAARRAAL,0.035631563514471054
ALDALRAARAAA,9.816406236495823e-05
LEAVAAERAARE,0.00011332063877489418
AAALAALAALLA,0.006941286381334066
ELAELDARLAAA,9.149930701823905e-05
GEEYLARREAER,0.001024332013912499
EAERAARRAARA,7.922140503069386e-05
ALLEELLRALLE,0.0003276799980085343
SDARAAALRAAL,1.2461050573620014e-05
AAAERAAADAAA,0.015730245038866997
ALAEELAELLAA,0.0014722300693392754
AAAEAARRAALA,0.04989124834537506
AALDAIAAEAAA,0.00279002427123487
DAEARRAAAAAA,0.014366206713020802
VAARLDAALAAV,0.10056868940591812
AAADAARAARAA,4.925183475279482e-06
SAARDAALAALR,0.0002184911718359217
DLLSLLLLLLLL,7.342312892433256e-05
EAAAEAARAAAA,8.932183845899999e-06
LAAERAAEEAAA,0.0016332293162122369
ADAELAAALAAD,0.00038770693936385214
AEERRAEVAARL,0.00013696853420697153
SAAEREARRAAA,0.0009521025931462646
GAELRAELAARA,0.00829645898193121
ELAALAAARDAA,6.467442290158942e-06
DLDAELAAERAA,0.0005015120259486139
DEAEALERALAA,0.009484082460403442
DAVAELRALLAA,0.00014735793229192495
LAAERAARDAAE,0.0012380203697830439
DAAAEAARAARE,0.030102502554655075
AAAEAAREAELA,0.024937916547060013
AEAALRAAEAAA,6.384830339811742e-05
AEEEALLAAFLA,0.00023737814626656473
RAEVAAERAARP,0.0013207205338403583
AAEAEREAARAA,0.001133959973230958
SVEALEAEEALE,9.557709563523531e-05
AEAEARAAALAA,0.0009193546720780432
AAAAAAAERAAR,0.012368329800665379
YAAALAAEEAAA,0.020984290167689323
DAALEARAAELA,0.02132728323340416
AAAAAALDAERA,0.006788492668420076
DAAREAALEAEE,0.013314521871507168
EREAERAAREAA,0.00011146126053063199
SALLELLAERLA,0.0001436411403119564
GLAEADAREAAA,4.1519080696161836e-05
AEEAALAAALAA,0.0019125397084280849
PLARLAEIAAEA,0.0012143902713432908
ARAAEAAAAAAA,0.002790451282635331
LAAIAAERAARE,0.00018113166152033955
ERDAELAARRAA,0.00014284247299656272
AAAARDAAAAEE,0.001065238262526691
DAALAALLALLA,0.06836588680744171
DAAAAARDAELA,0.020375898107886314
DAATDAALAAAA,0.03717920556664467
AEAAERAARRAA,0.0035715207923203707
GAAADAAAAAEE,0.0009224200621247292
LEELRAAEAAAA,0.0001026001336867921
EAAEREAAAAAA,4.783138592756586e-06
LLEELEELLERL,0.000278301362413913
EAERAARDARAA,9.563991625327617e-05
DAALAAAEAAAA,0.05007067695260048
AEREAERAARRA,6.299372762441635e-05
AALLAELLAELA,0.0001311001251451671
EWEAERAAWEAA,0.007843352854251862
DAEADARRAAAA,0.0067039234563708305
FEPYVERPVLRP,0.004599282518029213
LDAERLAQELAE,0.00012119878374505788
EEREAARAARAA,0.0014782682992517948
DPAAAAAEARAA,7.277299300767481e-05
AAAVAAETAAEY,1.971309757209383e-05
AAAAERAAESAA,0.009712640196084976
DAREAAAAARAA,0.009072400629520416
AAEREAREAAAA,4.5200071326689795e-05
ADARAAARAAAE,2.2308378902380355e-05
AAEAELAAREAA,0.00499074999243021
AAARAAAVAADA,0.0011491687037050724
AREAEEAAAAAA,0.0016383399488404393
SAAELAALVRAA,0.0074345809407532215
AAARAAAAAAAA,0.00022264198923949152
DALAAREAELAA,0.003018951741978526
LAAVDAIAAEAA,0.0003398145781829953
EDAEFDARRAAA,3.942017428926192e-05
PIELPPLLEMQP,0.00013421839685179293
LAEAAARRAAEA,0.0001746512862155214
SAEAVAAAWAAA,0.001026593497954309
AAAALAARDAAR,0.0010406303917989135
ERAEELAARRAA,0.00015673309098929167
DLEAELAAAAAA,0.001616135472431779
AAAAEAARAALE,0.010658081620931625
LAARDAERAAEA,0.000657147029414773
DAEREAARAAAA,0.0035015621688216925
AAASAALAAERE,0.0010766893392428756
AAEEAERAARRA,0.00030514824902638793
DDAERDARLAAL,0.01801561936736107
DEAAARAAAAAA,0.005424052011221647
DDAAVDAELAAI,0.000389323802664876
EAAEAAAAAAAA,0.00424306420609355
REEERERRREAE,0.0005952807841822505
RDAELAALAAEL,0.00850647035986185
EVAAYAAERAAA,1.4421838386624586e-05
DAAVEAARAAAE,0.02527480572462082
GEALLARLDAIR,6.588325049960986e-05
AAERAARRAEAA,6.281575224420521e-06
LEAERLARELAR,3.581625833248836e-06
ALAELLALLAAL,5.4924323194427416e-05
MAALLAARAARA,0.0006766035221517086
AAAADAAAAAAL,0.0013096168404445052
SAAAADALEAAE,0.00027552302344702184
DAELAARAAERA,0.02889023907482624
AEEAEARRAAAA,0.0004939986974932253
DAEAAALRAELA,0.021194830536842346
LEAALDAVLAAA,0.0005052316118963063
EEGDARLAAFLA,6.744082929799333e-05
DERDAAAAAAAA,7.797809666953981e-05
AAADAARAAIAA,0.0001932927843881771
AAIAAERAAALA,0.00013791247329209
DVEADAAARAAA,0.005779370665550232
AAAALEAAARAA,0.0025392037350684404
DTTAELRALLSA,0.00021197715250309557
AAAELAAKAAAA,0.07402855157852173
AEAVAARRDAEA,0.0010607561562210321
AAAEEAARRALA,0.11726168543100357
DAAARAAERAAL,0.0120321586728096
SMLAALAAIAAE,0.00010357899009250104
AEAEERARRRAA,0.0019477512687444687
AEEAERAAEREA,0.0016770904185250401
AVAALAAEVAAS,0.006852974183857441
AAADALAAELAA,0.0007044365047477186
EREAERAALEAE,0.0005087421159259975
AAREAARAARAA,0.010091894306242466
REARDAAQEARE,0.004468556493520737
DAALEAAAAAAA,0.05886108800768852
AERDARHAAAEA,0.00043386267498135567
LDARLLAALAAA,0.0005032201297581196
DYAAEAAARAAA,0.010950102470815182
AAAAAAARAAAA,0.007885006256401539
DWAAEAAAERAA,0.01349183265119791
DPELEELLLLLE,0.004480474162846804
ALPLLLLLLLLA,0.0001755090052029118
MTDEEAAALRAA,0.001962272683158517
ASAARYAALLAA,0.041233547031879425
AAAEEEAARRRA,0.03596135228872299
AAAAARDAERAA,0.0015984587371349335
AEAALAALLAAA,3.949928668589564e-06
AAAADARMAALE,0.000205140036996454
AAAEAARAAAAA,0.025176702067255974
AAAAAEAARAAV,0.0011694807326421142
ADAARAAAAAAA,0.0032327231019735336
SAADEELAALRA,5.149992284714244e-05
HEAIEAARAAAA,0.006224886979907751
AALDALLAAAAA,0.00011564725718926638
SALEEDDLEALA,0.0005398855428211391
AAAALEEAARAA,0.008461247198283672
DIAAELAAREAA,0.015889059752225876
AAAAEAAARAAP,0.01679040491580963
DAEAAARAAAAP,0.01532004401087761
ALAELLAELARA,0.000666748033836484
DWAAEEAARRAA,0.03316075727343559
EEDDAALAALSA,0.00014875674969516695
AAAEAARAAERA,0.02943449467420578
PAAELAAAAAAR,0.0009844200685620308
MDEALAAARAAS,5.9960188082186505e-05
AAELAAAVAAAL,0.0007913965964689851
AAEEAARAAERA,0.0007859569159336388
AEEAAREAALAA,0.00017126090824604034
DDAARAAEVAAA,0.004383929539471865
DAEAAALRAELA,0.023960759863257408
GLAEAEALAAEL,0.0007398826419375837
AAAEAARAAAEA,0.027545975521206856
AEASAAEAAAIA,0.0018069345969706774
DIAAELAAREAA,0.010939513333141804
LLPLLLLLLLLL,1.6819876691442914e-06
RDAEIDAARAAA,0.0008241361356340349
AAARAEATAAAR,0.00042378035141155124
RDAELDALRAGL,0.009869669564068317
AAAARRAAREAA,0.008672898635268211
AARALAAALAAP,2.746702011791058e-05
AHGALLDAEAAA,0.00011823584645753726
AEAEARRAEVAA,0.00016566511476412416
DNAAAAAALAAA,0.0016920221969485283
REARRLARELEE,0.032981324940919876
AEAALRAAARAA,0.0006360789993777871
DEVEAEAAARRA,0.005002734251320362
STAELAALLAAE,0.002229915698990226
AAAAAAAAEAAA,0.009411245584487915
SVAAALAAREAA,0.01109179388731718
EAALAELAAERA,0.00036808341974392533
AAAAERAAERAA,0.013030544854700565
DAARAAAAAAAA,0.004350108094513416
AEAEAAARAAAR,0.007419883739203215
AALDAERAARAA,0.0003977377782575786
DAAAAALRAALA,0.0412076860666275
DAAAVDTAAALL,0.007970768958330154
DERAAARAAAAA,5.125367533764802e-05
SELDEEWAELAA,1.6563279132242315e-05
LDAEIAALEAAA,0.0036214543506503105
AALAAERAAADA,1.865940612333361e-05
GALLEELEALLR,7.632580673089251e-05
ALPLLLLALLLA,4.2930325435008854e-05
AELEAELAEIEA,6.337180093396455e-05
AARAAAAAALAA,0.0013463236391544342
AEERAAEAAARP,0.0004216674715280533
GALLALLLALLA,0.0003384972224012017
DAEAAALAAARA,0.03591873496770859
DAAAAAARAARA,0.02334860898554325
SAAEAERAAREA,0.002505380427464843
AEAAERAAERAA,0.0036128510255366564
AAAVAARAAELR,0.0001050023638526909
EEEARRLREELE,0.0002145448961528018
SAARRAALDALL,0.00012770928151439875
AAAAAAAVDAAA,0.007818061858415604
AAADERAAAAAA,2.6611905923346058e-05
AAEALALALAAA,0.0002578849089331925
PPPELRALLEAL,0.001043450552970171
AAAERDAARAAL,0.019704032689332962
RAAAVAALRARY,0.003343361197039485
VAAALDAAREAE,0.19424277544021606
SAEALLAELRAG,3.274312985013239e-05
ARDAERAAALAP,4.0290109609486535e-05
AAAVDAARAAAA,0.0008436318603344262
REAERAARAAAA,0.003444785950705409
DLAEELLALVRA,0.007426283787935972
AALEAARAEARA,0.0021512724924832582
AAAEAAARAAEG,0.10400518774986267
GLLAALAALLAA,0.0005188506911508739
LAELEARAAERA,3.116059588137432e-06
AAAERDAARAAA,0.027996692806482315
EAAAEALAAALA,0.00037625397089868784
DEAAREAEREAA,0.003171364776790142
AAARAARDAYLA,0.00042503431905061007
LAERDAERAARA,0.00031060335459187627
GEAAAAERAARA,0.008822414092719555
EAAEAAREAARA,0.010086803697049618
GLAAERAARAAA,0.0007334637921303511
AAREAEREARAA,0.005379586946219206
LSAAERAARRAP,0.003288902575150132
AAAAALAAALLA,0.0006045541376806796
LPLLLLLLLLLL,0.00012080067972419783
DAARLAALRALR,0.0508061945438385
AAEVEAAAAAAA,9.627012332202867e-05
AAASAAARAAAA,0.005164059344679117
RAAALEARLAAL,0.00016589122242294252
MTAEERAARRAE,0.003945294767618179
EEEEREERAARA,0.000446935067884624
ALLELLAELLAP,0.00067900400608778
SAALAAAEAALA,0.0034033730626106262
DLAALLAAAAAA,0.0005334861925803125
EEAEEAAERAAR,0.0018848349573090672
ARAAEAAALAAA,0.0005895057111047208
AALAALLAALAA,8.83261818671599e-05
ARAEERRAELEA,0.00018034472304861993
LAAVDAIAAEAA,3.952289989683777e-05
SAAAEAAAEAAA,0.0003915258857887238
DAAARDAAAAAA,0.004833873827010393
AEREARLAALRA,2.733529072429519e-06
SWEALLAQLEAE,1.1210638149350416e-05
APLRAEREAERA,0.0002516523818485439
DPAEEYERERAA,0.006524392403662205
AAALAAERAAER,0.011471493169665337
GAAAAAAAAAAA,0.004237632267177105
MEAADAADAELA,3.012526394741144e-05
ALLALLLALLLA,0.000301463674986735
AAEEAEAAAREA,0.002991174813359976
DAAALAAAAAAA,0.008941255509853363
LAAERAAEEAAE,0.001581176882609725
VEAALAALAAER,0.06430238485336304
DPEAREAEREAA,0.0007552527822554111
GLAALLAALLAA,0.00040392440860159695
SAAEEAARRAAR,0.007338700350373983
AAAALEAAERAA,0.0017722506308928132
LAARRAAREAER,4.50307379651349e-06
GEALRAEVAALA,2.3309903554036282e-05
AAARAAERAARA,2.6861911464948207e-05
AEVAAERAARRA,6.0650568229903e-06
MEEVAAARAAAA,0.0001410363329341635
GEAAAAEAAAAA,0.004348787013441324
AALAALLAALLA,6.937146827112883e-05
GEAEREARRLAE,0.00543035427108407
DAAIAALAALVR,0.014949167147278786
EEAERAAATAAL,0.0004982071695849299
AAAAARAAELAA,0.00232609617523849
DEARVEERRAAR,0.0019260874250903726
DAAREAARAAAR,0.014080620370805264
EPVAPTQPLTAG,5.291018169373274e-06
DALLARLDAIRA,0.00907696969807148
ALLEELLRLLEE,0.0006806810270063579
RDAEREAREAAA,0.00552216824144125
EEAERAARDARY,0.0005506052984856069
AALEAERAARAA,0.0012430145870894194
AAAAAAEAARAA,0.010499391704797745
ADAAREAAEAAE,0.0016948486445471644
PLLLLLLLLLLL,0.00011675673158606514
DEARAAAAAAAR,0.0010912626748904586
DDAAREARRAAL,0.00757954828441143
ALAALAALLAAL,0.00018356865621171892
DPRAESLARVLA,0.00028480542823672295
MDEAAIAALRAL,0.00041088578291237354
GAAEAARAAAAA,0.031314972788095474
DAAVAELEALLA,0.027557026594877243
SAELDALAAALA,0.0033279862254858017
GLAALLAALLAA,0.0003985746006947011
SLEARLAAVAAA,0.0005865459097549319
AARAAVAAAAAA,0.0005712991114705801
ALLLLLLLLLLL,0.00022895120491739362
ADALAALEEALA,0.000631734321359545
SVELEELARLLA,0.0007090686121955514
DALFAALAAERE,0.24930287897586823
DLAALLEALLLA,3.629457933129743e-05
KDLTEEIAAEEA,0.0020222985185682774
GAEEEARAARAA,0.0014533294597640634
AAAALARAAERA,0.0008869135635904968
AAAREAARAARE,0.0008070634212344885
AAASDARAAALR,0.005465687718242407
SEALRARAAALA,0.0002223967749159783
SPAEAARRAARA,0.0033141470048576593
AAARDARLAEAE,8.256726141553372e-05
GEALAALLAEAR,5.6769538787193596e-05
GAAAAAAREAAV,0.006428305525332689
DAARAARLAALE,0.013122661039233208
AADAIAAERAAA,3.258961669416749e-06
SRAAELDARRAA,0.0013253729557618499
AEAAARAAERAA,6.652186129940674e-05
MAAIDAALAALR,0.0001719905558275059
DYDAEREAERAA,9.671780571807176e-05
DAAAEARRAAAE,0.018192417919635773
DRFLAEVDARRA,0.00031849052174948156
DAAIAALRALVL,0.00627237418666482
REARRAELAALE,0.009024448692798615
DAALAALAAALA,0.051807042211294174
ALAAIDAEAAAE,8.586411422584206e-05
AAEAARRAWADA,0.000561861670576036
SAALAARLAALA,0.0015138395829126239
GHSAAELAARAA,1.712293305899948e-05
ADAARDARLAAA,1.6529653294128366e-05
LAALLALLLALA,5.522006904357113e-05
AAAAAAAAAAAA,0.0069698793813586235
AEAAREAERAAR,9.317796502728015e-05
DAAERAAELAAA,0.061472199857234955
DEAAREAAEAAA,0.0034296021331101656
REAEEAAREAAR,0.024800604209303856
AAADARAAALAA,0.0015411656349897385
AEARAAAAAAAE,0.0008894616039469838
DERAARLAALRA,0.0007540754741057754
EAAELEAERAAA,3.450912845437415e-05
MAALEAEAAARA,0.0006644350942224264
AEVEARDAEREA,0.0020998134277760983
AAAAAAARAAIA,0.042682431638240814
EAEARRAEVRAR,2.91313754132716e-05
SLRAEREALRAE,0.00019739251001738012
AAERAARRAAAA,4.637807796825655e-05
ALAALLAARAAR,0.00027678083279170096
AAALAAALAAAA,0.020281922072172165
DEIDAEAAALRA,0.000227820870350115
SADAERAARAAA,5.436717856355244e-06
PAAEAAAEAAAA,0.0033509235363453627
MAAAEALAAAWA,0.002408052096143365
AAEAAARRAERA,0.0023744741920381784
AAAEAARAAAAA,0.03408437967300415
LAALAAERAAAP,0.0001556572678964585
DAEARAAEAAAA,0.009181658737361431
SDARAAERAAEE,1.0909365300904028e-05
SVSLDARLAALG,0.000984265934675932
LRAELEAAEAAA,0.0002623687614686787
AAAAEAARAAAR,0.008446767926216125
DLEAERLARDLA,0.0013951235450804234
AAAEAAARAARA,0.08580774813890457
ALAALDAAAAAE,5.431907538877567e-06
AAAAAAAARDAA,0.007816039025783539
AAAAEAAARRAA,0.02315451391041279
AEREAAREAEEA,0.0009425507741980255
DEARDAARAALD,0.003105201991274953
AREAEAAAAAAA,0.0007075342582538724
MSDAERDARLAA,0.01208727341145277
AAEAAARAAAAA,0.001646278309635818
DAAAEAEAAARA,0.05159464478492737
DEAEWAAREAAA,0.02889707125723362
DAAIAALRALLA,0.014717849902808666
SEAARAAALAAA,9.094685083255172e-05
GEARLAALDAEL,0.001051723724231124
ERAAERAARAAA,0.0001621051342226565
LAARDAEAAARA,0.0004817187727894634
DDEEARRRALEE,0.003695581341162324
TEAVEAERAAAA,3.7921352486591786e-05
AARDAELAALAA,0.0001648219331400469
SVEALEAARAAA,2.5328958145109937e-05
AAAEAAARAAAA,0.06693155318498611
DRDARLAELAAL,0.004141921177506447
EEEAAARAAAAA,0.00026603357400745153
DARAAAADARAA,0.00013305406901054084
LPAERRAARRAL,3.228460263926536e-05
VLSAEELAAYRA,0.002288036048412323
LDAERAAERAAA,0.004667992703616619
GLLEELLAALLA,9.695209155324847e-05
EAAARAAERAAL,7.216210633487208e-06
DEARDAALAAAR,0.00106379936914891
MEAALAAVLAAA,0.00588932866230607
RAARRAELAARA,0.0025861861649900675
VAAAEAERAAAA,0.26601502299308777
AAADAALAAARA,7.088167330948636e-05
AAAALAALAAAA,0.010088758543133736
SLLARLEAARAA,1.4818957424722612e-05
WEAALAAARAAA,0.03852321580052376
DRAARDAALAAA,3.218357960577123e-05
MEALFEAWRAAA,5.695400614058599e-05
AAAVAAEAAARR,0.003643389791250229
AAREAERAARAA,0.004830333404242992
SDARVAELAALL,0.0005509118200279772
AADARAAAAAAA,3.612210275605321e-05
MTAAERAAAAAA,0.00455674109980464
DPREARRAALAA,0.0018986843060702085
EAEAEARLAALA,1.480850187363103e-05
ADAEREARLALL,0.009219691157341003
AAEAAARAAAEA,0.001064651063643396
EAAAAARAAARA,0.0002562547742854804
DPEAERAAAEAA,0.00019286580209154636
AEAARLAAEAAA,0.004592285491526127
SAAVDALLAAAA,0.0031801501754671335
SVSLAELAALAR,6.274990300880745e-05
RAAAEAAREAAA,0.007224611937999725
DARLAALEAEAA,0.005545125342905521
SDARIAALRALL,0.00016626216529402882
AAAAERAAREAA,0.02330673299729824
EAERAAREAARA,6.012103767716326e-05
AAAADARRAALA,0.0009451713413000107
GAALAAELRAAE,0.0037069579120725393
AAALEAARAARA,0.020687447860836983
AAAEAALRRLAP,0.03893623873591423
AEADAEAAAREA,0.000764514843467623
EARAAAEAAALA,4.966663709637942e-06
EAAEAAARAAAA,0.007994627580046654
AERDAELAARRA,0.00014918926171958447
DAAREAEEAARA,0.02618436887860298
EAALEAALAAVA,0.0001340595626970753
AAAAREAERAAR,0.0061074355617165565
SAEELLALVRAD,0.0002023491688305512
AEAERDARRAAA,0.0006996882730163634
ASVEELRALVAA,0.0018265802646055818
DAARAAARAAER,0.003538590157404542
DAAAAAAAAAES,0.02184011973440647
LAETEARNAALS,8.957407408161089e-05
ASAAERAAEALA,0.0008355540339834988
AAAALAAALAAA,0.0011154571548104286
SEAARAARRAAL,0.00012092650285921991
DDAARAARLAKL,0.0053531331941485405
LAALEAEAAARA,0.0007144679548218846
GAAADAARALAE,0.00014064241258893162
DALRAELAAALA,2.561496148700826e-05
GLDAARAAAEAA,2.387389940849971e-05
AAAAREAAEAAA,0.0034056392032653093
DAAAARAARRAA,0.029321186244487762
DAARELAAALAA,0.004303624387830496
DAEARRAALLAA,0.009010082110762596
EEAAWEAERAAA,7.845058280508965e-05
SAAAERAAAAAA,0.001444198191165924
AAEAEAAARDAA,3.0566105124307796e-05
AAELDAEAALRA,0.006249656900763512
AREEREAEEAAR,0.004087341018021107
MDARLAALAAER,0.0003333151980768889
DAIQAEVDARAA,0.013792338781058788
DEAREAELEAAR,0.005089777056127787
LRAEVEARFAEL,5.795574179501273e-05
AASAAERAAAAA,0.016018353402614594
SAAEAEARAAAD,0.0012661302462220192
DARLAAARARLA,0.020301934331655502
AAEEAARAARAA,0.002173804910853505
LREVTDAELEAL,0.0005257472512312233
EEERAARAAEWA,0.0001226915919687599
AAAEAARAAAAA,0.04216482862830162
AEARLAATRAAV,0.0013301174622029066
DAEVAEAEAEAA,0.01133493147790432
GAEAELAARAAA,0.001332159386947751
DALAAADAARAA,0.00040715059731155634
SDARIAALAALL,0.00018751880270428956
AALAELLAELLA,0.0005836095078848302
AAEAAERAAERA,0.0062264041043818
SSDAEALAEELP,0.0005290978006087244
LDAERAAREAAA,0.005862732417881489
GAAEEAAEAAAA,0.026106728240847588
EAEAAAREAAAA,5.385038093663752e-05
ASVEELRALLAA,0.0025116053875535727
DAELEARRAAAR,0.047714363783597946
AAERAARRAAIA,3.676012056530453e-05
AAAALDAEDALL,0.00036951180663891137
AERELRELARAA,0.0002407435531495139
AEARAAELDARA,0.0001671213103691116
EAAEDARAAAAA,0.002982628997415304
AAAREAEEAAEE,0.004145381506532431
GEAARAAARAAA,0.0007329336949624121
AAAAAARAAADA,0.013563208281993866
DEARDARLAAAR,0.00691049313172698
DPEAAARAAERA,3.1147501431405544e-05
LEEAEARLAALR,0.0005710809491574764
SAEVELAELLAA,9.13032126845792e-05
AAALEAARAAAR,0.028800081461668015
SARDARRAAAAA,7.004251528996974e-06
GAAAAAARDAAR,0.018083587288856506
LDARLAAAAAAR,7.740353612462059e-05
ALAEAEARRAAA,0.00250541465356946
SAEEAEAAARAA,0.0019844418857246637
DAESEARAAARA,0.036260854452848434
DEAREAARAAAA,0.009756341576576233
AEAEARAAERAA,4.186413934803568e-05
AAEARALAAALE,0.00039618153823539615
DVEARAAEAAAR,0.0026541638653725386
