Category,Sequence,B3P3
APP_binder_13_0_dldesign_0_cycle1_af2pred.pdb,VLPMEVLQALNDA,0.002340984
APP_binder_13_100_dldesign_0_cycle1_af2pred.pdb,SASLLSAKLINLS,0.000180564
APP_binder_13_101_dldesign_0_cycle1_af2pred.pdb,GRDDEVAARRAAL,0.001249575
APP_binder_13_102_dldesign_0_cycle1_af2pred.pdb,AARQATLDRVLAD,0.000642555
APP_binder_13_103_dldesign_0_cycle1_af2pred.pdb,EPVSVPTLRVRPA,0.009864707
APP_binder_13_104_dldesign_0_cycle1_af2pred.pdb,LDRRLDQLLDDLD,0.000545391
APP_binder_13_105_dldesign_0_cycle1_af2pred.pdb,LDALRLLLKQLLA,0.000308793
APP_binder_13_106_dldesign_0_cycle1_af2pred.pdb,MHVKVDVDVDVEE,0.001014403
APP_binder_13_107_dldesign_0_cycle1_af2pred.pdb,NPHRPLSEALAAA,0.037076801
APP_binder_13_108_dldesign_0_cycle1_af2pred.pdb,YVLPSVPLQDQLP,0.002454291
APP_binder_13_109_dldesign_0_cycle1_af2pred.pdb,SVVFSERESVPLP,0.001023114
APP_binder_13_10_dldesign_0_cycle1_af2pred.pdb,VTHVRVSLEELLA,0.000122693
APP_binder_13_110_dldesign_0_cycle1_af2pred.pdb,PPPRYVRVSSAAP,0.00831265
APP_binder_13_111_dldesign_0_cycle1_af2pred.pdb,DAADLNALRAALR,0.002411103
APP_binder_13_112_dldesign_0_cycle1_af2pred.pdb,PAPHVHVLSPEEL,0.001134118
APP_binder_13_113_dldesign_0_cycle1_af2pred.pdb,NLDKRLAALLDDL,0.000359097
APP_binder_13_114_dldesign_0_cycle1_af2pred.pdb,PLPAVPRRRPLLP,0.049033623
APP_binder_13_115_dldesign_0_cycle1_af2pred.pdb,GSRTPPVRVPAPL,0.029034628
APP_binder_13_116_dldesign_0_cycle1_af2pred.pdb,PLPPVPRRVVRPR,0.006329432
APP_binder_13_117_dldesign_0_cycle1_af2pred.pdb,SLPTLVQRPLPLP,0.000135778
APP_binder_13_118_dldesign_0_cycle1_af2pred.pdb,SLAEKLAALLAAK,0.001523122
APP_binder_13_119_dldesign_0_cycle1_af2pred.pdb,APTPQAVYLALQA,0.005013476
APP_binder_13_11_dldesign_0_cycle1_af2pred.pdb,YVPPRHRLLADQP,0.008456031
APP_binder_13_120_dldesign_0_cycle1_af2pred.pdb,RSLARLLGRLLSS,0.002336513
APP_binder_13_121_dldesign_0_cycle1_af2pred.pdb,GNDEAELLRLLRG,0.000966504
APP_binder_13_122_dldesign_0_cycle1_af2pred.pdb,SARKLAAAAALAA,2.45E-05
APP_binder_13_123_dldesign_0_cycle1_af2pred.pdb,EPEEIEDELELDD,7.70E-05
APP_binder_13_124_dldesign_0_cycle1_af2pred.pdb,MYIRPDDDDDELP,0.002059252
APP_binder_13_125_dldesign_0_cycle1_af2pred.pdb,GSSSSFGEVLKEP,0.002629809
APP_binder_13_126_dldesign_0_cycle1_af2pred.pdb,ARAELRAQVLALQ,0.004304111
APP_binder_13_127_dldesign_0_cycle1_af2pred.pdb,MDLASLLAAALRR,5.70E-05
APP_binder_13_128_dldesign_0_cycle1_af2pred.pdb,SLSLLALLEELLA,0.000269531
APP_binder_13_129_dldesign_0_cycle1_af2pred.pdb,AEADLLAQLLDDL,1.31E-05
APP_binder_13_12_dldesign_0_cycle1_af2pred.pdb,SLARELLRLLLAA,0.000562961
APP_binder_13_130_dldesign_0_cycle1_af2pred.pdb,MRAENLAAALADL,0.005081218
APP_binder_13_131_dldesign_0_cycle1_af2pred.pdb,SSPVLVEGPPAVP,6.76E-05
APP_binder_13_132_dldesign_0_cycle1_af2pred.pdb,MSLEEQELYKLLQ,0.000972164
APP_binder_13_133_dldesign_0_cycle1_af2pred.pdb,NSLASLLLRLLQL,0.000967933
APP_binder_13_134_dldesign_0_cycle1_af2pred.pdb,SSIIFEEEDDELP,0.000281898
APP_binder_13_135_dldesign_0_cycle1_af2pred.pdb,KPLLTQEEKLALE,3.53E-05
APP_binder_13_136_dldesign_0_cycle1_af2pred.pdb,GLLRYLLARLLRP,0.500158966
APP_binder_13_137_dldesign_0_cycle1_af2pred.pdb,PLPPRKYTPRVRP,0.030365488
APP_binder_13_138_dldesign_0_cycle1_af2pred.pdb,GVSSLITSPPVLA,0.000314913
APP_binder_13_139_dldesign_0_cycle1_af2pred.pdb,SSIEEEYALLKAL,0.000956649
APP_binder_13_13_dldesign_0_cycle1_af2pred.pdb,GLHVPVPAPAALP,0.004654089
APP_binder_13_140_dldesign_0_cycle1_af2pred.pdb,SLARRLAKLLASL,5.45E-05
APP_binder_13_141_dldesign_0_cycle1_af2pred.pdb,GALLAKALAEALA,0.00181612
APP_binder_13_142_dldesign_0_cycle1_af2pred.pdb,SVVEGEDEVELPA,0.000337342
APP_binder_13_143_dldesign_0_cycle1_af2pred.pdb,SLPVLRQVPEPPP,0.001444585
APP_binder_13_144_dldesign_0_cycle1_af2pred.pdb,MSEEELEELRDLQ,1.31E-05
APP_binder_13_145_dldesign_0_cycle1_af2pred.pdb,MTVTLSKPRRALP,0.019944051
APP_binder_13_146_dldesign_0_cycle1_af2pred.pdb,PLPVVYTPRQTPP,0.000843682
APP_binder_13_147_dldesign_0_cycle1_af2pred.pdb,DDDEDDALLRRLL,0.00190804
APP_binder_13_148_dldesign_0_cycle1_af2pred.pdb,GEVVEVERSVLER,5.48E-05
APP_binder_13_149_dldesign_0_cycle1_af2pred.pdb,GVLKSRPVVPPPP,0.002077505
APP_binder_13_14_dldesign_0_cycle1_af2pred.pdb,GAVSREEAALLAE,0.000727028
APP_binder_13_150_dldesign_0_cycle1_af2pred.pdb,GSSAVPPSVALLR,0.000345303
APP_binder_13_151_dldesign_0_cycle1_af2pred.pdb,DSEDLAELQLELL,0.001189402
APP_binder_13_152_dldesign_0_cycle1_af2pred.pdb,PPVVVQKLTVRPP,0.001037066
APP_binder_13_153_dldesign_0_cycle1_af2pred.pdb,ADDSLDEELAHRL,0.001094334
APP_binder_13_154_dldesign_0_cycle1_af2pred.pdb,GLAALLAALAAAA,9.72E-06
APP_binder_13_155_dldesign_0_cycle1_af2pred.pdb,ALLLNDLRALDDA,2.54E-05
APP_binder_13_156_dldesign_0_cycle1_af2pred.pdb,VVLTPRSLLDDLA,0.001314405
APP_binder_13_157_dldesign_0_cycle1_af2pred.pdb,SLDRLLLRRLLRA,0.000219298
APP_binder_13_158_dldesign_0_cycle1_af2pred.pdb,SLPVTTTELKAAP,4.84E-05
APP_binder_13_159_dldesign_0_cycle1_af2pred.pdb,SLANRLASLLEAL,0.000317503
APP_binder_13_15_dldesign_0_cycle1_af2pred.pdb,GPVSRRELLDLLD,0.000132672
APP_binder_13_160_dldesign_0_cycle1_af2pred.pdb,MKRVLLPAVPDLP,2.19E-05
APP_binder_13_161_dldesign_0_cycle1_af2pred.pdb,GELVTKEELLAAA,0.003650231
APP_binder_13_162_dldesign_0_cycle1_af2pred.pdb,GPGTRIKVDAALP,0.008131505
APP_binder_13_163_dldesign_0_cycle1_af2pred.pdb,NVLVSREELLDLL,0.000895266
APP_binder_13_164_dldesign_0_cycle1_af2pred.pdb,HDLNHLLADLLAS,8.94E-05
APP_binder_13_165_dldesign_0_cycle1_af2pred.pdb,VRPGVKVDDLSLE,2.37E-05
APP_binder_13_166_dldesign_0_cycle1_af2pred.pdb,SVLSKLLALLLSA,0.000452266
APP_binder_13_167_dldesign_0_cycle1_af2pred.pdb,SSYVTVEHPLDYR,0.000648111
APP_binder_13_168_dldesign_0_cycle1_af2pred.pdb,LSGLLRYLLLRLL,0.001025202
APP_binder_13_169_dldesign_0_cycle1_af2pred.pdb,GLDDLEDARRAAL,1.85E-05
APP_binder_13_16_dldesign_0_cycle1_af2pred.pdb,PVVEVGKRVVILP,0.000860024
APP_binder_13_170_dldesign_0_cycle1_af2pred.pdb,GLVTTPKSVPNYP,0.019982638
APP_binder_13_171_dldesign_0_cycle1_af2pred.pdb,PLVPAGTIPEVLE,0.00053635
APP_binder_13_172_dldesign_0_cycle1_af2pred.pdb,SADRRQLQLDLLA,0.000588074
APP_binder_13_173_dldesign_0_cycle1_af2pred.pdb,KVVEPRSVPAPAL,0.000627643
APP_binder_13_174_dldesign_0_cycle1_af2pred.pdb,DLSNELLALLAAL,0.001168718
APP_binder_13_175_dldesign_0_cycle1_af2pred.pdb,MLDDLLDSLDDEA,8.32E-05
APP_binder_13_176_dldesign_0_cycle1_af2pred.pdb,ALLRLLRLLRELL,0.001539581
APP_binder_13_177_dldesign_0_cycle1_af2pred.pdb,SRSLLRDLAKLLS,0.000149682
APP_binder_13_178_dldesign_0_cycle1_af2pred.pdb,MVLPVTEVENVPE,0.000855319
APP_binder_13_179_dldesign_0_cycle1_af2pred.pdb,SLARRELYRLLRA,0.000877932
APP_binder_13_17_dldesign_0_cycle1_af2pred.pdb,MNRRPITATPILP,0.001874555
APP_binder_13_180_dldesign_0_cycle1_af2pred.pdb,PALRGALLRALLR,5.27E-05
APP_binder_13_181_dldesign_0_cycle1_af2pred.pdb,SLLPIRPVLLSEL,0.000113094
APP_binder_13_182_dldesign_0_cycle1_af2pred.pdb,LARLQALLDDLLA,0.000705995
APP_binder_13_183_dldesign_0_cycle1_af2pred.pdb,GVPVLADVPPPLP,1.84E-05
APP_binder_13_184_dldesign_0_cycle1_af2pred.pdb,SSLLRSARARKVA,0.00069603
APP_binder_13_185_dldesign_0_cycle1_af2pred.pdb,RLLTRLAALLDEL,0.000309201
APP_binder_13_186_dldesign_0_cycle1_af2pred.pdb,MVLSPVIELDDED,3.23E-05
APP_binder_13_187_dldesign_0_cycle1_af2pred.pdb,SRLLRALARAAAS,3.24E-05
APP_binder_13_188_dldesign_0_cycle1_af2pred.pdb,GLARRLAQRLAAA,0.003439834
APP_binder_13_189_dldesign_0_cycle1_af2pred.pdb,PRLAALLQSLDNL,0.003313846
APP_binder_13_18_dldesign_0_cycle1_af2pred.pdb,ALVDLAAQVRVLD,0.000325998
APP_binder_13_190_dldesign_0_cycle1_af2pred.pdb,GLLRRLLQKLLDD,0.010453815
APP_binder_13_191_dldesign_0_cycle1_af2pred.pdb,PVTVYTVRYPVPD,0.00176302
APP_binder_13_192_dldesign_0_cycle1_af2pred.pdb,SDLAARLAELLAS,0.000678439
APP_binder_13_193_dldesign_0_cycle1_af2pred.pdb,VSPPDPVVDIDDD,0.002861089
APP_binder_13_194_dldesign_0_cycle1_af2pred.pdb,GVRYPTQSEVPPE,0.00389038
APP_binder_13_195_dldesign_0_cycle1_af2pred.pdb,SALLRRLLQKLLN,2.18E-05
APP_binder_13_196_dldesign_0_cycle1_af2pred.pdb,SSTRLALLDELLS,0.000180445
APP_binder_13_197_dldesign_0_cycle1_af2pred.pdb,GEVVEVERPPVSP,1.21E-05
APP_binder_13_198_dldesign_0_cycle1_af2pred.pdb,PPIFDDDDDDDEE,0.000295083
APP_binder_13_199_dldesign_0_cycle1_af2pred.pdb,GPVEVPPRPSALP,0.00628153
APP_binder_13_19_dldesign_0_cycle1_af2pred.pdb,GVLERRLAALLQA,0.000138633
APP_binder_13_1_dldesign_0_cycle1_af2pred.pdb,ALTPMTYEEYLAS,1.58E-05
APP_binder_13_200_dldesign_0_cycle1_af2pred.pdb,SLLAIELRVLLKE,4.30E-05
APP_binder_13_201_dldesign_0_cycle1_af2pred.pdb,LPPVHDVPRTPVP,0.001084112
APP_binder_13_202_dldesign_0_cycle1_af2pred.pdb,ALASRLQNLLDDL,0.00121763
APP_binder_13_203_dldesign_0_cycle1_af2pred.pdb,SVPPVERPNVDLP,0.00505791
APP_binder_13_204_dldesign_0_cycle1_af2pred.pdb,SRPPSYLLRLLAA,0.002334022
APP_binder_13_205_dldesign_0_cycle1_af2pred.pdb,SLSSYTFASVVPP,0.00475998
APP_binder_13_206_dldesign_0_cycle1_af2pred.pdb,LLGRLQQLLQDLA,0.002774676
APP_binder_13_207_dldesign_0_cycle1_af2pred.pdb,LNRLNRLLQRLLE,0.01459332
APP_binder_13_208_dldesign_0_cycle1_af2pred.pdb,ELLRVLARRLAQL,0.006798333
APP_binder_13_209_dldesign_0_cycle1_af2pred.pdb,HMDSRLATLLAEL,2.33E-05
APP_binder_13_20_dldesign_0_cycle1_af2pred.pdb,FKRSEPILEVALP,0.000181213
APP_binder_13_210_dldesign_0_cycle1_af2pred.pdb,RRPPLPGEVYAVL,0.001800197
APP_binder_13_211_dldesign_0_cycle1_af2pred.pdb,AARRLAALLQALA,7.49E-06
APP_binder_13_212_dldesign_0_cycle1_af2pred.pdb,SLASLLAAKLAGG,0.000396739
APP_binder_13_213_dldesign_0_cycle1_af2pred.pdb,GPLFTLPPVRLPP,0.009536064
APP_binder_13_214_dldesign_0_cycle1_af2pred.pdb,GSSSSPPSPRVYP,0.001579694
APP_binder_13_215_dldesign_0_cycle1_af2pred.pdb,PPPLPDQDVSLGP,0.000191869
APP_binder_13_216_dldesign_0_cycle1_af2pred.pdb,GAITQEELLALLA,0.000257309
APP_binder_13_217_dldesign_0_cycle1_af2pred.pdb,DEELERLLQVLLA,0.000130903
APP_binder_13_218_dldesign_0_cycle1_af2pred.pdb,PPVVLSSEEYRAP,0.001070193
APP_binder_13_219_dldesign_0_cycle1_af2pred.pdb,LDRTELRQLAAAL,0.000197276
APP_binder_13_21_dldesign_0_cycle1_af2pred.pdb,VVVGTPRYAPPLP,0.001181654
APP_binder_13_220_dldesign_0_cycle1_af2pred.pdb,SLLPPQSPRRPLP,0.001422456
APP_binder_13_221_dldesign_0_cycle1_af2pred.pdb,AAEALDDIDDEEE,0.000321285
APP_binder_13_222_dldesign_0_cycle1_af2pred.pdb,SLRRLLQLLKELL,0.000679357
APP_binder_13_223_dldesign_0_cycle1_af2pred.pdb,AEELEERLRELLE,4.01E-05
APP_binder_13_224_dldesign_0_cycle1_af2pred.pdb,SLSRLQQLDQLLD,0.000393105
APP_binder_13_225_dldesign_0_cycle1_af2pred.pdb,SLSLDDILDDLLS,0.001219801
APP_binder_13_226_dldesign_0_cycle1_af2pred.pdb,GPRRVLVPALPLP,0.002638506
APP_binder_13_227_dldesign_0_cycle1_af2pred.pdb,ALSRLLQLLALLG,0.012965047
APP_binder_13_228_dldesign_0_cycle1_af2pred.pdb,ADALFALRAAARR,0.000287009
APP_binder_13_229_dldesign_0_cycle1_af2pred.pdb,PVKVTVKRYVPPP,0.002258839
APP_binder_13_22_dldesign_0_cycle1_af2pred.pdb,DLYRLLAALARLL,0.003930956
APP_binder_13_230_dldesign_0_cycle1_af2pred.pdb,EAALYLARVLAEA,0.002416204
APP_binder_13_231_dldesign_0_cycle1_af2pred.pdb,MQRLRRLAEVLAE,4.15E-05
APP_binder_13_232_dldesign_0_cycle1_af2pred.pdb,GPLGERIPAPAGP,0.006669857
APP_binder_13_233_dldesign_0_cycle1_af2pred.pdb,SSLDAVLDQLDAS,9.02E-05
APP_binder_13_234_dldesign_0_cycle1_af2pred.pdb,LLARLLQALLDQL,0.00241305
APP_binder_13_235_dldesign_0_cycle1_af2pred.pdb,GPRVRSKGSVDLP,0.0231557
APP_binder_13_236_dldesign_0_cycle1_af2pred.pdb,PVVVYTPRYAPPR,0.018422913
APP_binder_13_237_dldesign_0_cycle1_af2pred.pdb,GLVTKEELDDLLE,0.001144905
APP_binder_13_238_dldesign_0_cycle1_af2pred.pdb,LDYSLLQRLLVLG,6.87E-05
APP_binder_13_239_dldesign_0_cycle1_af2pred.pdb,GSTLYEVVEYEAV,0.000446206
APP_binder_13_23_dldesign_0_cycle1_af2pred.pdb,PLPVPTDTELVKS,0.00068522
APP_binder_13_240_dldesign_0_cycle1_af2pred.pdb,LPALLGELLELLQ,7.22E-06
APP_binder_13_241_dldesign_0_cycle1_af2pred.pdb,SNQALLRLADLLA,2.74E-05
APP_binder_13_242_dldesign_0_cycle1_af2pred.pdb,RELLRLLYPQRHL,0.001247617
APP_binder_13_243_dldesign_0_cycle1_af2pred.pdb,SRALQLLLEALLA,0.003208099
APP_binder_13_244_dldesign_0_cycle1_af2pred.pdb,GVSYNHVKAPALP,0.001175554
APP_binder_13_245_dldesign_0_cycle1_af2pred.pdb,SRLEELLALLLAK,0.011451297
APP_binder_13_246_dldesign_0_cycle1_af2pred.pdb,STVLAPEVEREAP,0.000989104
APP_binder_13_247_dldesign_0_cycle1_af2pred.pdb,DALLRRLLQLLLD,0.000270575
APP_binder_13_248_dldesign_0_cycle1_af2pred.pdb,SNRLLALLQEDLL,0.000137771
APP_binder_13_249_dldesign_0_cycle1_af2pred.pdb,SLALLLRKLLREL,0.001699798
APP_binder_13_24_dldesign_0_cycle1_af2pred.pdb,MVAVLEPAASLLL,1.11E-05
APP_binder_13_250_dldesign_0_cycle1_af2pred.pdb,AARQAQLDALLDA,1.66E-05
APP_binder_13_251_dldesign_0_cycle1_af2pred.pdb,LARLNRLLPQSDA,0.003765024
APP_binder_13_252_dldesign_0_cycle1_af2pred.pdb,SAAAIAAEVAARL,0.000276667
APP_binder_13_253_dldesign_0_cycle1_af2pred.pdb,SLAVELRRLLREA,0.001371838
APP_binder_13_254_dldesign_0_cycle1_af2pred.pdb,SPLLDEYLDRELL,0.000704938
APP_binder_13_255_dldesign_0_cycle1_af2pred.pdb,GSLPISGERPALP,0.001810984
APP_binder_13_256_dldesign_0_cycle1_af2pred.pdb,SLASALAWNALLA,0.000842813
APP_binder_13_257_dldesign_0_cycle1_af2pred.pdb,SVTITPPVKVAAP,2.96E-05
APP_binder_13_258_dldesign_0_cycle1_af2pred.pdb,DLADLRAELNADL,0.000123999
APP_binder_13_259_dldesign_0_cycle1_af2pred.pdb,SAQRLAQLLDDLA,0.000328822
APP_binder_13_25_dldesign_0_cycle1_af2pred.pdb,SPPVSGERLGLPL,7.91E-05
APP_binder_13_260_dldesign_0_cycle1_af2pred.pdb,APYVVKYTPKRVP,0.000109676
APP_binder_13_261_dldesign_0_cycle1_af2pred.pdb,SLKQLLLLLERLL,0.002713124
APP_binder_13_262_dldesign_0_cycle1_af2pred.pdb,GLLRLLPKPPQLP,0.00688999
APP_binder_13_263_dldesign_0_cycle1_af2pred.pdb,SLPTLVTAEELLA,0.000825179
APP_binder_13_264_dldesign_0_cycle1_af2pred.pdb,SASLDQQLDQDAA,0.000406884
APP_binder_13_265_dldesign_0_cycle1_af2pred.pdb,SLEELDKILDEEL,0.000157752
APP_binder_13_266_dldesign_0_cycle1_af2pred.pdb,GELLDRELARRLA,3.26E-05
APP_binder_13_267_dldesign_0_cycle1_af2pred.pdb,LLPQLLASLDALA,0.000978253
APP_binder_13_268_dldesign_0_cycle1_af2pred.pdb,DDDDEDRRLAALA,0.003981288
APP_binder_13_269_dldesign_0_cycle1_af2pred.pdb,GGVAVPDLEAAAA,0.000558302
APP_binder_13_26_dldesign_0_cycle1_af2pred.pdb,PPPYVPVGRIKAP,7.72E-05
APP_binder_13_270_dldesign_0_cycle1_af2pred.pdb,SADDVADLADLLA,0.000107493
APP_binder_13_271_dldesign_0_cycle1_af2pred.pdb,LVLPVPAPPVLPP,0.00085835
APP_binder_13_272_dldesign_0_cycle1_af2pred.pdb,DDALDQLLAHLLG,0.000200466
APP_binder_13_273_dldesign_0_cycle1_af2pred.pdb,SDVDDLNAAILAA,0.00146556
APP_binder_13_274_dldesign_0_cycle1_af2pred.pdb,SVSAEQLLRALLR,0.000902903
APP_binder_13_275_dldesign_0_cycle1_af2pred.pdb,GTTLKTASPPPPP,0.001601279
APP_binder_13_276_dldesign_0_cycle1_af2pred.pdb,LDRLLARILARRG,0.005146036
APP_binder_13_277_dldesign_0_cycle1_af2pred.pdb,NLQLLLERLAQLL,0.000482283
APP_binder_13_278_dldesign_0_cycle1_af2pred.pdb,SGLLRKLLARLLA,0.00124845
APP_binder_13_279_dldesign_0_cycle1_af2pred.pdb,SVLDKILLSQDLA,0.000439787
APP_binder_13_27_dldesign_0_cycle1_af2pred.pdb,STLLQQLLRDLLA,0.001871867
APP_binder_13_280_dldesign_0_cycle1_af2pred.pdb,GLLRALLRRLLRS,0.181297407
APP_binder_13_281_dldesign_0_cycle1_af2pred.pdb,ALEDLRNLLRKLA,0.000793946
APP_binder_13_282_dldesign_0_cycle1_af2pred.pdb,SNIHQVLLPQPAP,0.000526094
APP_binder_13_283_dldesign_0_cycle1_af2pred.pdb,GVVYTVRQVPGSP,0.000184918
APP_binder_13_284_dldesign_0_cycle1_af2pred.pdb,SLREDLKNLLAAL,0.000321104
APP_binder_13_285_dldesign_0_cycle1_af2pred.pdb,SHRLALLDALLAA,9.95E-05
APP_binder_13_286_dldesign_0_cycle1_af2pred.pdb,APTVQLPDEDELP,0.000608449
APP_binder_13_287_dldesign_0_cycle1_af2pred.pdb,GLENRLDELDDDL,0.000166836
APP_binder_13_288_dldesign_0_cycle1_af2pred.pdb,GQSAEELLLSLLE,0.000249208
APP_binder_13_289_dldesign_0_cycle1_af2pred.pdb,SALLQQLDQDLDA,0.000376115
APP_binder_13_28_dldesign_0_cycle1_af2pred.pdb,SDLDKGLLRRLLA,1.32E-05
APP_binder_13_290_dldesign_0_cycle1_af2pred.pdb,MVLEKLLANLDKL,0.000559671
APP_binder_13_291_dldesign_0_cycle1_af2pred.pdb,DDDDDDARALAAA,0.001881481
APP_binder_13_292_dldesign_0_cycle1_af2pred.pdb,MDDLAALSRALLN,0.000714017
APP_binder_13_293_dldesign_0_cycle1_af2pred.pdb,PVRTVVLPDDDLP,0.003847494
APP_binder_13_294_dldesign_0_cycle1_af2pred.pdb,MLARILAARLAEL,0.001049094
APP_binder_13_295_dldesign_0_cycle1_af2pred.pdb,LSELLRQLANRLA,4.81E-05
APP_binder_13_296_dldesign_0_cycle1_af2pred.pdb,GLRRLLALLARLA,0.000437717
APP_binder_13_297_dldesign_0_cycle1_af2pred.pdb,SELVFVERPWVAA,0.002134208
APP_binder_13_298_dldesign_0_cycle1_af2pred.pdb,PLPPAPLAPRRPA,0.000882166
APP_binder_13_299_dldesign_0_cycle1_af2pred.pdb,SSLLEQLLRQLLQ,2.33E-05
APP_binder_13_29_dldesign_0_cycle1_af2pred.pdb,GLLAALAKTLAAE,9.07E-06
APP_binder_13_2_dldesign_0_cycle1_af2pred.pdb,SRLDPLTLARLAA,4.18E-05
APP_binder_13_300_dldesign_0_cycle1_af2pred.pdb,EDLQQLLLKLQQS,0.000100671
APP_binder_13_301_dldesign_0_cycle1_af2pred.pdb,ALAAALAAELAAP,0.00042926
APP_binder_13_302_dldesign_0_cycle1_af2pred.pdb,AEYEPPVLLPPRP,0.002120018
APP_binder_13_303_dldesign_0_cycle1_af2pred.pdb,SLTSEEAALLRAL,0.000663673
APP_binder_13_304_dldesign_0_cycle1_af2pred.pdb,SNLLADLLNLLDT,1.22E-05
APP_binder_13_305_dldesign_0_cycle1_af2pred.pdb,PGVPVTEEEILYP,0.005972501
APP_binder_13_306_dldesign_0_cycle1_af2pred.pdb,NPLELRETREAAP,0.001302359
APP_binder_13_307_dldesign_0_cycle1_af2pred.pdb,SSRLLLLDDLALA,6.79E-05
APP_binder_13_308_dldesign_0_cycle1_af2pred.pdb,GPVVKRRPPRPYP,0.801293075
APP_binder_13_309_dldesign_0_cycle1_af2pred.pdb,SLPTLRSRPNVLP,0.000616801
APP_binder_13_30_dldesign_0_cycle1_af2pred.pdb,SVDQEDDEDDDEE,0.000748734
APP_binder_13_310_dldesign_0_cycle1_af2pred.pdb,GRPVLVTVQPDVP,0.002032617
APP_binder_13_311_dldesign_0_cycle1_af2pred.pdb,GLDHLLARLLRLL,0.010045584
APP_binder_13_312_dldesign_0_cycle1_af2pred.pdb,LVLSEKPSLPQPP,0.001149875
APP_binder_13_313_dldesign_0_cycle1_af2pred.pdb,PVPPKVRRILPLP,0.00524573
APP_binder_13_314_dldesign_0_cycle1_af2pred.pdb,SLAALLARLIRLG,0.002365476
APP_binder_13_315_dldesign_0_cycle1_af2pred.pdb,GPLPTVETYAYAD,0.000863303
APP_binder_13_316_dldesign_0_cycle1_af2pred.pdb,LDVDILPLEENLE,0.000728704
APP_binder_13_317_dldesign_0_cycle1_af2pred.pdb,PVRRAVAIPAPAP,0.001106968
APP_binder_13_318_dldesign_0_cycle1_af2pred.pdb,SLALVDLQLDLNA,0.001323853
APP_binder_13_319_dldesign_0_cycle1_af2pred.pdb,MLVEPPGFYADDD,0.033345819
APP_binder_13_31_dldesign_0_cycle1_af2pred.pdb,SLLDQLLRRALLR,7.78E-05
APP_binder_13_320_dldesign_0_cycle1_af2pred.pdb,STSSALDLLDLLL,2.05E-05
APP_binder_13_321_dldesign_0_cycle1_af2pred.pdb,DDQDDSQLADLLR,0.001658539
APP_binder_13_322_dldesign_0_cycle1_af2pred.pdb,RLARDLQRDLLED,0.000416024
APP_binder_13_323_dldesign_0_cycle1_af2pred.pdb,GTLVFSPATETLP,0.004064042
APP_binder_13_324_dldesign_0_cycle1_af2pred.pdb,GSVLRRAEPPVYP,7.77E-05
APP_binder_13_325_dldesign_0_cycle1_af2pred.pdb,MTPRHVKVDTSAL,0.000662378
APP_binder_13_326_dldesign_0_cycle1_af2pred.pdb,SLLARLLDDLLED,9.40E-05
APP_binder_13_327_dldesign_0_cycle1_af2pred.pdb,DAALDNLDLLLER,3.80E-05
APP_binder_13_328_dldesign_0_cycle1_af2pred.pdb,SLANLLRRLLNSL,0.000895819
APP_binder_13_329_dldesign_0_cycle1_af2pred.pdb,GSLAATLRVLLKE,0.002127398
APP_binder_13_32_dldesign_0_cycle1_af2pred.pdb,LAELLLKLQQLLL,0.000468424
APP_binder_13_330_dldesign_0_cycle1_af2pred.pdb,GLLKYRLQRLLRR,0.050389685
APP_binder_13_331_dldesign_0_cycle1_af2pred.pdb,ALANRDLAKLLDG,0.002736924
APP_binder_13_332_dldesign_0_cycle1_af2pred.pdb,LQSRLDDLLDDLL,9.38E-06
APP_binder_13_333_dldesign_0_cycle1_af2pred.pdb,SISTRELRLLEDA,0.006519323
APP_binder_13_334_dldesign_0_cycle1_af2pred.pdb,SSGLLKYLLDRLA,0.000114122
APP_binder_13_335_dldesign_0_cycle1_af2pred.pdb,SLDALLKQLLLQL,0.000316394
APP_binder_13_336_dldesign_0_cycle1_af2pred.pdb,PYVRVPNVPVVLL,0.05404599
APP_binder_13_337_dldesign_0_cycle1_af2pred.pdb,LLANLRLLLKLAK,0.000895901
APP_binder_13_338_dldesign_0_cycle1_af2pred.pdb,PVNTTPAHPPRVY,0.000992964
APP_binder_13_339_dldesign_0_cycle1_af2pred.pdb,DLEELLALLATPP,0.000230648
APP_binder_13_33_dldesign_0_cycle1_af2pred.pdb,GVLRALLQKLLDE,0.000473485
APP_binder_13_340_dldesign_0_cycle1_af2pred.pdb,LDDVSLEELLELL,0.000610362
APP_binder_13_341_dldesign_0_cycle1_af2pred.pdb,GKPASPEDREEVE,0.000103559
APP_binder_13_342_dldesign_0_cycle1_af2pred.pdb,GSVSSSEPTEAVP,2.59E-05
APP_binder_13_343_dldesign_0_cycle1_af2pred.pdb,DKEALRRLLYKLS,3.30E-05
APP_binder_13_344_dldesign_0_cycle1_af2pred.pdb,LEDDLLALKALLS,0.000166234
APP_binder_13_345_dldesign_0_cycle1_af2pred.pdb,LSSLLRRLLRQLA,0.000511997
APP_binder_13_346_dldesign_0_cycle1_af2pred.pdb,RAAAAAALPPADL,1.08E-05
APP_binder_13_347_dldesign_0_cycle1_af2pred.pdb,SLAQLLAQLEAES,6.19E-05
APP_binder_13_348_dldesign_0_cycle1_af2pred.pdb,GSRLDDLLDDLLE,0.000705861
APP_binder_13_349_dldesign_0_cycle1_af2pred.pdb,SLARLLAQLAALL,4.93E-05
APP_binder_13_34_dldesign_0_cycle1_af2pred.pdb,RLLQARLDSLDRL,0.000210293
APP_binder_13_350_dldesign_0_cycle1_af2pred.pdb,SNRLDAILDDLAD,7.96E-05
APP_binder_13_351_dldesign_0_cycle1_af2pred.pdb,SLEELRRLLYLLS,4.64E-05
APP_binder_13_352_dldesign_0_cycle1_af2pred.pdb,VKPRHVKAPDVVL,1.33E-05
APP_binder_13_353_dldesign_0_cycle1_af2pred.pdb,LSPEELLLLLQHP,6.80E-05
APP_binder_13_354_dldesign_0_cycle1_af2pred.pdb,SDKRLAQKLAEDG,0.000468164
APP_binder_13_355_dldesign_0_cycle1_af2pred.pdb,GLVRVPDVPDVPL,0.000547724
APP_binder_13_356_dldesign_0_cycle1_af2pred.pdb,DPLADLLALLRRL,0.001098913
APP_binder_13_357_dldesign_0_cycle1_af2pred.pdb,VVEGTALRRLLTP,6.24E-05
APP_binder_13_358_dldesign_0_cycle1_af2pred.pdb,SDDELEELLELLE,8.70E-05
APP_binder_13_359_dldesign_0_cycle1_af2pred.pdb,SRLLKNDLAADLA,0.005049261
APP_binder_13_35_dldesign_0_cycle1_af2pred.pdb,GGVPRQVPLSELL,0.004880208
APP_binder_13_360_dldesign_0_cycle1_af2pred.pdb,SIVVVTPQYVDLP,0.00081363
APP_binder_13_361_dldesign_0_cycle1_af2pred.pdb,SGALLQLLQKLLD,2.70E-05
APP_binder_13_362_dldesign_0_cycle1_af2pred.pdb,SLRALLAALLAAL,0.000309605
APP_binder_13_363_dldesign_0_cycle1_af2pred.pdb,GSNVGPRSVPNPP,0.001605968
APP_binder_13_364_dldesign_0_cycle1_af2pred.pdb,GVPVPRRVEPVDL,0.000343977
APP_binder_13_365_dldesign_0_cycle1_af2pred.pdb,PLPPKVKRVVILP,0.001264509
APP_binder_13_366_dldesign_0_cycle1_af2pred.pdb,AEVVTTRRVVELP,1.14E-05
APP_binder_13_367_dldesign_0_cycle1_af2pred.pdb,LELDLRRLAAELE,0.000100873
APP_binder_13_368_dldesign_0_cycle1_af2pred.pdb,ARPRVNTTLPALP,0.004827469
APP_binder_13_369_dldesign_0_cycle1_af2pred.pdb,VSNRVLQALADAA,0.000647696
APP_binder_13_36_dldesign_0_cycle1_af2pred.pdb,RLAALLASADALA,0.000188381
APP_binder_13_370_dldesign_0_cycle1_af2pred.pdb,ALLARLLESLDNL,1.63E-05
APP_binder_13_371_dldesign_0_cycle1_af2pred.pdb,LPQALKRLLALLL,0.000256654
APP_binder_13_372_dldesign_0_cycle1_af2pred.pdb,SSPPKLSEVEIPP,0.002973922
APP_binder_13_373_dldesign_0_cycle1_af2pred.pdb,SSTPVKVDVADDL,0.00189801
APP_binder_13_374_dldesign_0_cycle1_af2pred.pdb,SDLFGPLTVTLPR,0.000543437
APP_binder_13_375_dldesign_0_cycle1_af2pred.pdb,GRAAVLAAQAVAA,8.74E-05
APP_binder_13_376_dldesign_0_cycle1_af2pred.pdb,EDENDDVLEELLE,0.002346855
APP_binder_13_377_dldesign_0_cycle1_af2pred.pdb,GLAELLAALLAAA,0.004763151
APP_binder_13_378_dldesign_0_cycle1_af2pred.pdb,DEEADLNALQLAP,0.000175225
APP_binder_13_379_dldesign_0_cycle1_af2pred.pdb,ENELLNLLLELLR,0.000235847
APP_binder_13_37_dldesign_0_cycle1_af2pred.pdb,SSLLERYLAQRLS,0.000212513
APP_binder_13_380_dldesign_0_cycle1_af2pred.pdb,PQEPIFEEGPLAE,0.000453574
APP_binder_13_381_dldesign_0_cycle1_af2pred.pdb,DDLEDLLNLLRRL,0.001039471
APP_binder_13_382_dldesign_0_cycle1_af2pred.pdb,PPITLEERLAVLL,5.59E-05
APP_binder_13_383_dldesign_0_cycle1_af2pred.pdb,EDVDLISVEESLP,0.000156115
APP_binder_13_384_dldesign_0_cycle1_af2pred.pdb,KASVRSPLVLRLP,1.13E-05
APP_binder_13_385_dldesign_0_cycle1_af2pred.pdb,DALDEQLLQQLYR,6.70E-05
APP_binder_13_386_dldesign_0_cycle1_af2pred.pdb,GVEVPAERTLILP,0.002768463
APP_binder_13_387_dldesign_0_cycle1_af2pred.pdb,SPRLDVELLELLE,1.24E-05
APP_binder_13_388_dldesign_0_cycle1_af2pred.pdb,SRYLDARLAALLE,0.00415208
APP_binder_13_389_dldesign_0_cycle1_af2pred.pdb,ARALKLDRILDEE,0.000331377
APP_binder_13_38_dldesign_0_cycle1_af2pred.pdb,PVLSSEELLAEAP,0.000894719
APP_binder_13_390_dldesign_0_cycle1_af2pred.pdb,ADDAADANALRAP,0.001336623
APP_binder_13_391_dldesign_0_cycle1_af2pred.pdb,LQRRLDALDRYLS,0.000447534
APP_binder_13_392_dldesign_0_cycle1_af2pred.pdb,SPLLRAKLLALLA,0.000153866
APP_binder_13_393_dldesign_0_cycle1_af2pred.pdb,ELSTLLYNLLLSL,0.032661729
APP_binder_13_394_dldesign_0_cycle1_af2pred.pdb,EEDLEALISALRR,0.000423676
APP_binder_13_395_dldesign_0_cycle1_af2pred.pdb,AQARIDLFNLLYN,0.002940413
APP_binder_13_396_dldesign_0_cycle1_af2pred.pdb,MSREEQLLDDLLE,0.000184255
APP_binder_13_397_dldesign_0_cycle1_af2pred.pdb,MQKPALPPSLLDP,0.003878052
APP_binder_13_398_dldesign_0_cycle1_af2pred.pdb,KVTTSNHVLEVAL,0.001543876
APP_binder_13_399_dldesign_0_cycle1_af2pred.pdb,KLSSRELADLLAA,0.002477908
APP_binder_13_39_dldesign_0_cycle1_af2pred.pdb,SEPVPKQVVVKPP,0.000493283
APP_binder_13_3_dldesign_0_cycle1_af2pred.pdb,RLLRRLARKLASL,0.014330436
APP_binder_13_400_dldesign_0_cycle1_af2pred.pdb,SSLERLLRELDAL,2.23E-05
APP_binder_13_401_dldesign_0_cycle1_af2pred.pdb,LQALLDLALRLKR,0.000414462
APP_binder_13_402_dldesign_0_cycle1_af2pred.pdb,GSVNNVVVVLPPL,0.010024153
APP_binder_13_403_dldesign_0_cycle1_af2pred.pdb,GAAAAALLAELYE,0.001083951
APP_binder_13_404_dldesign_0_cycle1_af2pred.pdb,VPMVPRYVKVALP,0.019936327
APP_binder_13_405_dldesign_0_cycle1_af2pred.pdb,APPPKVAYPVVPP,0.104276948
APP_binder_13_406_dldesign_0_cycle1_af2pred.pdb,ATAIDVSELDEEG,0.000752312
APP_binder_13_407_dldesign_0_cycle1_af2pred.pdb,LEPVVEYPQVPQL,0.000795598
APP_binder_13_408_dldesign_0_cycle1_af2pred.pdb,SMVLPPRVDDDAP,0.004781461
APP_binder_13_409_dldesign_0_cycle1_af2pred.pdb,GRRLLAELAALAA,0.001785257
APP_binder_13_40_dldesign_0_cycle1_af2pred.pdb,GLARRLARLLASL,0.006928335
APP_binder_13_410_dldesign_0_cycle1_af2pred.pdb,LRALLRALARDLA,0.001142084
APP_binder_13_411_dldesign_0_cycle1_af2pred.pdb,SLELDRLMDLLAS,0.00090314
APP_binder_13_412_dldesign_0_cycle1_af2pred.pdb,GVNRRQLLADLLA,0.032534815
APP_binder_13_413_dldesign_0_cycle1_af2pred.pdb,SKPVHVSAEELLL,0.000177074
APP_binder_13_414_dldesign_0_cycle1_af2pred.pdb,LPPLLRDLLNSLP,0.000147516
APP_binder_13_415_dldesign_0_cycle1_af2pred.pdb,LQANLDKRLADLL,0.000860326
APP_binder_13_416_dldesign_0_cycle1_af2pred.pdb,SLLRRLQRLLSRS,0.00456206
APP_binder_13_417_dldesign_0_cycle1_af2pred.pdb,DDLEDLLSLLRRP,0.002462012
APP_binder_13_418_dldesign_0_cycle1_af2pred.pdb,SARRLAARLASLL,8.21E-05
APP_binder_13_419_dldesign_0_cycle1_af2pred.pdb,LDRLLLRRLERLL,0.003703953
APP_binder_13_41_dldesign_0_cycle1_af2pred.pdb,SADLLRKLALYLS,7.34E-05
APP_binder_13_420_dldesign_0_cycle1_af2pred.pdb,GPLHYEEREVDVP,0.006057653
APP_binder_13_421_dldesign_0_cycle1_af2pred.pdb,PLPLPLPPVNVLP,6.10E-05
APP_binder_13_422_dldesign_0_cycle1_af2pred.pdb,DDLDDEIALRRLA,0.000706885
APP_binder_13_423_dldesign_0_cycle1_af2pred.pdb,PPVLVPKPLLLEP,0.005503093
APP_binder_13_424_dldesign_0_cycle1_af2pred.pdb,APAVSHRELLAAA,0.001292679
APP_binder_13_425_dldesign_0_cycle1_af2pred.pdb,ARRGTRIFDVALP,0.000953667
APP_binder_13_426_dldesign_0_cycle1_af2pred.pdb,STLVVDDDAAAAP,0.002313399
APP_binder_13_427_dldesign_0_cycle1_af2pred.pdb,LSRLLQLDKDLDE,0.000142837
APP_binder_13_428_dldesign_0_cycle1_af2pred.pdb,SYSLLAELRNLLS,0.000767413
APP_binder_13_429_dldesign_0_cycle1_af2pred.pdb,LLDEIALAKALRA,0.000361592
APP_binder_13_42_dldesign_0_cycle1_af2pred.pdb,APPVTKRELDDLL,1.23E-05
APP_binder_13_430_dldesign_0_cycle1_af2pred.pdb,SARLQTLDQDLDA,0.004577892
APP_binder_13_431_dldesign_0_cycle1_af2pred.pdb,GEVESEEVEAVPV,8.27E-05
APP_binder_13_432_dldesign_0_cycle1_af2pred.pdb,GPVTLRPPRVLPR,0.668674886
APP_binder_13_433_dldesign_0_cycle1_af2pred.pdb,DLMDDLVALRKAA,0.000172458
APP_binder_13_434_dldesign_0_cycle1_af2pred.pdb,SSVVSYSEVEVEP,0.003199285
APP_binder_13_435_dldesign_0_cycle1_af2pred.pdb,KTLEEVLLDYLLS,0.00060378
APP_binder_13_436_dldesign_0_cycle1_af2pred.pdb,FVPLSAEELAELL,0.000540785
APP_binder_13_437_dldesign_0_cycle1_af2pred.pdb,EELLQELLTLLRS,0.000483179
APP_binder_13_438_dldesign_0_cycle1_af2pred.pdb,EYEEQDLEQLLLL,0.003872717
APP_binder_13_439_dldesign_0_cycle1_af2pred.pdb,GALDQQDDEDDDD,3.89E-05
APP_binder_13_43_dldesign_0_cycle1_af2pred.pdb,GLQNRLDLLGLLE,0.000113176
APP_binder_13_440_dldesign_0_cycle1_af2pred.pdb,SVLPPVLPAEPPL,0.001439194
APP_binder_13_441_dldesign_0_cycle1_af2pred.pdb,AKALAALLRALAA,0.000198871
APP_binder_13_442_dldesign_0_cycle1_af2pred.pdb,MDPEQDDLLDELE,0.001057912
APP_binder_13_443_dldesign_0_cycle1_af2pred.pdb,EREDDLDDEDDDD,0.000791228
APP_binder_13_444_dldesign_0_cycle1_af2pred.pdb,SLEDNLALWLLRR,0.00035808
APP_binder_13_445_dldesign_0_cycle1_af2pred.pdb,PLRLLKALLSLLY,0.002275741
APP_binder_13_446_dldesign_0_cycle1_af2pred.pdb,GLLNRLLDLLDRL,2.36E-05
APP_binder_13_447_dldesign_0_cycle1_af2pred.pdb,MLADLLQNLDNLL,0.000586808
APP_binder_13_448_dldesign_0_cycle1_af2pred.pdb,SLEDLRDDLEEAE,0.000196414
APP_binder_13_449_dldesign_0_cycle1_af2pred.pdb,EVKPVPPRSRPAL,0.005307282
APP_binder_13_44_dldesign_0_cycle1_af2pred.pdb,SLLERLARSELLR,0.000259256
APP_binder_13_450_dldesign_0_cycle1_af2pred.pdb,PLSTLLRILAALA,0.003169289
APP_binder_13_451_dldesign_0_cycle1_af2pred.pdb,SSLLRYLLNRDLS,0.000620038
APP_binder_13_452_dldesign_0_cycle1_af2pred.pdb,VIFEDDDDDDDEE,0.000319866
APP_binder_13_453_dldesign_0_cycle1_af2pred.pdb,SRRLLELLKNLAS,0.000400848
APP_binder_13_454_dldesign_0_cycle1_af2pred.pdb,SVAVPVDYSVDLE,0.000689655
APP_binder_13_455_dldesign_0_cycle1_af2pred.pdb,LLADLNLDLQLLD,0.000184596
APP_binder_13_456_dldesign_0_cycle1_af2pred.pdb,ALAELLERLKLLL,0.0016482
APP_binder_13_457_dldesign_0_cycle1_af2pred.pdb,SLQLLLQDLQEDL,0.000101309
APP_binder_13_458_dldesign_0_cycle1_af2pred.pdb,DDLEELLNELRRS,0.000622717
APP_binder_13_459_dldesign_0_cycle1_af2pred.pdb,LLDNLDRELLRRL,0.000384378
APP_binder_13_45_dldesign_0_cycle1_af2pred.pdb,DDDLTELRRLLYG,0.00437625
APP_binder_13_460_dldesign_0_cycle1_af2pred.pdb,GLLRLQKLAQLLG,0.000681991
APP_binder_13_461_dldesign_0_cycle1_af2pred.pdb,SLLKYLATTLLLS,0.000543694
APP_binder_13_462_dldesign_0_cycle1_af2pred.pdb,SLRLLELLLRRLL,0.000252515
APP_binder_13_463_dldesign_0_cycle1_af2pred.pdb,SLLYDLKILALLP,3.38E-05
APP_binder_13_464_dldesign_0_cycle1_af2pred.pdb,SARILAARLASLP,6.80E-05
APP_binder_13_465_dldesign_0_cycle1_af2pred.pdb,PPLVTHHVLAPAL,0.001241711
APP_binder_13_466_dldesign_0_cycle1_af2pred.pdb,PPAKRFLVKVPAP,0.00036411
APP_binder_13_467_dldesign_0_cycle1_af2pred.pdb,SVPKVMRPPPPLP,0.005052925
APP_binder_13_468_dldesign_0_cycle1_af2pred.pdb,DSRLLDALRELLA,0.000390809
APP_binder_13_469_dldesign_0_cycle1_af2pred.pdb,SRLLENLLKSLDD,0.000380844
APP_binder_13_46_dldesign_0_cycle1_af2pred.pdb,GPRRILPADADVD,0.012656436
APP_binder_13_470_dldesign_0_cycle1_af2pred.pdb,IEAAIAALRALRA,0.000213089
APP_binder_13_471_dldesign_0_cycle1_af2pred.pdb,EAARLAARRVAAP,0.003668922
APP_binder_13_472_dldesign_0_cycle1_af2pred.pdb,MSSHIRVPAPVVL,0.0017421
APP_binder_13_473_dldesign_0_cycle1_af2pred.pdb,KLEEEDDELDDLD,0.000743682
APP_binder_13_474_dldesign_0_cycle1_af2pred.pdb,AERALLLAEAAAK,0.000206352
APP_binder_13_475_dldesign_0_cycle1_af2pred.pdb,ERLLRLLAKQLAA,0.002668804
APP_binder_13_476_dldesign_0_cycle1_af2pred.pdb,MSREELRAIIESL,0.000946115
APP_binder_13_477_dldesign_0_cycle1_af2pred.pdb,PFKYSPPVKLDLP,0.016526746
APP_binder_13_478_dldesign_0_cycle1_af2pred.pdb,PNLTNEQRAALIA,0.004721486
APP_binder_13_479_dldesign_0_cycle1_af2pred.pdb,APAADVSPPPPLE,0.001027294
APP_binder_13_47_dldesign_0_cycle1_af2pred.pdb,LEELLRRLLKVLE,0.002346451
APP_binder_13_480_dldesign_0_cycle1_af2pred.pdb,GLLERLARLLARL,0.0269785
APP_binder_13_481_dldesign_0_cycle1_af2pred.pdb,KPVLSEAPFQLPS,0.005144887
APP_binder_13_482_dldesign_0_cycle1_af2pred.pdb,GLLDLLAELRRAP,0.00102267
APP_binder_13_483_dldesign_0_cycle1_af2pred.pdb,SLPKTHKELLAEL,4.01E-05
APP_binder_13_484_dldesign_0_cycle1_af2pred.pdb,MLEDLLQQLDVEL,0.001288399
APP_binder_13_485_dldesign_0_cycle1_af2pred.pdb,MSPLEYELLAALR,0.000138492
APP_binder_13_486_dldesign_0_cycle1_af2pred.pdb,SRLLDLLQQLDRE,0.010028689
APP_binder_13_487_dldesign_0_cycle1_af2pred.pdb,LSPEELARLLARL,0.001001001
APP_binder_13_488_dldesign_0_cycle1_af2pred.pdb,GRLSPEELAELAA,9.54E-05
APP_binder_13_489_dldesign_0_cycle1_af2pred.pdb,SLPKPSPPPRRYP,0.00418382
APP_binder_13_48_dldesign_0_cycle1_af2pred.pdb,SLAKELANLLVAP,0.000121104
APP_binder_13_490_dldesign_0_cycle1_af2pred.pdb,EQLLELLKQLLRR,0.00196794
APP_binder_13_491_dldesign_0_cycle1_af2pred.pdb,AEPPKAISLPNRP,2.23E-05
APP_binder_13_492_dldesign_0_cycle1_af2pred.pdb,GPSSGERYLPPAP,0.000176707
APP_binder_13_493_dldesign_0_cycle1_af2pred.pdb,YVDMRATPLPLLP,0.006975362
APP_binder_13_494_dldesign_0_cycle1_af2pred.pdb,SAPVRVSAAELLA,0.000186526
APP_binder_13_495_dldesign_0_cycle1_af2pred.pdb,DYSPRAVPAAPPP,0.020283705
APP_binder_13_496_dldesign_0_cycle1_af2pred.pdb,SLNELLRLLEDLL,2.19E-05
APP_binder_13_497_dldesign_0_cycle1_af2pred.pdb,GLNTEELELLDLE,1.18E-05
APP_binder_13_498_dldesign_0_cycle1_af2pred.pdb,LTLPQRLAKLLGE,3.78E-05
APP_binder_13_499_dldesign_0_cycle1_af2pred.pdb,GDEDEELDRELDA,2.32E-05
APP_binder_13_49_dldesign_0_cycle1_af2pred.pdb,GNVLTPRLRYPPP,0.658682525
APP_binder_13_4_dldesign_0_cycle1_af2pred.pdb,PVPPTLKSVSESS,0.002559231
APP_binder_13_500_dldesign_0_cycle1_af2pred.pdb,DEADEQPPLLPLP,0.00044695
APP_binder_13_501_dldesign_0_cycle1_af2pred.pdb,SSPVISGEEERLP,4.41E-05
APP_binder_13_502_dldesign_0_cycle1_af2pred.pdb,ARAADRAQQLLRD,0.004201544
APP_binder_13_503_dldesign_0_cycle1_af2pred.pdb,LLDDLAELRRLLG,0.000118297
APP_binder_13_504_dldesign_0_cycle1_af2pred.pdb,DAADINALRALLR,0.000627148
APP_binder_13_505_dldesign_0_cycle1_af2pred.pdb,DIATALALAKLLR,0.000175485
APP_binder_13_506_dldesign_0_cycle1_af2pred.pdb,SVLRLPVRPRSLA,0.001301733
APP_binder_13_507_dldesign_0_cycle1_af2pred.pdb,SVNVFTVRQRPAS,5.59E-05
APP_binder_13_508_dldesign_0_cycle1_af2pred.pdb,SLARLLAKLDAEL,4.18E-05
APP_binder_13_509_dldesign_0_cycle1_af2pred.pdb,SRLDLINLLLALA,0.000398236
APP_binder_13_50_dldesign_0_cycle1_af2pred.pdb,GDDALLQNLLRAP,0.008990943
APP_binder_13_510_dldesign_0_cycle1_af2pred.pdb,GLVPNSVLLALDP,0.007043109
APP_binder_13_511_dldesign_0_cycle1_af2pred.pdb,SLPVPKRVVYPPP,0.005227183
APP_binder_13_512_dldesign_0_cycle1_af2pred.pdb,MRIVRPAEPVQPL,0.004291701
APP_binder_13_513_dldesign_0_cycle1_af2pred.pdb,MDLRELLLEDLSL,7.42E-05
APP_binder_13_514_dldesign_0_cycle1_af2pred.pdb,LLERLLRRLAEAL,0.007294684
APP_binder_13_515_dldesign_0_cycle1_af2pred.pdb,LARLLRRLLRKLA,0.392288268
APP_binder_13_516_dldesign_0_cycle1_af2pred.pdb,SVPVFSEVEKEAA,0.001199335
APP_binder_13_517_dldesign_0_cycle1_af2pred.pdb,KKPEVVEIERPQV,1.46E-05
APP_binder_13_518_dldesign_0_cycle1_af2pred.pdb,SAYLDDLLAELLA,4.39E-05
APP_binder_13_519_dldesign_0_cycle1_af2pred.pdb,VDLAALVKLRPPR,0.003703843
APP_binder_13_51_dldesign_0_cycle1_af2pred.pdb,MSEEQKDLLDDLE,0.000810106
APP_binder_13_520_dldesign_0_cycle1_af2pred.pdb,GTLPSLLLRLLRS,0.000322786
APP_binder_13_521_dldesign_0_cycle1_af2pred.pdb,GVVLPKLRSVPPR,0.002262297
APP_binder_13_522_dldesign_0_cycle1_af2pred.pdb,SQQLAARLARLAA,0.000379653
APP_binder_13_523_dldesign_0_cycle1_af2pred.pdb,MEWHEEELPNRPP,0.001491927
APP_binder_13_524_dldesign_0_cycle1_af2pred.pdb,AAAKAALVEALLD,2.64E-05
APP_binder_13_525_dldesign_0_cycle1_af2pred.pdb,PAPRVMTIADILA,0.003500375
APP_binder_13_526_dldesign_0_cycle1_af2pred.pdb,LLRLLDQALLKSL,0.000371341
APP_binder_13_527_dldesign_0_cycle1_af2pred.pdb,GNAERLLARLLRE,0.002093303
APP_binder_13_528_dldesign_0_cycle1_af2pred.pdb,SKLDYLLAELLAA,3.51E-05
APP_binder_13_529_dldesign_0_cycle1_af2pred.pdb,GLAQVLLRLALAA,0.00090379
APP_binder_13_52_dldesign_0_cycle1_af2pred.pdb,LDRLRNIVLASAS,0.000249208
APP_binder_13_530_dldesign_0_cycle1_af2pred.pdb,GLPPVVVTTKELK,0.001938011
APP_binder_13_531_dldesign_0_cycle1_af2pred.pdb,SRLLDLLLQDLVD,0.0036834
APP_binder_13_532_dldesign_0_cycle1_af2pred.pdb,SSVTREELLDLLD,0.001153284
APP_binder_13_533_dldesign_0_cycle1_af2pred.pdb,MGPSGPSYVVRPP,0.003193484
APP_binder_13_534_dldesign_0_cycle1_af2pred.pdb,SVWSSGERPAPAL,0.004669381
APP_binder_13_535_dldesign_0_cycle1_af2pred.pdb,GSHLLEKLLLDLL,0.000480525
APP_binder_13_536_dldesign_0_cycle1_af2pred.pdb,KPVKPRAVPAPPP,0.016896926
APP_binder_13_537_dldesign_0_cycle1_af2pred.pdb,APPVNDLDQLLLD,1.05E-05
APP_binder_13_538_dldesign_0_cycle1_af2pred.pdb,GAALDRRLAALLS,0.0001091
APP_binder_13_539_dldesign_0_cycle1_af2pred.pdb,GLPKVVRLPPRPP,0.009007601
APP_binder_13_53_dldesign_0_cycle1_af2pred.pdb,AAALLALLAALDA,0.000267052
APP_binder_13_540_dldesign_0_cycle1_af2pred.pdb,DLLAKLANILADE,0.000234769
APP_binder_13_541_dldesign_0_cycle1_af2pred.pdb,LPPVNLDARVVLP,0.000735721
APP_binder_13_542_dldesign_0_cycle1_af2pred.pdb,DLASLQKLLALLS,0.000780041
APP_binder_13_543_dldesign_0_cycle1_af2pred.pdb,ALASRLADLLADL,1.52E-05
APP_binder_13_544_dldesign_0_cycle1_af2pred.pdb,SSEAAYQASLDAA,0.000209183
APP_binder_13_545_dldesign_0_cycle1_af2pred.pdb,SLLDDLLDLLERR,0.000174559
APP_binder_13_546_dldesign_0_cycle1_af2pred.pdb,VHPSVLQNLDELA,0.001152523
APP_binder_13_547_dldesign_0_cycle1_af2pred.pdb,GVTRVLEPADDLL,0.000155693
APP_binder_13_548_dldesign_0_cycle1_af2pred.pdb,SSPPVSEELPYLP,0.001529083
APP_binder_13_549_dldesign_0_cycle1_af2pred.pdb,GLAKYLLYRLLRE,0.040267434
APP_binder_13_54_dldesign_0_cycle1_af2pred.pdb,SVKKYPLTKPVVY,0.053296916
APP_binder_13_550_dldesign_0_cycle1_af2pred.pdb,GVPVPVGPDAVPE,0.000389043
APP_binder_13_551_dldesign_0_cycle1_af2pred.pdb,SSLDDALDDLLEE,3.17E-05
APP_binder_13_552_dldesign_0_cycle1_af2pred.pdb,SALLDNLLRRLLE,0.000379091
APP_binder_13_553_dldesign_0_cycle1_af2pred.pdb,GLTTAEYLALEAL,9.15E-05
APP_binder_13_554_dldesign_0_cycle1_af2pred.pdb,LLDDISLARQLAP,0.000112613
APP_binder_13_555_dldesign_0_cycle1_af2pred.pdb,ALAARQAVLDRQL,0.002266568
APP_binder_13_556_dldesign_0_cycle1_af2pred.pdb,SLALISRLQRLLL,0.025025552
APP_binder_13_557_dldesign_0_cycle1_af2pred.pdb,GLLPPVVEEDDDD,0.000704097
APP_binder_13_558_dldesign_0_cycle1_af2pred.pdb,SLAALLTELLLSG,0.000597999
APP_binder_13_559_dldesign_0_cycle1_af2pred.pdb,AAATRLAQALLDA,2.73E-05
APP_binder_13_55_dldesign_0_cycle1_af2pred.pdb,DEDDDDDLDDLLE,0.00329637
APP_binder_13_560_dldesign_0_cycle1_af2pred.pdb,SQAANAALDAALE,0.000183465
APP_binder_13_561_dldesign_0_cycle1_af2pred.pdb,DDDLEELLTALRR,0.002857304
APP_binder_13_562_dldesign_0_cycle1_af2pred.pdb,VDVPTVATRVWLP,0.009681133
APP_binder_13_563_dldesign_0_cycle1_af2pred.pdb,SLALRAALGRALS,4.99E-05
APP_binder_13_564_dldesign_0_cycle1_af2pred.pdb,AQDLLDALYELLS,0.001416057
APP_binder_13_565_dldesign_0_cycle1_af2pred.pdb,SRAATAAAIAALA,0.000109791
APP_binder_13_566_dldesign_0_cycle1_af2pred.pdb,PYLITDEELELLE,0.000249193
APP_binder_13_567_dldesign_0_cycle1_af2pred.pdb,SLVLEEKVVLPAL,0.002352793
APP_binder_13_568_dldesign_0_cycle1_af2pred.pdb,SGRLNYLDQLLDA,0.034771994
APP_binder_13_569_dldesign_0_cycle1_af2pred.pdb,PAPPKRVRVEVKP,0.001130507
APP_binder_13_56_dldesign_0_cycle1_af2pred.pdb,PSLQALLQALLDE,3.22E-05
APP_binder_13_570_dldesign_0_cycle1_af2pred.pdb,GSVVSGESLRLPA,0.000230091
APP_binder_13_571_dldesign_0_cycle1_af2pred.pdb,GEVVHTHNLILPP,0.000312566
APP_binder_13_572_dldesign_0_cycle1_af2pred.pdb,DEGLEDLLQQLLV,3.83E-05
APP_binder_13_573_dldesign_0_cycle1_af2pred.pdb,LASLLELLDALDA,5.13E-05
APP_binder_13_574_dldesign_0_cycle1_af2pred.pdb,SVSDGVLTSPLLY,0.000493256
APP_binder_13_575_dldesign_0_cycle1_af2pred.pdb,VVNVTYTNAWQLP,0.003763734
APP_binder_13_576_dldesign_0_cycle1_af2pred.pdb,PVTLADDDDDDDD,1.32E-05
APP_binder_13_577_dldesign_0_cycle1_af2pred.pdb,VSSKDLAALRQAL,0.000255904
APP_binder_13_578_dldesign_0_cycle1_af2pred.pdb,EVSALELALASRP,0.002849969
APP_binder_13_579_dldesign_0_cycle1_af2pred.pdb,LEEEELQADLNKD,0.000667505
APP_binder_13_57_dldesign_0_cycle1_af2pred.pdb,DLADLLTELQKLA,0.000466109
APP_binder_13_580_dldesign_0_cycle1_af2pred.pdb,SLPLTAKLRRKPF,0.000135532
APP_binder_13_581_dldesign_0_cycle1_af2pred.pdb,SSLPVPRRVLARP,1.21E-05
APP_binder_13_582_dldesign_0_cycle1_af2pred.pdb,GPVTTRELLDLEA,0.00561024
APP_binder_13_583_dldesign_0_cycle1_af2pred.pdb,SLSFSEELLPDNS,1.41E-05
APP_binder_13_584_dldesign_0_cycle1_af2pred.pdb,GSRTVVELERLPP,1.03E-05
APP_binder_13_585_dldesign_0_cycle1_af2pred.pdb,SARLLTLQQILDK,0.005388136
APP_binder_13_586_dldesign_0_cycle1_af2pred.pdb,HMHRVLVPSPRSA,0.002074423
APP_binder_13_587_dldesign_0_cycle1_af2pred.pdb,MQAKLDAILAQLL,9.55E-06
APP_binder_13_588_dldesign_0_cycle1_af2pred.pdb,SLPKVRQKPNVLP,4.43E-05
APP_binder_13_589_dldesign_0_cycle1_af2pred.pdb,AQALENLLLDLLR,0.000122287
APP_binder_13_58_dldesign_0_cycle1_af2pred.pdb,PVYTPRVASMPPP,0.001103327
APP_binder_13_590_dldesign_0_cycle1_af2pred.pdb,LEEQLLRRLALLL,0.000107588
APP_binder_13_591_dldesign_0_cycle1_af2pred.pdb,GGVVVYTPKRVNP,0.002661429
APP_binder_13_592_dldesign_0_cycle1_af2pred.pdb,QSPLERLLRSLLA,0.001360366
APP_binder_13_593_dldesign_0_cycle1_af2pred.pdb,SLTRLSELLQKLP,0.000237039
APP_binder_13_594_dldesign_0_cycle1_af2pred.pdb,DLEELLEELEELL,0.000299225
APP_binder_13_595_dldesign_0_cycle1_af2pred.pdb,GSSSPVREPAAVL,0.000477104
APP_binder_13_596_dldesign_0_cycle1_af2pred.pdb,DDDLEELRRLLYS,0.003195731
APP_binder_13_597_dldesign_0_cycle1_af2pred.pdb,GRAAALAAILASS,0.000716776
APP_binder_13_598_dldesign_0_cycle1_af2pred.pdb,SSSLKELLRRLLQ,0.000162929
APP_binder_13_599_dldesign_0_cycle1_af2pred.pdb,PVVATPRPPVPQP,0.010204707
APP_binder_13_59_dldesign_0_cycle1_af2pred.pdb,LDATRLALLDALA,3.35E-05
APP_binder_13_5_dldesign_0_cycle1_af2pred.pdb,DDYELQKLLQRLA,8.26E-05
APP_binder_13_600_dldesign_0_cycle1_af2pred.pdb,DPSLDRALAEELP,0.000253412
APP_binder_13_601_dldesign_0_cycle1_af2pred.pdb,LEEVERPVVDVLP,7.44E-06
APP_binder_13_602_dldesign_0_cycle1_af2pred.pdb,AYLEALDSALDAE,0.013734653
APP_binder_13_603_dldesign_0_cycle1_af2pred.pdb,SNLLMQEDEDDDD,0.000284502
APP_binder_13_604_dldesign_0_cycle1_af2pred.pdb,SLLRRLLQLLLEP,2.69E-05
APP_binder_13_605_dldesign_0_cycle1_af2pred.pdb,LRELELLLKSLLS,0.001817524
APP_binder_13_606_dldesign_0_cycle1_af2pred.pdb,SLAADLLAQLLDD,0.000854341
APP_binder_13_607_dldesign_0_cycle1_af2pred.pdb,SVSSGERLLPAPP,7.27E-05
APP_binder_13_608_dldesign_0_cycle1_af2pred.pdb,PLPNVVPADRSLV,0.000607775
APP_binder_13_609_dldesign_0_cycle1_af2pred.pdb,SLLQQLLRDLLAA,0.000371755
APP_binder_13_60_dldesign_0_cycle1_af2pred.pdb,QWLQLLLNRLLQA,0.000666968
APP_binder_13_610_dldesign_0_cycle1_af2pred.pdb,GLQRLLDLLLVLA,3.72E-06
APP_binder_13_611_dldesign_0_cycle1_af2pred.pdb,SLANRLLNLLLDE,1.52E-05
APP_binder_13_612_dldesign_0_cycle1_af2pred.pdb,PSVSLLSPEQLLP,3.55E-05
APP_binder_13_613_dldesign_0_cycle1_af2pred.pdb,SSALDQELDKLLD,0.000343295
APP_binder_13_614_dldesign_0_cycle1_af2pred.pdb,GVVPRTVPPPPPL,0.02804012
APP_binder_13_615_dldesign_0_cycle1_af2pred.pdb,MLPLELLRKLLAE,5.67E-05
APP_binder_13_616_dldesign_0_cycle1_af2pred.pdb,GERVVVEREALPP,0.000166852
APP_binder_13_617_dldesign_0_cycle1_af2pred.pdb,APATPPKLPIPVP,2.98E-05
APP_binder_13_618_dldesign_0_cycle1_af2pred.pdb,GPHSNPPREVVSR,0.001632273
APP_binder_13_619_dldesign_0_cycle1_af2pred.pdb,GVAPPVERIAVPP,0.012899384
APP_binder_13_61_dldesign_0_cycle1_af2pred.pdb,SLDRRLQARLDAL,0.00024191
APP_binder_13_620_dldesign_0_cycle1_af2pred.pdb,SADDLIRLSQLLQ,5.20E-05
APP_binder_13_621_dldesign_0_cycle1_af2pred.pdb,GVPPLTQEEALLS,0.001824358
APP_binder_13_622_dldesign_0_cycle1_af2pred.pdb,SLEEWRLFRALRR,0.000863115
APP_binder_13_623_dldesign_0_cycle1_af2pred.pdb,GASRYVREPEAEL,0.005013857
APP_binder_13_624_dldesign_0_cycle1_af2pred.pdb,AADLNALLAALRA,4.36E-05
APP_binder_13_625_dldesign_0_cycle1_af2pred.pdb,GGASTPEEILANE,5.78E-05
APP_binder_13_626_dldesign_0_cycle1_af2pred.pdb,SLALQRLDSLLDE,0.000371209
APP_binder_13_627_dldesign_0_cycle1_af2pred.pdb,SYLDLLKLETLLS,0.000697472
APP_binder_13_628_dldesign_0_cycle1_af2pred.pdb,SELRADLARDLNL,0.000313719
APP_binder_13_629_dldesign_0_cycle1_af2pred.pdb,VPPSPIVGPRSPL,0.001622281
APP_binder_13_62_dldesign_0_cycle1_af2pred.pdb,VAAQRAASEDALA,0.000449125
APP_binder_13_630_dldesign_0_cycle1_af2pred.pdb,LSPRELLRLLAAL,4.71E-05
APP_binder_13_631_dldesign_0_cycle1_af2pred.pdb,AVEKPVPFVAPDL,0.000732534
APP_binder_13_632_dldesign_0_cycle1_af2pred.pdb,GGVPRSRLERLLS,0.004744106
APP_binder_13_633_dldesign_0_cycle1_af2pred.pdb,GRLQELLDLLLAE,0.002544138
APP_binder_13_634_dldesign_0_cycle1_af2pred.pdb,ERLRILLRELLSL,0.007975472
APP_binder_13_635_dldesign_0_cycle1_af2pred.pdb,MLSERDDVIVYPN,0.005088258
APP_binder_13_636_dldesign_0_cycle1_af2pred.pdb,MSAEERRLLDRLA,0.001392042
APP_binder_13_637_dldesign_0_cycle1_af2pred.pdb,SLAALLRYLLQRL,0.00326154
APP_binder_13_638_dldesign_0_cycle1_af2pred.pdb,PLPVVTTPRTYVP,0.004947664
APP_binder_13_639_dldesign_0_cycle1_af2pred.pdb,PSTAPDLQSLARL,0.002394487
APP_binder_13_63_dldesign_0_cycle1_af2pred.pdb,GLAMALRAAQVYP,2.75E-05
APP_binder_13_640_dldesign_0_cycle1_af2pred.pdb,SSLLQRLLQLLLA,1.38E-05
APP_binder_13_641_dldesign_0_cycle1_af2pred.pdb,SLLERLLRLLDQA,0.001111127
APP_binder_13_642_dldesign_0_cycle1_af2pred.pdb,QAAALALAALLAA,1.14E-05
APP_binder_13_643_dldesign_0_cycle1_af2pred.pdb,GLPPPPRRRPPPP,0.953479886
APP_binder_13_644_dldesign_0_cycle1_af2pred.pdb,GVTREELDDLLEP,3.41E-05
APP_binder_13_645_dldesign_0_cycle1_af2pred.pdb,FTRTPPVRVPLPP,0.016398843
APP_binder_13_646_dldesign_0_cycle1_af2pred.pdb,GSVQVEVDDLALP,0.000809587
APP_binder_13_647_dldesign_0_cycle1_af2pred.pdb,LSPEELRRLLRRA,0.001685792
APP_binder_13_648_dldesign_0_cycle1_af2pred.pdb,VKPVKLDVDVELE,0.003309629
APP_binder_13_649_dldesign_0_cycle1_af2pred.pdb,GSLARALALELAR,0.000362612
APP_binder_13_64_dldesign_0_cycle1_af2pred.pdb,GSVPLLRSVPVPP,0.00196821
APP_binder_13_650_dldesign_0_cycle1_af2pred.pdb,SLDLKELLQELLN,3.84E-05
APP_binder_13_651_dldesign_0_cycle1_af2pred.pdb,GSLPLPPAQPRLP,0.004876836
APP_binder_13_652_dldesign_0_cycle1_af2pred.pdb,SGRLLALLDELLE,0.00065453
APP_binder_13_653_dldesign_0_cycle1_af2pred.pdb,SLEELLLDLEELE,8.79E-05
APP_binder_13_654_dldesign_0_cycle1_af2pred.pdb,PDPARLAAHLARS,0.000110372
APP_binder_13_655_dldesign_0_cycle1_af2pred.pdb,DDLDNLLRELLEE,0.000257106
APP_binder_13_656_dldesign_0_cycle1_af2pred.pdb,SNYLDARLDYLDE,0.000201185
APP_binder_13_657_dldesign_0_cycle1_af2pred.pdb,DVPTQEQLDALAA,0.000600065
APP_binder_13_658_dldesign_0_cycle1_af2pred.pdb,GLVVLPPPKVVLP,0.002368593
APP_binder_13_659_dldesign_0_cycle1_af2pred.pdb,PGPALTRAQALLD,0.000990939
APP_binder_13_65_dldesign_0_cycle1_af2pred.pdb,GAARIAARRALSE,0.000999199
APP_binder_13_660_dldesign_0_cycle1_af2pred.pdb,SLARSALNQALLN,5.64E-05
APP_binder_13_661_dldesign_0_cycle1_af2pred.pdb,SLALENLLDELLG,0.000440303
APP_binder_13_662_dldesign_0_cycle1_af2pred.pdb,GLLEKLLLNLLRS,0.003999529
APP_binder_13_663_dldesign_0_cycle1_af2pred.pdb,KKEYSAEEVALLS,0.006762465
APP_binder_13_664_dldesign_0_cycle1_af2pred.pdb,NHVHVDDDVDLPE,0.002151268
APP_binder_13_665_dldesign_0_cycle1_af2pred.pdb,SVELRRLLVELLQ,0.000375382
APP_binder_13_666_dldesign_0_cycle1_af2pred.pdb,SLEEDLLADLDDE,3.52E-05
APP_binder_13_667_dldesign_0_cycle1_af2pred.pdb,GLAKWAAYRALLA,0.002074593
APP_binder_13_668_dldesign_0_cycle1_af2pred.pdb,ALEADRLQSLLNL,0.001258952
APP_binder_13_669_dldesign_0_cycle1_af2pred.pdb,VRPGLRDLASSLP,0.000202255
APP_binder_13_66_dldesign_0_cycle1_af2pred.pdb,AAALRLADRLASE,0.000228641
APP_binder_13_670_dldesign_0_cycle1_af2pred.pdb,PYVAVTKEELLDA,0.001065602
APP_binder_13_671_dldesign_0_cycle1_af2pred.pdb,REARRLAALLAQD,7.40E-05
APP_binder_13_672_dldesign_0_cycle1_af2pred.pdb,SPLDQQLDDDDDA,0.000333702
APP_binder_13_673_dldesign_0_cycle1_af2pred.pdb,GAPIVTTHVLEAP,0.001111791
APP_binder_13_674_dldesign_0_cycle1_af2pred.pdb,SAALLAANAALRA,0.000120557
APP_binder_13_675_dldesign_0_cycle1_af2pred.pdb,SQLLEDLDQELLS,6.60E-05
APP_binder_13_676_dldesign_0_cycle1_af2pred.pdb,GRRPRRVVPAPLL,0.06774807
APP_binder_13_677_dldesign_0_cycle1_af2pred.pdb,ARLLDELQNLDAL,0.015178218
APP_binder_13_678_dldesign_0_cycle1_af2pred.pdb,VPLLLKRLLQTLL,0.000220154
APP_binder_13_679_dldesign_0_cycle1_af2pred.pdb,ILSRRLAALLQSL,0.002329901
APP_binder_13_67_dldesign_0_cycle1_af2pred.pdb,DLAALLALAARKP,0.000521905
APP_binder_13_680_dldesign_0_cycle1_af2pred.pdb,SPSKLANLLAELL,0.000243175
APP_binder_13_681_dldesign_0_cycle1_af2pred.pdb,DAEQQAADAALVA,0.000271736
APP_binder_13_682_dldesign_0_cycle1_af2pred.pdb,DEQDLAALRARLL,0.000690141
APP_binder_13_683_dldesign_0_cycle1_af2pred.pdb,ADARLALRGLLLG,9.95E-05
APP_binder_13_684_dldesign_0_cycle1_af2pred.pdb,GVLKRVVPPVGLL,2.41E-05
APP_binder_13_685_dldesign_0_cycle1_af2pred.pdb,DLRLQVRLDALLA,0.000136341
APP_binder_13_686_dldesign_0_cycle1_af2pred.pdb,GVPVTKEELDDLA,0.001642805
APP_binder_13_687_dldesign_0_cycle1_af2pred.pdb,LLKALLTQLLLDS,5.40E-05
APP_binder_13_688_dldesign_0_cycle1_af2pred.pdb,SQLLLDRLQQLLS,0.000193679
APP_binder_13_689_dldesign_0_cycle1_af2pred.pdb,SRLAMLARTLDNL,0.002051512
APP_binder_13_68_dldesign_0_cycle1_af2pred.pdb,RLLNLLNQLLALL,2.88E-05
APP_binder_13_690_dldesign_0_cycle1_af2pred.pdb,LDLEDDLRAALLA,0.000200078
APP_binder_13_691_dldesign_0_cycle1_af2pred.pdb,SSPPISAEVEEED,3.08E-05
APP_binder_13_692_dldesign_0_cycle1_af2pred.pdb,VSALDRQQQLDLD,0.001154007
APP_binder_13_693_dldesign_0_cycle1_af2pred.pdb,EAELRVLAQELDD,0.00016976
APP_binder_13_694_dldesign_0_cycle1_af2pred.pdb,VSPELLARLLASG,0.000113875
APP_binder_13_695_dldesign_0_cycle1_af2pred.pdb,LSAARQAALDRLA,0.000295572
APP_binder_13_696_dldesign_0_cycle1_af2pred.pdb,NLDKILADLAADL,0.000187058
APP_binder_13_697_dldesign_0_cycle1_af2pred.pdb,SNAQLAALLAKLS,2.00E-05
APP_binder_13_698_dldesign_0_cycle1_af2pred.pdb,GTVLTLVPTPALP,0.005220609
APP_binder_13_699_dldesign_0_cycle1_af2pred.pdb,DDAADAAALQALR,1.48E-05
APP_binder_13_69_dldesign_0_cycle1_af2pred.pdb,APPPPVLRGAQPP,3.48E-05
APP_binder_13_6_dldesign_0_cycle1_af2pred.pdb,SHLHSEELEVPPS,0.000242383
APP_binder_13_700_dldesign_0_cycle1_af2pred.pdb,SRLLDLLNELLTL,0.002716067
APP_binder_13_701_dldesign_0_cycle1_af2pred.pdb,LAKLLNLLLKLLD,0.000384599
APP_binder_13_702_dldesign_0_cycle1_af2pred.pdb,EDDLDDLLLELRA,4.82E-05
APP_binder_13_703_dldesign_0_cycle1_af2pred.pdb,SLAVLLRRLAKLA,0.000578993
APP_binder_13_704_dldesign_0_cycle1_af2pred.pdb,SLAALLRYLDQKA,0.000921202
APP_binder_13_705_dldesign_0_cycle1_af2pred.pdb,LSRLLADLAAAAA,0.00032202
APP_binder_13_706_dldesign_0_cycle1_af2pred.pdb,SLLELLRLLAKNL,1.82E-05
APP_binder_13_707_dldesign_0_cycle1_af2pred.pdb,MVKKLPVSGALPP,0.000411163
APP_binder_13_708_dldesign_0_cycle1_af2pred.pdb,AKELEELEKKLAE,7.85E-05
APP_binder_13_709_dldesign_0_cycle1_af2pred.pdb,LLPGLLRRLLLRL,0.003282913
APP_binder_13_70_dldesign_0_cycle1_af2pred.pdb,MKVTPRRVEAPLL,9.26E-05
APP_binder_13_710_dldesign_0_cycle1_af2pred.pdb,ALNTTLKSVNEPS,0.004748803
APP_binder_13_711_dldesign_0_cycle1_af2pred.pdb,RLLRRLAQLLQQL,0.000447216
APP_binder_13_712_dldesign_0_cycle1_af2pred.pdb,RLADRLRSLDELA,0.000256311
APP_binder_13_713_dldesign_0_cycle1_af2pred.pdb,QRVSKTELVELVK,0.000540912
APP_binder_13_714_dldesign_0_cycle1_af2pred.pdb,LSGLLKRLLARLG,0.012925873
APP_binder_13_715_dldesign_0_cycle1_af2pred.pdb,SYHLSERSLEELL,0.000188016
APP_binder_13_716_dldesign_0_cycle1_af2pred.pdb,SPVVTVRRRPNRP,1.53E-05
APP_binder_13_717_dldesign_0_cycle1_af2pred.pdb,ELIEEEALVTLPP,0.017427137
APP_binder_13_718_dldesign_0_cycle1_af2pred.pdb,SLARRLLSEDLWS,0.000248893
APP_binder_13_719_dldesign_0_cycle1_af2pred.pdb,SQALLELTALLLS,5.55E-05
APP_binder_13_71_dldesign_0_cycle1_af2pred.pdb,GEVRRVKAPDDLL,0.000121167
APP_binder_13_720_dldesign_0_cycle1_af2pred.pdb,SADNIDDELLDLG,0.00380706
APP_binder_13_721_dldesign_0_cycle1_af2pred.pdb,EDEQDDFLLRRLL,0.002842953
APP_binder_13_722_dldesign_0_cycle1_af2pred.pdb,YTLPASRRRKALP,0.19353281
APP_binder_13_723_dldesign_0_cycle1_af2pred.pdb,PPPPPPVAPQYPP,0.006115682
APP_binder_13_724_dldesign_0_cycle1_af2pred.pdb,SREERRLLRELLE,1.98E-05
APP_binder_13_725_dldesign_0_cycle1_af2pred.pdb,SLAEALALQRRLR,2.13E-05
APP_binder_13_726_dldesign_0_cycle1_af2pred.pdb,AALSQRELDDLAE,0.000332886
APP_binder_13_727_dldesign_0_cycle1_af2pred.pdb,DRLLAKRLASLLA,0.002924577
APP_binder_13_728_dldesign_0_cycle1_af2pred.pdb,SLLKRLNMLLNSG,0.000392982
APP_binder_13_729_dldesign_0_cycle1_af2pred.pdb,SEELRRLLRKLLS,2.78E-05
APP_binder_13_72_dldesign_0_cycle1_af2pred.pdb,KPAHNLFDVDDDL,0.004525499
APP_binder_13_730_dldesign_0_cycle1_af2pred.pdb,SLVLEEVEVPPSS,0.000634863
APP_binder_13_731_dldesign_0_cycle1_af2pred.pdb,MSGVAVPVDVPAP,0.002385972
APP_binder_13_732_dldesign_0_cycle1_af2pred.pdb,SAAALQQRLDNLL,0.001811221
APP_binder_13_733_dldesign_0_cycle1_af2pred.pdb,SSLEKTLKALAQL,0.000105884
APP_binder_13_734_dldesign_0_cycle1_af2pred.pdb,GQVDVPPIYVTPP,0.008082569
APP_binder_13_735_dldesign_0_cycle1_af2pred.pdb,SLDLRRLLKELLR,1.40E-05
APP_binder_13_736_dldesign_0_cycle1_af2pred.pdb,TTYLTPEELAALE,0.009946221
APP_binder_13_737_dldesign_0_cycle1_af2pred.pdb,DQRLLLLPPAPPL,8.54E-06
APP_binder_13_738_dldesign_0_cycle1_af2pred.pdb,SSADDEDDDDLDA,0.000142343
APP_binder_13_739_dldesign_0_cycle1_af2pred.pdb,RLLRRLAKLLQEL,0.003715456
APP_binder_13_73_dldesign_0_cycle1_af2pred.pdb,AEELLRQLAEDLA,0.001544823
APP_binder_13_740_dldesign_0_cycle1_af2pred.pdb,SLLNRLRALLARL,2.13E-05
APP_binder_13_741_dldesign_0_cycle1_af2pred.pdb,GEVVVYTPRPILP,0.001191297
APP_binder_13_742_dldesign_0_cycle1_af2pred.pdb,SVASRRRRVAALP,0.009760458
APP_binder_13_743_dldesign_0_cycle1_af2pred.pdb,VEARLLAAADASA,0.000119203
APP_binder_13_744_dldesign_0_cycle1_af2pred.pdb,SDWQDLQRLLKLL,0.005429744
APP_binder_13_745_dldesign_0_cycle1_af2pred.pdb,YSLGPRLSSSVPP,0.000675353
APP_binder_13_746_dldesign_0_cycle1_af2pred.pdb,ARRTVQKTAPFTY,0.002558725
APP_binder_13_747_dldesign_0_cycle1_af2pred.pdb,LLAHLLAQDDVLA,0.000216985
APP_binder_13_748_dldesign_0_cycle1_af2pred.pdb,SVNVAVPARERVR,0.000890838
APP_binder_13_749_dldesign_0_cycle1_af2pred.pdb,SVTLVEGEVLKEP,0.003345969
APP_binder_13_74_dldesign_0_cycle1_af2pred.pdb,DSDEEEELEELLA,0.001039612
APP_binder_13_750_dldesign_0_cycle1_af2pred.pdb,SLAALLKELELLG,3.78E-05
APP_binder_13_751_dldesign_0_cycle1_af2pred.pdb,LADDLRALLKALA,0.000265601
APP_binder_13_752_dldesign_0_cycle1_af2pred.pdb,LRLLQELLRLLLD,8.78E-05
APP_binder_13_753_dldesign_0_cycle1_af2pred.pdb,PLLEDLLRAAASD,0.000595449
APP_binder_13_754_dldesign_0_cycle1_af2pred.pdb,RPYVLRHVLEVAP,0.002624742
APP_binder_13_755_dldesign_0_cycle1_af2pred.pdb,VSDETLESLAKQK,0.000592778
APP_binder_13_756_dldesign_0_cycle1_af2pred.pdb,VVPMTTKELKALE,0.002360543
APP_binder_13_757_dldesign_0_cycle1_af2pred.pdb,SYVRTRVFEPVAP,5.06E-05
APP_binder_13_758_dldesign_0_cycle1_af2pred.pdb,SQEDIREQRLLLL,3.63E-05
APP_binder_13_759_dldesign_0_cycle1_af2pred.pdb,LTLEELARRRKAP,0.011827455
APP_binder_13_75_dldesign_0_cycle1_af2pred.pdb,GLLHRLANLLASE,0.014737573
APP_binder_13_760_dldesign_0_cycle1_af2pred.pdb,SLNVTVRPRLRLR,0.000931766
APP_binder_13_761_dldesign_0_cycle1_af2pred.pdb,GSRTPLVEIPALP,0.000189292
APP_binder_13_762_dldesign_0_cycle1_af2pred.pdb,GEARSVQVDEEDD,6.52E-05
APP_binder_13_763_dldesign_0_cycle1_af2pred.pdb,ASALDHLLASLLE,0.000606489
APP_binder_13_764_dldesign_0_cycle1_af2pred.pdb,SNAIPVDVAPVEP,0.000943433
APP_binder_13_765_dldesign_0_cycle1_af2pred.pdb,PLPNIPPALAPLA,0.000540307
APP_binder_13_766_dldesign_0_cycle1_af2pred.pdb,LLEELLRRLARRA,0.000379623
APP_binder_13_767_dldesign_0_cycle1_af2pred.pdb,SIALTRLLSYLLR,0.001228834
APP_binder_13_768_dldesign_0_cycle1_af2pred.pdb,ALRELLLDDYLDD,0.000335777
APP_binder_13_769_dldesign_0_cycle1_af2pred.pdb,KRNIAPRLPAPAP,0.011297308
APP_binder_13_76_dldesign_0_cycle1_af2pred.pdb,MSGPVASVATVEP,8.26E-06
APP_binder_13_770_dldesign_0_cycle1_af2pred.pdb,DDDEDDANALQAG,0.003764707
APP_binder_13_771_dldesign_0_cycle1_af2pred.pdb,SFVVRTPVPLPAP,4.09E-05
APP_binder_13_772_dldesign_0_cycle1_af2pred.pdb,SLEVVHVYEDADE,0.000258184
APP_binder_13_773_dldesign_0_cycle1_af2pred.pdb,MTSAEYPPVPATL,4.76E-05
APP_binder_13_774_dldesign_0_cycle1_af2pred.pdb,GSVLRSRVNPASP,0.007550699
APP_binder_13_775_dldesign_0_cycle1_af2pred.pdb,HTHHISGDAALPP,0.000365738
APP_binder_13_776_dldesign_0_cycle1_af2pred.pdb,MSREETLDRVLDE,0.000166684
APP_binder_13_777_dldesign_0_cycle1_af2pred.pdb,GRLARLLAELLAK,0.001721272
APP_binder_13_778_dldesign_0_cycle1_af2pred.pdb,SSSLLRYLLERLL,6.72E-05
APP_binder_13_779_dldesign_0_cycle1_af2pred.pdb,SPLARLLYELLSR,0.001291348
APP_binder_13_77_dldesign_0_cycle1_af2pred.pdb,ALEPKTEIKPKVL,0.000242209
APP_binder_13_780_dldesign_0_cycle1_af2pred.pdb,SELRTLLKNLLAA,4.69E-05
APP_binder_13_781_dldesign_0_cycle1_af2pred.pdb,GALPKEDYLALKE,0.021142283
APP_binder_13_782_dldesign_0_cycle1_af2pred.pdb,LSPRLLRKLAQLL,0.000496744
APP_binder_13_783_dldesign_0_cycle1_af2pred.pdb,SSVLRYPLSVLLR,0.000856832
APP_binder_13_784_dldesign_0_cycle1_af2pred.pdb,DPGAHVFESAAAE,0.003367953
APP_binder_13_785_dldesign_0_cycle1_af2pred.pdb,PEYLPYPLSRLLG,0.005104319
APP_binder_13_786_dldesign_0_cycle1_af2pred.pdb,VSPEALLLMALRR,0.000596218
APP_binder_13_787_dldesign_0_cycle1_af2pred.pdb,SPLLRILLKQANA,7.31E-05
APP_binder_13_788_dldesign_0_cycle1_af2pred.pdb,LPPGAVKESVYLP,8.06E-06
APP_binder_13_789_dldesign_0_cycle1_af2pred.pdb,SAALLAALEAAAA,6.72E-05
APP_binder_13_78_dldesign_0_cycle1_af2pred.pdb,SLADLLAQLARRL,0.000127501
APP_binder_13_790_dldesign_0_cycle1_af2pred.pdb,PNVPVPRRVPRWR,0.198311791
APP_binder_13_791_dldesign_0_cycle1_af2pred.pdb,SLRLLELLRRLLE,0.000955034
APP_binder_13_792_dldesign_0_cycle1_af2pred.pdb,SVLTLASDLLAEE,1.46E-05
APP_binder_13_793_dldesign_0_cycle1_af2pred.pdb,GQLYRDLQEDLNE,0.032076806
APP_binder_13_794_dldesign_0_cycle1_af2pred.pdb,GMGPPRRILEPAP,0.0023717
APP_binder_13_795_dldesign_0_cycle1_af2pred.pdb,GAPVKLPDSVLLP,0.000572617
APP_binder_13_796_dldesign_0_cycle1_af2pred.pdb,AERRALLRALSEG,1.53E-05
APP_binder_13_797_dldesign_0_cycle1_af2pred.pdb,RVEVRRHVHVPAP,0.000121148
APP_binder_13_798_dldesign_0_cycle1_af2pred.pdb,GLAALLDAAALAA,1.59E-05
APP_binder_13_799_dldesign_0_cycle1_af2pred.pdb,AYLDQRLLQLLLD,0.000414095
APP_binder_13_79_dldesign_0_cycle1_af2pred.pdb,SSVVLPRHVPAPP,0.002276833
APP_binder_13_7_dldesign_0_cycle1_af2pred.pdb,PVRAPLSLLEALA,0.008267665
APP_binder_13_800_dldesign_0_cycle1_af2pred.pdb,GNVPQPLVALPEP,0.014937127
APP_binder_13_801_dldesign_0_cycle1_af2pred.pdb,SVSRVQTEEDEDE,0.00020524
APP_binder_13_802_dldesign_0_cycle1_af2pred.pdb,DLDELLRLLQALA,0.001048169
APP_binder_13_803_dldesign_0_cycle1_af2pred.pdb,GSGLVYTPKSVPN,0.003736292
APP_binder_13_804_dldesign_0_cycle1_af2pred.pdb,SVPRFRPPRRALP,0.88814044
APP_binder_13_805_dldesign_0_cycle1_af2pred.pdb,DGLDQQLLRLLLR,5.06E-05
APP_binder_13_806_dldesign_0_cycle1_af2pred.pdb,PPPSPIVPAEDLE,0.000107549
APP_binder_13_807_dldesign_0_cycle1_af2pred.pdb,GSAAIRAELLALS,7.21E-05
APP_binder_13_808_dldesign_0_cycle1_af2pred.pdb,APGPEPDNDVVPR,0.001730777
APP_binder_13_809_dldesign_0_cycle1_af2pred.pdb,SYSLGERILEPAP,0.002079434
APP_binder_13_80_dldesign_0_cycle1_af2pred.pdb,SLLEDRRLASLLD,4.02E-05
APP_binder_13_810_dldesign_0_cycle1_af2pred.pdb,ELPAPPRTVELLP,0.000695992
APP_binder_13_811_dldesign_0_cycle1_af2pred.pdb,RLAAARAHSADLL,7.61E-06
APP_binder_13_812_dldesign_0_cycle1_af2pred.pdb,NPSLQAVLDRLDA,0.000221277
APP_binder_13_813_dldesign_0_cycle1_af2pred.pdb,LTPSELAELAAEE,0.00082907
APP_binder_13_814_dldesign_0_cycle1_af2pred.pdb,SRFIRSPPIRVSS,0.003303313
APP_binder_13_815_dldesign_0_cycle1_af2pred.pdb,MMSAEEIAAQAAG,0.000789145
APP_binder_13_816_dldesign_0_cycle1_af2pred.pdb,GLTLIEREREWVP,0.00124872
APP_binder_13_817_dldesign_0_cycle1_af2pred.pdb,PRGVAIPAGPLDL,9.70E-06
APP_binder_13_818_dldesign_0_cycle1_af2pred.pdb,SLLNRLLARLDAL,2.41E-05
APP_binder_13_819_dldesign_0_cycle1_af2pred.pdb,DYGLDQRLAALLA,0.009510742
APP_binder_13_81_dldesign_0_cycle1_af2pred.pdb,GLSDLLIAEHLLS,0.002144887
APP_binder_13_820_dldesign_0_cycle1_af2pred.pdb,GKPPVKVDDVLLP,0.00061894
APP_binder_13_821_dldesign_0_cycle1_af2pred.pdb,SLRVLLRKLASLP,0.000191997
APP_binder_13_822_dldesign_0_cycle1_af2pred.pdb,GDEGDDHLDLYLS,0.007192243
APP_binder_13_823_dldesign_0_cycle1_af2pred.pdb,SPIDLRRLLLADE,0.000779154
APP_binder_13_824_dldesign_0_cycle1_af2pred.pdb,GHTTPVRVPAPPR,0.002157224
APP_binder_13_825_dldesign_0_cycle1_af2pred.pdb,SLEEILARRLAGL,0.000831282
APP_binder_13_826_dldesign_0_cycle1_af2pred.pdb,SVPVTQEELRPLL,0.000269045
APP_binder_13_827_dldesign_0_cycle1_af2pred.pdb,LDDLEDLRRALAS,0.00075104
APP_binder_13_828_dldesign_0_cycle1_af2pred.pdb,LAKYLADRLLVSS,0.00032223
APP_binder_13_829_dldesign_0_cycle1_af2pred.pdb,PDSLLQRLLLRLL,0.003920225
APP_binder_13_82_dldesign_0_cycle1_af2pred.pdb,SSRLQNLLQELDA,0.000280907
APP_binder_13_830_dldesign_0_cycle1_af2pred.pdb,SAADLRADNALDD,0.000485037
APP_binder_13_831_dldesign_0_cycle1_af2pred.pdb,QDLAASRAAYLAA,0.000200658
APP_binder_13_832_dldesign_0_cycle1_af2pred.pdb,LLSELLKQLLRLL,0.002102718
APP_binder_13_833_dldesign_0_cycle1_af2pred.pdb,VLAKRLLSLDKLA,0.002953779
APP_binder_13_834_dldesign_0_cycle1_af2pred.pdb,DLLLDNLDKRLAG,0.001273599
APP_binder_13_835_dldesign_0_cycle1_af2pred.pdb,SLSLLLRRLLKLG,0.000616445
APP_binder_13_836_dldesign_0_cycle1_af2pred.pdb,PARPAGPPPPSPP,0.002439203
APP_binder_13_837_dldesign_0_cycle1_af2pred.pdb,GLAELLELLALLL,0.000661199
APP_binder_13_838_dldesign_0_cycle1_af2pred.pdb,SLPVPRRPPPSRP,0.001779286
APP_binder_13_839_dldesign_0_cycle1_af2pred.pdb,GPKILTNVKKESV,0.004751853
APP_binder_13_83_dldesign_0_cycle1_af2pred.pdb,LTETELNLLRRTG,5.07E-05
APP_binder_13_840_dldesign_0_cycle1_af2pred.pdb,SSITKEELLDLLE,0.000251941
APP_binder_13_841_dldesign_0_cycle1_af2pred.pdb,GSRLDALLDQLDD,5.36E-05
APP_binder_13_842_dldesign_0_cycle1_af2pred.pdb,SVVELPPRPVLLP,0.000568582
APP_binder_13_843_dldesign_0_cycle1_af2pred.pdb,GGRVLTLSDAEPP,0.002126769
APP_binder_13_844_dldesign_0_cycle1_af2pred.pdb,TVTVPRQVSHSLP,0.001298667
APP_binder_13_845_dldesign_0_cycle1_af2pred.pdb,GSLVRLLSELLDD,0.000278761
APP_binder_13_846_dldesign_0_cycle1_af2pred.pdb,SYSELLATKLALS,0.004939747
APP_binder_13_847_dldesign_0_cycle1_af2pred.pdb,ALAAALARRLAAR,0.002992134
APP_binder_13_848_dldesign_0_cycle1_af2pred.pdb,MAQPVQPPRLVLP,0.000519136
APP_binder_13_849_dldesign_0_cycle1_af2pred.pdb,AEELEELVDLLDA,1.71E-05
APP_binder_13_84_dldesign_0_cycle1_af2pred.pdb,SLLRRLLARLLSG,0.000726916
APP_binder_13_850_dldesign_0_cycle1_af2pred.pdb,RLPDVELPDPPPL,0.00198887
APP_binder_13_851_dldesign_0_cycle1_af2pred.pdb,GPVTPRRVVEPEE,0.014032138
APP_binder_13_852_dldesign_0_cycle1_af2pred.pdb,GLPLPVLRPPLPP,0.011856887
APP_binder_13_853_dldesign_0_cycle1_af2pred.pdb,PVDLRSNKLPPAE,0.000664163
APP_binder_13_854_dldesign_0_cycle1_af2pred.pdb,PLPPRVRRAPLLP,0.15292345
APP_binder_13_855_dldesign_0_cycle1_af2pred.pdb,FLPLPSFGEREAV,9.33E-05
APP_binder_13_856_dldesign_0_cycle1_af2pred.pdb,GAVPRVAPRPLLP,0.002556701
APP_binder_13_857_dldesign_0_cycle1_af2pred.pdb,RLLTRLAALLEEL,6.58E-05
APP_binder_13_858_dldesign_0_cycle1_af2pred.pdb,DLPQELRHALLRG,0.001556459
APP_binder_13_859_dldesign_0_cycle1_af2pred.pdb,PSSHVRVDENILG,0.001804599
APP_binder_13_85_dldesign_0_cycle1_af2pred.pdb,MARRELAAKLVAD,0.000822139
APP_binder_13_860_dldesign_0_cycle1_af2pred.pdb,SLARRLAARLASL,9.00E-05
APP_binder_13_861_dldesign_0_cycle1_af2pred.pdb,VLARRLASLDKLA,0.000191011
APP_binder_13_862_dldesign_0_cycle1_af2pred.pdb,SGLLQQLDQLLDS,6.00E-05
APP_binder_13_863_dldesign_0_cycle1_af2pred.pdb,LNLTELPSVDVDL,1.38E-05
APP_binder_13_864_dldesign_0_cycle1_af2pred.pdb,PAVRAPSAEELAK,0.004675991
APP_binder_13_865_dldesign_0_cycle1_af2pred.pdb,ADAQLALRLAALA,0.000291028
APP_binder_13_866_dldesign_0_cycle1_af2pred.pdb,SADRILDEDADLA,0.000141983
APP_binder_13_867_dldesign_0_cycle1_af2pred.pdb,GDSPLERALKNSL,0.003307184
APP_binder_13_868_dldesign_0_cycle1_af2pred.pdb,YLPEVTEPEIAPP,0.000312285
APP_binder_13_869_dldesign_0_cycle1_af2pred.pdb,GNTPLERLARALA,0.001264414
APP_binder_13_86_dldesign_0_cycle1_af2pred.pdb,RAAARAAALAARA,2.70E-05
APP_binder_13_870_dldesign_0_cycle1_af2pred.pdb,GPVLILAPVPAVP,0.001871982
APP_binder_13_871_dldesign_0_cycle1_af2pred.pdb,LLEDLDQELDELD,0.00387542
APP_binder_13_872_dldesign_0_cycle1_af2pred.pdb,SSTPVVSEVELPA,0.000494484
APP_binder_13_873_dldesign_0_cycle1_af2pred.pdb,GPLTLVEYPPAEA,0.01129768
APP_binder_13_874_dldesign_0_cycle1_af2pred.pdb,QVPGPVKYSVSRP,0.001625648
APP_binder_13_875_dldesign_0_cycle1_af2pred.pdb,LLLDELQQLLNDA,0.000133745
APP_binder_13_876_dldesign_0_cycle1_af2pred.pdb,DLAQRLADLAQEE,0.001212392
APP_binder_13_877_dldesign_0_cycle1_af2pred.pdb,SVESPLDDLLKAA,0.000604922
APP_binder_13_878_dldesign_0_cycle1_af2pred.pdb,PFIRSEPVRVPLP,0.001738985
APP_binder_13_879_dldesign_0_cycle1_af2pred.pdb,SLADLAELSRDLS,4.70E-05
APP_binder_13_87_dldesign_0_cycle1_af2pred.pdb,RVVDPALLDAAEA,0.000151119
APP_binder_13_880_dldesign_0_cycle1_af2pred.pdb,RLADILQNLDALA,6.48E-05
APP_binder_13_881_dldesign_0_cycle1_af2pred.pdb,MAAVRLAAALARA,0.000762042
APP_binder_13_882_dldesign_0_cycle1_af2pred.pdb,MHSSELPPNVSLP,0.004258916
APP_binder_13_883_dldesign_0_cycle1_af2pred.pdb,SVLEQLLRRALQA,0.000292951
APP_binder_13_884_dldesign_0_cycle1_af2pred.pdb,ALAVLNLLSELLA,0.000398441
APP_binder_13_885_dldesign_0_cycle1_af2pred.pdb,NPSLLAKLLAELA,0.000174703
APP_binder_13_886_dldesign_0_cycle1_af2pred.pdb,FRPPQPPQVPESV,0.003753239
APP_binder_13_887_dldesign_0_cycle1_af2pred.pdb,GRTVQRRLSDPLL,0.000276524
APP_binder_13_888_dldesign_0_cycle1_af2pred.pdb,MSQEEADDLAELA,0.000669965
APP_binder_13_889_dldesign_0_cycle1_af2pred.pdb,PSLLEKLLNQLLG,0.000148975
APP_binder_13_88_dldesign_0_cycle1_af2pred.pdb,SPLLASRLADLLG,0.000220585
APP_binder_13_890_dldesign_0_cycle1_af2pred.pdb,DDLLDLLNELLLA,0.000265442
APP_binder_13_891_dldesign_0_cycle1_af2pred.pdb,ALLRRLANLLADL,0.002152175
APP_binder_13_892_dldesign_0_cycle1_af2pred.pdb,LNSALLRAALLTA,0.000821305
APP_binder_13_893_dldesign_0_cycle1_af2pred.pdb,GSVQVAPHVHVDV,0.000496706
APP_binder_13_894_dldesign_0_cycle1_af2pred.pdb,ALQLLENLAKRLA,6.55E-05
APP_binder_13_895_dldesign_0_cycle1_af2pred.pdb,GVPHRLLLDLEDA,0.000979205
APP_binder_13_896_dldesign_0_cycle1_af2pred.pdb,DSLSDLQRLLALL,0.001628804
APP_binder_13_897_dldesign_0_cycle1_af2pred.pdb,LSPAQLANLLEEL,4.74E-05
APP_binder_13_898_dldesign_0_cycle1_af2pred.pdb,PVVLPAKVVARPP,0.00186808
APP_binder_13_899_dldesign_0_cycle1_af2pred.pdb,RLDRIAASAADAE,0.000621637
APP_binder_13_89_dldesign_0_cycle1_af2pred.pdb,GLAKAALTEALIS,0.000205829
APP_binder_13_8_dldesign_0_cycle1_af2pred.pdb,GPWVYVEEEPDLP,0.003234639
APP_binder_13_900_dldesign_0_cycle1_af2pred.pdb,ALLEELLEKLAQL,0.001760258
APP_binder_13_901_dldesign_0_cycle1_af2pred.pdb,LSDEQLARLARIA,0.002144468
APP_binder_13_902_dldesign_0_cycle1_af2pred.pdb,AQAATDLLNALLS,0.003959325
APP_binder_13_903_dldesign_0_cycle1_af2pred.pdb,RPPRVYEDDADEE,0.000784538
APP_binder_13_904_dldesign_0_cycle1_af2pred.pdb,DLLRFLRNAVKVP,0.00120137
APP_binder_13_905_dldesign_0_cycle1_af2pred.pdb,TTLELVEGPEAVP,0.013990914
APP_binder_13_906_dldesign_0_cycle1_af2pred.pdb,GVKVVKVDVPDAA,0.000118667
APP_binder_13_907_dldesign_0_cycle1_af2pred.pdb,SVGTPRGAVTLWP,0.000110422
APP_binder_13_908_dldesign_0_cycle1_af2pred.pdb,AAALAAELAALDA,7.42E-05
APP_binder_13_909_dldesign_0_cycle1_af2pred.pdb,GAARAAALAKSLA,0.000619267
APP_binder_13_90_dldesign_0_cycle1_af2pred.pdb,LSPEELAKLLHRP,0.001775092
APP_binder_13_910_dldesign_0_cycle1_af2pred.pdb,SQILAALDQEDDL,0.000480669
APP_binder_13_911_dldesign_0_cycle1_af2pred.pdb,LLRLLQRLLRRLS,0.280480355
APP_binder_13_912_dldesign_0_cycle1_af2pred.pdb,APNHLTPEESRLL,3.41E-05
APP_binder_13_913_dldesign_0_cycle1_af2pred.pdb,GALLPPLPVRQPP,0.0011367
APP_binder_13_914_dldesign_0_cycle1_af2pred.pdb,SALQSGEREKVAA,0.000308872
APP_binder_13_915_dldesign_0_cycle1_af2pred.pdb,GSSMIYSEVPKLP,0.000489464
APP_binder_13_916_dldesign_0_cycle1_af2pred.pdb,AALLRLQRLLQRL,0.003444767
APP_binder_13_917_dldesign_0_cycle1_af2pred.pdb,PVTPVLPRHRPAP,0.005762048
APP_binder_13_918_dldesign_0_cycle1_af2pred.pdb,SSRYVRAVAVPLP,0.001374534
APP_binder_13_919_dldesign_0_cycle1_af2pred.pdb,LDELLELLRRLPP,0.000226528
APP_binder_13_91_dldesign_0_cycle1_af2pred.pdb,MELDDGTVLTPKR,0.000180574
APP_binder_13_920_dldesign_0_cycle1_af2pred.pdb,RLLEKLLAQLDDE,8.51E-05
APP_binder_13_921_dldesign_0_cycle1_af2pred.pdb,ALASRLAQLAAEA,0.000190655
APP_binder_13_922_dldesign_0_cycle1_af2pred.pdb,GRPVSAAQRAARG,0.001407708
APP_binder_13_923_dldesign_0_cycle1_af2pred.pdb,DLDELRRAAYLAG,0.001697341
APP_binder_13_924_dldesign_0_cycle1_af2pred.pdb,GLANRLAQLLARL,0.000210439
APP_binder_13_925_dldesign_0_cycle1_af2pred.pdb,AVSQEQLDLLAAA,0.004435494
APP_binder_13_926_dldesign_0_cycle1_af2pred.pdb,ALASLLARLDETG,7.79E-05
APP_binder_13_927_dldesign_0_cycle1_af2pred.pdb,SLPTLRPQRRYSN,8.33E-05
APP_binder_13_928_dldesign_0_cycle1_af2pred.pdb,GGVPRTVESVLAE,0.001351248
APP_binder_13_929_dldesign_0_cycle1_af2pred.pdb,DVELERLELELLR,3.00E-05
APP_binder_13_92_dldesign_0_cycle1_af2pred.pdb,SNREIYTALFLAK,0.000186152
APP_binder_13_930_dldesign_0_cycle1_af2pred.pdb,PVVSERVFEPEPE,0.005924773
APP_binder_13_931_dldesign_0_cycle1_af2pred.pdb,NQADLDNLLAQLA,0.001434653
APP_binder_13_932_dldesign_0_cycle1_af2pred.pdb,PPVPMTREKALAA,0.000641195
APP_binder_13_933_dldesign_0_cycle1_af2pred.pdb,DLQDLLDLLAALL,0.000568149
APP_binder_13_934_dldesign_0_cycle1_af2pred.pdb,GSQPLRVTLPEPL,0.000356328
APP_binder_13_935_dldesign_0_cycle1_af2pred.pdb,SLANLLARDDALD,5.69E-05
APP_binder_13_936_dldesign_0_cycle1_af2pred.pdb,SLLENLLDLLRAA,0.000358811
APP_binder_13_937_dldesign_0_cycle1_af2pred.pdb,GPVRPPVKLDVPP,0.078922994
APP_binder_13_938_dldesign_0_cycle1_af2pred.pdb,SVYVPPKLRRVEA,3.11E-05
APP_binder_13_939_dldesign_0_cycle1_af2pred.pdb,PPAPRRKTLEELL,0.001146454
APP_binder_13_93_dldesign_0_cycle1_af2pred.pdb,SLELLERRLSVLS,0.000440838
APP_binder_13_940_dldesign_0_cycle1_af2pred.pdb,VVYRTQEEVLLEE,0.024476351
APP_binder_13_941_dldesign_0_cycle1_af2pred.pdb,GLLKRLLANLELE,0.000364727
APP_binder_13_942_dldesign_0_cycle1_af2pred.pdb,STLLQQLDNDLDD,0.001550324
APP_binder_13_943_dldesign_0_cycle1_af2pred.pdb,GAPNNELLDALLA,0.000320045
APP_binder_13_944_dldesign_0_cycle1_af2pred.pdb,SRLDQLLDDLDDE,2.34E-05
APP_binder_13_945_dldesign_0_cycle1_af2pred.pdb,GSSGVPRRVENPP,0.00076247
APP_binder_13_946_dldesign_0_cycle1_af2pred.pdb,SEPRDLSNQLVPA,0.000634224
APP_binder_13_947_dldesign_0_cycle1_af2pred.pdb,SLEEVELQKLLAR,0.00019011
APP_binder_13_948_dldesign_0_cycle1_af2pred.pdb,GLPNVNTAELLEL,0.002214445
APP_binder_13_949_dldesign_0_cycle1_af2pred.pdb,SLAELQELQLRLE,0.000791144
APP_binder_13_94_dldesign_0_cycle1_af2pred.pdb,SSRRLAALARSLG,7.50E-05
APP_binder_13_950_dldesign_0_cycle1_af2pred.pdb,GLNLLQRLLDLLA,5.66E-05
APP_binder_13_951_dldesign_0_cycle1_af2pred.pdb,AVPPPVHVIVSHP,0.006602126
APP_binder_13_952_dldesign_0_cycle1_af2pred.pdb,SPALLRRLAAQLA,0.000540917
APP_binder_13_953_dldesign_0_cycle1_af2pred.pdb,SESFYEEPPRLPA,0.001047782
APP_binder_13_954_dldesign_0_cycle1_af2pred.pdb,DLLRQLAALLSQL,0.000692736
APP_binder_13_955_dldesign_0_cycle1_af2pred.pdb,GSLNPLLADLLAA,0.007710537
APP_binder_13_956_dldesign_0_cycle1_af2pred.pdb,PRPPPREVEYPPP,0.003919717
APP_binder_13_957_dldesign_0_cycle1_af2pred.pdb,SSSLPVVELPPAA,0.000192606
APP_binder_13_958_dldesign_0_cycle1_af2pred.pdb,SSVLAARLALSLS,0.002000275
APP_binder_13_959_dldesign_0_cycle1_af2pred.pdb,GMVHSEELPVAEP,0.000572293
APP_binder_13_95_dldesign_0_cycle1_af2pred.pdb,PVYRSLSELPRPP,0.006736763
APP_binder_13_960_dldesign_0_cycle1_af2pred.pdb,GVSVEELDDLEDE,8.43E-05
APP_binder_13_961_dldesign_0_cycle1_af2pred.pdb,EVDLPELVSVPTP,0.005696995
APP_binder_13_962_dldesign_0_cycle1_af2pred.pdb,GDPTVVRGERPAP,0.01038311
APP_binder_13_963_dldesign_0_cycle1_af2pred.pdb,DPLLRRLLQKLDD,0.000216478
APP_binder_13_964_dldesign_0_cycle1_af2pred.pdb,GLSLAERLASILL,0.000346432
APP_binder_13_965_dldesign_0_cycle1_af2pred.pdb,SSLEALLRELLSG,0.000114101
APP_binder_13_966_dldesign_0_cycle1_af2pred.pdb,DPKLDAILDELLS,0.001480651
APP_binder_13_967_dldesign_0_cycle1_af2pred.pdb,DLERLLLLLKQLL,0.000728178
APP_binder_13_968_dldesign_0_cycle1_af2pred.pdb,KVYRAVALPLVLP,0.000301718
APP_binder_13_969_dldesign_0_cycle1_af2pred.pdb,PLADLLQQLDRED,8.27E-05
APP_binder_13_96_dldesign_0_cycle1_af2pred.pdb,GLQKLLELLKLLS,0.000297518
APP_binder_13_970_dldesign_0_cycle1_af2pred.pdb,GPNTTIVSLVLEP,0.000195563
APP_binder_13_971_dldesign_0_cycle1_af2pred.pdb,SALLNKLLNKLLD,0.001167353
APP_binder_13_972_dldesign_0_cycle1_af2pred.pdb,SYTISEPVPLVAP,0.002754246
APP_binder_13_973_dldesign_0_cycle1_af2pred.pdb,GSYTLRKRVWRLR,0.029479489
APP_binder_13_974_dldesign_0_cycle1_af2pred.pdb,SAEDEQLKQLLRL,0.000115376
APP_binder_13_975_dldesign_0_cycle1_af2pred.pdb,SLSLLASLLSSLS,0.000106779
APP_binder_13_976_dldesign_0_cycle1_af2pred.pdb,GNVLDKLDDALDA,5.28E-05
APP_binder_13_977_dldesign_0_cycle1_af2pred.pdb,ERADRVALLRALA,0.000264361
APP_binder_13_978_dldesign_0_cycle1_af2pred.pdb,GHLLDLLMQLAAE,0.000391394
APP_binder_13_979_dldesign_0_cycle1_af2pred.pdb,SDQQLLRELASLP,6.00E-05
APP_binder_13_97_dldesign_0_cycle1_af2pred.pdb,SNRLLQELADLLA,2.44E-05
APP_binder_13_980_dldesign_0_cycle1_af2pred.pdb,GEVLTPRRVEAPP,0.000223301
APP_binder_13_981_dldesign_0_cycle1_af2pred.pdb,PVIVRPEWTPVAP,8.49E-05
APP_binder_13_982_dldesign_0_cycle1_af2pred.pdb,PLPVPNTTPKVRP,0.000310425
APP_binder_13_983_dldesign_0_cycle1_af2pred.pdb,DLLARLLQKLLNE,0.000676894
APP_binder_13_984_dldesign_0_cycle1_af2pred.pdb,SAQQLQLDLTEDL,5.01E-05
APP_binder_13_985_dldesign_0_cycle1_af2pred.pdb,MVEPEADDAEGEE,3.06E-05
APP_binder_13_986_dldesign_0_cycle1_af2pred.pdb,GLELEELLDELLS,0.00014104
APP_binder_13_987_dldesign_0_cycle1_af2pred.pdb,MKVKEEDDDDVEP,0.000469848
APP_binder_13_988_dldesign_0_cycle1_af2pred.pdb,MLDSYLAARLLAE,0.000979318
APP_binder_13_989_dldesign_0_cycle1_af2pred.pdb,SVLYRPQYDVDLP,0.001939939
APP_binder_13_98_dldesign_0_cycle1_af2pred.pdb,SARRLAALLAALA,4.02E-05
APP_binder_13_990_dldesign_0_cycle1_af2pred.pdb,LRELYELQKLLDL,0.000394916
APP_binder_13_991_dldesign_0_cycle1_af2pred.pdb,VVPPPIVGPRPPR,0.684667051
APP_binder_13_992_dldesign_0_cycle1_af2pred.pdb,SSVVPPKALLTLP,0.004493831
APP_binder_13_993_dldesign_0_cycle1_af2pred.pdb,SARLADLAAALAA,0.000200767
APP_binder_13_994_dldesign_0_cycle1_af2pred.pdb,GAALLRRLAQLLA,0.001431097
APP_binder_13_995_dldesign_0_cycle1_af2pred.pdb,SLTFTRSAPVPAP,0.000348881
APP_binder_13_996_dldesign_0_cycle1_af2pred.pdb,SLLRELLKQLAAA,0.000160324
APP_binder_13_997_dldesign_0_cycle1_af2pred.pdb,MRSVRVKVDTDVP,0.000438625
APP_binder_13_998_dldesign_0_cycle1_af2pred.pdb,GQPVRVVVSLWRE,0.00208667
APP_binder_13_999_dldesign_0_cycle1_af2pred.pdb,LRELLKQALQAAL,0.000584425
APP_binder_13_99_dldesign_0_cycle1_af2pred.pdb,SPLERALLEKLLE,0.00012572
APP_binder_13_9_dldesign_0_cycle1_af2pred.pdb,MRIVLLTEEELEE,0.000886422
