Category,Sequence,B3P3
APP_binder_16_0_dldesign_0_cycle1_af2pred.pdb,SGALRGLLARLARALL,0.000222919
APP_binder_16_100_dldesign_0_cycle1_af2pred.pdb,AARQAQRDAADDDDAA,0.000160579
APP_binder_16_101_dldesign_0_cycle1_af2pred.pdb,SNVNPALLAALLAAPL,0.000854927
APP_binder_16_102_dldesign_0_cycle1_af2pred.pdb,GLAELLAKLASLLEKL,5.75E-05
APP_binder_16_103_dldesign_0_cycle1_af2pred.pdb,DERDLQALLQALYRAS,0.003044205
APP_binder_16_104_dldesign_0_cycle1_af2pred.pdb,DEDETELQRLLQALRR,0.001936528
APP_binder_16_105_dldesign_0_cycle1_af2pred.pdb,SELLEQLKKLQEILDS,4.70E-05
APP_binder_16_106_dldesign_0_cycle1_af2pred.pdb,SQEDLRALLEDLEALA,9.80E-05
APP_binder_16_107_dldesign_0_cycle1_af2pred.pdb,EYTTAEEVAARLAALR,0.001593405
APP_binder_16_108_dldesign_0_cycle1_af2pred.pdb,SGVLKALAARLDALAA,0.001521106
APP_binder_16_109_dldesign_0_cycle1_af2pred.pdb,PPPPKLVQRPYAPLLP,0.003883719
APP_binder_16_10_dldesign_0_cycle1_af2pred.pdb,SDDELDAYLLRLLLLL,1.76E-05
APP_binder_16_110_dldesign_0_cycle1_af2pred.pdb,SLAIDLRVALVNALTP,0.000830398
APP_binder_16_111_dldesign_0_cycle1_af2pred.pdb,AALLAALSRALNDLDD,0.000281512
APP_binder_16_112_dldesign_0_cycle1_af2pred.pdb,LSRLAVLDQDDDDDDA,0.004296525
APP_binder_16_113_dldesign_0_cycle1_af2pred.pdb,SVVTVETSTGLLRALR,0.001534675
APP_binder_16_114_dldesign_0_cycle1_af2pred.pdb,SLEELLRLQRLLSRLS,0.005883905
APP_binder_16_115_dldesign_0_cycle1_af2pred.pdb,SLLSLLAALLEALLSS,0.000965167
APP_binder_16_116_dldesign_0_cycle1_af2pred.pdb,SPALARRLALLAQLLA,0.000118555
APP_binder_16_117_dldesign_0_cycle1_af2pred.pdb,HEAELAARAAASAAAA,0.002043765
APP_binder_16_118_dldesign_0_cycle1_af2pred.pdb,MSKEESRLLDDLLDLA,7.92E-05
APP_binder_16_119_dldesign_0_cycle1_af2pred.pdb,GVPASVLLDLLDDAAA,0.000270406
APP_binder_16_11_dldesign_0_cycle1_af2pred.pdb,SLRFLLKEALSAAAAA,0.001155735
APP_binder_16_120_dldesign_0_cycle1_af2pred.pdb,AVAADRAQSLDKAALA,0.001330325
APP_binder_16_121_dldesign_0_cycle1_af2pred.pdb,SLAAQLARALATTLLL,1.39E-05
APP_binder_16_122_dldesign_0_cycle1_af2pred.pdb,ALLSDLLDDLDDLLEE,0.000193195
APP_binder_16_123_dldesign_0_cycle1_af2pred.pdb,SNALKRALARLLQLLE,0.00036667
APP_binder_16_124_dldesign_0_cycle1_af2pred.pdb,SLEELEEEELLEELLE,0.000258985
APP_binder_16_125_dldesign_0_cycle1_af2pred.pdb,NRYAAQRAALRAARAA,0.00020432
APP_binder_16_126_dldesign_0_cycle1_af2pred.pdb,SLLSLLLNLLAQLLAR,0.000243967
APP_binder_16_127_dldesign_0_cycle1_af2pred.pdb,SLARLLANALAKLLDA,0.003095362
APP_binder_16_128_dldesign_0_cycle1_af2pred.pdb,ANGADDAAAAAAAAAA,0.00308124
APP_binder_16_129_dldesign_0_cycle1_af2pred.pdb,LTPEELEELRSLLRGA,9.02E-05
APP_binder_16_12_dldesign_0_cycle1_af2pred.pdb,SLARLNQLAAKLDDLA,0.001169049
APP_binder_16_130_dldesign_0_cycle1_af2pred.pdb,SLLLQKLQAKLDDLAA,0.000392841
APP_binder_16_131_dldesign_0_cycle1_af2pred.pdb,DNRALLRLARALAALA,0.000400131
APP_binder_16_132_dldesign_0_cycle1_af2pred.pdb,SSLLQLLRRLLQKLLD,9.14E-05
APP_binder_16_133_dldesign_0_cycle1_af2pred.pdb,SLPVPVTYEAALAALP,0.000153372
APP_binder_16_134_dldesign_0_cycle1_af2pred.pdb,SVLKPVLVVPLPAPAP,0.003159771
APP_binder_16_135_dldesign_0_cycle1_af2pred.pdb,MELSDEENELLRLLYL,1.58E-05
APP_binder_16_136_dldesign_0_cycle1_af2pred.pdb,TLEVHKALELARALAA,7.42E-05
APP_binder_16_137_dldesign_0_cycle1_af2pred.pdb,DLLRRLIRELLRLRAA,0.000419327
APP_binder_16_138_dldesign_0_cycle1_af2pred.pdb,MEEAERERLLANRLAN,0.000739534
APP_binder_16_139_dldesign_0_cycle1_af2pred.pdb,SSLYRALQQLLDDLLS,4.27E-05
APP_binder_16_13_dldesign_0_cycle1_af2pred.pdb,SLLEELLNLLKELLAE,0.000839106
APP_binder_16_140_dldesign_0_cycle1_af2pred.pdb,DPLLEDLLDDLDDDDD,0.000487877
APP_binder_16_141_dldesign_0_cycle1_af2pred.pdb,MAQVLALKLRGLLINA,0.000384876
APP_binder_16_142_dldesign_0_cycle1_af2pred.pdb,SLVRLLEQLQNLLALA,1.84E-05
APP_binder_16_143_dldesign_0_cycle1_af2pred.pdb,GLSRLLQDDQDDDDAA,0.00105387
APP_binder_16_144_dldesign_0_cycle1_af2pred.pdb,SLLQRLLLQLQLLLSQ,0.000316517
APP_binder_16_145_dldesign_0_cycle1_af2pred.pdb,PDPRELELLQDLLNAP,0.000249293
APP_binder_16_146_dldesign_0_cycle1_af2pred.pdb,SDDDLDALRDLLQLLA,0.000204177
APP_binder_16_147_dldesign_0_cycle1_af2pred.pdb,VPSSLKELLKELRRAA,5.96E-05
APP_binder_16_148_dldesign_0_cycle1_af2pred.pdb,DDDDDDDDDDDAAELA,0.000327495
APP_binder_16_149_dldesign_0_cycle1_af2pred.pdb,SALDRMLQARLDVLDA,0.000651379
APP_binder_16_14_dldesign_0_cycle1_af2pred.pdb,ALARLLQLDRQDDLDG,7.82E-05
APP_binder_16_150_dldesign_0_cycle1_af2pred.pdb,ARAATLANQLAQDDAA,0.000526378
APP_binder_16_151_dldesign_0_cycle1_af2pred.pdb,SAERLRLLQRLLDAEL,2.26E-05
APP_binder_16_152_dldesign_0_cycle1_af2pred.pdb,LSPEELRLLEELEILA,1.48E-05
APP_binder_16_153_dldesign_0_cycle1_af2pred.pdb,SAQVLADRLQSLLALA,0.003201966
APP_binder_16_154_dldesign_0_cycle1_af2pred.pdb,SSLENLLKKLLQLLLE,0.002236101
APP_binder_16_155_dldesign_0_cycle1_af2pred.pdb,SSLLSQLLRSLARLLS,0.001416263
APP_binder_16_156_dldesign_0_cycle1_af2pred.pdb,SRELERLAARLAAAEA,1.08E-05
APP_binder_16_157_dldesign_0_cycle1_af2pred.pdb,MRAEALARLAAAALAA,0.00058174
APP_binder_16_158_dldesign_0_cycle1_af2pred.pdb,SLRELRRLLALLRELD,1.67E-05
APP_binder_16_159_dldesign_0_cycle1_af2pred.pdb,SELQSEEYEDEEPTSP,0.001001968
APP_binder_16_15_dldesign_0_cycle1_af2pred.pdb,GLALLRRLDNLDDDLD,0.000366323
APP_binder_16_160_dldesign_0_cycle1_af2pred.pdb,GVAITREELDDDLDDA,0.00010504
APP_binder_16_161_dldesign_0_cycle1_af2pred.pdb,SWAERIAAKLAAALSA,0.00016555
APP_binder_16_162_dldesign_0_cycle1_af2pred.pdb,GLRLLQLLQRLDDLLD,0.000114128
APP_binder_16_163_dldesign_0_cycle1_af2pred.pdb,SALLALLRYQLLRLLR,0.000101153
APP_binder_16_164_dldesign_0_cycle1_af2pred.pdb,SPLARQLARQQARLDA,0.000268044
APP_binder_16_165_dldesign_0_cycle1_af2pred.pdb,PLEELLKELAEKLAAP,1.52E-05
APP_binder_16_166_dldesign_0_cycle1_af2pred.pdb,GAALLARRLKSADTSL,0.001073621
APP_binder_16_167_dldesign_0_cycle1_af2pred.pdb,DETEDQRLLRALRRAP,0.002826617
APP_binder_16_168_dldesign_0_cycle1_af2pred.pdb,NLALLRDDIDDLLALA,0.001994302
APP_binder_16_169_dldesign_0_cycle1_af2pred.pdb,DERMRRRVLEKRLASE,0.000726012
APP_binder_16_16_dldesign_0_cycle1_af2pred.pdb,SSKELTALLSRLIEEA,0.000931212
APP_binder_16_170_dldesign_0_cycle1_af2pred.pdb,GLRELEHLARLLAALP,6.20E-05
APP_binder_16_171_dldesign_0_cycle1_af2pred.pdb,SSLARLLQLQSLLDDE,0.000680061
APP_binder_16_172_dldesign_0_cycle1_af2pred.pdb,SAARDALLAEEYELLR,0.000239752
APP_binder_16_173_dldesign_0_cycle1_af2pred.pdb,GSSLLASRLKVLLDDL,7.70E-06
APP_binder_16_174_dldesign_0_cycle1_af2pred.pdb,DEEDDLDDELLLQLLL,0.000447052
APP_binder_16_175_dldesign_0_cycle1_af2pred.pdb,MLEQRLARLAAAIAAD,2.29E-05
APP_binder_16_176_dldesign_0_cycle1_af2pred.pdb,LSVRPPNSIPPPPPPP,0.000171462
APP_binder_16_177_dldesign_0_cycle1_af2pred.pdb,ALRDLLFDLLAALREA,1.37E-05
APP_binder_16_178_dldesign_0_cycle1_af2pred.pdb,LTPDVLAALLARALAA,0.00138066
APP_binder_16_179_dldesign_0_cycle1_af2pred.pdb,QLELLDENDDDDDDDA,0.000189808
APP_binder_16_17_dldesign_0_cycle1_af2pred.pdb,DLEELLEALKTLLSKL,0.00164062
APP_binder_16_180_dldesign_0_cycle1_af2pred.pdb,GLARYRQARLDLAAAR,0.000463196
APP_binder_16_181_dldesign_0_cycle1_af2pred.pdb,DDLLDDLQDLLEDLLR,3.94E-05
APP_binder_16_182_dldesign_0_cycle1_af2pred.pdb,GSLRVRERLLLQKLRA,0.00045413
APP_binder_16_183_dldesign_0_cycle1_af2pred.pdb,SLAQILAALLDDLADA,0.000368709
APP_binder_16_184_dldesign_0_cycle1_af2pred.pdb,SLERRLADKLLDDLLG,1.31E-05
APP_binder_16_185_dldesign_0_cycle1_af2pred.pdb,LRALLEALRDDLEDAD,0.00022396
APP_binder_16_186_dldesign_0_cycle1_af2pred.pdb,DDDDDDELEELLEAAA,0.000169886
APP_binder_16_187_dldesign_0_cycle1_af2pred.pdb,ELAALLAAALARRRKA,0.003194042
APP_binder_16_188_dldesign_0_cycle1_af2pred.pdb,DLEDLLDELLQELRRA,9.17E-06
APP_binder_16_189_dldesign_0_cycle1_af2pred.pdb,ALAARLANRLANLDDD,0.000406503
APP_binder_16_18_dldesign_0_cycle1_af2pred.pdb,SLAALLRYLAARLALG,0.000617672
APP_binder_16_190_dldesign_0_cycle1_af2pred.pdb,GSSGRLQALAAKLARS,0.003739178
APP_binder_16_191_dldesign_0_cycle1_af2pred.pdb,GLLNRLLQRLDLLAAE,0.000268298
APP_binder_16_192_dldesign_0_cycle1_af2pred.pdb,LLALLKALQQLRALLA,0.008584431
APP_binder_16_193_dldesign_0_cycle1_af2pred.pdb,NLAAQLAQLLADRLQQ,0.000180536
APP_binder_16_194_dldesign_0_cycle1_af2pred.pdb,ARAEALQIILDQADAA,0.000605021
APP_binder_16_195_dldesign_0_cycle1_af2pred.pdb,SLAELLSQLLAALDAA,2.89E-05
APP_binder_16_196_dldesign_0_cycle1_af2pred.pdb,SQVLAKRLAQLDLEAA,1.73E-05
APP_binder_16_197_dldesign_0_cycle1_af2pred.pdb,SSLLLRLRRLLQLLAD,6.48E-05
APP_binder_16_198_dldesign_0_cycle1_af2pred.pdb,SSAAALQRYLDLRLAR,0.000475012
APP_binder_16_199_dldesign_0_cycle1_af2pred.pdb,AYALEILARRLARQLQ,0.000214791
APP_binder_16_19_dldesign_0_cycle1_af2pred.pdb,SLSLLEKLRIELRKLP,0.000613939
APP_binder_16_1_dldesign_0_cycle1_af2pred.pdb,SELLEELRTLLRKLAQ,0.000636567
APP_binder_16_200_dldesign_0_cycle1_af2pred.pdb,GDLSTALYNALLAAAA,0.000421141
APP_binder_16_201_dldesign_0_cycle1_af2pred.pdb,SLLESLLRHLLRRLRR,5.83E-05
APP_binder_16_202_dldesign_0_cycle1_af2pred.pdb,SLLEQLLRYLLARLLS,0.000101171
APP_binder_16_203_dldesign_0_cycle1_af2pred.pdb,LLEQLAEQLKQLLRRA,0.000114155
APP_binder_16_204_dldesign_0_cycle1_af2pred.pdb,GAEALALRLQQLLSKL,0.000335018
APP_binder_16_205_dldesign_0_cycle1_af2pred.pdb,SALARLLRLLRQLDED,0.000635055
APP_binder_16_206_dldesign_0_cycle1_af2pred.pdb,SLERLKILLERAAKAA,0.000180352
APP_binder_16_207_dldesign_0_cycle1_af2pred.pdb,DDLHEVLDLLRELAAE,3.23E-05
APP_binder_16_208_dldesign_0_cycle1_af2pred.pdb,DDDDDLRDLTELLQSL,4.79E-05
APP_binder_16_209_dldesign_0_cycle1_af2pred.pdb,GPPVLPRGPLEVVELP,0.003774198
APP_binder_16_20_dldesign_0_cycle1_af2pred.pdb,LARALRDLARDLRAAP,9.19E-06
APP_binder_16_210_dldesign_0_cycle1_af2pred.pdb,SEAERILNRSLARRLA,0.001296811
APP_binder_16_211_dldesign_0_cycle1_af2pred.pdb,SPLEAARRALAAALRA,3.28E-05
APP_binder_16_212_dldesign_0_cycle1_af2pred.pdb,SQTALDAAASELALLD,0.000136263
APP_binder_16_213_dldesign_0_cycle1_af2pred.pdb,ALSAEELLRRLLRLLP,0.008238068
APP_binder_16_214_dldesign_0_cycle1_af2pred.pdb,SGADEGALRLLLRALR,4.52E-05
APP_binder_16_215_dldesign_0_cycle1_af2pred.pdb,SLLALLARLAAALAAA,0.000349505
APP_binder_16_216_dldesign_0_cycle1_af2pred.pdb,GSHLLEDLLSVLDQLA,0.000630937
APP_binder_16_217_dldesign_0_cycle1_af2pred.pdb,SQAASRALDDYLDLVA,8.09E-05
APP_binder_16_218_dldesign_0_cycle1_af2pred.pdb,GALERALRLLLQQLLR,3.81E-05
APP_binder_16_219_dldesign_0_cycle1_af2pred.pdb,DDDDDDDDDEEAASAP,0.000291216
APP_binder_16_21_dldesign_0_cycle1_af2pred.pdb,EAERLRVEQRLLDVED,9.48E-05
APP_binder_16_220_dldesign_0_cycle1_af2pred.pdb,DETEDQQDDDDDDDAA,0.000122445
APP_binder_16_221_dldesign_0_cycle1_af2pred.pdb,SLLENLLKKLLDLLDE,0.000259003
APP_binder_16_222_dldesign_0_cycle1_af2pred.pdb,SSLSRTLLALLDAAKA,0.001102608
APP_binder_16_223_dldesign_0_cycle1_af2pred.pdb,GPRVRPDEVDEDDEAP,2.76E-05
APP_binder_16_224_dldesign_0_cycle1_af2pred.pdb,RRLLRLLEDLLRLLEE,0.000222056
APP_binder_16_225_dldesign_0_cycle1_af2pred.pdb,TPLSLAELLELRLRSL,0.000200127
APP_binder_16_226_dldesign_0_cycle1_af2pred.pdb,AAAAAAAAALAAAAAA,0.000302571
APP_binder_16_227_dldesign_0_cycle1_af2pred.pdb,SSLLNIDDLDDDDLDD,0.00141482
APP_binder_16_228_dldesign_0_cycle1_af2pred.pdb,GVAVPTSELLADLDAA,0.000868521
APP_binder_16_229_dldesign_0_cycle1_af2pred.pdb,LEELEQLQRRLDQELG,0.000199047
APP_binder_16_22_dldesign_0_cycle1_af2pred.pdb,DASRLLDLLQNLLAEA,0.000283839
APP_binder_16_230_dldesign_0_cycle1_af2pred.pdb,AAASAAYNAALLAAAA,0.00058962
APP_binder_16_231_dldesign_0_cycle1_af2pred.pdb,LRARIRARVLAKILAE,0.004230209
APP_binder_16_232_dldesign_0_cycle1_af2pred.pdb,GLAEMLARLALRRALR,0.003909391
APP_binder_16_233_dldesign_0_cycle1_af2pred.pdb,SSLLEQLLKYLLARLG,0.000152572
APP_binder_16_234_dldesign_0_cycle1_af2pred.pdb,SLRALLRLLEQADLLA,0.000120376
APP_binder_16_235_dldesign_0_cycle1_af2pred.pdb,MSLEELELAKLLRRLR,0.002494154
APP_binder_16_236_dldesign_0_cycle1_af2pred.pdb,SLNKLLNRLDDLLDEP,0.0005384
APP_binder_16_237_dldesign_0_cycle1_af2pred.pdb,AEALRLRLDLKELLAS,2.19E-05
APP_binder_16_238_dldesign_0_cycle1_af2pred.pdb,VDALNDLLDDDDDDDD,0.000692938
APP_binder_16_239_dldesign_0_cycle1_af2pred.pdb,SNLLLARLAQLDLDAL,1.84E-05
APP_binder_16_23_dldesign_0_cycle1_af2pred.pdb,GLAQLLDLLAQRLLRA,0.000101854
APP_binder_16_240_dldesign_0_cycle1_af2pred.pdb,DLDDLLELRTALYNSQ,0.00056587
APP_binder_16_241_dldesign_0_cycle1_af2pred.pdb,GRALALAQRLDLLDEL,0.000862761
APP_binder_16_242_dldesign_0_cycle1_af2pred.pdb,PLNAVPNLARRLARLP,0.001069841
APP_binder_16_243_dldesign_0_cycle1_af2pred.pdb,AAARLAARLANRLAAL,0.000870152
APP_binder_16_244_dldesign_0_cycle1_af2pred.pdb,SSADVRALHRALLAAA,0.000957189
APP_binder_16_245_dldesign_0_cycle1_af2pred.pdb,ARASRDAEEDDDDDDE,2.16E-05
APP_binder_16_246_dldesign_0_cycle1_af2pred.pdb,EEALEERDDQEDDLAA,0.00025971
APP_binder_16_247_dldesign_0_cycle1_af2pred.pdb,MPAVRLEDLAQQADLD,0.006916056
APP_binder_16_248_dldesign_0_cycle1_af2pred.pdb,MAEQELRRAQRLDRLA,0.000442948
APP_binder_16_249_dldesign_0_cycle1_af2pred.pdb,SAATLLAQRAKRLADL,0.001123686
APP_binder_16_24_dldesign_0_cycle1_af2pred.pdb,PDPALLRATRLARLAA,0.000167011
APP_binder_16_250_dldesign_0_cycle1_af2pred.pdb,DDLLELLRRLLRLLRL,0.001006192
APP_binder_16_251_dldesign_0_cycle1_af2pred.pdb,AAASAARVALADALAA,0.000998041
APP_binder_16_252_dldesign_0_cycle1_af2pred.pdb,SLLALKARAALLSALT,0.000898439
APP_binder_16_253_dldesign_0_cycle1_af2pred.pdb,GPAVDLDANLLQRLLR,0.00012038
APP_binder_16_254_dldesign_0_cycle1_af2pred.pdb,GLSTLLRTRLLLSLLE,0.004437197
APP_binder_16_255_dldesign_0_cycle1_af2pred.pdb,DDLRELLRRLRALLRR,0.000299164
APP_binder_16_256_dldesign_0_cycle1_af2pred.pdb,GAERLKIDELRRLRTQ,9.81E-05
APP_binder_16_257_dldesign_0_cycle1_af2pred.pdb,EEEYLELLRRALLRRA,1.93E-05
APP_binder_16_258_dldesign_0_cycle1_af2pred.pdb,DHALLAALRAALAEAR,7.07E-05
APP_binder_16_259_dldesign_0_cycle1_af2pred.pdb,SPLARRAAQRAALLAA,0.000207795
APP_binder_16_25_dldesign_0_cycle1_af2pred.pdb,SVPWFTPQRKFSLVYP,0.000282432
APP_binder_16_260_dldesign_0_cycle1_af2pred.pdb,SAALLAALAALLAALS,0.000353046
APP_binder_16_261_dldesign_0_cycle1_af2pred.pdb,SLLEKLLELLDDADDA,1.86E-05
APP_binder_16_262_dldesign_0_cycle1_af2pred.pdb,SLAAQQARIAAAADAA,0.000358999
APP_binder_16_263_dldesign_0_cycle1_af2pred.pdb,EEEEEKLLKELEELLR,0.000156767
APP_binder_16_264_dldesign_0_cycle1_af2pred.pdb,NAAALAAAAALRAALK,1.48E-05
APP_binder_16_265_dldesign_0_cycle1_af2pred.pdb,ALAARLAGRLRSLDDD,0.00560739
APP_binder_16_266_dldesign_0_cycle1_af2pred.pdb,AREETLDRIDDEDDDD,0.000601637
APP_binder_16_267_dldesign_0_cycle1_af2pred.pdb,DDELDEQLAVLARAAG,0.000269002
APP_binder_16_268_dldesign_0_cycle1_af2pred.pdb,SDLAELRNQALLDAAA,1.08E-05
APP_binder_16_269_dldesign_0_cycle1_af2pred.pdb,SALARRLANKLDDLLS,9.38E-05
APP_binder_16_26_dldesign_0_cycle1_af2pred.pdb,MLTLAQRQRLALLAQL,0.000322857
APP_binder_16_270_dldesign_0_cycle1_af2pred.pdb,GAAARAAAIAAINALR,7.13E-05
APP_binder_16_271_dldesign_0_cycle1_af2pred.pdb,SRALLKQLSIDRALDP,2.56E-05
APP_binder_16_272_dldesign_0_cycle1_af2pred.pdb,SAAWRARILAAKLAAE,0.000399571
APP_binder_16_273_dldesign_0_cycle1_af2pred.pdb,LAALLAEKARLAALAA,0.000598724
APP_binder_16_274_dldesign_0_cycle1_af2pred.pdb,SSALYAALKELARLAA,0.000378514
APP_binder_16_275_dldesign_0_cycle1_af2pred.pdb,MLETLLQQLDLDDDAA,0.000378592
APP_binder_16_276_dldesign_0_cycle1_af2pred.pdb,PLLPVELRILLNELLD,1.27E-05
APP_binder_16_277_dldesign_0_cycle1_af2pred.pdb,VVYTSNLPLRLLRALL,8.35E-05
APP_binder_16_278_dldesign_0_cycle1_af2pred.pdb,LQVLLDKLESLDNLLD,0.002906752
APP_binder_16_279_dldesign_0_cycle1_af2pred.pdb,DPASQLTLALLGLLLS,0.000125854
APP_binder_16_27_dldesign_0_cycle1_af2pred.pdb,SLAALLRRLAARLALL,7.13E-05
APP_binder_16_280_dldesign_0_cycle1_af2pred.pdb,ANRLLDLLQQADLDAA,0.002172403
APP_binder_16_281_dldesign_0_cycle1_af2pred.pdb,GALLSLLYQLLQAALA,6.68E-05
APP_binder_16_282_dldesign_0_cycle1_af2pred.pdb,DEALLEQLKQALLRSS,1.16E-05
APP_binder_16_283_dldesign_0_cycle1_af2pred.pdb,SLALRLLAARLASLLN,0.001122702
APP_binder_16_284_dldesign_0_cycle1_af2pred.pdb,VLTTLSSYNRVKALPL,0.000385466
APP_binder_16_285_dldesign_0_cycle1_af2pred.pdb,DLEELEELLREAELRA,0.000263496
APP_binder_16_286_dldesign_0_cycle1_af2pred.pdb,SAADLRALLEALRRAA,0.000648932
APP_binder_16_287_dldesign_0_cycle1_af2pred.pdb,SQEELDDDDDDDEEAE,0.0022624
APP_binder_16_288_dldesign_0_cycle1_af2pred.pdb,DLDDDLNLLRQLLAAA,0.000129726
APP_binder_16_289_dldesign_0_cycle1_af2pred.pdb,SAAESLARYLDDLAAE,0.000412918
APP_binder_16_28_dldesign_0_cycle1_af2pred.pdb,GSLEEVRRRLALRRAR,0.005378477
APP_binder_16_290_dldesign_0_cycle1_af2pred.pdb,SAVVSAEIERPPSPLP,0.000122569
APP_binder_16_291_dldesign_0_cycle1_af2pred.pdb,GLRELRAALRAALAAA,3.33E-05
APP_binder_16_292_dldesign_0_cycle1_af2pred.pdb,SLSALIAATNAADAAP,0.002066542
APP_binder_16_293_dldesign_0_cycle1_af2pred.pdb,PADDLLDLLSALRRAL,0.003909539
APP_binder_16_294_dldesign_0_cycle1_af2pred.pdb,DLEELKTLALRAAHAA,0.001452242
APP_binder_16_295_dldesign_0_cycle1_af2pred.pdb,SMGEILAARRAAILAP,0.005422475
APP_binder_16_296_dldesign_0_cycle1_af2pred.pdb,DEEDDSRLLSLLQRLA,0.002311196
APP_binder_16_297_dldesign_0_cycle1_af2pred.pdb,SLARLLAAALSALLNA,0.000682348
APP_binder_16_298_dldesign_0_cycle1_af2pred.pdb,GEGLSRAELLRDDLDD,0.001201932
APP_binder_16_299_dldesign_0_cycle1_af2pred.pdb,MAPLEEAARRAAALAE,8.82E-06
APP_binder_16_29_dldesign_0_cycle1_af2pred.pdb,MEAELLAQRLADLLAQ,0.001196993
APP_binder_16_2_dldesign_0_cycle1_af2pred.pdb,SNELLKDLLEDDDDAD,0.000111806
APP_binder_16_300_dldesign_0_cycle1_af2pred.pdb,TAALLRAQALANKLAD,0.000110609
APP_binder_16_301_dldesign_0_cycle1_af2pred.pdb,ALDDLLLAVLDALLAA,0.000384143
APP_binder_16_302_dldesign_0_cycle1_af2pred.pdb,APVVTLKRVGPQVPVR,1.56E-05
APP_binder_16_303_dldesign_0_cycle1_af2pred.pdb,DDLLDDLLEELLRLLS,8.10E-05
APP_binder_16_304_dldesign_0_cycle1_af2pred.pdb,LLKTLDLLLARRLRLG,0.000604802
APP_binder_16_305_dldesign_0_cycle1_af2pred.pdb,GRLLPPPRPKTLILPK,7.54E-05
APP_binder_16_306_dldesign_0_cycle1_af2pred.pdb,SEVEEKEEESEDIVED,1.04E-05
APP_binder_16_307_dldesign_0_cycle1_af2pred.pdb,SLLEELLRLRRLLSKL,0.003579644
APP_binder_16_308_dldesign_0_cycle1_af2pred.pdb,DEALARLRQLLRLALR,0.004171878
APP_binder_16_309_dldesign_0_cycle1_af2pred.pdb,EALRLANLARRLARRA,0.001221079
APP_binder_16_30_dldesign_0_cycle1_af2pred.pdb,EDENADLQAVMTALRA,0.000289245
APP_binder_16_310_dldesign_0_cycle1_af2pred.pdb,GLLRRLLQRLLEELAE,0.002269444
APP_binder_16_311_dldesign_0_cycle1_af2pred.pdb,SLRVLLRKALSEDRAL,0.000138404
APP_binder_16_312_dldesign_0_cycle1_af2pred.pdb,MAAQIEADRAQDALAL,7.32E-06
APP_binder_16_313_dldesign_0_cycle1_af2pred.pdb,LVLPVNEEEQLLQLLR,0.000113317
APP_binder_16_314_dldesign_0_cycle1_af2pred.pdb,VDDVEYESSVTRTVLP,0.001114574
APP_binder_16_315_dldesign_0_cycle1_af2pred.pdb,DSLLEQLLQALRRALR,0.000247873
APP_binder_16_316_dldesign_0_cycle1_af2pred.pdb,AAALARTLAVRDDRLA,0.003000785
APP_binder_16_317_dldesign_0_cycle1_af2pred.pdb,AAALAALKALRKLLQE,0.003780551
APP_binder_16_318_dldesign_0_cycle1_af2pred.pdb,STLALSKALQRAREFA,0.00069477
APP_binder_16_319_dldesign_0_cycle1_af2pred.pdb,GLAELLRWRLRLLLRR,0.046989448
APP_binder_16_31_dldesign_0_cycle1_af2pred.pdb,GAVVNEDARALLALLR,0.000631448
APP_binder_16_320_dldesign_0_cycle1_af2pred.pdb,DDDDDDDDLLQALEEA,2.52E-05
APP_binder_16_321_dldesign_0_cycle1_af2pred.pdb,DAIRLADRLQSLLNLL,1.21E-05
APP_binder_16_322_dldesign_0_cycle1_af2pred.pdb,GLARELRRLAIEAATA,0.000319274
APP_binder_16_323_dldesign_0_cycle1_af2pred.pdb,LDEESLLSQALIAKRV,0.003483318
APP_binder_16_324_dldesign_0_cycle1_af2pred.pdb,SLAQLLRRLLQRALLR,0.000391587
APP_binder_16_325_dldesign_0_cycle1_af2pred.pdb,AVSQKDLDDDLAAALA,0.00039784
APP_binder_16_326_dldesign_0_cycle1_af2pred.pdb,GPLRAANLAQLLDDLG,0.000349552
APP_binder_16_327_dldesign_0_cycle1_af2pred.pdb,LAALLAALAAAAAAAA,3.38E-05
APP_binder_16_328_dldesign_0_cycle1_af2pred.pdb,SSLLNAALRHLLALLA,0.000289136
APP_binder_16_329_dldesign_0_cycle1_af2pred.pdb,APVDVPVYTPQRLQKP,0.002119212
APP_binder_16_32_dldesign_0_cycle1_af2pred.pdb,GAAELELQLALQRLLL,0.000279159
APP_binder_16_330_dldesign_0_cycle1_af2pred.pdb,DLANRLASRLAALLES,0.000493678
APP_binder_16_331_dldesign_0_cycle1_af2pred.pdb,DLAESILRQKLRALLA,0.001393237
APP_binder_16_332_dldesign_0_cycle1_af2pred.pdb,SLAAQAAARAARAAAA,0.000231867
APP_binder_16_333_dldesign_0_cycle1_af2pred.pdb,DDDDDDDLAKLLSALL,0.000405644
APP_binder_16_334_dldesign_0_cycle1_af2pred.pdb,GLARLLYLLDQLLDDA,5.96E-05
APP_binder_16_335_dldesign_0_cycle1_af2pred.pdb,AAHLAALDANDDDDAA,0.003646953
APP_binder_16_336_dldesign_0_cycle1_af2pred.pdb,AAARAARADDRADDAA,1.17E-05
APP_binder_16_337_dldesign_0_cycle1_af2pred.pdb,SLALLLRRDLQADLAA,5.92E-05
APP_binder_16_338_dldesign_0_cycle1_af2pred.pdb,SRSLLNQLLRRLRRLL,0.001741055
APP_binder_16_339_dldesign_0_cycle1_af2pred.pdb,DLEALLKLRSALARLL,0.001576115
APP_binder_16_33_dldesign_0_cycle1_af2pred.pdb,LDHSLLQALLRLLRRL,0.004143188
APP_binder_16_340_dldesign_0_cycle1_af2pred.pdb,SLLLELNRLDQEDDDA,0.000314265
APP_binder_16_341_dldesign_0_cycle1_af2pred.pdb,ERRLLLRLQRLLQNLL,0.002370882
APP_binder_16_342_dldesign_0_cycle1_af2pred.pdb,LEEDLDQNDDLLDDAD,0.000112703
APP_binder_16_343_dldesign_0_cycle1_af2pred.pdb,GVSHVRVSLEELLLLQ,0.001873154
APP_binder_16_344_dldesign_0_cycle1_af2pred.pdb,SPVRAAHLALRLADAA,0.000547041
APP_binder_16_345_dldesign_0_cycle1_af2pred.pdb,AATRARRLANLLADLA,0.000171331
APP_binder_16_346_dldesign_0_cycle1_af2pred.pdb,ALAARLAARLKQLDDD,0.000149622
APP_binder_16_347_dldesign_0_cycle1_af2pred.pdb,DDLSEDRQELYKALLA,0.000161476
APP_binder_16_348_dldesign_0_cycle1_af2pred.pdb,SLLEQLQKYLDYLLEN,4.28E-05
APP_binder_16_349_dldesign_0_cycle1_af2pred.pdb,SLLTRLNRLLNKLLDE,0.007263063
APP_binder_16_34_dldesign_0_cycle1_af2pred.pdb,SAALLAKRLADDLALL,0.000422899
APP_binder_16_350_dldesign_0_cycle1_af2pred.pdb,SRLLKLLSRLLNDLDE,0.003410396
APP_binder_16_351_dldesign_0_cycle1_af2pred.pdb,EDPALRAARRLLLETR,0.000500876
APP_binder_16_352_dldesign_0_cycle1_af2pred.pdb,SLEQDLKALLLELLQS,0.000113046
APP_binder_16_353_dldesign_0_cycle1_af2pred.pdb,GRAARVAAALAARAAA,6.05E-05
APP_binder_16_354_dldesign_0_cycle1_af2pred.pdb,AAALDRARVLAKLLAE,4.27E-05
APP_binder_16_355_dldesign_0_cycle1_af2pred.pdb,EAAAVRARQDLKALLL,5.93E-05
APP_binder_16_356_dldesign_0_cycle1_af2pred.pdb,SSLLRDLRRLLKKPAP,0.000384564
APP_binder_16_357_dldesign_0_cycle1_af2pred.pdb,MSPELLAELLKKALEE,0.000418645
APP_binder_16_358_dldesign_0_cycle1_af2pred.pdb,KLAARLATLLAQLLDE,0.00297941
APP_binder_16_359_dldesign_0_cycle1_af2pred.pdb,PLPNVYTPRQRPMIYP,0.003104256
APP_binder_16_35_dldesign_0_cycle1_af2pred.pdb,MAFSPVVETELPPDLP,0.000111501
APP_binder_16_360_dldesign_0_cycle1_af2pred.pdb,NLLQQLADRLLDDALE,7.64E-06
APP_binder_16_361_dldesign_0_cycle1_af2pred.pdb,SSLLLRAALQRALVLG,0.000102488
APP_binder_16_362_dldesign_0_cycle1_af2pred.pdb,ALERVRERRLATLAKE,1.82E-05
APP_binder_16_363_dldesign_0_cycle1_af2pred.pdb,SAANAARLARTLASLA,4.69E-05
APP_binder_16_364_dldesign_0_cycle1_af2pred.pdb,GSSIEAKLAELKALLA,0.000512407
APP_binder_16_365_dldesign_0_cycle1_af2pred.pdb,SLAKLLARLLQDLDDA,0.000243686
APP_binder_16_366_dldesign_0_cycle1_af2pred.pdb,SPAALAAYTAAMAAAP,0.00044159
APP_binder_16_367_dldesign_0_cycle1_af2pred.pdb,DDLLDDLQELLEKLRR,0.001915205
APP_binder_16_368_dldesign_0_cycle1_af2pred.pdb,GRLLEILQAALDQEDA,6.99E-05
APP_binder_16_369_dldesign_0_cycle1_af2pred.pdb,LSWLLRRLARLLRQAA,0.005775908
APP_binder_16_36_dldesign_0_cycle1_af2pred.pdb,DDLVRLLRALRRLLRR,0.000741546
APP_binder_16_370_dldesign_0_cycle1_af2pred.pdb,SEARRAEREAAQAAAA,2.06E-05
APP_binder_16_371_dldesign_0_cycle1_af2pred.pdb,GLAALDARDADDAAAA,0.000925606
APP_binder_16_372_dldesign_0_cycle1_af2pred.pdb,LRALLSRLLYQLLQAA,0.01308655
APP_binder_16_373_dldesign_0_cycle1_af2pred.pdb,LEELLRALRALLRRAP,0.00196015
APP_binder_16_374_dldesign_0_cycle1_af2pred.pdb,ADALEDLLDELEELLA,0.001764796
APP_binder_16_375_dldesign_0_cycle1_af2pred.pdb,SLAERLAALAGAALAD,0.000956033
APP_binder_16_376_dldesign_0_cycle1_af2pred.pdb,DLDLLKPLLRRLLARL,0.001178423
APP_binder_16_377_dldesign_0_cycle1_af2pred.pdb,NYAAARAALLLADALA,0.00013234
APP_binder_16_378_dldesign_0_cycle1_af2pred.pdb,DEAEDLAALQALRRLA,0.003161964
APP_binder_16_379_dldesign_0_cycle1_af2pred.pdb,SRLALLLRRLLLALDD,0.000716685
APP_binder_16_37_dldesign_0_cycle1_af2pred.pdb,ALPLRDLIDDDDDDDA,2.42E-05
APP_binder_16_380_dldesign_0_cycle1_af2pred.pdb,SARARLAARLAAQRAA,0.002454443
APP_binder_16_381_dldesign_0_cycle1_af2pred.pdb,SLARELEQLLKKLLYD,0.000303116
APP_binder_16_382_dldesign_0_cycle1_af2pred.pdb,SDEDWDDLVELLQALR,0.00297687
APP_binder_16_383_dldesign_0_cycle1_af2pred.pdb,NPFMEAQVDDNDDDAA,0.00415545
APP_binder_16_384_dldesign_0_cycle1_af2pred.pdb,AAALARYAALRAARLA,0.004366886
APP_binder_16_385_dldesign_0_cycle1_af2pred.pdb,GLARLLQQLDAILDAL,0.001317254
APP_binder_16_386_dldesign_0_cycle1_af2pred.pdb,GELLDLLDDLDELLAD,0.001048705
APP_binder_16_387_dldesign_0_cycle1_af2pred.pdb,LAAELARAAANRAALE,0.003134362
APP_binder_16_388_dldesign_0_cycle1_af2pred.pdb,AALALQRLLQRLASLG,0.001174146
APP_binder_16_389_dldesign_0_cycle1_af2pred.pdb,VLTPEELERLLRLAEE,0.000375195
APP_binder_16_38_dldesign_0_cycle1_af2pred.pdb,GSLDQADDEADDDDDD,0.000537403
APP_binder_16_390_dldesign_0_cycle1_af2pred.pdb,SSLYSLLQDLRALLRY,0.002352737
APP_binder_16_391_dldesign_0_cycle1_af2pred.pdb,AAARAAALAQRADLLA,0.000385833
APP_binder_16_392_dldesign_0_cycle1_af2pred.pdb,EGADRLDDLADAAALA,0.002759174
APP_binder_16_393_dldesign_0_cycle1_af2pred.pdb,SLAERLARLAELAALA,0.000108336
APP_binder_16_394_dldesign_0_cycle1_af2pred.pdb,MEENLDARDDDADDDP,1.65E-05
APP_binder_16_395_dldesign_0_cycle1_af2pred.pdb,MSEETLDQVELVRLLR,0.000145078
APP_binder_16_396_dldesign_0_cycle1_af2pred.pdb,SLLEELLAALEALLTP,5.63E-05
APP_binder_16_397_dldesign_0_cycle1_af2pred.pdb,NEAVLLADLLQSLDNL,0.000398756
APP_binder_16_398_dldesign_0_cycle1_af2pred.pdb,MSPESLAEYLAALLAR,0.000143571
APP_binder_16_399_dldesign_0_cycle1_af2pred.pdb,DPVRLAELAQQAASEA,0.000421208
APP_binder_16_39_dldesign_0_cycle1_af2pred.pdb,LLLNDENLDRLDLLLA,1.20E-05
APP_binder_16_3_dldesign_0_cycle1_af2pred.pdb,SAQLLADLLQEALING,0.000324224
APP_binder_16_400_dldesign_0_cycle1_af2pred.pdb,GLVLPPFSLDALLAYL,0.000799792
APP_binder_16_401_dldesign_0_cycle1_af2pred.pdb,AAARSAAARLANLLKD,6.44E-05
APP_binder_16_402_dldesign_0_cycle1_af2pred.pdb,DLAEDLRALLSNLLAS,0.000463053
APP_binder_16_403_dldesign_0_cycle1_af2pred.pdb,ALAARLATLDRVLDQD,0.001931301
APP_binder_16_404_dldesign_0_cycle1_af2pred.pdb,LTRLLRRLLARLQELA,0.060071457
APP_binder_16_405_dldesign_0_cycle1_af2pred.pdb,MMTLEERLAAAQAAVE,3.41E-05
APP_binder_16_406_dldesign_0_cycle1_af2pred.pdb,SLKQLERYLLQRLLLS,0.001228235
APP_binder_16_407_dldesign_0_cycle1_af2pred.pdb,SSRLLAALARLLDLLE,0.000344114
APP_binder_16_408_dldesign_0_cycle1_af2pred.pdb,SLLSRLLAKLLALLLG,0.000164953
APP_binder_16_409_dldesign_0_cycle1_af2pred.pdb,TAAQAAARAAAAAAAA,1.86E-05
APP_binder_16_40_dldesign_0_cycle1_af2pred.pdb,DPAARRAALLEELAAS,0.000861193
APP_binder_16_410_dldesign_0_cycle1_af2pred.pdb,GEEMRDDNEDDDDDDD,3.00E-05
APP_binder_16_411_dldesign_0_cycle1_af2pred.pdb,GELVLEEREVPVAPAP,1.48E-05
APP_binder_16_412_dldesign_0_cycle1_af2pred.pdb,PVNTTPRQRPNVVYLP,1.35E-05
APP_binder_16_413_dldesign_0_cycle1_af2pred.pdb,SDLLAELRRLARLEAQ,1.02E-05
APP_binder_16_414_dldesign_0_cycle1_af2pred.pdb,SLASATLARVTEPALP,3.98E-05
APP_binder_16_415_dldesign_0_cycle1_af2pred.pdb,SLAEILASLDDNALDV,0.003120041
APP_binder_16_416_dldesign_0_cycle1_af2pred.pdb,GDELDERLELSRLLYS,0.000273979
APP_binder_16_417_dldesign_0_cycle1_af2pred.pdb,SLAELLAVKLKELLSS,3.27E-05
APP_binder_16_418_dldesign_0_cycle1_af2pred.pdb,GLALKLALQRLLRLLG,2.39E-05
APP_binder_16_419_dldesign_0_cycle1_af2pred.pdb,GLLALERLLRRLLLDL,0.005134044
APP_binder_16_41_dldesign_0_cycle1_af2pred.pdb,SNALLQRALDDYAALA,0.000385022
APP_binder_16_420_dldesign_0_cycle1_af2pred.pdb,LLASLLRRLEMLDLSD,0.008354101
APP_binder_16_421_dldesign_0_cycle1_af2pred.pdb,MTPEELARRLAILLAR,3.30E-05
APP_binder_16_422_dldesign_0_cycle1_af2pred.pdb,VLAKLLAQLDADDDDA,0.001213908
APP_binder_16_423_dldesign_0_cycle1_af2pred.pdb,LENYLDARDDYLDLEL,4.10E-05
APP_binder_16_424_dldesign_0_cycle1_af2pred.pdb,SSSLLARQALLDALAA,0.000193968
APP_binder_16_425_dldesign_0_cycle1_af2pred.pdb,SEREDDNDDDLDDLDD,1.84E-05
APP_binder_16_426_dldesign_0_cycle1_af2pred.pdb,SLHHLEAEKINALAAA,0.000652132
APP_binder_16_427_dldesign_0_cycle1_af2pred.pdb,SDLEDLKDLLRKLLAA,8.54E-05
APP_binder_16_428_dldesign_0_cycle1_af2pred.pdb,SLADLLAQLQRRLDQK,0.000105502
APP_binder_16_429_dldesign_0_cycle1_af2pred.pdb,RQALIAQQLADLDALL,0.003669572
APP_binder_16_42_dldesign_0_cycle1_af2pred.pdb,AEEEEEERRRREEEEE,0.001338325
APP_binder_16_430_dldesign_0_cycle1_af2pred.pdb,SSLELLLRRLARELSA,0.000267077
APP_binder_16_431_dldesign_0_cycle1_af2pred.pdb,MSRLLRQLERALAYLL,0.000277136
APP_binder_16_432_dldesign_0_cycle1_af2pred.pdb,ASEESEDDVDDDDDAD,0.002543695
APP_binder_16_433_dldesign_0_cycle1_af2pred.pdb,DDVSDGDDHLALQLAP,3.51E-05
APP_binder_16_434_dldesign_0_cycle1_af2pred.pdb,SPQKELALAKVKEYES,0.000148843
APP_binder_16_435_dldesign_0_cycle1_af2pred.pdb,KPPEEILAERRARQLA,0.0009482
APP_binder_16_436_dldesign_0_cycle1_af2pred.pdb,SELLARLRRLLNKLDL,0.000860965
APP_binder_16_437_dldesign_0_cycle1_af2pred.pdb,MTTEELAALRQALEDG,0.000573492
APP_binder_16_438_dldesign_0_cycle1_af2pred.pdb,AELLRRLERELRSLAS,0.000585444
APP_binder_16_439_dldesign_0_cycle1_af2pred.pdb,SSLALELRALLRNAAA,8.48E-06
APP_binder_16_43_dldesign_0_cycle1_af2pred.pdb,SALARLRRLLNKLLDL,0.004860449
APP_binder_16_440_dldesign_0_cycle1_af2pred.pdb,AAADRRLASRLAFLAE,0.00060964
APP_binder_16_441_dldesign_0_cycle1_af2pred.pdb,SLDEQLAARLATRLSL,0.000819199
APP_binder_16_442_dldesign_0_cycle1_af2pred.pdb,SAAQLARRLAYKLLDA,1.61E-05
APP_binder_16_443_dldesign_0_cycle1_af2pred.pdb,GDLADDLDDADDAALA,0.000502937
APP_binder_16_444_dldesign_0_cycle1_af2pred.pdb,GELAQLLAELRRLLRR,0.000155106
APP_binder_16_445_dldesign_0_cycle1_af2pred.pdb,GDLQDLLDELLARSLP,1.57E-05
APP_binder_16_446_dldesign_0_cycle1_af2pred.pdb,AIPLEEQLALRLAVRL,3.57E-05
APP_binder_16_447_dldesign_0_cycle1_af2pred.pdb,SSLEELLLELLQLLEK,0.000105259
APP_binder_16_448_dldesign_0_cycle1_af2pred.pdb,SAALAALLKALNAALA,0.000700556
APP_binder_16_449_dldesign_0_cycle1_af2pred.pdb,LASSLLARLLAKLLQS,6.42E-06
APP_binder_16_44_dldesign_0_cycle1_af2pred.pdb,MNAEELDDLADLAALL,0.001337177
APP_binder_16_450_dldesign_0_cycle1_af2pred.pdb,AEEERLLAERLQELLA,0.001122999
APP_binder_16_451_dldesign_0_cycle1_af2pred.pdb,SLEDLLRELLEKEILG,0.000150117
APP_binder_16_452_dldesign_0_cycle1_af2pred.pdb,GLAARLARRLAALAQE,0.002078646
APP_binder_16_453_dldesign_0_cycle1_af2pred.pdb,PTPAEVAAAAAAAAAA,0.000137811
APP_binder_16_454_dldesign_0_cycle1_af2pred.pdb,AAALAALRELLRLLAS,0.000205144
APP_binder_16_455_dldesign_0_cycle1_af2pred.pdb,GSHPLKLVEAPAPVPL,3.30E-05
APP_binder_16_456_dldesign_0_cycle1_af2pred.pdb,GSLADQRLANLLAELP,0.000509574
APP_binder_16_457_dldesign_0_cycle1_af2pred.pdb,ALLRRLQDLLDDDALE,0.000126336
APP_binder_16_458_dldesign_0_cycle1_af2pred.pdb,LEGILRRLDDLLDDLA,0.000429545
APP_binder_16_459_dldesign_0_cycle1_af2pred.pdb,AAALLAATTGVASVPP,0.003208752
APP_binder_16_45_dldesign_0_cycle1_af2pred.pdb,ARLAARLAAELALNAA,0.000240619
APP_binder_16_460_dldesign_0_cycle1_af2pred.pdb,SLRLLLKSAASYAAAA,0.00018509
APP_binder_16_461_dldesign_0_cycle1_af2pred.pdb,SERILAKLEESEDRLA,0.000240904
APP_binder_16_462_dldesign_0_cycle1_af2pred.pdb,LLAALLAALRALLRAG,0.019299656
APP_binder_16_463_dldesign_0_cycle1_af2pred.pdb,GAAEAALQNALDLLRR,0.000762356
APP_binder_16_464_dldesign_0_cycle1_af2pred.pdb,SGLLRQRLARALLALL,0.001925811
APP_binder_16_465_dldesign_0_cycle1_af2pred.pdb,SWELRLLLRKLAVELA,0.000136717
APP_binder_16_466_dldesign_0_cycle1_af2pred.pdb,SSELDALALHQALLRL,0.000669489
APP_binder_16_467_dldesign_0_cycle1_af2pred.pdb,LSALLRKLQLEQILAQ,0.005497932
APP_binder_16_468_dldesign_0_cycle1_af2pred.pdb,ALAARLAQRDLLDDLA,0.000274258
APP_binder_16_469_dldesign_0_cycle1_af2pred.pdb,DDLEDLLNALRKALAA,0.001006314
APP_binder_16_46_dldesign_0_cycle1_af2pred.pdb,SVELRILDAEDEQDDD,0.000677125
APP_binder_16_470_dldesign_0_cycle1_af2pred.pdb,GSYTSREELLDLLDDA,0.000129635
APP_binder_16_471_dldesign_0_cycle1_af2pred.pdb,SELEQLLRRLLQRLLL,0.000140421
APP_binder_16_472_dldesign_0_cycle1_af2pred.pdb,ALAQLLAVELRKLLDE,0.000646976
APP_binder_16_473_dldesign_0_cycle1_af2pred.pdb,ELARLLANLLRALLAA,0.000104463
APP_binder_16_474_dldesign_0_cycle1_af2pred.pdb,GLLRRLLQRLDLLALE,0.000149698
APP_binder_16_475_dldesign_0_cycle1_af2pred.pdb,GGADQMALRRLLRALR,1.14E-05
APP_binder_16_476_dldesign_0_cycle1_af2pred.pdb,ANAAVRQAALDAQDDD,0.000362929
APP_binder_16_477_dldesign_0_cycle1_af2pred.pdb,ERALLRLRRLLNRLLD,0.000967263
APP_binder_16_478_dldesign_0_cycle1_af2pred.pdb,SSLLLDLRRALKNALA,0.000147857
APP_binder_16_479_dldesign_0_cycle1_af2pred.pdb,RERQLLRRLARLLAEL,0.002116002
APP_binder_16_47_dldesign_0_cycle1_af2pred.pdb,SLAGLLRALARNAAAA,0.000414839
APP_binder_16_480_dldesign_0_cycle1_af2pred.pdb,MAASLALAAALNRARQ,0.000171823
APP_binder_16_481_dldesign_0_cycle1_af2pred.pdb,GLVSQLPESVLAALAS,0.000300406
APP_binder_16_482_dldesign_0_cycle1_af2pred.pdb,AAVAAAIAARRAAALA,7.31E-05
APP_binder_16_483_dldesign_0_cycle1_af2pred.pdb,LSPLELRRLAAELATS,2.47E-05
APP_binder_16_484_dldesign_0_cycle1_af2pred.pdb,VTSQEEALELDDDLDA,0.000371764
APP_binder_16_485_dldesign_0_cycle1_af2pred.pdb,MTREELLQAWLDREAA,0.000256587
APP_binder_16_486_dldesign_0_cycle1_af2pred.pdb,SEALRRLLNRLRSLLD,0.003138512
APP_binder_16_487_dldesign_0_cycle1_af2pred.pdb,DDDLLDAQARYLARTG,0.0024714
APP_binder_16_488_dldesign_0_cycle1_af2pred.pdb,GADLKALLRRLAALLA,5.85E-05
APP_binder_16_489_dldesign_0_cycle1_af2pred.pdb,SSGLLKYRLARALLLA,0.000131204
APP_binder_16_48_dldesign_0_cycle1_af2pred.pdb,SLARLLAKLLQQALND,1.37E-05
APP_binder_16_490_dldesign_0_cycle1_af2pred.pdb,SSLLAQELALADLAAD,0.000201025
APP_binder_16_491_dldesign_0_cycle1_af2pred.pdb,LREALAALLRLLNRLG,0.001047121
APP_binder_16_492_dldesign_0_cycle1_af2pred.pdb,GARILAKLAESELKAA,0.00014304
APP_binder_16_493_dldesign_0_cycle1_af2pred.pdb,GVNHYSPEEQLLLRLA,0.000273439
APP_binder_16_494_dldesign_0_cycle1_af2pred.pdb,APPLSDERLAALAERL,0.000148003
APP_binder_16_495_dldesign_0_cycle1_af2pred.pdb,ANEAIRLAARLAQLDQ,0.000198829
APP_binder_16_496_dldesign_0_cycle1_af2pred.pdb,DDDDDEEELANLLSAA,0.002126957
APP_binder_16_497_dldesign_0_cycle1_af2pred.pdb,LPPSVLRALLAALLAA,0.00098675
APP_binder_16_498_dldesign_0_cycle1_af2pred.pdb,SAQQAALRAARAAAVA,1.25E-05
APP_binder_16_499_dldesign_0_cycle1_af2pred.pdb,SLLRNLLARLARLLAR,5.66E-05
APP_binder_16_49_dldesign_0_cycle1_af2pred.pdb,LERRLRRLLLAALAAA,0.003917233
APP_binder_16_4_dldesign_0_cycle1_af2pred.pdb,SGSLLTRLQQLDNLDD,1.62E-05
APP_binder_16_500_dldesign_0_cycle1_af2pred.pdb,SLSTLLALLLQELLAR,1.70E-05
APP_binder_16_501_dldesign_0_cycle1_af2pred.pdb,SDLKLRRLLETLLVLS,0.000871876
APP_binder_16_502_dldesign_0_cycle1_af2pred.pdb,AAARSALARALLELLR,2.63E-05
APP_binder_16_503_dldesign_0_cycle1_af2pred.pdb,GHSLLVTLAQLLKAAA,1.29E-05
APP_binder_16_504_dldesign_0_cycle1_af2pred.pdb,ARQAALDRRLDLLADD,0.000201064
APP_binder_16_505_dldesign_0_cycle1_af2pred.pdb,QLAALLAARQAQQLAA,0.002854239
APP_binder_16_506_dldesign_0_cycle1_af2pred.pdb,AAALLARKLLLAALAA,0.005857015
APP_binder_16_507_dldesign_0_cycle1_af2pred.pdb,AAAAIAAQQAANDDAA,9.39E-06
APP_binder_16_508_dldesign_0_cycle1_af2pred.pdb,GSAAIDLRRLLRALLD,1.49E-05
APP_binder_16_509_dldesign_0_cycle1_af2pred.pdb,VDVAAQLQKRLDALLA,6.25E-05
APP_binder_16_50_dldesign_0_cycle1_af2pred.pdb,PVYVAPHVKVSDADIL,0.000515063
APP_binder_16_510_dldesign_0_cycle1_af2pred.pdb,SVEEERRLAKLLALAP,0.000249735
APP_binder_16_511_dldesign_0_cycle1_af2pred.pdb,AAARLAQRLANRLRSA,0.00041888
APP_binder_16_512_dldesign_0_cycle1_af2pred.pdb,SVAVSTTDLRDDLDDA,0.001082361
APP_binder_16_513_dldesign_0_cycle1_af2pred.pdb,ARAAALAARLAALLDD,0.000546944
APP_binder_16_514_dldesign_0_cycle1_af2pred.pdb,GELLRLLRELQDLLDE,7.53E-05
APP_binder_16_515_dldesign_0_cycle1_af2pred.pdb,GLEPVLPPEVDLEELP,1.15E-05
APP_binder_16_516_dldesign_0_cycle1_af2pred.pdb,MLAQLLADRLMELLNS,0.000413036
APP_binder_16_517_dldesign_0_cycle1_af2pred.pdb,SALLAAQAALQRLLRA,0.000205567
APP_binder_16_518_dldesign_0_cycle1_af2pred.pdb,MSAAELRSLLLRALAR,2.22E-05
APP_binder_16_519_dldesign_0_cycle1_af2pred.pdb,RLLELLARKLLGYLLA,0.004613557
APP_binder_16_51_dldesign_0_cycle1_af2pred.pdb,GLRDLLLALQELKEAA,0.000132959
APP_binder_16_520_dldesign_0_cycle1_af2pred.pdb,LSALLRYLLARLLRLL,0.013452895
APP_binder_16_521_dldesign_0_cycle1_af2pred.pdb,ENARRLAELEALSLLS,0.000319445
APP_binder_16_522_dldesign_0_cycle1_af2pred.pdb,MSAEDLLRRLLNKLLE,2.84E-05
APP_binder_16_523_dldesign_0_cycle1_af2pred.pdb,ALARLLRRLLKELASA,0.000730076
APP_binder_16_524_dldesign_0_cycle1_af2pred.pdb,MEATLEAHDDNLDDAD,0.000714773
APP_binder_16_525_dldesign_0_cycle1_af2pred.pdb,SLADLLRQDRDDALDA,0.000456736
APP_binder_16_526_dldesign_0_cycle1_af2pred.pdb,SASLANVDAEDDDDDD,2.29E-05
APP_binder_16_527_dldesign_0_cycle1_af2pred.pdb,GVLAALLAQADQDAAA,0.000251676
APP_binder_16_528_dldesign_0_cycle1_af2pred.pdb,GSVIYEPSLNHRPALP,9.11E-05
APP_binder_16_529_dldesign_0_cycle1_af2pred.pdb,DDLEDLRNALRRALYA,1.19E-05
APP_binder_16_52_dldesign_0_cycle1_af2pred.pdb,LTPKELYLLRLLERLL,7.49E-06
APP_binder_16_530_dldesign_0_cycle1_af2pred.pdb,SLFRLLQLQRALDEAA,7.47E-05
APP_binder_16_531_dldesign_0_cycle1_af2pred.pdb,DDELEDHNLLVLLRRL,6.10E-05
APP_binder_16_532_dldesign_0_cycle1_af2pred.pdb,GAAARAAALDKSLSDV,2.40E-05
APP_binder_16_533_dldesign_0_cycle1_af2pred.pdb,TAALQAALREALRLAA,0.000602791
APP_binder_16_534_dldesign_0_cycle1_af2pred.pdb,AEAVRLALELRALLLE,2.13E-05
APP_binder_16_535_dldesign_0_cycle1_af2pred.pdb,SADLLASLDADDDAAD,0.002057073
APP_binder_16_536_dldesign_0_cycle1_af2pred.pdb,ELARVRQRVLDQELDD,0.002398832
APP_binder_16_537_dldesign_0_cycle1_af2pred.pdb,SLLARLADSLALELSS,1.00E-05
APP_binder_16_538_dldesign_0_cycle1_af2pred.pdb,AAAARAAALAAGAKIL,0.000871138
APP_binder_16_539_dldesign_0_cycle1_af2pred.pdb,GFSLSDLKRIKTALPP,0.001666722
APP_binder_16_53_dldesign_0_cycle1_af2pred.pdb,SSLLRSLLNRLLLALS,1.83E-05
APP_binder_16_540_dldesign_0_cycle1_af2pred.pdb,NLLRRLEALLREALLS,1.15E-05
APP_binder_16_541_dldesign_0_cycle1_af2pred.pdb,SSRLDNLLDDLADDLG,1.77E-05
APP_binder_16_542_dldesign_0_cycle1_af2pred.pdb,GLSQENLDDDDDLEEE,0.001388971
APP_binder_16_543_dldesign_0_cycle1_af2pred.pdb,MKALRLAKAEKTSALL,0.000265735
APP_binder_16_544_dldesign_0_cycle1_af2pred.pdb,GQRLLNRLLALLDDLL,0.000473105
APP_binder_16_545_dldesign_0_cycle1_af2pred.pdb,SAVSEEDLDDDEDDEE,0.002327213
APP_binder_16_546_dldesign_0_cycle1_af2pred.pdb,SRLELLLKELATALAS,0.000231692
APP_binder_16_547_dldesign_0_cycle1_af2pred.pdb,SLLRRLLLDLREELLN,1.38E-05
APP_binder_16_548_dldesign_0_cycle1_af2pred.pdb,SSSLLKQLLRRLLRLL,0.002165514
APP_binder_16_549_dldesign_0_cycle1_af2pred.pdb,GLARLLNLLAQLLARL,1.53E-05
APP_binder_16_54_dldesign_0_cycle1_af2pred.pdb,SRLLSRLRSLDLELDD,0.00053155
APP_binder_16_550_dldesign_0_cycle1_af2pred.pdb,SSVLRRLTPEEILALL,0.000536676
APP_binder_16_551_dldesign_0_cycle1_af2pred.pdb,GADAAAAAALRRALEA,0.000959087
APP_binder_16_552_dldesign_0_cycle1_af2pred.pdb,SELLLRRRAEQLLRQL,0.000704576
APP_binder_16_553_dldesign_0_cycle1_af2pred.pdb,DLAEELKSLLRQLLRK,0.000512287
APP_binder_16_554_dldesign_0_cycle1_af2pred.pdb,GVPVSEEELEDDEDDD,1.93E-05
APP_binder_16_555_dldesign_0_cycle1_af2pred.pdb,STAAVLALRALRRALR,1.96E-05
APP_binder_16_556_dldesign_0_cycle1_af2pred.pdb,SLERLLLALNRLLAAA,0.000498253
APP_binder_16_557_dldesign_0_cycle1_af2pred.pdb,SAAARLARAAALAAAA,1.27E-05
APP_binder_16_558_dldesign_0_cycle1_af2pred.pdb,LLARLLALLNRLLLEE,0.014727214
APP_binder_16_559_dldesign_0_cycle1_af2pred.pdb,LSLAELNRLLLLLRPR,0.00032005
APP_binder_16_55_dldesign_0_cycle1_af2pred.pdb,GALQVALRRLLRALRR,0.006470352
APP_binder_16_560_dldesign_0_cycle1_af2pred.pdb,SPALDTLLDDDDDDDA,0.000416894
APP_binder_16_561_dldesign_0_cycle1_af2pred.pdb,SPQLLADLAANLAVAL,1.97E-05
APP_binder_16_562_dldesign_0_cycle1_af2pred.pdb,SLRNLLRELLSKLLNA,1.67E-05
APP_binder_16_563_dldesign_0_cycle1_af2pred.pdb,SLPVSNRVLLDDLDDE,4.85E-05
APP_binder_16_564_dldesign_0_cycle1_af2pred.pdb,DDLEDLALELKRLLSR,0.001139423
APP_binder_16_565_dldesign_0_cycle1_af2pred.pdb,SLRRLLGLLAYLLKAA,2.04E-05
APP_binder_16_566_dldesign_0_cycle1_af2pred.pdb,SAGQLLADLLRALRLA,0.002958579
APP_binder_16_567_dldesign_0_cycle1_af2pred.pdb,ALERLLRDLRALLLSS,0.000338797
APP_binder_16_568_dldesign_0_cycle1_af2pred.pdb,LLKDLADADDDDDDDD,0.000296377
APP_binder_16_569_dldesign_0_cycle1_af2pred.pdb,SLLEELKNALRKALAA,0.000250946
APP_binder_16_56_dldesign_0_cycle1_af2pred.pdb,SYLSPEERLALRLAAL,0.003477179
APP_binder_16_570_dldesign_0_cycle1_af2pred.pdb,SALLRRLAALDARDAL,8.45E-05
APP_binder_16_571_dldesign_0_cycle1_af2pred.pdb,SLAGLLKYLLARLLAR,0.003518606
APP_binder_16_572_dldesign_0_cycle1_af2pred.pdb,NLQRALRRALAAASRP,5.27E-05
APP_binder_16_573_dldesign_0_cycle1_af2pred.pdb,ALAALLRDDLDDLLDE,0.000529661
APP_binder_16_574_dldesign_0_cycle1_af2pred.pdb,SPAALRALLRLLADLE,9.92E-06
APP_binder_16_575_dldesign_0_cycle1_af2pred.pdb,SEYLAQLEEVKLLQRS,0.000518008
APP_binder_16_576_dldesign_0_cycle1_af2pred.pdb,GLAALDANDDVDDDED,0.008839132
APP_binder_16_577_dldesign_0_cycle1_af2pred.pdb,SLTPEELKELLEKLLE,0.0005259
APP_binder_16_578_dldesign_0_cycle1_af2pred.pdb,LSSLLQLLRRLLQKLL,0.00015567
APP_binder_16_579_dldesign_0_cycle1_af2pred.pdb,SLRLENLDEQLDDDLS,6.37E-05
APP_binder_16_57_dldesign_0_cycle1_af2pred.pdb,GIPKSELADLLDAAAA,0.000553522
APP_binder_16_580_dldesign_0_cycle1_af2pred.pdb,LLKQLLNLLKRRLIES,0.011143749
APP_binder_16_581_dldesign_0_cycle1_af2pred.pdb,QARRLAEKLAKLLALK,1.46E-05
APP_binder_16_582_dldesign_0_cycle1_af2pred.pdb,PLSQLLARLLYELAAL,0.000310545
APP_binder_16_583_dldesign_0_cycle1_af2pred.pdb,DALDLYLAKLAEVLAA,0.000141876
APP_binder_16_584_dldesign_0_cycle1_af2pred.pdb,RLLAARLASLDKLDAA,0.000636125
APP_binder_16_585_dldesign_0_cycle1_af2pred.pdb,AKAIKLSLADQLALLL,0.000343417
APP_binder_16_586_dldesign_0_cycle1_af2pred.pdb,RAAALAAQQDLLDALA,0.000101302
APP_binder_16_587_dldesign_0_cycle1_af2pred.pdb,GVQVPRPPPSGSLPQE,0.000340588
APP_binder_16_588_dldesign_0_cycle1_af2pred.pdb,AAAELERLARLLASLA,0.001928694
APP_binder_16_589_dldesign_0_cycle1_af2pred.pdb,MERFLKRRKERLALSE,0.003140355
APP_binder_16_58_dldesign_0_cycle1_af2pred.pdb,EHFVEYPPQPTPVFLP,0.000200868
APP_binder_16_590_dldesign_0_cycle1_af2pred.pdb,SPNALDEDDDDDDDAA,3.59E-05
APP_binder_16_591_dldesign_0_cycle1_af2pred.pdb,GAALADDEDDDDALDD,5.00E-05
APP_binder_16_592_dldesign_0_cycle1_af2pred.pdb,ARANRLANRLLDDLLE,0.000214108
APP_binder_16_593_dldesign_0_cycle1_af2pred.pdb,SAAQLAKQLAARLALR,0.000317774
APP_binder_16_594_dldesign_0_cycle1_af2pred.pdb,GARLARLDRQLDEDLD,0.002918581
APP_binder_16_595_dldesign_0_cycle1_af2pred.pdb,SLALELKQLLLELDQA,0.002099547
APP_binder_16_596_dldesign_0_cycle1_af2pred.pdb,SLRLELELKELDDELA,0.000439874
APP_binder_16_597_dldesign_0_cycle1_af2pred.pdb,AAASMAAAAAARAALR,6.47E-05
APP_binder_16_598_dldesign_0_cycle1_af2pred.pdb,SLLRDLLRDLRGLLLE,5.70E-05
APP_binder_16_599_dldesign_0_cycle1_af2pred.pdb,SELLHLLAKRLAKLLA,0.006354358
APP_binder_16_59_dldesign_0_cycle1_af2pred.pdb,NPTLLQQLDLDDDDDD,0.001094388
APP_binder_16_5_dldesign_0_cycle1_af2pred.pdb,SDDDLAAARAAAALAR,5.15E-05
APP_binder_16_600_dldesign_0_cycle1_af2pred.pdb,DDEALAEQLARLLARP,0.007114352
APP_binder_16_601_dldesign_0_cycle1_af2pred.pdb,GAVTNEELREDDDDAD,0.004630541
APP_binder_16_602_dldesign_0_cycle1_af2pred.pdb,SELERRLAETRALSLS,1.74E-05
APP_binder_16_603_dldesign_0_cycle1_af2pred.pdb,GRLEDLAQLLDDIDDD,0.000245219
APP_binder_16_604_dldesign_0_cycle1_af2pred.pdb,GSLDLKELLIDLLQAL,3.19E-05
APP_binder_16_605_dldesign_0_cycle1_af2pred.pdb,GLAELLANLARLAAAL,0.001472464
APP_binder_16_606_dldesign_0_cycle1_af2pred.pdb,GAAATRQADLDRLAAA,0.000926147
APP_binder_16_607_dldesign_0_cycle1_af2pred.pdb,GAAAAAALAEEAARAA,0.000526147
APP_binder_16_608_dldesign_0_cycle1_af2pred.pdb,AAARLAARVAAALARL,3.83E-05
APP_binder_16_609_dldesign_0_cycle1_af2pred.pdb,GARLDAQKDALDDLAD,1.97E-05
APP_binder_16_60_dldesign_0_cycle1_af2pred.pdb,SQLLLDRLQQLLNELD,2.54E-05
APP_binder_16_610_dldesign_0_cycle1_af2pred.pdb,SLLENLLRRLLSRLLE,0.001048211
APP_binder_16_611_dldesign_0_cycle1_af2pred.pdb,GLRRLLDLLADLAALA,0.000762646
APP_binder_16_612_dldesign_0_cycle1_af2pred.pdb,GSLLLRELLGRLRYAA,0.003370099
APP_binder_16_613_dldesign_0_cycle1_af2pred.pdb,GLARRLANRLADDALL,0.000282268
APP_binder_16_614_dldesign_0_cycle1_af2pred.pdb,SLGLLRRLARRLKNLL,0.045488898
APP_binder_16_615_dldesign_0_cycle1_af2pred.pdb,SVRAAMLARQADLEAA,2.82E-05
APP_binder_16_616_dldesign_0_cycle1_af2pred.pdb,SPLAAAREARLARLLG,3.26E-05
APP_binder_16_617_dldesign_0_cycle1_af2pred.pdb,SEEEEELRTALRRAAN,0.000414552
APP_binder_16_618_dldesign_0_cycle1_af2pred.pdb,SDLEDLRSLASQLAAA,0.000720265
APP_binder_16_619_dldesign_0_cycle1_af2pred.pdb,PSLEELLRRLLNRLDQ,8.83E-05
APP_binder_16_61_dldesign_0_cycle1_af2pred.pdb,DDDDDDEEELLAELQA,0.000103996
APP_binder_16_620_dldesign_0_cycle1_af2pred.pdb,SYSLQLSLLNLLLSDS,0.000564495
APP_binder_16_621_dldesign_0_cycle1_af2pred.pdb,PLARRLELDLKILLNE,0.000719528
APP_binder_16_622_dldesign_0_cycle1_af2pred.pdb,LDDLRDLRLLASRAAL,0.000896177
APP_binder_16_623_dldesign_0_cycle1_af2pred.pdb,SAARAARQLALDAAAD,0.000190683
APP_binder_16_624_dldesign_0_cycle1_af2pred.pdb,SDAVRRRRELLERRRR,0.002402366
APP_binder_16_625_dldesign_0_cycle1_af2pred.pdb,SLAADRLQQLDNDLAE,0.00417006
APP_binder_16_626_dldesign_0_cycle1_af2pred.pdb,GLLRLLQLLDRDDDED,0.000403444
APP_binder_16_627_dldesign_0_cycle1_af2pred.pdb,PAARRAAEALRRDDND,0.000167037
APP_binder_16_628_dldesign_0_cycle1_af2pred.pdb,DPRLRRRLAELLALLA,0.000243468
APP_binder_16_629_dldesign_0_cycle1_af2pred.pdb,GAAARAAAAAAAAAAA,0.000191206
APP_binder_16_62_dldesign_0_cycle1_af2pred.pdb,NAARALLRQLQADLEA,1.53E-05
APP_binder_16_630_dldesign_0_cycle1_af2pred.pdb,ASAESRLAALLDAADA,0.000289478
APP_binder_16_631_dldesign_0_cycle1_af2pred.pdb,LADALEALRAALAEAR,0.000113673
APP_binder_16_632_dldesign_0_cycle1_af2pred.pdb,GSHNHVEVDVDDVLLD,0.001067305
APP_binder_16_633_dldesign_0_cycle1_af2pred.pdb,SHAALRAALRQALNDA,0.001073893
APP_binder_16_634_dldesign_0_cycle1_af2pred.pdb,LAKRLANEDRILDALE,5.66E-05
APP_binder_16_635_dldesign_0_cycle1_af2pred.pdb,DRDLARALAALLAALA,0.000323187
APP_binder_16_636_dldesign_0_cycle1_af2pred.pdb,SLSYLLRLLSEKLAAA,0.000989305
APP_binder_16_637_dldesign_0_cycle1_af2pred.pdb,GAADLANLDDLDDDAA,0.000151609
APP_binder_16_638_dldesign_0_cycle1_af2pred.pdb,NELLRQLVRERVRLRR,0.000244882
APP_binder_16_639_dldesign_0_cycle1_af2pred.pdb,MAALLKALARLQRLLR,0.001300017
APP_binder_16_63_dldesign_0_cycle1_af2pred.pdb,SPSRLLADDADDDAAE,3.11E-05
APP_binder_16_640_dldesign_0_cycle1_af2pred.pdb,RALQADRRALQALLEA,5.28E-05
APP_binder_16_641_dldesign_0_cycle1_af2pred.pdb,GLAKYLDFLDDRALAG,5.02E-05
APP_binder_16_642_dldesign_0_cycle1_af2pred.pdb,DDDLERALQALLDALV,2.93E-05
APP_binder_16_643_dldesign_0_cycle1_af2pred.pdb,LVLSSELLDLLALLAA,1.31E-05
APP_binder_16_644_dldesign_0_cycle1_af2pred.pdb,KSLERILSRLLADLLD,0.001287514
APP_binder_16_645_dldesign_0_cycle1_af2pred.pdb,SELLKRLARLLLLLKR,8.06E-05
APP_binder_16_646_dldesign_0_cycle1_af2pred.pdb,SSGDDAALLRALRRAL,0.002625628
APP_binder_16_647_dldesign_0_cycle1_af2pred.pdb,DDYVDLQRLLYLLLAS,7.46E-05
APP_binder_16_648_dldesign_0_cycle1_af2pred.pdb,GSITGEEQELLDDLAE,2.63E-05
APP_binder_16_649_dldesign_0_cycle1_af2pred.pdb,SNLDLNDDLDDLLEEL,1.46E-05
APP_binder_16_64_dldesign_0_cycle1_af2pred.pdb,SSLYEEQKQLVAELLA,0.000109305
APP_binder_16_650_dldesign_0_cycle1_af2pred.pdb,LAALQRALRRDLDDAA,0.003392266
APP_binder_16_651_dldesign_0_cycle1_af2pred.pdb,GPAELALANLLRRLAG,0.000481587
APP_binder_16_652_dldesign_0_cycle1_af2pred.pdb,DVTEAELQNLLQALRR,3.02E-05
APP_binder_16_653_dldesign_0_cycle1_af2pred.pdb,SLSLLLRRLDLRLERL,0.00142262
APP_binder_16_654_dldesign_0_cycle1_af2pred.pdb,DDDDDDERAKRLAEIL,0.000133284
APP_binder_16_655_dldesign_0_cycle1_af2pred.pdb,MPLSVLLARALLRELP,0.000492943
APP_binder_16_656_dldesign_0_cycle1_af2pred.pdb,VEEEEDELDDDKDDDD,4.55E-05
APP_binder_16_657_dldesign_0_cycle1_af2pred.pdb,PEVEITEEELDDLLDA,4.24E-05
APP_binder_16_658_dldesign_0_cycle1_af2pred.pdb,DQLLLDRLQQLLVDDD,3.52E-05
APP_binder_16_659_dldesign_0_cycle1_af2pred.pdb,LEDLRADLLDDQDDEE,0.000758386
APP_binder_16_65_dldesign_0_cycle1_af2pred.pdb,GSRLLDRALSRLAQEA,0.000225494
APP_binder_16_660_dldesign_0_cycle1_af2pred.pdb,MKKLSPLELQLLQLLS,2.98E-05
APP_binder_16_661_dldesign_0_cycle1_af2pred.pdb,MAADLAQKLLQDLDDL,0.0006722
APP_binder_16_662_dldesign_0_cycle1_af2pred.pdb,GDDRSDDQEDEADDAE,0.000276986
APP_binder_16_663_dldesign_0_cycle1_af2pred.pdb,EEEQLDQNLLDLLRAL,0.000404572
APP_binder_16_664_dldesign_0_cycle1_af2pred.pdb,GPLAVPRTYEDLLLEE,0.001108564
APP_binder_16_665_dldesign_0_cycle1_af2pred.pdb,GLAAALAKYLLARLLL,0.00019687
APP_binder_16_666_dldesign_0_cycle1_af2pred.pdb,NPALDENLDKLDDLAA,0.004795823
APP_binder_16_667_dldesign_0_cycle1_af2pred.pdb,VNPSILQQLDEDDDDA,0.000209297
APP_binder_16_668_dldesign_0_cycle1_af2pred.pdb,DEADDQALLRALLAAL,0.001720314
APP_binder_16_669_dldesign_0_cycle1_af2pred.pdb,SSPAERAALAALLAAA,0.000107002
APP_binder_16_66_dldesign_0_cycle1_af2pred.pdb,AAAARLATLATVAAQP,0.001839818
APP_binder_16_670_dldesign_0_cycle1_af2pred.pdb,TPLAEVLAAQRAAREL,0.001487478
APP_binder_16_671_dldesign_0_cycle1_af2pred.pdb,SLLEKLAQLLRRLLQR,0.002273207
APP_binder_16_672_dldesign_0_cycle1_af2pred.pdb,DVPVPKSVLDDLADAA,0.001805711
APP_binder_16_673_dldesign_0_cycle1_af2pred.pdb,EALARLLANLARLLRE,1.25E-05
APP_binder_16_674_dldesign_0_cycle1_af2pred.pdb,LSPAEIAALRLAQRLA,9.22E-05
APP_binder_16_675_dldesign_0_cycle1_af2pred.pdb,SALEELLRVLLRRLLA,9.60E-05
APP_binder_16_676_dldesign_0_cycle1_af2pred.pdb,SAARLAALLAQLAAAP,2.92E-05
APP_binder_16_677_dldesign_0_cycle1_af2pred.pdb,VPVSLLHLLQQADEDA,0.000179287
APP_binder_16_678_dldesign_0_cycle1_af2pred.pdb,SLPYRLQQLLALLLSQ,0.001546907
APP_binder_16_679_dldesign_0_cycle1_af2pred.pdb,GLADEILDDLDDALLE,0.000904405
APP_binder_16_67_dldesign_0_cycle1_af2pred.pdb,DDLLEDLLALLRQLLP,0.001311792
APP_binder_16_680_dldesign_0_cycle1_af2pred.pdb,SFLLKKLDIADELADA,0.00040752
APP_binder_16_681_dldesign_0_cycle1_af2pred.pdb,SRALLRARALAQELDD,3.75E-05
APP_binder_16_682_dldesign_0_cycle1_af2pred.pdb,ALAMRLEADLRVLLNE,0.000837984
APP_binder_16_683_dldesign_0_cycle1_af2pred.pdb,VDPLLERLLRLLRRLL,0.004234728
APP_binder_16_684_dldesign_0_cycle1_af2pred.pdb,SEYLAKKLEKLLELLA,0.000676989
APP_binder_16_685_dldesign_0_cycle1_af2pred.pdb,SLAKRLAQRLDLLWEE,1.29E-05
APP_binder_16_686_dldesign_0_cycle1_af2pred.pdb,SRPPVRVSEEELELLE,3.92E-05
APP_binder_16_687_dldesign_0_cycle1_af2pred.pdb,DALRRLAARLDYLGSL,0.00034141
APP_binder_16_688_dldesign_0_cycle1_af2pred.pdb,LLSLLLRRLLQRLLLE,0.000249275
APP_binder_16_689_dldesign_0_cycle1_af2pred.pdb,SSLLPSSEDVLPEPPP,0.00010461
APP_binder_16_68_dldesign_0_cycle1_af2pred.pdb,SAKRAALLAALAAAAA,0.000208814
APP_binder_16_690_dldesign_0_cycle1_af2pred.pdb,SQRLAVALAALDAALD,9.82E-05
APP_binder_16_691_dldesign_0_cycle1_af2pred.pdb,DPYQAARDQQDDLDAD,0.000620672
APP_binder_16_692_dldesign_0_cycle1_af2pred.pdb,DDALLALIEALRRARP,0.002318836
APP_binder_16_693_dldesign_0_cycle1_af2pred.pdb,SRLARELARLLAELAD,2.10E-05
APP_binder_16_694_dldesign_0_cycle1_af2pred.pdb,SQVLADYLASLLALNA,0.000135358
APP_binder_16_695_dldesign_0_cycle1_af2pred.pdb,LEQLKRRLDQKLALLA,0.000629995
APP_binder_16_696_dldesign_0_cycle1_af2pred.pdb,SLALRLALLAKSLASE,0.000170452
APP_binder_16_697_dldesign_0_cycle1_af2pred.pdb,LSPEELEALRDLLRSS,0.000410665
APP_binder_16_698_dldesign_0_cycle1_af2pred.pdb,SPELLEALKGLLRRAY,6.80E-05
APP_binder_16_699_dldesign_0_cycle1_af2pred.pdb,PDLLQQLLQQLRRLLR,0.003198025
APP_binder_16_69_dldesign_0_cycle1_af2pred.pdb,SAQAAKAAITNLLLDS,0.000854994
APP_binder_16_6_dldesign_0_cycle1_af2pred.pdb,GLLKRLLARLDALALG,0.000326728
APP_binder_16_700_dldesign_0_cycle1_af2pred.pdb,PLAELLAQLDRDLDAA,0.001991517
APP_binder_16_701_dldesign_0_cycle1_af2pred.pdb,AAAAAALNAAARLAAA,0.000133508
APP_binder_16_702_dldesign_0_cycle1_af2pred.pdb,GLRELLNLLRLDDLAA,0.000126126
APP_binder_16_703_dldesign_0_cycle1_af2pred.pdb,SLLAELRLDDDADLDD,0.00142115
APP_binder_16_704_dldesign_0_cycle1_af2pred.pdb,QDPLDQLLDELDDDDD,3.45E-05
APP_binder_16_705_dldesign_0_cycle1_af2pred.pdb,GGRPVTPEERLLLRLK,0.000416239
APP_binder_16_706_dldesign_0_cycle1_af2pred.pdb,PLTVIENEGVELVNPP,2.11E-05
APP_binder_16_707_dldesign_0_cycle1_af2pred.pdb,SRLPPEDRDDLAAELE,0.000851528
APP_binder_16_708_dldesign_0_cycle1_af2pred.pdb,SDENLLDRLRQLLRSL,0.000548047
APP_binder_16_709_dldesign_0_cycle1_af2pred.pdb,GSQSPEELALRRELRE,0.000265902
APP_binder_16_70_dldesign_0_cycle1_af2pred.pdb,SPDLLYRLLRRLAELL,0.004481741
APP_binder_16_710_dldesign_0_cycle1_af2pred.pdb,SLSLLLKELLSRLLAA,0.001095236
APP_binder_16_711_dldesign_0_cycle1_af2pred.pdb,SLEFVLQNLDDNDDAA,0.000693224
APP_binder_16_712_dldesign_0_cycle1_af2pred.pdb,LDLRHLQRLLDLLDEQ,0.000224003
APP_binder_16_713_dldesign_0_cycle1_af2pred.pdb,SGLLRRLLDLLDDLLE,0.001349024
APP_binder_16_714_dldesign_0_cycle1_af2pred.pdb,QAALLATRLQQLLDDA,0.002035328
APP_binder_16_715_dldesign_0_cycle1_af2pred.pdb,SSLAQLAKRLAQRLAL,0.000671341
APP_binder_16_716_dldesign_0_cycle1_af2pred.pdb,SLADLLAHLARVLAEA,1.83E-05
APP_binder_16_717_dldesign_0_cycle1_af2pred.pdb,DDGLLESLLGNLLQSL,0.001195279
APP_binder_16_718_dldesign_0_cycle1_af2pred.pdb,ASTGVNKRLAELDDLL,0.000125883
APP_binder_16_719_dldesign_0_cycle1_af2pred.pdb,SLNRLLAILDDLADDA,0.000170479
APP_binder_16_71_dldesign_0_cycle1_af2pred.pdb,PSPEERALADDLADAA,0.000114172
APP_binder_16_720_dldesign_0_cycle1_af2pred.pdb,LDAQLDLLLLRRLGRL,0.000116751
APP_binder_16_721_dldesign_0_cycle1_af2pred.pdb,SLLDDLRQELYDLLAA,2.86E-05
APP_binder_16_722_dldesign_0_cycle1_af2pred.pdb,SRRAQYLAQRLDQLAD,4.69E-05
APP_binder_16_723_dldesign_0_cycle1_af2pred.pdb,SLAALLRSLLLRQAFL,0.000105972
APP_binder_16_724_dldesign_0_cycle1_af2pred.pdb,REAELARVAARKAASE,0.000733269
APP_binder_16_725_dldesign_0_cycle1_af2pred.pdb,AAAAALAALAAALSAA,0.002085574
APP_binder_16_726_dldesign_0_cycle1_af2pred.pdb,SNLLNELLVLDDLDAD,0.000206624
APP_binder_16_727_dldesign_0_cycle1_af2pred.pdb,LRELLRELLNALALAD,0.000481553
APP_binder_16_728_dldesign_0_cycle1_af2pred.pdb,SEQLLAALYRALRAAL,0.000295316
APP_binder_16_729_dldesign_0_cycle1_af2pred.pdb,LEELERLLRRLDILLS,0.000189716
APP_binder_16_72_dldesign_0_cycle1_af2pred.pdb,EVAAILAALDLKELLQ,0.001516007
APP_binder_16_730_dldesign_0_cycle1_af2pred.pdb,SLADLLALLNAAAAAA,0.000475947
APP_binder_16_731_dldesign_0_cycle1_af2pred.pdb,SDEELAEALARHALLS,0.004811572
APP_binder_16_732_dldesign_0_cycle1_af2pred.pdb,SLLQLLLERLLDLLLS,0.000136731
APP_binder_16_733_dldesign_0_cycle1_af2pred.pdb,GANYDDRLDLEDDLAD,9.20E-05
APP_binder_16_734_dldesign_0_cycle1_af2pred.pdb,GLAAIRARVAALNAAS,0.000344738
APP_binder_16_735_dldesign_0_cycle1_af2pred.pdb,LEQLLKSLLLELDDAA,9.43E-05
APP_binder_16_736_dldesign_0_cycle1_af2pred.pdb,LLARLEELLQQLDLED,3.46E-05
APP_binder_16_737_dldesign_0_cycle1_af2pred.pdb,SVAVAADDAADEAALA,0.000333257
APP_binder_16_738_dldesign_0_cycle1_af2pred.pdb,ALAAYLQRLLDLDDLD,2.41E-05
APP_binder_16_739_dldesign_0_cycle1_af2pred.pdb,DEALLENLLALLRRLA,0.002383635
APP_binder_16_73_dldesign_0_cycle1_af2pred.pdb,DDDDDDLAALLRALAA,0.000121616
APP_binder_16_740_dldesign_0_cycle1_af2pred.pdb,GAEAALSLAAALARAA,7.57E-06
APP_binder_16_741_dldesign_0_cycle1_af2pred.pdb,GFSRKALQLLLSKLLR,0.006044074
APP_binder_16_742_dldesign_0_cycle1_af2pred.pdb,GLRRLLAELTRALSLA,0.000182776
APP_binder_16_743_dldesign_0_cycle1_af2pred.pdb,SSSIPVDPDLESLLPP,0.000865855
APP_binder_16_744_dldesign_0_cycle1_af2pred.pdb,SAAALRAASLDAQDAL,1.15E-05
APP_binder_16_745_dldesign_0_cycle1_af2pred.pdb,SAALLRTLATSLALSS,6.24E-05
APP_binder_16_746_dldesign_0_cycle1_af2pred.pdb,SQDDLVAAQNARLLAR,0.000458075
APP_binder_16_747_dldesign_0_cycle1_af2pred.pdb,AALLRLQNLLQLLLDP,0.000767298
APP_binder_16_748_dldesign_0_cycle1_af2pred.pdb,LPAEEIQARIDDALDD,0.000532807
APP_binder_16_749_dldesign_0_cycle1_af2pred.pdb,SLEDRVADELLDELLE,5.39E-05
APP_binder_16_74_dldesign_0_cycle1_af2pred.pdb,DLEDDLLELKALLSRL,0.002273426
APP_binder_16_750_dldesign_0_cycle1_af2pred.pdb,NEALLAALADAAALAP,5.96E-05
APP_binder_16_751_dldesign_0_cycle1_af2pred.pdb,SLANLLRRLAALAASD,1.63E-05
APP_binder_16_752_dldesign_0_cycle1_af2pred.pdb,NASRAAALAADAAALA,8.15E-05
APP_binder_16_753_dldesign_0_cycle1_af2pred.pdb,DQVLRDRLASLDALAD,3.69E-05
APP_binder_16_754_dldesign_0_cycle1_af2pred.pdb,RELELLLRRAAKQALT,0.000390148
APP_binder_16_755_dldesign_0_cycle1_af2pred.pdb,SLETLDQNLDNLDDDS,0.000282591
APP_binder_16_756_dldesign_0_cycle1_af2pred.pdb,DTLLLDRLQQLLVELD,0.000138496
APP_binder_16_757_dldesign_0_cycle1_af2pred.pdb,GAVSREELDDDDDDLE,0.002185292
APP_binder_16_758_dldesign_0_cycle1_af2pred.pdb,SEALLSALSSLLSELS,0.000136802
APP_binder_16_759_dldesign_0_cycle1_af2pred.pdb,GLAAELRRLLRALAAA,0.000298371
APP_binder_16_75_dldesign_0_cycle1_af2pred.pdb,SLLERLLELLKQLLER,0.000990432
APP_binder_16_760_dldesign_0_cycle1_af2pred.pdb,SAADALLLKQLAQELA,6.67E-05
APP_binder_16_761_dldesign_0_cycle1_af2pred.pdb,SELLRIRLRNLLKKLA,0.000213887
APP_binder_16_762_dldesign_0_cycle1_af2pred.pdb,DLADLLAELKQLLRRP,0.000279391
APP_binder_16_763_dldesign_0_cycle1_af2pred.pdb,SPADKAALADDLADAA,0.000119616
APP_binder_16_764_dldesign_0_cycle1_af2pred.pdb,MNKVVDPEALDKLDEE,0.00012416
APP_binder_16_765_dldesign_0_cycle1_af2pred.pdb,MSLEDYLALLAEQAAA,0.000534556
APP_binder_16_766_dldesign_0_cycle1_af2pred.pdb,TVYRPVTQEERELLRA,0.001047954
APP_binder_16_767_dldesign_0_cycle1_af2pred.pdb,DDAELEARLASLLQLA,5.72E-05
APP_binder_16_768_dldesign_0_cycle1_af2pred.pdb,GLLKARLARLLLAALE,0.029283844
APP_binder_16_769_dldesign_0_cycle1_af2pred.pdb,LEQLLKQLDDWDALDD,2.23E-05
APP_binder_16_76_dldesign_0_cycle1_af2pred.pdb,PRTKSLEARLAAALAA,8.74E-05
APP_binder_16_770_dldesign_0_cycle1_af2pred.pdb,AELRLQNRLQRLLDDA,0.008532432
APP_binder_16_771_dldesign_0_cycle1_af2pred.pdb,AADALLADLEAARRAA,0.002035121
APP_binder_16_772_dldesign_0_cycle1_af2pred.pdb,GLLRELEQLLKILLAE,9.15E-05
APP_binder_16_773_dldesign_0_cycle1_af2pred.pdb,LTLAELLARALRAALR,0.003031614
APP_binder_16_774_dldesign_0_cycle1_af2pred.pdb,AERAAILAARAAAAAA,0.000625547
APP_binder_16_775_dldesign_0_cycle1_af2pred.pdb,AAARRASRLAALAAEP,7.79E-05
APP_binder_16_776_dldesign_0_cycle1_af2pred.pdb,MRAAMLAQQADLADAA,3.04E-05
APP_binder_16_777_dldesign_0_cycle1_af2pred.pdb,SAAEQLARALLQKLLD,0.000229175
APP_binder_16_778_dldesign_0_cycle1_af2pred.pdb,SVPVPRYTPEVLARLA,7.61E-05
APP_binder_16_779_dldesign_0_cycle1_af2pred.pdb,LAAIEARKLAIEAAKA,0.000576662
APP_binder_16_77_dldesign_0_cycle1_af2pred.pdb,SALELLLREDFRNDSS,0.000403663
APP_binder_16_780_dldesign_0_cycle1_af2pred.pdb,SSLLARLQAALNRLLD,0.000746351
APP_binder_16_781_dldesign_0_cycle1_af2pred.pdb,RRALSELRRLLNLLLD,0.000450122
APP_binder_16_782_dldesign_0_cycle1_af2pred.pdb,MVREARLARYLAVQAR,0.001385036
APP_binder_16_783_dldesign_0_cycle1_af2pred.pdb,ARALAELQRLLDLLDE,4.17E-05
APP_binder_16_784_dldesign_0_cycle1_af2pred.pdb,EEAEEDEELLDDLLDE,0.000423721
APP_binder_16_785_dldesign_0_cycle1_af2pred.pdb,SSTLDQQDDLDDDDDS,0.000158177
APP_binder_16_786_dldesign_0_cycle1_af2pred.pdb,SAASLARAAALADAAA,0.000314936
APP_binder_16_787_dldesign_0_cycle1_af2pred.pdb,ELERERAQRLARALAA,5.68E-05
APP_binder_16_788_dldesign_0_cycle1_af2pred.pdb,GLRELSLDDNDDDDAS,0.000808128
APP_binder_16_789_dldesign_0_cycle1_af2pred.pdb,SEALEILARRLAALLQ,0.001081683
APP_binder_16_78_dldesign_0_cycle1_af2pred.pdb,DDDLEDLRRALKELLG,0.000410099
APP_binder_16_790_dldesign_0_cycle1_af2pred.pdb,DASVLAAAAAAAAQEA,0.000393441
APP_binder_16_791_dldesign_0_cycle1_af2pred.pdb,SLLLELLLKRLLQLLS,0.001478485
APP_binder_16_792_dldesign_0_cycle1_af2pred.pdb,SLALQRLLKDLDDLAD,0.000904008
APP_binder_16_793_dldesign_0_cycle1_af2pred.pdb,AKPNYVLAAGAAAVAA,8.70E-05
APP_binder_16_794_dldesign_0_cycle1_af2pred.pdb,SLLRQLLEALLYDLSR,0.00027768
APP_binder_16_795_dldesign_0_cycle1_af2pred.pdb,SSSLLQLLRYLLDRLA,0.000927932
APP_binder_16_796_dldesign_0_cycle1_af2pred.pdb,SSLLPQTELVEYDVAN,3.82E-05
APP_binder_16_797_dldesign_0_cycle1_af2pred.pdb,SVVVLRPQRRYRLVLP,0.481781662
APP_binder_16_798_dldesign_0_cycle1_af2pred.pdb,SLPVESERLLPPQPPL,0.000210558
APP_binder_16_799_dldesign_0_cycle1_af2pred.pdb,SLDDQLLLRLLARLLQ,0.000198244
APP_binder_16_79_dldesign_0_cycle1_af2pred.pdb,GLRALLNQLKLLLLYS,0.000648658
APP_binder_16_7_dldesign_0_cycle1_af2pred.pdb,SVRLLMAAQQALADAD,4.30E-05
APP_binder_16_800_dldesign_0_cycle1_af2pred.pdb,TRALRLARTKETNLLL,3.18E-05
APP_binder_16_801_dldesign_0_cycle1_af2pred.pdb,SAALARARRDDLALAD,0.000163541
APP_binder_16_802_dldesign_0_cycle1_af2pred.pdb,AMTEAEKLVADALAAE,0.000294107
APP_binder_16_803_dldesign_0_cycle1_af2pred.pdb,LRDDLRALRIALANLA,0.000224897
APP_binder_16_804_dldesign_0_cycle1_af2pred.pdb,ALAARLASKAANLDDE,1.50E-05
APP_binder_16_805_dldesign_0_cycle1_af2pred.pdb,DLAQILAARLAQLDAD,0.002785884
APP_binder_16_806_dldesign_0_cycle1_af2pred.pdb,MVREIRLAKSLAVNLS,0.000311429
APP_binder_16_807_dldesign_0_cycle1_af2pred.pdb,GLAKYAAARLLQAALR,0.000359296
APP_binder_16_808_dldesign_0_cycle1_af2pred.pdb,GSALARSRALYELRRG,2.24E-05
APP_binder_16_809_dldesign_0_cycle1_af2pred.pdb,MRALRLARYEETNKLL,1.02E-05
APP_binder_16_80_dldesign_0_cycle1_af2pred.pdb,SLPVLRSVPERPPRPP,0.005269463
APP_binder_16_810_dldesign_0_cycle1_af2pred.pdb,GEMVVIYEEDDDDDEP,2.70E-05
APP_binder_16_811_dldesign_0_cycle1_af2pred.pdb,MTLSELVLAKQLALAA,0.000140824
APP_binder_16_812_dldesign_0_cycle1_af2pred.pdb,DSLLDRALARLLSRLA,0.000815088
APP_binder_16_813_dldesign_0_cycle1_af2pred.pdb,SAAALAALLPRTPRRP,0.000398461
APP_binder_16_814_dldesign_0_cycle1_af2pred.pdb,DLPESVLAALRDLLLA,0.002004945
APP_binder_16_815_dldesign_0_cycle1_af2pred.pdb,AARAALLAQQLADLLA,0.000915232
APP_binder_16_816_dldesign_0_cycle1_af2pred.pdb,GAAIRLRRQLERLLRR,0.001681963
APP_binder_16_817_dldesign_0_cycle1_af2pred.pdb,SSLEIDARIAALAAAN,0.001962425
APP_binder_16_818_dldesign_0_cycle1_af2pred.pdb,MEELLRARLRILDLED,0.003305139
APP_binder_16_819_dldesign_0_cycle1_af2pred.pdb,MEETLENLDDLDDDAA,0.001127166
APP_binder_16_81_dldesign_0_cycle1_af2pred.pdb,SSPVVEYPVAPEVTLP,0.000601204
APP_binder_16_820_dldesign_0_cycle1_af2pred.pdb,AREEELDDDDDDEADD,0.002015322
APP_binder_16_821_dldesign_0_cycle1_af2pred.pdb,MEDYNALVAARAAAPP,0.001410571
APP_binder_16_822_dldesign_0_cycle1_af2pred.pdb,SSALLRAQRLASLLDD,5.85E-05
APP_binder_16_823_dldesign_0_cycle1_af2pred.pdb,SLDLRRLLHQLLELLA,1.35E-05
APP_binder_16_824_dldesign_0_cycle1_af2pred.pdb,AHALRLQRQADNDAAA,2.10E-05
APP_binder_16_825_dldesign_0_cycle1_af2pred.pdb,DPNLEVRLADLLQQLD,0.001055378
APP_binder_16_826_dldesign_0_cycle1_af2pred.pdb,DLEELLQALVRARQLA,0.002377747
APP_binder_16_827_dldesign_0_cycle1_af2pred.pdb,SAAVEAQRAADLAQQD,0.000837588
APP_binder_16_828_dldesign_0_cycle1_af2pred.pdb,DLEQLAAALARALRRA,0.000919223
APP_binder_16_829_dldesign_0_cycle1_af2pred.pdb,NELLDERDDDDDDDAE,8.72E-05
APP_binder_16_82_dldesign_0_cycle1_af2pred.pdb,GAAARLADLLATLASL,0.000438858
APP_binder_16_830_dldesign_0_cycle1_af2pred.pdb,PVLLPKRSSSTPRPAP,5.63E-05
APP_binder_16_831_dldesign_0_cycle1_af2pred.pdb,GRAAENVELMRLRRAA,0.000291956
APP_binder_16_832_dldesign_0_cycle1_af2pred.pdb,ERELLHQLRLDLNDLE,5.02E-05
APP_binder_16_833_dldesign_0_cycle1_af2pred.pdb,SAALRQQLLDDLLADE,0.000232602
APP_binder_16_834_dldesign_0_cycle1_af2pred.pdb,MSPEELAALAARRAAG,0.000978814
APP_binder_16_835_dldesign_0_cycle1_af2pred.pdb,AAEERDDQEDDDDDDE,0.000167095
APP_binder_16_836_dldesign_0_cycle1_af2pred.pdb,GPLPASELAALAAALA,0.001913977
APP_binder_16_837_dldesign_0_cycle1_af2pred.pdb,SMAAQLAKALAYTLLR,2.01E-05
APP_binder_16_838_dldesign_0_cycle1_af2pred.pdb,ALARLLKELASLDKAL,0.000422278
APP_binder_16_839_dldesign_0_cycle1_af2pred.pdb,SLLTKLAALLAALLAA,0.000677434
APP_binder_16_83_dldesign_0_cycle1_af2pred.pdb,SRARRLARLLADLDAA,7.30E-05
APP_binder_16_840_dldesign_0_cycle1_af2pred.pdb,AAAAAAARNAAVAADE,0.001982792
APP_binder_16_841_dldesign_0_cycle1_af2pred.pdb,DLLALLRLLRRLLRLL,0.085556462
APP_binder_16_842_dldesign_0_cycle1_af2pred.pdb,DPLAAALDRALAAALD,0.000183731
APP_binder_16_843_dldesign_0_cycle1_af2pred.pdb,SSLDKRLADLLDQLLG,0.000141363
APP_binder_16_844_dldesign_0_cycle1_af2pred.pdb,ERALAQADARDAAAAA,0.000274142
APP_binder_16_845_dldesign_0_cycle1_af2pred.pdb,SSLLELTKALLALRRA,1.51E-05
APP_binder_16_846_dldesign_0_cycle1_af2pred.pdb,ALSSLLSQLQLLLSLA,0.000104698
APP_binder_16_847_dldesign_0_cycle1_af2pred.pdb,MHLSEASEEEQELLRA,2.48E-05
APP_binder_16_848_dldesign_0_cycle1_af2pred.pdb,EELRELLRELLKLLLS,0.000334504
APP_binder_16_849_dldesign_0_cycle1_af2pred.pdb,ADRLLRQAANELALLD,0.000409383
APP_binder_16_84_dldesign_0_cycle1_af2pred.pdb,SLEDLRALAQADAAAA,0.000296924
APP_binder_16_850_dldesign_0_cycle1_af2pred.pdb,DDEEDLAELLQQLLRQ,0.00075488
APP_binder_16_851_dldesign_0_cycle1_af2pred.pdb,AAALRAAQLADLDALA,0.000609077
APP_binder_16_852_dldesign_0_cycle1_af2pred.pdb,SSEDLRALQLLLQALA,0.001583235
APP_binder_16_853_dldesign_0_cycle1_af2pred.pdb,GPNVPPPQVDRPPTYP,0.000609892
APP_binder_16_854_dldesign_0_cycle1_af2pred.pdb,DTAALQDDKDDDDDDD,0.000302549
APP_binder_16_855_dldesign_0_cycle1_af2pred.pdb,SNLLAAALAADDAAAD,1.07E-05
APP_binder_16_856_dldesign_0_cycle1_af2pred.pdb,ALNLQLLDRLDDLAAA,0.003112632
APP_binder_16_857_dldesign_0_cycle1_af2pred.pdb,LDVDDEVSTRELLDLE,0.000504805
APP_binder_16_858_dldesign_0_cycle1_af2pred.pdb,SEALLRALEQKLDLLL,0.000137432
APP_binder_16_859_dldesign_0_cycle1_af2pred.pdb,AAAERLARQLDNLDAD,0.00087295
APP_binder_16_85_dldesign_0_cycle1_af2pred.pdb,SLALLRRLQARLDALA,0.000247782
APP_binder_16_860_dldesign_0_cycle1_af2pred.pdb,SARLLALLAANLALEL,0.000335634
APP_binder_16_861_dldesign_0_cycle1_af2pred.pdb,SLALLLNRLLGDDDLA,2.60E-05
APP_binder_16_862_dldesign_0_cycle1_af2pred.pdb,GLAEELQRALLQELLD,0.000211398
APP_binder_16_863_dldesign_0_cycle1_af2pred.pdb,GLARELARAAKQAAAA,5.70E-05
APP_binder_16_864_dldesign_0_cycle1_af2pred.pdb,SASRLLELLNQLLALA,0.000340052
APP_binder_16_865_dldesign_0_cycle1_af2pred.pdb,SSLLRMLLRRLGRLLG,3.31E-05
APP_binder_16_866_dldesign_0_cycle1_af2pred.pdb,ARRAAIRAQALDRQLA,2.66E-05
APP_binder_16_867_dldesign_0_cycle1_af2pred.pdb,YVPEVEEEELERPELP,0.000165163
APP_binder_16_868_dldesign_0_cycle1_af2pred.pdb,SALLNALKRLLARLLN,0.000352573
APP_binder_16_869_dldesign_0_cycle1_af2pred.pdb,SEALLEELAAARARRL,0.000402532
APP_binder_16_86_dldesign_0_cycle1_af2pred.pdb,GRELVLDLLDDRDDDA,0.000131303
APP_binder_16_870_dldesign_0_cycle1_af2pred.pdb,NAEEMLRRATLKALLT,0.000114913
APP_binder_16_871_dldesign_0_cycle1_af2pred.pdb,LPNLLADLLQQALLDP,4.63E-05
APP_binder_16_872_dldesign_0_cycle1_af2pred.pdb,SSALALRAAQRADLAA,0.000801055
APP_binder_16_873_dldesign_0_cycle1_af2pred.pdb,SHPGVLAARLALLDAA,9.37E-05
APP_binder_16_874_dldesign_0_cycle1_af2pred.pdb,MARRLASRNRRVPAPP,0.00202538
APP_binder_16_875_dldesign_0_cycle1_af2pred.pdb,DKNLLNRLLSALIEAA,0.000448301
APP_binder_16_876_dldesign_0_cycle1_af2pred.pdb,SLSSMKAVPIVLEAPP,0.000165709
APP_binder_16_877_dldesign_0_cycle1_af2pred.pdb,LSPEELATLLSVLASS,0.000433044
APP_binder_16_878_dldesign_0_cycle1_af2pred.pdb,GLLEDILAAIAAAAAA,0.000658203
APP_binder_16_879_dldesign_0_cycle1_af2pred.pdb,SSLLLDLRALLKQLLP,3.87E-05
APP_binder_16_87_dldesign_0_cycle1_af2pred.pdb,MLREIRLARTEEVNLL,1.12E-05
APP_binder_16_880_dldesign_0_cycle1_af2pred.pdb,GVPTLRPLRRAPVVLP,0.00258662
APP_binder_16_881_dldesign_0_cycle1_af2pred.pdb,DEDELQQLLIALRVAP,0.000632502
APP_binder_16_882_dldesign_0_cycle1_af2pred.pdb,SALELLNLERELARLL,0.000129286
APP_binder_16_883_dldesign_0_cycle1_af2pred.pdb,SLAELLAQLLRYLLAR,0.002921323
APP_binder_16_884_dldesign_0_cycle1_af2pred.pdb,GAALADDLDDDLAAQL,0.004469302
APP_binder_16_885_dldesign_0_cycle1_af2pred.pdb,DRTAANLEAALARMRA,8.02E-05
APP_binder_16_886_dldesign_0_cycle1_af2pred.pdb,GAAPRHVAAPDVDALG,0.001257736
APP_binder_16_887_dldesign_0_cycle1_af2pred.pdb,DDDDERAAAALLQALR,8.99E-06
APP_binder_16_888_dldesign_0_cycle1_af2pred.pdb,LLSELLKNLLVLLRRS,0.011068678
APP_binder_16_889_dldesign_0_cycle1_af2pred.pdb,LSREEVLDDYDDDVDD,0.004513032
APP_binder_16_88_dldesign_0_cycle1_af2pred.pdb,SLTPEVLLRLAQEAAA,0.000322233
APP_binder_16_890_dldesign_0_cycle1_af2pred.pdb,RAALKNAAADDAAAAA,0.000288015
APP_binder_16_891_dldesign_0_cycle1_af2pred.pdb,GSGFPLRPASLLESRL,0.000855215
APP_binder_16_892_dldesign_0_cycle1_af2pred.pdb,SMAGLARYAAARAALR,0.000577749
APP_binder_16_893_dldesign_0_cycle1_af2pred.pdb,RELLRLLNELQRLLDE,0.000332956
APP_binder_16_894_dldesign_0_cycle1_af2pred.pdb,SRLAARLARRLAQLAD,0.000179827
APP_binder_16_895_dldesign_0_cycle1_af2pred.pdb,SLRAAQAAARLAALLE,1.06E-05
APP_binder_16_896_dldesign_0_cycle1_af2pred.pdb,MLADRLAALDRALDEA,0.000194066
APP_binder_16_897_dldesign_0_cycle1_af2pred.pdb,DDDDDDEDDELLRGLG,0.0015842
APP_binder_16_898_dldesign_0_cycle1_af2pred.pdb,NLAAVRAADLAADLAA,0.000428368
APP_binder_16_899_dldesign_0_cycle1_af2pred.pdb,GELERLKQELVRRLLR,0.000162975
APP_binder_16_89_dldesign_0_cycle1_af2pred.pdb,AAARIAANRALLALAR,0.000132172
APP_binder_16_8_dldesign_0_cycle1_af2pred.pdb,LEELEQLRLDNLLDDL,0.000503385
APP_binder_16_900_dldesign_0_cycle1_af2pred.pdb,SLAALNAALAAAQAAD,0.000129106
APP_binder_16_901_dldesign_0_cycle1_af2pred.pdb,RLLSRDDAEDDADDDE,2.11E-05
APP_binder_16_902_dldesign_0_cycle1_af2pred.pdb,SPELARRLARLAALDA,9.73E-05
APP_binder_16_903_dldesign_0_cycle1_af2pred.pdb,GSLVLEMLLRRLDQLA,4.22E-05
APP_binder_16_904_dldesign_0_cycle1_af2pred.pdb,SALLRRLLARLDLLLG,1.18E-05
APP_binder_16_905_dldesign_0_cycle1_af2pred.pdb,DDSAEELLDDLLEELL,0.001507954
APP_binder_16_906_dldesign_0_cycle1_af2pred.pdb,GLAERLRRLAKILASE,0.012079463
APP_binder_16_907_dldesign_0_cycle1_af2pred.pdb,GLADRLADLAAEEAEE,0.000719979
APP_binder_16_908_dldesign_0_cycle1_af2pred.pdb,GAAAAAALEELAKKLA,0.000777388
APP_binder_16_909_dldesign_0_cycle1_af2pred.pdb,SLAKLLAQVLAQLTPP,0.000177136
APP_binder_16_90_dldesign_0_cycle1_af2pred.pdb,SANLAVRLADLAQNLA,0.00026663
APP_binder_16_910_dldesign_0_cycle1_af2pred.pdb,MLEEARLRRELLNLLA,0.000449328
APP_binder_16_911_dldesign_0_cycle1_af2pred.pdb,DDDDDDLDKLLRALRE,6.13E-05
APP_binder_16_912_dldesign_0_cycle1_af2pred.pdb,GEALARLNRLDALLAE,0.002241543
APP_binder_16_913_dldesign_0_cycle1_af2pred.pdb,AATRAAMLAQNAVNAA,4.38E-05
APP_binder_16_914_dldesign_0_cycle1_af2pred.pdb,DDDDDEADAALAAALA,0.000623934
APP_binder_16_915_dldesign_0_cycle1_af2pred.pdb,GSAERLLATLLALALA,0.000151521
APP_binder_16_916_dldesign_0_cycle1_af2pred.pdb,MERTRLAVLDADDDAA,0.000462678
APP_binder_16_917_dldesign_0_cycle1_af2pred.pdb,AARRAARLARLDADLA,5.45E-05
APP_binder_16_918_dldesign_0_cycle1_af2pred.pdb,AAARQASIDAQDDLAD,1.36E-05
APP_binder_16_919_dldesign_0_cycle1_af2pred.pdb,PEVRRRAPRVPRGALL,0.000581788
APP_binder_16_91_dldesign_0_cycle1_af2pred.pdb,ALEELLDDLLDDLLAD,9.53E-06
APP_binder_16_920_dldesign_0_cycle1_af2pred.pdb,SANLEQRLRDLLADLD,0.000934209
APP_binder_16_921_dldesign_0_cycle1_af2pred.pdb,SEALMRERVLAKILGN,0.000594646
APP_binder_16_922_dldesign_0_cycle1_af2pred.pdb,SLARLIRLDKLLDDLA,0.006223645
APP_binder_16_923_dldesign_0_cycle1_af2pred.pdb,SLEDLLDDLVDALLEP,1.91E-05
APP_binder_16_924_dldesign_0_cycle1_af2pred.pdb,SLEDLNDLIDDLLDAL,1.89E-05
APP_binder_16_925_dldesign_0_cycle1_af2pred.pdb,VKIKSPEEVLLDQLLE,1.08E-05
APP_binder_16_926_dldesign_0_cycle1_af2pred.pdb,SELLKNLQQLLYLLLS,0.002769104
APP_binder_16_927_dldesign_0_cycle1_af2pred.pdb,GRLLAQRDAQAAARAA,0.000296594
APP_binder_16_928_dldesign_0_cycle1_af2pred.pdb,DAKEAASRALYDALKA,0.000861737
APP_binder_16_929_dldesign_0_cycle1_af2pred.pdb,GSALLQRLRALLQRLL,0.001026825
APP_binder_16_92_dldesign_0_cycle1_af2pred.pdb,ELLEIEQRVLARNAAA,0.000518702
APP_binder_16_930_dldesign_0_cycle1_af2pred.pdb,APLEANLAARLAELLK,0.000701821
APP_binder_16_931_dldesign_0_cycle1_af2pred.pdb,LAALLERLRRRLEALA,0.098778456
APP_binder_16_932_dldesign_0_cycle1_af2pred.pdb,MEEALLARRQAVLDAE,0.003410469
APP_binder_16_933_dldesign_0_cycle1_af2pred.pdb,SAREEREKLLRLALLS,0.000274864
APP_binder_16_934_dldesign_0_cycle1_af2pred.pdb,GLARYLAQRLLLLALE,0.00013649
APP_binder_16_935_dldesign_0_cycle1_af2pred.pdb,SAQLLADAAANADALA,0.000187646
APP_binder_16_936_dldesign_0_cycle1_af2pred.pdb,LANRLLRLLLDDLLDA,0.002070351
APP_binder_16_937_dldesign_0_cycle1_af2pred.pdb,VPRAALAAQRLDDLLA,0.00010773
APP_binder_16_938_dldesign_0_cycle1_af2pred.pdb,LSETELRELLQLLLRR,5.34E-05
APP_binder_16_939_dldesign_0_cycle1_af2pred.pdb,SSALLRQLLRQLLRRL,0.001527489
APP_binder_16_93_dldesign_0_cycle1_af2pred.pdb,SVPVISREELLALLDA,3.69E-05
APP_binder_16_940_dldesign_0_cycle1_af2pred.pdb,MSSVVTLTRVPPGATR,0.000330497
APP_binder_16_941_dldesign_0_cycle1_af2pred.pdb,GSLVLSSLLAGAADLP,2.90E-05
APP_binder_16_942_dldesign_0_cycle1_af2pred.pdb,AAARRAAALDRILAQE,1.05E-05
APP_binder_16_943_dldesign_0_cycle1_af2pred.pdb,SVPVWTVPRKRPPLFR,2.27E-05
APP_binder_16_944_dldesign_0_cycle1_af2pred.pdb,GLAELKALLTNKLLSS,0.007335865
APP_binder_16_945_dldesign_0_cycle1_af2pred.pdb,SALLRRLLQRLLELLK,0.000501817
APP_binder_16_946_dldesign_0_cycle1_af2pred.pdb,DTLDQNDDDEDDDDDE,0.000839803
APP_binder_16_947_dldesign_0_cycle1_af2pred.pdb,DPLAAAALDALDDALP,0.000394828
APP_binder_16_948_dldesign_0_cycle1_af2pred.pdb,SALARLQRQALLDALA,6.93E-05
APP_binder_16_949_dldesign_0_cycle1_af2pred.pdb,SSAAVRALLRLRELLR,0.000673714
APP_binder_16_94_dldesign_0_cycle1_af2pred.pdb,SLALELLRKLTEALLG,0.000500069
APP_binder_16_950_dldesign_0_cycle1_af2pred.pdb,GLENLLRRLADLLDDD,0.000612035
APP_binder_16_951_dldesign_0_cycle1_af2pred.pdb,LPTSVLLALRRLLANA,0.000403754
APP_binder_16_952_dldesign_0_cycle1_af2pred.pdb,SLLENLLAALKRALAL,0.000209841
APP_binder_16_953_dldesign_0_cycle1_af2pred.pdb,SVDDLTALRRLANKLA,0.001100243
APP_binder_16_954_dldesign_0_cycle1_af2pred.pdb,SRLERRLAALLEELDD,0.000504735
APP_binder_16_955_dldesign_0_cycle1_af2pred.pdb,RQELLDQALDDELDDL,0.00265948
APP_binder_16_956_dldesign_0_cycle1_af2pred.pdb,DDARLAQELYRLLRRA,0.000158842
APP_binder_16_957_dldesign_0_cycle1_af2pred.pdb,SPLARLLRRLAIEAAQ,0.000544575
APP_binder_16_958_dldesign_0_cycle1_af2pred.pdb,SAAALRARLQAIRDAL,2.51E-05
APP_binder_16_959_dldesign_0_cycle1_af2pred.pdb,VLAKLLAQLDRELDKL,0.000102953
APP_binder_16_95_dldesign_0_cycle1_af2pred.pdb,AREEALRRRAELLELQ,0.000447273
APP_binder_16_960_dldesign_0_cycle1_af2pred.pdb,SRAASLLLRQLARLLL,0.000793018
APP_binder_16_961_dldesign_0_cycle1_af2pred.pdb,SSLLNLLKRLLQLLLE,0.000415049
APP_binder_16_962_dldesign_0_cycle1_af2pred.pdb,SLPRRVTPEERRLLRG,0.000166994
APP_binder_16_963_dldesign_0_cycle1_af2pred.pdb,MTDEQLDQRLLALLDA,0.000668092
APP_binder_16_964_dldesign_0_cycle1_af2pred.pdb,GNAERAALRLARALAR,8.29E-05
APP_binder_16_965_dldesign_0_cycle1_af2pred.pdb,GLAKSLAARLDRLLGA,0.000901434
APP_binder_16_966_dldesign_0_cycle1_af2pred.pdb,SPRLLTLLQQLLNLLD,0.001031919
APP_binder_16_967_dldesign_0_cycle1_af2pred.pdb,SSLDDDDDDDDDDLDG,0.002861424
APP_binder_16_968_dldesign_0_cycle1_af2pred.pdb,GLLPPPTVYTLVKLPP,0.000801579
APP_binder_16_969_dldesign_0_cycle1_af2pred.pdb,DDDLDDLLDLQLLRLP,3.07E-05
APP_binder_16_96_dldesign_0_cycle1_af2pred.pdb,ELLQLLADQLLLLLAS,0.001111302
APP_binder_16_970_dldesign_0_cycle1_af2pred.pdb,MEDQADDEEDDDDDDE,0.000238151
APP_binder_16_971_dldesign_0_cycle1_af2pred.pdb,SLQRLLARLDEDDDLG,2.51E-05
APP_binder_16_972_dldesign_0_cycle1_af2pred.pdb,VLEEDRLQSLDEADDA,3.07E-05
APP_binder_16_973_dldesign_0_cycle1_af2pred.pdb,MTPEEVAALKALLKAA,0.001754475
APP_binder_16_974_dldesign_0_cycle1_af2pred.pdb,GALRLANLLAQADDDA,1.47E-05
APP_binder_16_975_dldesign_0_cycle1_af2pred.pdb,YYSPEEVAAILAAEQG,0.0007497
APP_binder_16_976_dldesign_0_cycle1_af2pred.pdb,DLATLLRQLAYLLRQL,0.004865593
APP_binder_16_977_dldesign_0_cycle1_af2pred.pdb,SEEDDDEDDDDDDALA,0.001475699
APP_binder_16_978_dldesign_0_cycle1_af2pred.pdb,GLHLVELPPVDAVDLP,0.000298041
APP_binder_16_979_dldesign_0_cycle1_af2pred.pdb,DYLTPEERLLQRLLLP,0.000173656
APP_binder_16_97_dldesign_0_cycle1_af2pred.pdb,AAALARQRRADQLAAE,0.000842359
APP_binder_16_980_dldesign_0_cycle1_af2pred.pdb,SSALLRYLLARLLLAA,0.00060248
APP_binder_16_981_dldesign_0_cycle1_af2pred.pdb,EEDLLELRASLRPPVP,0.000120899
APP_binder_16_982_dldesign_0_cycle1_af2pred.pdb,SLVRLLTRLQSLDNLL,0.000256073
APP_binder_16_983_dldesign_0_cycle1_af2pred.pdb,APPVPRRTLLDLPPLP,7.91E-05
APP_binder_16_984_dldesign_0_cycle1_af2pred.pdb,SERRLRRLLARLQRLA,0.002706829
APP_binder_16_985_dldesign_0_cycle1_af2pred.pdb,SRAARAARLAALLAAS,3.14E-05
APP_binder_16_986_dldesign_0_cycle1_af2pred.pdb,LLRELALLLRNLAAAL,0.001471341
APP_binder_16_987_dldesign_0_cycle1_af2pred.pdb,SLAARRLARDLARAAA,0.000380404
APP_binder_16_988_dldesign_0_cycle1_af2pred.pdb,AAALLASRARQLLDLL,0.004753379
APP_binder_16_989_dldesign_0_cycle1_af2pred.pdb,AAAARDAAQDAADDAD,0.000174793
APP_binder_16_98_dldesign_0_cycle1_af2pred.pdb,SQEESRLDYLDDELLE,4.05E-05
APP_binder_16_990_dldesign_0_cycle1_af2pred.pdb,MSLEDLLRRLLSRLLS,0.000227727
APP_binder_16_991_dldesign_0_cycle1_af2pred.pdb,DDALDRALEALLARLA,0.000856577
APP_binder_16_992_dldesign_0_cycle1_af2pred.pdb,LAARLAALDQALDASA,2.97E-05
APP_binder_16_993_dldesign_0_cycle1_af2pred.pdb,GSVVESGEYERPAVNP,7.21E-05
APP_binder_16_994_dldesign_0_cycle1_af2pred.pdb,SAQRAALRAARDAALA,2.43E-05
APP_binder_16_995_dldesign_0_cycle1_af2pred.pdb,GLLRTLAKNLLALDLS,0.000147152
APP_binder_16_996_dldesign_0_cycle1_af2pred.pdb,GALRSRLARALLRLLE,0.008695554
APP_binder_16_997_dldesign_0_cycle1_af2pred.pdb,VRLPRPPARPLDQVDL,0.008224406
APP_binder_16_998_dldesign_0_cycle1_af2pred.pdb,AAAAAAARARRLAQLL,0.001381432
APP_binder_16_999_dldesign_0_cycle1_af2pred.pdb,SLLARLLRRLAKALAE,0.003553268
APP_binder_16_99_dldesign_0_cycle1_af2pred.pdb,SLEAANLARELARLLA,0.00012446
APP_binder_16_9_dldesign_0_cycle1_af2pred.pdb,AARAELEARMAAKRAA,0.001818432
