Category,Sequence,B3P3
APP_binder_14_0_dldesign_0_cycle1_af2pred.pdb,SRVLEQLLDWDLPP,0.000311916
APP_binder_14_100_dldesign_0_cycle1_af2pred.pdb,GVTEPPPRPRPKLP,0.038385313
APP_binder_14_101_dldesign_0_cycle1_af2pred.pdb,PLLRLLLAALYLPP,4.45E-05
APP_binder_14_102_dldesign_0_cycle1_af2pred.pdb,GVLNWDARLASLLE,0.00010267
APP_binder_14_103_dldesign_0_cycle1_af2pred.pdb,MEDLAALRRAAALA,0.001056144
APP_binder_14_104_dldesign_0_cycle1_af2pred.pdb,GVAAARALSADRLA,0.003119274
APP_binder_14_105_dldesign_0_cycle1_af2pred.pdb,GAVVLTEEEDELLE,0.000439785
APP_binder_14_106_dldesign_0_cycle1_af2pred.pdb,DLATILANLALLLA,0.002780175
APP_binder_14_107_dldesign_0_cycle1_af2pred.pdb,LEEELLLAELLRLL,0.000582638
APP_binder_14_108_dldesign_0_cycle1_af2pred.pdb,GEARRLARLLAELA,0.002742181
APP_binder_14_109_dldesign_0_cycle1_af2pred.pdb,AAAAVAAAALAAAA,2.22E-05
APP_binder_14_10_dldesign_0_cycle1_af2pred.pdb,DDLLDLLQELRSLP,0.000106434
APP_binder_14_110_dldesign_0_cycle1_af2pred.pdb,DEGQDELDDYLASL,0.005694557
APP_binder_14_111_dldesign_0_cycle1_af2pred.pdb,PLSPAELAALLAAQ,0.000587286
APP_binder_14_112_dldesign_0_cycle1_af2pred.pdb,GLHFEEKPNIPRLP,1.85E-05
APP_binder_14_113_dldesign_0_cycle1_af2pred.pdb,TLDLNLARRLANAL,0.023473414
APP_binder_14_114_dldesign_0_cycle1_af2pred.pdb,SLEELTLLQILLAK,0.000286676
APP_binder_14_115_dldesign_0_cycle1_af2pred.pdb,GLAELLKRLAYAAS,0.000758385
APP_binder_14_116_dldesign_0_cycle1_af2pred.pdb,SRRLLDLLEVLASL,0.001543664
APP_binder_14_117_dldesign_0_cycle1_af2pred.pdb,SLTELQVDDQDADA,4.84E-05
APP_binder_14_118_dldesign_0_cycle1_af2pred.pdb,GSSVIPVDLDLDLP,0.003318256
APP_binder_14_119_dldesign_0_cycle1_af2pred.pdb,GSLLNYLLTQLLLS,0.011741578
APP_binder_14_11_dldesign_0_cycle1_af2pred.pdb,SMRKETEEPPRPAP,9.12E-05
APP_binder_14_120_dldesign_0_cycle1_af2pred.pdb,DLDDDLRLDRLLAA,5.12E-06
APP_binder_14_121_dldesign_0_cycle1_af2pred.pdb,PVAPSPEERRAARD,0.000177675
APP_binder_14_122_dldesign_0_cycle1_af2pred.pdb,SYSLIAPVDVELFP,0.000282941
APP_binder_14_123_dldesign_0_cycle1_af2pred.pdb,GRARSLEELLESLL,0.005514143
APP_binder_14_124_dldesign_0_cycle1_af2pred.pdb,AAALLAALLAALGD,0.000235617
APP_binder_14_125_dldesign_0_cycle1_af2pred.pdb,SLLARALAAALASA,1.83E-05
APP_binder_14_126_dldesign_0_cycle1_af2pred.pdb,SSLLELQDLLQLLL,1.44E-05
APP_binder_14_127_dldesign_0_cycle1_af2pred.pdb,GTPRAILASEALQP,0.002020651
APP_binder_14_128_dldesign_0_cycle1_af2pred.pdb,MARQLLDDALAAAQ,0.0002487
APP_binder_14_129_dldesign_0_cycle1_af2pred.pdb,MAAVLERLLKKRLA,0.001695154
APP_binder_14_12_dldesign_0_cycle1_af2pred.pdb,LDDLLDLLADLARA,0.001173421
APP_binder_14_130_dldesign_0_cycle1_af2pred.pdb,PLESLLRRLALLAA,0.000511189
APP_binder_14_131_dldesign_0_cycle1_af2pred.pdb,PLSPLKLTEREPVP,2.54E-05
APP_binder_14_132_dldesign_0_cycle1_af2pred.pdb,SYADARDLLDDLDA,3.05E-05
APP_binder_14_133_dldesign_0_cycle1_af2pred.pdb,PNVPILLPALPELP,0.000111505
APP_binder_14_134_dldesign_0_cycle1_af2pred.pdb,SPLLRRLLNRLLEE,2.51E-05
APP_binder_14_135_dldesign_0_cycle1_af2pred.pdb,GGVLRTTVEVPRAP,0.000363537
APP_binder_14_136_dldesign_0_cycle1_af2pred.pdb,SLELSTALYNLLLS,0.000946711
APP_binder_14_137_dldesign_0_cycle1_af2pred.pdb,SLPRAVLEALQRLL,2.44E-05
APP_binder_14_138_dldesign_0_cycle1_af2pred.pdb,PLPPIAGVKVKPEP,0.000957378
APP_binder_14_139_dldesign_0_cycle1_af2pred.pdb,QPLELRLLQLLEVL,0.000297609
APP_binder_14_13_dldesign_0_cycle1_af2pred.pdb,LTPEEQLALARALR,0.000388288
APP_binder_14_140_dldesign_0_cycle1_af2pred.pdb,DAADENALLAALRA,7.70E-05
APP_binder_14_141_dldesign_0_cycle1_af2pred.pdb,GLLAALAALAARLA,9.06E-05
APP_binder_14_142_dldesign_0_cycle1_af2pred.pdb,GFNVEPDAPEEVVP,0.000413893
APP_binder_14_143_dldesign_0_cycle1_af2pred.pdb,SQPPRLFEREAPAV,0.00040322
APP_binder_14_144_dldesign_0_cycle1_af2pred.pdb,ARAEALANLLALLP,0.000440077
APP_binder_14_145_dldesign_0_cycle1_af2pred.pdb,SELELRRLLRELLD,0.001855363
APP_binder_14_146_dldesign_0_cycle1_af2pred.pdb,GSVPVDNLTLSTPV,0.000447639
APP_binder_14_147_dldesign_0_cycle1_af2pred.pdb,MRAAALAAALAAAP,0.000221425
APP_binder_14_148_dldesign_0_cycle1_af2pred.pdb,LQELLDRRLLSRLE,0.001319146
APP_binder_14_149_dldesign_0_cycle1_af2pred.pdb,NQGVLDRLDDLLEE,0.002331463
APP_binder_14_14_dldesign_0_cycle1_af2pred.pdb,GAELDDQLDDRLDD,0.000304703
APP_binder_14_150_dldesign_0_cycle1_af2pred.pdb,SHMTLAERLARELS,0.000250982
APP_binder_14_151_dldesign_0_cycle1_af2pred.pdb,SRLLATLAKLLAEK,0.000149013
APP_binder_14_152_dldesign_0_cycle1_af2pred.pdb,SPLDRLLEQLLIRS,3.83E-05
APP_binder_14_153_dldesign_0_cycle1_af2pred.pdb,SEEARILAKRLASP,0.003904952
APP_binder_14_154_dldesign_0_cycle1_af2pred.pdb,SLLQRLQNLLDDLL,0.000152361
APP_binder_14_155_dldesign_0_cycle1_af2pred.pdb,GALAALNRLLRELA,0.002219258
APP_binder_14_156_dldesign_0_cycle1_af2pred.pdb,GRGAAAALAALLDG,4.75E-05
APP_binder_14_157_dldesign_0_cycle1_af2pred.pdb,HMDLDTLLLYKLLG,0.00014584
APP_binder_14_158_dldesign_0_cycle1_af2pred.pdb,SLRELRELQKLLQF,0.000201853
APP_binder_14_159_dldesign_0_cycle1_af2pred.pdb,SLSRLLALLDELLE,0.00083455
APP_binder_14_15_dldesign_0_cycle1_af2pred.pdb,MEERRLAALEQEDA,0.000782368
APP_binder_14_160_dldesign_0_cycle1_af2pred.pdb,RPVSGSKTPEEILG,0.001505951
APP_binder_14_161_dldesign_0_cycle1_af2pred.pdb,GHVHYEEDPSDPLP,0.000209749
APP_binder_14_162_dldesign_0_cycle1_af2pred.pdb,SYRLDVLLADLDDE,0.005539056
APP_binder_14_163_dldesign_0_cycle1_af2pred.pdb,VVPPTLTPRNPKPP,0.009172447
APP_binder_14_164_dldesign_0_cycle1_af2pred.pdb,SLVEERKLALLDSL,0.000429943
APP_binder_14_165_dldesign_0_cycle1_af2pred.pdb,GGRPVTPAERLALR,0.000697913
APP_binder_14_166_dldesign_0_cycle1_af2pred.pdb,DDLAAALAAALLLP,0.003164935
APP_binder_14_167_dldesign_0_cycle1_af2pred.pdb,SPVAIPVSAPPVVL,0.00296618
APP_binder_14_168_dldesign_0_cycle1_af2pred.pdb,ERDLDLEDDLEELG,4.50E-05
APP_binder_14_169_dldesign_0_cycle1_af2pred.pdb,SLAALLAAVPVLPS,0.000110386
APP_binder_14_16_dldesign_0_cycle1_af2pred.pdb,SGLLRSLLRRLLRR,0.003276032
APP_binder_14_170_dldesign_0_cycle1_af2pred.pdb,SLALLQELDDLLDA,3.73E-05
APP_binder_14_171_dldesign_0_cycle1_af2pred.pdb,GTPKITLVKVPLLP,0.00023705
APP_binder_14_172_dldesign_0_cycle1_af2pred.pdb,LIELLNDDQLDDDA,0.003970533
APP_binder_14_173_dldesign_0_cycle1_af2pred.pdb,GLAALLALLAALLE,0.00011353
APP_binder_14_174_dldesign_0_cycle1_af2pred.pdb,AARLAARQAVLDDQ,0.004200623
APP_binder_14_175_dldesign_0_cycle1_af2pred.pdb,SLARLLRLLRQLLN,0.002051963
APP_binder_14_176_dldesign_0_cycle1_af2pred.pdb,DSTHLRLADYDDLP,9.36E-05
APP_binder_14_177_dldesign_0_cycle1_af2pred.pdb,APNITVTPTRTFRP,0.016995957
APP_binder_14_178_dldesign_0_cycle1_af2pred.pdb,GSRPPLNVRPAPPL,0.002194779
APP_binder_14_179_dldesign_0_cycle1_af2pred.pdb,AAAASLLQELLDDL,0.000151641
APP_binder_14_17_dldesign_0_cycle1_af2pred.pdb,SADDRALLQELLRA,1.40E-05
APP_binder_14_180_dldesign_0_cycle1_af2pred.pdb,SARRALVAALSALL,1.33E-05
APP_binder_14_181_dldesign_0_cycle1_af2pred.pdb,PVVVPPKVRRPPPP,0.011549953
APP_binder_14_182_dldesign_0_cycle1_af2pred.pdb,VLPSPPPPASLRVP,0.000533594
APP_binder_14_183_dldesign_0_cycle1_af2pred.pdb,KLAARLASLLKNLG,0.000263179
APP_binder_14_184_dldesign_0_cycle1_af2pred.pdb,PPMVRPPPVPLVDL,0.456302494
APP_binder_14_185_dldesign_0_cycle1_af2pred.pdb,GRLLTLLQNLALNG,9.04E-05
APP_binder_14_186_dldesign_0_cycle1_af2pred.pdb,SLERLLRVLLLNLS,0.002552911
APP_binder_14_187_dldesign_0_cycle1_af2pred.pdb,SNALAGLDVADDAA,0.002448912
APP_binder_14_188_dldesign_0_cycle1_af2pred.pdb,GTPITTHELRDLLD,0.001370832
APP_binder_14_189_dldesign_0_cycle1_af2pred.pdb,VDLSVKPRKVPLLP,0.00030947
APP_binder_14_18_dldesign_0_cycle1_af2pred.pdb,DLAYLDARLDREDD,0.000308765
APP_binder_14_190_dldesign_0_cycle1_af2pred.pdb,SLLERQKLLNDLLY,0.000398005
APP_binder_14_191_dldesign_0_cycle1_af2pred.pdb,LAKLLARLDRLLAS,0.001180993
APP_binder_14_192_dldesign_0_cycle1_af2pred.pdb,SNRLLELLRSLLLS,0.001062317
APP_binder_14_193_dldesign_0_cycle1_af2pred.pdb,SLLRLLNLLKELDD,0.003198721
APP_binder_14_194_dldesign_0_cycle1_af2pred.pdb,LQLSPRIPVPLALL,0.001096817
APP_binder_14_195_dldesign_0_cycle1_af2pred.pdb,AAAALAAALAAALA,0.000293474
APP_binder_14_196_dldesign_0_cycle1_af2pred.pdb,DDDEDDLALLQELL,0.000562946
APP_binder_14_197_dldesign_0_cycle1_af2pred.pdb,ALQALLDRRLDSLL,0.001632545
APP_binder_14_198_dldesign_0_cycle1_af2pred.pdb,APPVASTSTEIRLA,0.005781995
APP_binder_14_199_dldesign_0_cycle1_af2pred.pdb,DPNLDRYLDQLLDD,0.000108449
APP_binder_14_19_dldesign_0_cycle1_af2pred.pdb,GAAFDQQLDREDDA,0.000307155
APP_binder_14_1_dldesign_0_cycle1_af2pred.pdb,LSLLRELLKALLQA,1.39E-05
APP_binder_14_200_dldesign_0_cycle1_af2pred.pdb,DDEEDYREDVLAEQ,4.93E-06
APP_binder_14_201_dldesign_0_cycle1_af2pred.pdb,SLDALLDQLDDALD,0.000256036
APP_binder_14_202_dldesign_0_cycle1_af2pred.pdb,GYYPSALRRLLLSP,7.15E-05
APP_binder_14_203_dldesign_0_cycle1_af2pred.pdb,GEEERRRRRRAARA,0.97664541
APP_binder_14_204_dldesign_0_cycle1_af2pred.pdb,ELEDLLEELRRLAY,0.000404711
APP_binder_14_205_dldesign_0_cycle1_af2pred.pdb,PKPTDVAALMAELL,0.00130584
APP_binder_14_206_dldesign_0_cycle1_af2pred.pdb,MIILEPGAILQEPE,0.000636123
APP_binder_14_207_dldesign_0_cycle1_af2pred.pdb,SALQLRRLASLLAA,0.000126876
APP_binder_14_208_dldesign_0_cycle1_af2pred.pdb,DERADQLADLDAAA,0.002061986
APP_binder_14_209_dldesign_0_cycle1_af2pred.pdb,LNALLRLLNKLLSL,0.011971355
APP_binder_14_20_dldesign_0_cycle1_af2pred.pdb,GLLLRDDAEDDNDD,1.74E-05
APP_binder_14_210_dldesign_0_cycle1_af2pred.pdb,DEQLLQQLLRLLRR,0.006616769
APP_binder_14_211_dldesign_0_cycle1_af2pred.pdb,SSTLLQQLDLDLDA,0.00047325
APP_binder_14_212_dldesign_0_cycle1_af2pred.pdb,LELERLAKNLASLL,0.00046409
APP_binder_14_213_dldesign_0_cycle1_af2pred.pdb,SVTKEELDDLLDLA,0.001653958
APP_binder_14_214_dldesign_0_cycle1_af2pred.pdb,DLEDLKNLAADLAA,0.000109479
APP_binder_14_215_dldesign_0_cycle1_af2pred.pdb,SAAEQLARYAAQRA,0.001873489
APP_binder_14_216_dldesign_0_cycle1_af2pred.pdb,PRPIVGPRSVASVL,9.58E-05
APP_binder_14_217_dldesign_0_cycle1_af2pred.pdb,LPLSAEYLAQEEPE,0.000308276
APP_binder_14_218_dldesign_0_cycle1_af2pred.pdb,SDENDDLLLRRLLA,5.74E-05
APP_binder_14_219_dldesign_0_cycle1_af2pred.pdb,GRALLKEALLAALK,0.000114611
APP_binder_14_21_dldesign_0_cycle1_af2pred.pdb,SLRRLLRRLLRLLS,0.000104098
APP_binder_14_220_dldesign_0_cycle1_af2pred.pdb,GVVKVRPTRRASML,0.004582494
APP_binder_14_221_dldesign_0_cycle1_af2pred.pdb,LDLRRLAKLLEQLD,1.42E-05
APP_binder_14_222_dldesign_0_cycle1_af2pred.pdb,SNAARILAKLLAQA,0.000466615
APP_binder_14_223_dldesign_0_cycle1_af2pred.pdb,MPQRVLADLALAAR,0.000193192
APP_binder_14_224_dldesign_0_cycle1_af2pred.pdb,GAVLVDEPAVVVLD,0.002384524
APP_binder_14_225_dldesign_0_cycle1_af2pred.pdb,SRLEDLEEIDDVED,4.46E-05
APP_binder_14_226_dldesign_0_cycle1_af2pred.pdb,GSGRLDRLAALAAA,0.005422024
APP_binder_14_227_dldesign_0_cycle1_af2pred.pdb,LLDLLIAARRAAAR,0.00023827
APP_binder_14_228_dldesign_0_cycle1_af2pred.pdb,GEVKEDESKRRPPL,0.007550704
APP_binder_14_229_dldesign_0_cycle1_af2pred.pdb,SYLGPADVESLYAP,0.000508716
APP_binder_14_22_dldesign_0_cycle1_af2pred.pdb,SKPVVTEKERPKAP,0.000121295
APP_binder_14_230_dldesign_0_cycle1_af2pred.pdb,SALVDDQEDDELDD,0.001464203
APP_binder_14_231_dldesign_0_cycle1_af2pred.pdb,SDNLDKRLASLLEQ,0.000462986
APP_binder_14_232_dldesign_0_cycle1_af2pred.pdb,SGVPVLRPPRRAKP,6.13E-05
APP_binder_14_233_dldesign_0_cycle1_af2pred.pdb,GVHSEELSEEEWQP,0.020218357
APP_binder_14_234_dldesign_0_cycle1_af2pred.pdb,GSPVYEVVPLEERL,0.011869528
APP_binder_14_235_dldesign_0_cycle1_af2pred.pdb,SDDLTDLQAALLAA,0.001240805
APP_binder_14_236_dldesign_0_cycle1_af2pred.pdb,GEVIPRRPGRRYLP,0.270060509
APP_binder_14_237_dldesign_0_cycle1_af2pred.pdb,SLAAQLARRLLQRA,0.000221538
APP_binder_14_238_dldesign_0_cycle1_af2pred.pdb,GNDQADDLADLLEE,0.000518043
APP_binder_14_239_dldesign_0_cycle1_af2pred.pdb,SLKALLRQLQLDEQ,0.003274282
APP_binder_14_23_dldesign_0_cycle1_af2pred.pdb,SKSRLQQLDDLLAA,0.000387088
APP_binder_14_240_dldesign_0_cycle1_af2pred.pdb,SLARRLAKLLEELD,0.000641739
APP_binder_14_241_dldesign_0_cycle1_af2pred.pdb,GRPISAEERRLLRE,0.003302256
APP_binder_14_242_dldesign_0_cycle1_af2pred.pdb,LTPQELAELAYRLP,2.93E-05
APP_binder_14_243_dldesign_0_cycle1_af2pred.pdb,SLARLLEDALRLAA,0.002921195
APP_binder_14_244_dldesign_0_cycle1_af2pred.pdb,RAASLAAAQALLDA,0.001343641
APP_binder_14_245_dldesign_0_cycle1_af2pred.pdb,VTGQQIRELQRLLR,0.00026549
APP_binder_14_246_dldesign_0_cycle1_af2pred.pdb,AAAALANILARLLA,0.000645676
APP_binder_14_247_dldesign_0_cycle1_af2pred.pdb,GSSRHVRVDSSPLL,8.20E-05
APP_binder_14_248_dldesign_0_cycle1_af2pred.pdb,SKPVTRHHILEPAA,0.003817828
APP_binder_14_249_dldesign_0_cycle1_af2pred.pdb,LLEDLLQELDALLD,0.001349407
APP_binder_14_24_dldesign_0_cycle1_af2pred.pdb,SSALQLARRLDQAG,5.18E-05
APP_binder_14_250_dldesign_0_cycle1_af2pred.pdb,SRLLSALLNLLEAD,0.000158937
APP_binder_14_251_dldesign_0_cycle1_af2pred.pdb,SRLDRLLDELDDDA,6.88E-05
APP_binder_14_252_dldesign_0_cycle1_af2pred.pdb,SAALRRALARLLLP,2.68E-05
APP_binder_14_253_dldesign_0_cycle1_af2pred.pdb,ARAAARQAALDAQL,0.00036296
APP_binder_14_254_dldesign_0_cycle1_af2pred.pdb,MGEKIKVDTPLVLL,0.001011209
APP_binder_14_255_dldesign_0_cycle1_af2pred.pdb,DDDLNAEAALRRSG,0.001360852
APP_binder_14_256_dldesign_0_cycle1_af2pred.pdb,PLVGTLNYVKVPLP,0.002050702
APP_binder_14_257_dldesign_0_cycle1_af2pred.pdb,SALLRRLLQKLLLE,8.64E-05
APP_binder_14_258_dldesign_0_cycle1_af2pred.pdb,MVEPIYISLEELLG,0.000370571
APP_binder_14_259_dldesign_0_cycle1_af2pred.pdb,DDERLLAELRRLLR,4.84E-05
APP_binder_14_25_dldesign_0_cycle1_af2pred.pdb,SRELELALRRLLRE,0.000140969
APP_binder_14_260_dldesign_0_cycle1_af2pred.pdb,STAALNAALLALRR,8.14E-05
APP_binder_14_261_dldesign_0_cycle1_af2pred.pdb,SSYSGEEERPPSVP,0.005722093
APP_binder_14_262_dldesign_0_cycle1_af2pred.pdb,STAAILAASKDDAP,0.000117273
APP_binder_14_263_dldesign_0_cycle1_af2pred.pdb,SLSRLLQRLLQLLE,0.000292663
APP_binder_14_264_dldesign_0_cycle1_af2pred.pdb,PALPKEVYLALEAA,7.35E-05
APP_binder_14_265_dldesign_0_cycle1_af2pred.pdb,GLERRLQQLLDLLL,0.001258019
APP_binder_14_266_dldesign_0_cycle1_af2pred.pdb,SVVSFAERSRPVAP,0.002337781
APP_binder_14_267_dldesign_0_cycle1_af2pred.pdb,SEEARLRSLLDDAD,0.000230682
APP_binder_14_268_dldesign_0_cycle1_af2pred.pdb,GVALSREELLDLLE,3.35E-05
APP_binder_14_269_dldesign_0_cycle1_af2pred.pdb,SSLGVGTPRTVPPP,0.000317997
APP_binder_14_26_dldesign_0_cycle1_af2pred.pdb,GLAALLRRLLQRLL,0.017608782
APP_binder_14_270_dldesign_0_cycle1_af2pred.pdb,GAALLKALTNSLLP,0.002136325
APP_binder_14_271_dldesign_0_cycle1_af2pred.pdb,SLERYRRERALREK,0.003578383
APP_binder_14_272_dldesign_0_cycle1_af2pred.pdb,MSLLERLLRLLEEL,1.40E-05
APP_binder_14_273_dldesign_0_cycle1_af2pred.pdb,ASAAVRAAELAANA,0.000146737
APP_binder_14_274_dldesign_0_cycle1_af2pred.pdb,SLAAELRRAARQAA,0.000641487
APP_binder_14_275_dldesign_0_cycle1_af2pred.pdb,GVLRQRLLALLNQD,0.022829561
APP_binder_14_276_dldesign_0_cycle1_af2pred.pdb,SELLRVLQRILDNE,0.000103997
APP_binder_14_277_dldesign_0_cycle1_af2pred.pdb,LDRRLAQRALLLLE,4.12E-05
APP_binder_14_278_dldesign_0_cycle1_af2pred.pdb,PPLLPPTPVEYEEL,9.99E-05
APP_binder_14_279_dldesign_0_cycle1_af2pred.pdb,GLQRRLDQLDDDDL,8.95E-05
APP_binder_14_27_dldesign_0_cycle1_af2pred.pdb,SLADQLAARRAVSG,3.25E-05
APP_binder_14_280_dldesign_0_cycle1_af2pred.pdb,QLAAVRQRELDSLA,2.32E-05
APP_binder_14_281_dldesign_0_cycle1_af2pred.pdb,TTAAQDLDDALAAA,0.000389311
APP_binder_14_282_dldesign_0_cycle1_af2pred.pdb,SANLLSQLDNLDDE,1.33E-05
APP_binder_14_283_dldesign_0_cycle1_af2pred.pdb,MLLSRLQSLDQEAA,0.000123847
APP_binder_14_284_dldesign_0_cycle1_af2pred.pdb,SLERLKALLSALAK,0.001982111
APP_binder_14_285_dldesign_0_cycle1_af2pred.pdb,SRLARLLLLLSSRL,1.41E-05
APP_binder_14_286_dldesign_0_cycle1_af2pred.pdb,AAAALLAAQDAAAR,0.000831149
APP_binder_14_287_dldesign_0_cycle1_af2pred.pdb,LDLSRPVRISDVPP,0.000640739
APP_binder_14_288_dldesign_0_cycle1_af2pred.pdb,SGADDLDDLLDALL,3.43E-05
APP_binder_14_289_dldesign_0_cycle1_af2pred.pdb,SLSRLLARLLRAAA,0.000568332
APP_binder_14_28_dldesign_0_cycle1_af2pred.pdb,SLRLLLARLQSLLN,8.96E-05
APP_binder_14_290_dldesign_0_cycle1_af2pred.pdb,SPLLENLLKKLAQL,0.001039611
APP_binder_14_291_dldesign_0_cycle1_af2pred.pdb,SVNVYRPTTLADRL,0.001974037
APP_binder_14_292_dldesign_0_cycle1_af2pred.pdb,AADEQALQALRRAG,0.001026018
APP_binder_14_293_dldesign_0_cycle1_af2pred.pdb,SLLRLDSLLDDLLE,0.001353235
APP_binder_14_294_dldesign_0_cycle1_af2pred.pdb,AAALLALQEALLSA,0.000647224
APP_binder_14_295_dldesign_0_cycle1_af2pred.pdb,MHPSMVANLLDDLA,7.21E-05
APP_binder_14_296_dldesign_0_cycle1_af2pred.pdb,LLRRLLQKLLLDLL,0.001142448
APP_binder_14_297_dldesign_0_cycle1_af2pred.pdb,DDLRDDLLDLMADL,2.61E-05
APP_binder_14_298_dldesign_0_cycle1_af2pred.pdb,PANVKPRRVLPVPV,0.000414646
APP_binder_14_299_dldesign_0_cycle1_af2pred.pdb,GLADLLADLDDLDA,1.19E-05
APP_binder_14_29_dldesign_0_cycle1_af2pred.pdb,SAAAALARLLRLLE,0.000532456
APP_binder_14_2_dldesign_0_cycle1_af2pred.pdb,GTPIPAEVRAAAIA,0.000818408
APP_binder_14_300_dldesign_0_cycle1_af2pred.pdb,AARALLRALLADLR,0.000859774
APP_binder_14_301_dldesign_0_cycle1_af2pred.pdb,DEELLSRLLARLLR,6.41E-05
APP_binder_14_302_dldesign_0_cycle1_af2pred.pdb,GLSTLLLRQALLDA,1.57E-05
APP_binder_14_303_dldesign_0_cycle1_af2pred.pdb,GLAERLARRLASLA,0.003305153
APP_binder_14_304_dldesign_0_cycle1_af2pred.pdb,LLDRLDYLLDELDS,0.0004418
APP_binder_14_305_dldesign_0_cycle1_af2pred.pdb,SRLLERLESLDDNA,2.66E-05
APP_binder_14_306_dldesign_0_cycle1_af2pred.pdb,ELEELLEELEEELE,0.000220449
APP_binder_14_307_dldesign_0_cycle1_af2pred.pdb,AARELARLRRLDNL,0.003153254
APP_binder_14_308_dldesign_0_cycle1_af2pred.pdb,GEVVRKAYPKRTKP,0.033890311
APP_binder_14_309_dldesign_0_cycle1_af2pred.pdb,LSPEERNALLRALQ,0.002278404
APP_binder_14_30_dldesign_0_cycle1_af2pred.pdb,SERLLAKRLQTLDD,0.000424841
APP_binder_14_310_dldesign_0_cycle1_af2pred.pdb,SLLLESLLQRLLDL,0.000348236
APP_binder_14_311_dldesign_0_cycle1_af2pred.pdb,GLSREERLLLQLLS,0.000885887
APP_binder_14_312_dldesign_0_cycle1_af2pred.pdb,ANQDLLQKLLDLLE,0.000981649
APP_binder_14_313_dldesign_0_cycle1_af2pred.pdb,DRALLRRLLAKLLA,1.65E-05
APP_binder_14_314_dldesign_0_cycle1_af2pred.pdb,ANAAVRAQMLAQQA,9.31E-06
APP_binder_14_315_dldesign_0_cycle1_af2pred.pdb,SVVYTPRSVSPLPE,0.00663178
APP_binder_14_316_dldesign_0_cycle1_af2pred.pdb,SPNLLAKLLNLLLT,1.72E-05
APP_binder_14_317_dldesign_0_cycle1_af2pred.pdb,GPRPPAKLLRLGVP,0.00013439
APP_binder_14_318_dldesign_0_cycle1_af2pred.pdb,SNAVPAVPAEELRA,0.000569885
APP_binder_14_319_dldesign_0_cycle1_af2pred.pdb,PVPPVPVQRPLPLP,6.36E-05
APP_binder_14_31_dldesign_0_cycle1_af2pred.pdb,SDALLAALLAHRLG,6.17E-05
APP_binder_14_320_dldesign_0_cycle1_af2pred.pdb,SSRDDEDDDDDDDA,0.000309807
APP_binder_14_321_dldesign_0_cycle1_af2pred.pdb,GVLRPPLVITPALP,0.004532771
APP_binder_14_322_dldesign_0_cycle1_af2pred.pdb,SLEDLLNALRRALR,0.004628418
APP_binder_14_323_dldesign_0_cycle1_af2pred.pdb,SLPTVSTVKEKVSP,1.53E-05
APP_binder_14_324_dldesign_0_cycle1_af2pred.pdb,GLLYNLAKLLAELL,0.00028574
APP_binder_14_325_dldesign_0_cycle1_af2pred.pdb,GRALLRLQALLARE,1.96E-05
APP_binder_14_326_dldesign_0_cycle1_af2pred.pdb,SPLAARLDSLDANA,7.62E-05
APP_binder_14_327_dldesign_0_cycle1_af2pred.pdb,SSRDLALLRQLLRR,0.000580689
APP_binder_14_328_dldesign_0_cycle1_af2pred.pdb,GLERLLQLLDDLLD,0.002988682
APP_binder_14_329_dldesign_0_cycle1_af2pred.pdb,LPLSRLLDLLDDLG,0.000141724
APP_binder_14_32_dldesign_0_cycle1_af2pred.pdb,AADAQDQRLLARLG,0.000262659
APP_binder_14_330_dldesign_0_cycle1_af2pred.pdb,SLAERLRVLLAKLA,0.000306482
APP_binder_14_331_dldesign_0_cycle1_af2pred.pdb,LPLEELLKRLLAGL,0.001546236
APP_binder_14_332_dldesign_0_cycle1_af2pred.pdb,SDLDQQDDELDDLD,0.000748429
APP_binder_14_333_dldesign_0_cycle1_af2pred.pdb,LADLLAALLKSLAP,0.000276823
APP_binder_14_334_dldesign_0_cycle1_af2pred.pdb,SRPLTRQELLDLLL,0.000281871
APP_binder_14_335_dldesign_0_cycle1_af2pred.pdb,MSQEVLDLLAALLE,0.000395324
APP_binder_14_336_dldesign_0_cycle1_af2pred.pdb,SSLLKKLLASLLLE,1.49E-05
APP_binder_14_337_dldesign_0_cycle1_af2pred.pdb,DPRLLNKLRNLLDD,0.003440615
APP_binder_14_338_dldesign_0_cycle1_af2pred.pdb,LTAEELAALAAALA,0.00042253
APP_binder_14_339_dldesign_0_cycle1_af2pred.pdb,MTRAERAARRALVL,6.20E-05
APP_binder_14_33_dldesign_0_cycle1_af2pred.pdb,MTPEERADLLDLLE,0.00018136
APP_binder_14_340_dldesign_0_cycle1_af2pred.pdb,LQALLDLLELLDAA,2.39E-05
APP_binder_14_341_dldesign_0_cycle1_af2pred.pdb,SLSRLITELLADLS,0.00033951
APP_binder_14_342_dldesign_0_cycle1_af2pred.pdb,SRALMLAQQDDNDD,3.54E-05
APP_binder_14_343_dldesign_0_cycle1_af2pred.pdb,VDVPVSTTELALLA,6.02E-05
APP_binder_14_344_dldesign_0_cycle1_af2pred.pdb,GGTLVRPPPIWFPP,0.001594916
APP_binder_14_345_dldesign_0_cycle1_af2pred.pdb,MEPIEGEREKEDVA,0.000292277
APP_binder_14_346_dldesign_0_cycle1_af2pred.pdb,SLAQLLRRLDQLLS,0.000716053
APP_binder_14_347_dldesign_0_cycle1_af2pred.pdb,SLEEEIARRRALSL,9.59E-05
APP_binder_14_348_dldesign_0_cycle1_af2pred.pdb,GLLRYLQQRLDLLA,0.024315853
APP_binder_14_349_dldesign_0_cycle1_af2pred.pdb,DDLEDLLNELRRLL,0.000106498
APP_binder_14_34_dldesign_0_cycle1_af2pred.pdb,DLNELARLLQLLDS,9.10E-05
APP_binder_14_350_dldesign_0_cycle1_af2pred.pdb,GVSDIEAAIAALLA,0.001949074
APP_binder_14_351_dldesign_0_cycle1_af2pred.pdb,SDLLLQLLLHRLLR,1.81E-05
APP_binder_14_352_dldesign_0_cycle1_af2pred.pdb,VEAALLARADAAAA,0.002035825
APP_binder_14_353_dldesign_0_cycle1_af2pred.pdb,GFTRSPPVYVDVVE,0.000305633
APP_binder_14_354_dldesign_0_cycle1_af2pred.pdb,SLKRLLYLLQQLLE,0.004822744
APP_binder_14_355_dldesign_0_cycle1_af2pred.pdb,GVYVPPPVRRQRPA,0.581442654
APP_binder_14_356_dldesign_0_cycle1_af2pred.pdb,GLLNRLDQLLEDDL,0.000916115
APP_binder_14_357_dldesign_0_cycle1_af2pred.pdb,GRLLSLLSNLLAEA,4.43E-05
APP_binder_14_358_dldesign_0_cycle1_af2pred.pdb,EEEEEEEEELEEEE,0.000164034
APP_binder_14_359_dldesign_0_cycle1_af2pred.pdb,LSPLELALRRALQE,0.00066438
APP_binder_14_35_dldesign_0_cycle1_af2pred.pdb,LLPALLRTLAITSR,6.72E-05
APP_binder_14_360_dldesign_0_cycle1_af2pred.pdb,VRLLKLLQQLLNLA,0.000559281
APP_binder_14_361_dldesign_0_cycle1_af2pred.pdb,GARLLDIALLNLLL,0.010540026
APP_binder_14_362_dldesign_0_cycle1_af2pred.pdb,GLLRRLLQLLDDLA,0.006743495
APP_binder_14_363_dldesign_0_cycle1_af2pred.pdb,TADLNALQAALNRP,1.74E-05
APP_binder_14_364_dldesign_0_cycle1_af2pred.pdb,SSSLLRLLLASLLA,0.000270731
APP_binder_14_365_dldesign_0_cycle1_af2pred.pdb,DLLDDLEDDLEDDD,1.07E-05
APP_binder_14_366_dldesign_0_cycle1_af2pred.pdb,GTVVESEELIDQPP,0.000106583
APP_binder_14_367_dldesign_0_cycle1_af2pred.pdb,AALLAELLADLEYE,0.006328047
APP_binder_14_368_dldesign_0_cycle1_af2pred.pdb,SLAQRLRLLAELLE,0.000258848
APP_binder_14_369_dldesign_0_cycle1_af2pred.pdb,LTREELDDLLDELE,0.001307927
APP_binder_14_36_dldesign_0_cycle1_af2pred.pdb,SLLRELLRLLEDLE,0.000734607
APP_binder_14_370_dldesign_0_cycle1_af2pred.pdb,GADALAQLDKELDE,0.001175512
APP_binder_14_371_dldesign_0_cycle1_af2pred.pdb,GMVRPVVVALPRLA,2.19E-05
APP_binder_14_372_dldesign_0_cycle1_af2pred.pdb,SLLSLLLDQLLYRL,5.71E-05
APP_binder_14_373_dldesign_0_cycle1_af2pred.pdb,LPPLNVRPRTLDLP,0.003246886
APP_binder_14_374_dldesign_0_cycle1_af2pred.pdb,SAAAAAAAAAALSA,0.00039926
APP_binder_14_375_dldesign_0_cycle1_af2pred.pdb,ALARRLARLDQQDA,0.000762955
APP_binder_14_376_dldesign_0_cycle1_af2pred.pdb,SRLLAAALAEDLAA,0.00026498
APP_binder_14_377_dldesign_0_cycle1_af2pred.pdb,GMLELRQQRLLEAF,0.063499734
APP_binder_14_378_dldesign_0_cycle1_af2pred.pdb,AALLAALAKGVLKR,0.004039559
APP_binder_14_379_dldesign_0_cycle1_af2pred.pdb,GDALLDLLDLQQAP,0.003299136
APP_binder_14_37_dldesign_0_cycle1_af2pred.pdb,AEDQNLLQALRRAA,0.00223502
APP_binder_14_380_dldesign_0_cycle1_af2pred.pdb,SSQALASKLAIDLS,0.000250907
APP_binder_14_381_dldesign_0_cycle1_af2pred.pdb,APVPARELLADLDA,0.00286444
APP_binder_14_382_dldesign_0_cycle1_af2pred.pdb,MHIRVASPLAAPLG,0.000406525
APP_binder_14_383_dldesign_0_cycle1_af2pred.pdb,SLEKLLEYLLKHLL,0.00059901
APP_binder_14_384_dldesign_0_cycle1_af2pred.pdb,PVLRPTRRAPASLL,0.034904569
APP_binder_14_385_dldesign_0_cycle1_af2pred.pdb,LEDLLEELRSLLRR,3.62E-05
APP_binder_14_386_dldesign_0_cycle1_af2pred.pdb,MAVYSPEDDALLDL,4.36E-05
APP_binder_14_387_dldesign_0_cycle1_af2pred.pdb,SPVDLKNLDALDAA,0.000202546
APP_binder_14_388_dldesign_0_cycle1_af2pred.pdb,GVDPAELARAALVS,7.14E-05
APP_binder_14_389_dldesign_0_cycle1_af2pred.pdb,SLRDLLKELARLLA,0.000711515
APP_binder_14_38_dldesign_0_cycle1_af2pred.pdb,YTPLTHRELLALLE,0.000320413
APP_binder_14_390_dldesign_0_cycle1_af2pred.pdb,SLEELLALLDYLDS,0.001457276
APP_binder_14_391_dldesign_0_cycle1_af2pred.pdb,SLRDLLLDLKGLLL,0.000124374
APP_binder_14_392_dldesign_0_cycle1_af2pred.pdb,TLSLSGLIVSAKAS,0.002912711
APP_binder_14_393_dldesign_0_cycle1_af2pred.pdb,SLQEDLRDDDDYEE,0.000127173
APP_binder_14_394_dldesign_0_cycle1_af2pred.pdb,SGLLQRLIQLARND,0.000298956
APP_binder_14_395_dldesign_0_cycle1_af2pred.pdb,SLRLLSRLDYLLES,0.00011141
APP_binder_14_396_dldesign_0_cycle1_af2pred.pdb,DPELLDDLDELLSL,0.000326025
APP_binder_14_397_dldesign_0_cycle1_af2pred.pdb,PPSVTSSTLRSVPE,0.001556525
APP_binder_14_398_dldesign_0_cycle1_af2pred.pdb,SADDLDDEDDDDLD,0.000521017
APP_binder_14_399_dldesign_0_cycle1_af2pred.pdb,MLGEAIKVDDDDLL,1.42E-05
APP_binder_14_39_dldesign_0_cycle1_af2pred.pdb,RERFLERLLKRLLE,0.001321974
APP_binder_14_3_dldesign_0_cycle1_af2pred.pdb,GPRDDVLDDLDAAA,0.000600939
APP_binder_14_400_dldesign_0_cycle1_af2pred.pdb,LLDDLLALLEALSR,0.000808934
APP_binder_14_401_dldesign_0_cycle1_af2pred.pdb,SMPLNNSLPPPLFN,0.000268094
APP_binder_14_402_dldesign_0_cycle1_af2pred.pdb,DSLLKSLLQRLLLR,0.000367696
APP_binder_14_403_dldesign_0_cycle1_af2pred.pdb,SLQRILDDLDELLA,0.000193763
APP_binder_14_404_dldesign_0_cycle1_af2pred.pdb,SSALKRALARLLQD,4.88E-05
APP_binder_14_405_dldesign_0_cycle1_af2pred.pdb,LEDLLEELRTLLRR,1.10E-05
APP_binder_14_406_dldesign_0_cycle1_af2pred.pdb,GTVYTNARLARLLA,0.000187824
APP_binder_14_407_dldesign_0_cycle1_af2pred.pdb,SSLLARLLADAAQS,2.02E-05
APP_binder_14_408_dldesign_0_cycle1_af2pred.pdb,STRLADRQQELDRA,4.64E-05
APP_binder_14_409_dldesign_0_cycle1_af2pred.pdb,PLPNVPPRDDIDLP,0.001449003
APP_binder_14_40_dldesign_0_cycle1_af2pred.pdb,SLLKRLLRLLQLLA,0.001041799
APP_binder_14_410_dldesign_0_cycle1_af2pred.pdb,LSGLLKALLSRLLS,4.25E-05
APP_binder_14_411_dldesign_0_cycle1_af2pred.pdb,GLVDNEPLPVKRVR,0.004324778
APP_binder_14_412_dldesign_0_cycle1_af2pred.pdb,SQLQLDLDQQLLDD,2.56E-05
APP_binder_14_413_dldesign_0_cycle1_af2pred.pdb,LEARLLARRLAAAP,0.003221737
APP_binder_14_414_dldesign_0_cycle1_af2pred.pdb,PLPPVVSYEEFPAP,0.006568845
APP_binder_14_415_dldesign_0_cycle1_af2pred.pdb,SLAEELLRNRLLGL,1.78E-05
APP_binder_14_416_dldesign_0_cycle1_af2pred.pdb,AAARLATLDRVLDQ,0.000331359
APP_binder_14_417_dldesign_0_cycle1_af2pred.pdb,SLPLNETPRYLPPP,9.26E-05
APP_binder_14_418_dldesign_0_cycle1_af2pred.pdb,ELANLLYNLLQLLA,0.000654612
APP_binder_14_419_dldesign_0_cycle1_af2pred.pdb,SLQELARLLQDLLE,0.000374334
APP_binder_14_41_dldesign_0_cycle1_af2pred.pdb,SHNEEVLARLRARA,0.000110029
APP_binder_14_420_dldesign_0_cycle1_af2pred.pdb,GSYISREELLDLLD,5.70E-05
APP_binder_14_421_dldesign_0_cycle1_af2pred.pdb,FRPVPDKPTRVILP,0.000522155
APP_binder_14_422_dldesign_0_cycle1_af2pred.pdb,APLAELLAELLELL,6.29E-05
APP_binder_14_423_dldesign_0_cycle1_af2pred.pdb,ARAAEVAALNALIA,2.04E-05
APP_binder_14_424_dldesign_0_cycle1_af2pred.pdb,MEHSAEIERPPSAP,0.000747093
APP_binder_14_425_dldesign_0_cycle1_af2pred.pdb,SELLKVKLKELLSS,0.000618211
APP_binder_14_426_dldesign_0_cycle1_af2pred.pdb,MKVKLDDSKPVVPL,0.000718114
APP_binder_14_427_dldesign_0_cycle1_af2pred.pdb,SVSFGLPVLPPAAP,0.000210517
APP_binder_14_428_dldesign_0_cycle1_af2pred.pdb,SERLRALLRALASE,0.001058221
APP_binder_14_429_dldesign_0_cycle1_af2pred.pdb,SVDEDIADLRRLRR,0.000363139
APP_binder_14_42_dldesign_0_cycle1_af2pred.pdb,DPRLAARLAQLLDD,0.001403238
APP_binder_14_430_dldesign_0_cycle1_af2pred.pdb,RRRALADLLAALLA,0.003314042
APP_binder_14_431_dldesign_0_cycle1_af2pred.pdb,HVVRVRPEVDDLSP,0.000814245
APP_binder_14_432_dldesign_0_cycle1_af2pred.pdb,PLEVIEGEREKVPV,2.85E-05
APP_binder_14_433_dldesign_0_cycle1_af2pred.pdb,GLVVHYEERPKAAP,0.001626126
APP_binder_14_434_dldesign_0_cycle1_af2pred.pdb,SRLLERLLAILDRK,0.000242003
APP_binder_14_435_dldesign_0_cycle1_af2pred.pdb,SSEELRKIISSLLP,1.14E-05
APP_binder_14_436_dldesign_0_cycle1_af2pred.pdb,GDTELDQALIALRV,0.0016844
APP_binder_14_437_dldesign_0_cycle1_af2pred.pdb,SSALLRRLDQLLLD,0.000105734
APP_binder_14_438_dldesign_0_cycle1_af2pred.pdb,DLRRLLYQLLQALA,7.58E-06
APP_binder_14_439_dldesign_0_cycle1_af2pred.pdb,PPVPPPVDVPAPVL,0.002708545
APP_binder_14_43_dldesign_0_cycle1_af2pred.pdb,GDYSRPREVTVILP,0.009050826
APP_binder_14_440_dldesign_0_cycle1_af2pred.pdb,RVTSEGVLPAVPQP,0.00443594
APP_binder_14_441_dldesign_0_cycle1_af2pred.pdb,RLARRLAQLDDVAD,0.000485334
APP_binder_14_442_dldesign_0_cycle1_af2pred.pdb,DPRLANLLDDLLDE,0.003512766
APP_binder_14_443_dldesign_0_cycle1_af2pred.pdb,SSALERKLLLALLA,1.52E-05
APP_binder_14_444_dldesign_0_cycle1_af2pred.pdb,SSRLATLDAYDDAL,0.0003924
APP_binder_14_445_dldesign_0_cycle1_af2pred.pdb,SAARAAELAALLAA,2.60E-05
APP_binder_14_446_dldesign_0_cycle1_af2pred.pdb,SLEARLLARRLASL,1.15E-05
APP_binder_14_447_dldesign_0_cycle1_af2pred.pdb,DLARLLAELLRALA,0.000240935
APP_binder_14_448_dldesign_0_cycle1_af2pred.pdb,DESLDKMLDRLLAR,0.001063495
APP_binder_14_449_dldesign_0_cycle1_af2pred.pdb,MRALREARTALINA,2.94E-05
APP_binder_14_44_dldesign_0_cycle1_af2pred.pdb,SLLQVLLSYDLALD,0.000363747
APP_binder_14_450_dldesign_0_cycle1_af2pred.pdb,SDEDLEEARRALYS,0.000361167
APP_binder_14_451_dldesign_0_cycle1_af2pred.pdb,SLLLDLLQQLLLDS,0.000660072
APP_binder_14_452_dldesign_0_cycle1_af2pred.pdb,PYLSLEERQLLRLL,0.001433426
APP_binder_14_453_dldesign_0_cycle1_af2pred.pdb,LLRLLRLLQQLLSE,0.003795266
APP_binder_14_454_dldesign_0_cycle1_af2pred.pdb,SLLDDLNELLSALA,0.001775862
APP_binder_14_455_dldesign_0_cycle1_af2pred.pdb,LRTPLPAPALSPLE,0.000648617
APP_binder_14_456_dldesign_0_cycle1_af2pred.pdb,WLARRLARAALSAA,0.000678117
APP_binder_14_457_dldesign_0_cycle1_af2pred.pdb,GVSKEELDDDLLDA,0.002177912
APP_binder_14_458_dldesign_0_cycle1_af2pred.pdb,MASRLKALALLLAA,3.94E-05
APP_binder_14_459_dldesign_0_cycle1_af2pred.pdb,EQLLAALRRALREA,0.000538642
APP_binder_14_45_dldesign_0_cycle1_af2pred.pdb,MTGSEVAALDDAAA,6.10E-05
APP_binder_14_460_dldesign_0_cycle1_af2pred.pdb,ALAELQSALLRALA,0.001692966
APP_binder_14_461_dldesign_0_cycle1_af2pred.pdb,SRRLAALAAAAAAA,0.000463672
APP_binder_14_462_dldesign_0_cycle1_af2pred.pdb,SREDLIALQEDLNA,9.38E-05
APP_binder_14_463_dldesign_0_cycle1_af2pred.pdb,SGLLRSLLRQLLLR,0.000799619
APP_binder_14_464_dldesign_0_cycle1_af2pred.pdb,LRELERLKILLQEG,0.000136415
APP_binder_14_465_dldesign_0_cycle1_af2pred.pdb,SAALLARSLAARLA,0.000788201
APP_binder_14_466_dldesign_0_cycle1_af2pred.pdb,DDDEADYNLLQLLR,0.000294463
APP_binder_14_467_dldesign_0_cycle1_af2pred.pdb,DRMALVALVRELLR,1.93E-05
APP_binder_14_468_dldesign_0_cycle1_af2pred.pdb,SLLALLRRLDNLLA,0.000106374
APP_binder_14_469_dldesign_0_cycle1_af2pred.pdb,TLRVERPPYVAVPP,0.004420026
APP_binder_14_46_dldesign_0_cycle1_af2pred.pdb,MSPEELAQVLAQLL,2.61E-05
APP_binder_14_470_dldesign_0_cycle1_af2pred.pdb,GRLVPVDDDDDEDE,0.001309488
APP_binder_14_471_dldesign_0_cycle1_af2pred.pdb,SRLDEADDLLDALA,6.05E-05
APP_binder_14_472_dldesign_0_cycle1_af2pred.pdb,GELVLVKVDAPLPL,0.009493032
APP_binder_14_473_dldesign_0_cycle1_af2pred.pdb,LRALRADRVADELA,0.000453953
APP_binder_14_474_dldesign_0_cycle1_af2pred.pdb,HMHQLANKLADLAA,3.42E-05
APP_binder_14_475_dldesign_0_cycle1_af2pred.pdb,MSTRPLRELRRLLA,0.000474386
APP_binder_14_476_dldesign_0_cycle1_af2pred.pdb,GVPSLDKQLLLLLE,0.001850933
APP_binder_14_477_dldesign_0_cycle1_af2pred.pdb,GRALSDDLDDLLAD,0.00103263
APP_binder_14_478_dldesign_0_cycle1_af2pred.pdb,SWADIRALRAALRG,8.47E-06
APP_binder_14_479_dldesign_0_cycle1_af2pred.pdb,NLARRLAMLLQQLL,0.000834559
APP_binder_14_47_dldesign_0_cycle1_af2pred.pdb,MLATIQQSLDSLLA,0.000447206
APP_binder_14_480_dldesign_0_cycle1_af2pred.pdb,ITREETLDRVLDNE,0.002543649
APP_binder_14_481_dldesign_0_cycle1_af2pred.pdb,DDLLEELKTLLRQE,0.008320887
APP_binder_14_482_dldesign_0_cycle1_af2pred.pdb,SLADQLAKRLLSRL,0.000446558
APP_binder_14_483_dldesign_0_cycle1_af2pred.pdb,MTGEEALLLAALAA,4.99E-05
APP_binder_14_484_dldesign_0_cycle1_af2pred.pdb,SYLDARLDLLDEEG,7.58E-05
APP_binder_14_485_dldesign_0_cycle1_af2pred.pdb,PVVGVPRPSSPRTP,1.34E-05
APP_binder_14_486_dldesign_0_cycle1_af2pred.pdb,ASKLLRAAKTQALL,0.000939778
APP_binder_14_487_dldesign_0_cycle1_af2pred.pdb,NVEVTKELYDELLD,0.000222043
APP_binder_14_488_dldesign_0_cycle1_af2pred.pdb,GVPKDELDDLLDDA,0.000774738
APP_binder_14_489_dldesign_0_cycle1_af2pred.pdb,GLLRDLKRLLKNLA,0.001254858
APP_binder_14_48_dldesign_0_cycle1_af2pred.pdb,GSTLKQKVHVGALP,0.000947929
APP_binder_14_490_dldesign_0_cycle1_af2pred.pdb,GSEENADDEDDDAA,7.73E-05
APP_binder_14_491_dldesign_0_cycle1_af2pred.pdb,DDDEDDQKDDLLLE,0.000601209
APP_binder_14_492_dldesign_0_cycle1_af2pred.pdb,DEELLARLLSLLSL,2.44E-05
APP_binder_14_493_dldesign_0_cycle1_af2pred.pdb,GATLANVLDLLDDA,0.0002668
APP_binder_14_494_dldesign_0_cycle1_af2pred.pdb,SLLRRLLRRLLYSP,0.031171229
APP_binder_14_495_dldesign_0_cycle1_af2pred.pdb,SLESLLSSLLKSLS,0.000653976
APP_binder_14_496_dldesign_0_cycle1_af2pred.pdb,NLLDLLNQLLKADD,4.88E-05
APP_binder_14_497_dldesign_0_cycle1_af2pred.pdb,DTLLLDRLQQLLLP,0.000128049
APP_binder_14_498_dldesign_0_cycle1_af2pred.pdb,EELLRALQELLDAL,0.000623314
APP_binder_14_499_dldesign_0_cycle1_af2pred.pdb,SLLEDLLRLLRVLS,0.000491023
APP_binder_14_49_dldesign_0_cycle1_af2pred.pdb,SPALLRRLLQKLLD,7.65E-05
APP_binder_14_4_dldesign_0_cycle1_af2pred.pdb,AALAEALRALAEAA,0.000824168
APP_binder_14_500_dldesign_0_cycle1_af2pred.pdb,GARDDALDDNDDDD,0.00727952
APP_binder_14_501_dldesign_0_cycle1_af2pred.pdb,GTPVLVEIESEDAD,0.004398104
APP_binder_14_502_dldesign_0_cycle1_af2pred.pdb,GVNGTPRYPSDLAG,0.000835072
APP_binder_14_503_dldesign_0_cycle1_af2pred.pdb,GPLPPARSLPNRPP,0.012573477
APP_binder_14_504_dldesign_0_cycle1_af2pred.pdb,SLLKKLAAALAQAP,0.002631753
APP_binder_14_505_dldesign_0_cycle1_af2pred.pdb,DLEEDITAAKLALH,0.001251979
APP_binder_14_506_dldesign_0_cycle1_af2pred.pdb,SYLRNPHVHVPALP,8.37E-05
APP_binder_14_507_dldesign_0_cycle1_af2pred.pdb,ELEALALAALAALL,0.000376049
APP_binder_14_508_dldesign_0_cycle1_af2pred.pdb,EEDELLDRLAEQLP,0.001271447
APP_binder_14_509_dldesign_0_cycle1_af2pred.pdb,ALAALLRRLAVLDS,0.000640859
APP_binder_14_50_dldesign_0_cycle1_af2pred.pdb,LAALLALLRALLLA,6.97E-05
APP_binder_14_510_dldesign_0_cycle1_af2pred.pdb,SLLAQLDRDDALAG,2.91E-05
APP_binder_14_511_dldesign_0_cycle1_af2pred.pdb,SVTITPPVKVDLPP,0.00075662
APP_binder_14_512_dldesign_0_cycle1_af2pred.pdb,LPPSVKLSTRVYLP,0.002808772
APP_binder_14_513_dldesign_0_cycle1_af2pred.pdb,GSAVLEDDDAVEEE,0.003082668
APP_binder_14_514_dldesign_0_cycle1_af2pred.pdb,GPPRHVLLSDLLAA,5.11E-05
APP_binder_14_515_dldesign_0_cycle1_af2pred.pdb,SLAKALAARLALLA,0.001495562
APP_binder_14_516_dldesign_0_cycle1_af2pred.pdb,DPRLLSQLLNDLKE,5.62E-05
APP_binder_14_517_dldesign_0_cycle1_af2pred.pdb,AAARLAALAAALDS,1.94E-05
APP_binder_14_518_dldesign_0_cycle1_af2pred.pdb,MEETRLQQLDLDLA,4.80E-05
APP_binder_14_519_dldesign_0_cycle1_af2pred.pdb,MERQIALEKAALIN,0.000136643
APP_binder_14_51_dldesign_0_cycle1_af2pred.pdb,DDLLEELRELLRRL,0.002369316
APP_binder_14_520_dldesign_0_cycle1_af2pred.pdb,DLLDDLEELLRALA,0.00015405
APP_binder_14_521_dldesign_0_cycle1_af2pred.pdb,SLARLLSLDRNLDD,0.008898098
APP_binder_14_522_dldesign_0_cycle1_af2pred.pdb,STEETEDDNDDDDD,1.39E-05
APP_binder_14_523_dldesign_0_cycle1_af2pred.pdb,SAELLRLLLRALAP,0.001035268
APP_binder_14_524_dldesign_0_cycle1_af2pred.pdb,QTDEEIERNALLLA,8.76E-05
APP_binder_14_525_dldesign_0_cycle1_af2pred.pdb,SDQMDLRALLRALR,0.000446433
APP_binder_14_526_dldesign_0_cycle1_af2pred.pdb,SAALSRLLNDDDDA,0.000456032
APP_binder_14_527_dldesign_0_cycle1_af2pred.pdb,GRALDLLSQLLADA,0.000568846
APP_binder_14_528_dldesign_0_cycle1_af2pred.pdb,DDDDDDLLEELNEG,0.002140124
APP_binder_14_529_dldesign_0_cycle1_af2pred.pdb,GALAAARAAVALAT,0.003988693
APP_binder_14_52_dldesign_0_cycle1_af2pred.pdb,GLNRRLLDLLDDLL,0.001721715
APP_binder_14_530_dldesign_0_cycle1_af2pred.pdb,ASLLLRLKYLLDQL,0.001775961
APP_binder_14_531_dldesign_0_cycle1_af2pred.pdb,SKLLAIYPAEDDLP,0.000187045
APP_binder_14_532_dldesign_0_cycle1_af2pred.pdb,DDDDLRALLQALQQ,0.000551426
APP_binder_14_533_dldesign_0_cycle1_af2pred.pdb,AETVYTPRRVLYTP,0.030418031
APP_binder_14_534_dldesign_0_cycle1_af2pred.pdb,LRLLNELLRLLLDL,0.002873136
APP_binder_14_535_dldesign_0_cycle1_af2pred.pdb,GIRIPPVKVAAPAA,0.001886829
APP_binder_14_536_dldesign_0_cycle1_af2pred.pdb,SAADLNALRLASLL,2.93E-05
APP_binder_14_537_dldesign_0_cycle1_af2pred.pdb,AEDLNLLDLARALG,0.000717213
APP_binder_14_538_dldesign_0_cycle1_af2pred.pdb,REALRLLNRLRTLP,0.011973371
APP_binder_14_539_dldesign_0_cycle1_af2pred.pdb,LSELMRLLNLLKQL,0.000894381
APP_binder_14_53_dldesign_0_cycle1_af2pred.pdb,SRLYRLLQTLLLLA,0.173581809
APP_binder_14_540_dldesign_0_cycle1_af2pred.pdb,SVPKSLLDDLLDDA,0.002348928
APP_binder_14_541_dldesign_0_cycle1_af2pred.pdb,MSEAERLAARRAAQ,8.87E-05
APP_binder_14_542_dldesign_0_cycle1_af2pred.pdb,LSPEDLAQLAALLA,4.87E-05
APP_binder_14_543_dldesign_0_cycle1_af2pred.pdb,AAALRQANIDANLA,1.26E-05
APP_binder_14_544_dldesign_0_cycle1_af2pred.pdb,GSLLEQLRGLLLAP,0.006004275
APP_binder_14_545_dldesign_0_cycle1_af2pred.pdb,SDEALDQNLLDLLR,0.001074838
APP_binder_14_546_dldesign_0_cycle1_af2pred.pdb,LAERLAQLLRYLLS,0.000508224
APP_binder_14_547_dldesign_0_cycle1_af2pred.pdb,RQLYLDRDLDDLLD,0.000235372
APP_binder_14_548_dldesign_0_cycle1_af2pred.pdb,ERLRILARLLANEA,0.000643199
APP_binder_14_549_dldesign_0_cycle1_af2pred.pdb,AADKALERALLLAG,0.000538959
APP_binder_14_54_dldesign_0_cycle1_af2pred.pdb,LAALLAALARELAG,3.59E-05
APP_binder_14_550_dldesign_0_cycle1_af2pred.pdb,ALRALRLLRQALND,0.001569925
APP_binder_14_551_dldesign_0_cycle1_af2pred.pdb,GLVERPPSYPPLPL,0.033879504
APP_binder_14_552_dldesign_0_cycle1_af2pred.pdb,SLTLRSLASLDDAL,0.000661118
APP_binder_14_553_dldesign_0_cycle1_af2pred.pdb,SSALLSLLNALLSS,0.000171668
APP_binder_14_554_dldesign_0_cycle1_af2pred.pdb,SLSQLARRLDLLDA,5.01E-05
APP_binder_14_555_dldesign_0_cycle1_af2pred.pdb,EEDLLDLLNELRRS,0.00049799
APP_binder_14_556_dldesign_0_cycle1_af2pred.pdb,PVAVAHPSSALPGP,8.38E-05
APP_binder_14_557_dldesign_0_cycle1_af2pred.pdb,SRLSASELAALADA,0.00026389
APP_binder_14_558_dldesign_0_cycle1_af2pred.pdb,SLAELLAQRAALLA,8.88E-05
APP_binder_14_559_dldesign_0_cycle1_af2pred.pdb,RLLLLRLLSLDRLA,0.007471111
APP_binder_14_55_dldesign_0_cycle1_af2pred.pdb,SLAEQLAKQAAARS,0.000294386
APP_binder_14_560_dldesign_0_cycle1_af2pred.pdb,SSLLRKLLRYLASS,0.000123277
APP_binder_14_561_dldesign_0_cycle1_af2pred.pdb,GTVVTSERPRAAPP,0.000552337
APP_binder_14_562_dldesign_0_cycle1_af2pred.pdb,GSPWQSAEGPYAPP,0.002018308
APP_binder_14_563_dldesign_0_cycle1_af2pred.pdb,HMPLRHRKVTAEEL,7.47E-05
APP_binder_14_564_dldesign_0_cycle1_af2pred.pdb,DDDDDLEELLQLLQ,0.000932104
APP_binder_14_565_dldesign_0_cycle1_af2pred.pdb,GVATLRTRPPERPP,0.01015491
APP_binder_14_566_dldesign_0_cycle1_af2pred.pdb,EPQLLLDLLADLLK,2.08E-05
APP_binder_14_567_dldesign_0_cycle1_af2pred.pdb,AAARRLALLLDDLA,0.000677477
APP_binder_14_568_dldesign_0_cycle1_af2pred.pdb,GEWSSGESLPPALP,0.003109683
APP_binder_14_569_dldesign_0_cycle1_af2pred.pdb,ELPEPARPYTRWVP,0.003010267
APP_binder_14_56_dldesign_0_cycle1_af2pred.pdb,PPVVTLASDLLAAE,0.00062151
APP_binder_14_570_dldesign_0_cycle1_af2pred.pdb,SLKPELKEYPYVPP,0.000176614
APP_binder_14_571_dldesign_0_cycle1_af2pred.pdb,AAAARALQLDMVDD,0.000688823
APP_binder_14_572_dldesign_0_cycle1_af2pred.pdb,AAAKIAAARLARAA,0.000897742
APP_binder_14_573_dldesign_0_cycle1_af2pred.pdb,LEDELENLDEELLD,5.64E-05
APP_binder_14_574_dldesign_0_cycle1_af2pred.pdb,SLSTEEKRLLQLLD,7.55E-05
APP_binder_14_575_dldesign_0_cycle1_af2pred.pdb,ALALLLARLLRLLP,0.002013005
APP_binder_14_576_dldesign_0_cycle1_af2pred.pdb,LDDLLDRLLEMLLR,3.27E-05
APP_binder_14_577_dldesign_0_cycle1_af2pred.pdb,SSPWELVEFEKVSA,0.001101233
APP_binder_14_578_dldesign_0_cycle1_af2pred.pdb,GPPPPPPRVVLVAA,0.00170818
APP_binder_14_579_dldesign_0_cycle1_af2pred.pdb,SLALLQRLDDLLAE,7.61E-05
APP_binder_14_57_dldesign_0_cycle1_af2pred.pdb,DALERLLKELDSLL,0.000746576
APP_binder_14_580_dldesign_0_cycle1_af2pred.pdb,SAQVLAALLANLDD,3.03E-05
APP_binder_14_581_dldesign_0_cycle1_af2pred.pdb,DDDDDLDDLLEALA,0.002249831
APP_binder_14_582_dldesign_0_cycle1_af2pred.pdb,GSALTREELDDLLE,0.00165275
APP_binder_14_583_dldesign_0_cycle1_af2pred.pdb,RLLTRLLQLLDDAL,0.009894717
APP_binder_14_584_dldesign_0_cycle1_af2pred.pdb,GAALARYAAQRAAL,3.16E-05
APP_binder_14_585_dldesign_0_cycle1_af2pred.pdb,DDLDELRRLLALLA,0.0005342
APP_binder_14_586_dldesign_0_cycle1_af2pred.pdb,GSLEADLAAAALAA,0.000189791
APP_binder_14_587_dldesign_0_cycle1_af2pred.pdb,PLTAVLLPKVRVRP,1.20E-05
APP_binder_14_588_dldesign_0_cycle1_af2pred.pdb,GPPQVVQERLVPAP,0.003400213
APP_binder_14_589_dldesign_0_cycle1_af2pred.pdb,GPIFSESPPAADTL,0.000441463
APP_binder_14_58_dldesign_0_cycle1_af2pred.pdb,SLDNAGVARVQPPP,0.000309588
APP_binder_14_590_dldesign_0_cycle1_af2pred.pdb,SLSLDNRLDALLDE,1.40E-05
APP_binder_14_591_dldesign_0_cycle1_af2pred.pdb,LAELLRDDLEDLLD,0.001850181
APP_binder_14_592_dldesign_0_cycle1_af2pred.pdb,SALLALRRLLNRLG,9.13E-05
APP_binder_14_593_dldesign_0_cycle1_af2pred.pdb,VVSSVSKTELLDLA,0.004902594
APP_binder_14_594_dldesign_0_cycle1_af2pred.pdb,GPVAVLLSDVLAAL,0.001063618
APP_binder_14_595_dldesign_0_cycle1_af2pred.pdb,DEMDDYLDLLDLLA,0.003689096
APP_binder_14_596_dldesign_0_cycle1_af2pred.pdb,MDEENLDDLDDDDL,0.000441539
APP_binder_14_597_dldesign_0_cycle1_af2pred.pdb,MAATRLQSLDNAAG,0.000459835
APP_binder_14_598_dldesign_0_cycle1_af2pred.pdb,PEPEVSFSEEERSP,0.002428179
APP_binder_14_599_dldesign_0_cycle1_af2pred.pdb,GALRARLARALARA,0.001489992
APP_binder_14_59_dldesign_0_cycle1_af2pred.pdb,PAVLSPEIDDKLDL,5.28E-05
APP_binder_14_5_dldesign_0_cycle1_af2pred.pdb,RLARLLQQLLDDAA,0.004363236
APP_binder_14_600_dldesign_0_cycle1_af2pred.pdb,GVVVYRPATLSQRL,0.002247111
APP_binder_14_601_dldesign_0_cycle1_af2pred.pdb,DDDDDDDDLEELRL,0.004480934
APP_binder_14_602_dldesign_0_cycle1_af2pred.pdb,EEELLRRRLRALLT,0.006814121
APP_binder_14_603_dldesign_0_cycle1_af2pred.pdb,SYAAVAAALAAALA,0.000297676
APP_binder_14_604_dldesign_0_cycle1_af2pred.pdb,GTREEDLAAQAALP,0.004973104
APP_binder_14_605_dldesign_0_cycle1_af2pred.pdb,GSVSFSERPYVAAP,0.00673946
APP_binder_14_606_dldesign_0_cycle1_af2pred.pdb,MEHILEDRDLDEDE,0.002435565
APP_binder_14_607_dldesign_0_cycle1_af2pred.pdb,SLAALLAATLAYNS,0.000344768
APP_binder_14_608_dldesign_0_cycle1_af2pred.pdb,LPSLLRRLARLLAR,0.002721857
APP_binder_14_609_dldesign_0_cycle1_af2pred.pdb,SVPVPRSLPNRFLP,0.011348275
APP_binder_14_60_dldesign_0_cycle1_af2pred.pdb,SVVTSVPYTADVLP,0.002214259
APP_binder_14_610_dldesign_0_cycle1_af2pred.pdb,SVAEVLLSIALHRS,0.001414201
APP_binder_14_611_dldesign_0_cycle1_af2pred.pdb,GLAELLDEDLDDLA,0.000949066
APP_binder_14_612_dldesign_0_cycle1_af2pred.pdb,GVSQRELDDLLDDA,0.000226192
APP_binder_14_613_dldesign_0_cycle1_af2pred.pdb,PSPEELREDELDDD,0.000702061
APP_binder_14_614_dldesign_0_cycle1_af2pred.pdb,LAALLAALAAALAA,1.25E-05
APP_binder_14_615_dldesign_0_cycle1_af2pred.pdb,SELLGLLKSLLARL,0.000593114
APP_binder_14_616_dldesign_0_cycle1_af2pred.pdb,SSLLRALLKQLRLA,0.000196494
APP_binder_14_617_dldesign_0_cycle1_af2pred.pdb,SNNLAALLAALLAA,0.000122029
APP_binder_14_618_dldesign_0_cycle1_af2pred.pdb,PVVPPPKVRSVPEP,0.000415042
APP_binder_14_619_dldesign_0_cycle1_af2pred.pdb,MNREAYLLAQLLAA,0.001758481
APP_binder_14_61_dldesign_0_cycle1_af2pred.pdb,PLPPPRRPPRRPPR,0.958687603
APP_binder_14_620_dldesign_0_cycle1_af2pred.pdb,SLLKDDYLDDLLDA,9.33E-05
APP_binder_14_621_dldesign_0_cycle1_af2pred.pdb,DLLRRLLKQLLAEP,0.002579618
APP_binder_14_622_dldesign_0_cycle1_af2pred.pdb,EAATLARLLARELA,0.001277322
APP_binder_14_623_dldesign_0_cycle1_af2pred.pdb,ARLENLDRNLDDEL,0.001063207
APP_binder_14_624_dldesign_0_cycle1_af2pred.pdb,SVLVEAPFTPLSPP,0.003591202
APP_binder_14_625_dldesign_0_cycle1_af2pred.pdb,SSALLNTLARRLAS,0.001370616
APP_binder_14_626_dldesign_0_cycle1_af2pred.pdb,DDADDDLDDLLALL,0.002795052
APP_binder_14_627_dldesign_0_cycle1_af2pred.pdb,GVPVPRVVPNPVPP,0.040052317
APP_binder_14_628_dldesign_0_cycle1_af2pred.pdb,GLVLGPLRPPRVYP,0.0044954
APP_binder_14_629_dldesign_0_cycle1_af2pred.pdb,SPYDAVAAQRYALS,0.000175112
APP_binder_14_62_dldesign_0_cycle1_af2pred.pdb,GSVTVHYSELPPAA,0.002301089
APP_binder_14_630_dldesign_0_cycle1_af2pred.pdb,SRPSEDQQLLNLLS,0.000352183
APP_binder_14_631_dldesign_0_cycle1_af2pred.pdb,GSGLDQQLDQLDDS,0.000343236
APP_binder_14_632_dldesign_0_cycle1_af2pred.pdb,SLLSQPVELRHRPA,0.000506959
APP_binder_14_633_dldesign_0_cycle1_af2pred.pdb,EVDVGVPRNVEPLY,0.003145254
APP_binder_14_634_dldesign_0_cycle1_af2pred.pdb,SNALLTLLNMLLNS,2.52E-05
APP_binder_14_635_dldesign_0_cycle1_af2pred.pdb,SLPTLKRVEAKPAP,0.000274904
APP_binder_14_636_dldesign_0_cycle1_af2pred.pdb,STEVVEVDEDEDVP,7.34E-05
APP_binder_14_637_dldesign_0_cycle1_af2pred.pdb,DDDENDLNLLRLAP,0.00196392
APP_binder_14_638_dldesign_0_cycle1_af2pred.pdb,GLLRLLRLDQSLDN,0.000222215
APP_binder_14_639_dldesign_0_cycle1_af2pred.pdb,AQAAQRLADRAQEL,0.001739507
APP_binder_14_63_dldesign_0_cycle1_af2pred.pdb,EEELRRLLYNLLQS,0.001539969
APP_binder_14_640_dldesign_0_cycle1_af2pred.pdb,SLLSILAARLARLL,0.000178446
APP_binder_14_641_dldesign_0_cycle1_af2pred.pdb,ALARALETTLLLSP,4.42E-05
APP_binder_14_642_dldesign_0_cycle1_af2pred.pdb,AKAVTPTTVGETVE,0.001964216
APP_binder_14_643_dldesign_0_cycle1_af2pred.pdb,SDLKRLLRYKDDAD,0.00015224
APP_binder_14_644_dldesign_0_cycle1_af2pred.pdb,PVKISLEELAKLLA,0.000172941
APP_binder_14_645_dldesign_0_cycle1_af2pred.pdb,PRPQVSDPLAPYMP,0.001154389
APP_binder_14_646_dldesign_0_cycle1_af2pred.pdb,PPPVKTTLKSVQPP,3.85E-05
APP_binder_14_647_dldesign_0_cycle1_af2pred.pdb,GARALLEALLAALA,0.000576031
APP_binder_14_648_dldesign_0_cycle1_af2pred.pdb,GQPSPLITIEPPSP,0.000234641
APP_binder_14_649_dldesign_0_cycle1_af2pred.pdb,SVLPPVVPENVELL,0.000173548
APP_binder_14_64_dldesign_0_cycle1_af2pred.pdb,SARQLARDRQLDDE,0.000888995
APP_binder_14_650_dldesign_0_cycle1_af2pred.pdb,TLAKLLANLDDEDD,0.013196955
APP_binder_14_651_dldesign_0_cycle1_af2pred.pdb,KPPFQHPAVRPWLP,0.003481102
APP_binder_14_652_dldesign_0_cycle1_af2pred.pdb,SQADLNALQRALVR,1.57E-05
APP_binder_14_653_dldesign_0_cycle1_af2pred.pdb,MENLDLRALLEALS,1.45E-05
APP_binder_14_654_dldesign_0_cycle1_af2pred.pdb,DPAALAAAAAALAE,0.000229884
APP_binder_14_655_dldesign_0_cycle1_af2pred.pdb,ALDELLNALRLALG,0.000551068
APP_binder_14_656_dldesign_0_cycle1_af2pred.pdb,LPALLRTLLAQLLR,0.000667659
APP_binder_14_657_dldesign_0_cycle1_af2pred.pdb,ASALLKALRAALRG,0.003036015
APP_binder_14_658_dldesign_0_cycle1_af2pred.pdb,GYNLLKALLQRLLD,0.003935514
APP_binder_14_659_dldesign_0_cycle1_af2pred.pdb,SSPPELVEVEVEPP,0.000382802
APP_binder_14_65_dldesign_0_cycle1_af2pred.pdb,SLADLLLRLQLLLS,0.000155072
APP_binder_14_660_dldesign_0_cycle1_af2pred.pdb,SVHLEEKEPLTFAP,8.95E-05
APP_binder_14_661_dldesign_0_cycle1_af2pred.pdb,SLSRLDDLLDDLAA,2.97E-05
APP_binder_14_662_dldesign_0_cycle1_af2pred.pdb,SAQILAKKDAIDAA,2.94E-05
APP_binder_14_663_dldesign_0_cycle1_af2pred.pdb,SQADLQALTRALLS,0.001269616
APP_binder_14_664_dldesign_0_cycle1_af2pred.pdb,LLDELKGLLSRLAA,0.001110767
APP_binder_14_665_dldesign_0_cycle1_af2pred.pdb,LAELLRLLERLLRN,0.000336553
APP_binder_14_666_dldesign_0_cycle1_af2pred.pdb,KPRVIHVDDDDLLP,0.000985836
APP_binder_14_667_dldesign_0_cycle1_af2pred.pdb,ASAAIRAANRALSE,0.000298975
APP_binder_14_668_dldesign_0_cycle1_af2pred.pdb,PRLLTRLQSLDNLA,1.95E-05
APP_binder_14_669_dldesign_0_cycle1_af2pred.pdb,PLEDLDQQDDIEDE,0.000398811
APP_binder_14_66_dldesign_0_cycle1_af2pred.pdb,SILSLMEAQSALNL,0.000231956
APP_binder_14_670_dldesign_0_cycle1_af2pred.pdb,LNAAQKLLDDALAA,2.43E-05
APP_binder_14_671_dldesign_0_cycle1_af2pred.pdb,DLLEDLLDLLRRLL,1.33E-05
APP_binder_14_672_dldesign_0_cycle1_af2pred.pdb,SLLRRLEDLLDLDA,9.40E-05
APP_binder_14_673_dldesign_0_cycle1_af2pred.pdb,SLPGSLQKLLDDLA,0.001758917
APP_binder_14_674_dldesign_0_cycle1_af2pred.pdb,LDELQHLDSLDDAS,0.000323278
APP_binder_14_675_dldesign_0_cycle1_af2pred.pdb,LLEELDDLDDALAE,0.000152094
APP_binder_14_676_dldesign_0_cycle1_af2pred.pdb,LEQLLDRLDELLEE,0.000393905
APP_binder_14_677_dldesign_0_cycle1_af2pred.pdb,AEELVLGERIKVPA,0.002626046
APP_binder_14_678_dldesign_0_cycle1_af2pred.pdb,GERRLATLLAELLS,0.015101088
APP_binder_14_679_dldesign_0_cycle1_af2pred.pdb,DDDDLNELRQLLYS,0.00222467
APP_binder_14_67_dldesign_0_cycle1_af2pred.pdb,MADEAKRAAELAAL,0.000272536
APP_binder_14_680_dldesign_0_cycle1_af2pred.pdb,EHVVVPVEVEVPPA,0.000319981
APP_binder_14_681_dldesign_0_cycle1_af2pred.pdb,SLSPELLALLRDLL,0.001242837
APP_binder_14_682_dldesign_0_cycle1_af2pred.pdb,LEVVGTAQVEILPE,1.06E-05
APP_binder_14_683_dldesign_0_cycle1_af2pred.pdb,AGQAEAAAARAALE,0.001841472
APP_binder_14_684_dldesign_0_cycle1_af2pred.pdb,GALAERLARTLAER,0.003123258
APP_binder_14_685_dldesign_0_cycle1_af2pred.pdb,SPRGVPIPEEADVP,2.03E-05
APP_binder_14_686_dldesign_0_cycle1_af2pred.pdb,SLARLLAKNAAAAA,0.0005823
APP_binder_14_687_dldesign_0_cycle1_af2pred.pdb,PPKLVQRLRRLSLP,0.014468793
APP_binder_14_688_dldesign_0_cycle1_af2pred.pdb,SLVLELRRLLNELD,0.000388587
APP_binder_14_689_dldesign_0_cycle1_af2pred.pdb,MEELLRRVAANRAA,0.000378989
APP_binder_14_68_dldesign_0_cycle1_af2pred.pdb,ARAVPLPPDVVVLP,1.33E-05
APP_binder_14_690_dldesign_0_cycle1_af2pred.pdb,GVSAETLARLALLA,0.003281572
APP_binder_14_691_dldesign_0_cycle1_af2pred.pdb,GDRADDQADDADDE,0.000547383
APP_binder_14_692_dldesign_0_cycle1_af2pred.pdb,AAADLRAARHAAAL,4.98E-05
APP_binder_14_693_dldesign_0_cycle1_af2pred.pdb,SLLLQQLANLDALS,7.61E-05
APP_binder_14_694_dldesign_0_cycle1_af2pred.pdb,SEWELVEFEYVPPP,0.002383922
APP_binder_14_695_dldesign_0_cycle1_af2pred.pdb,GDAQLRAARLAASS,0.000123446
APP_binder_14_696_dldesign_0_cycle1_af2pred.pdb,SRNLETGVLRPSLP,0.000210681
APP_binder_14_697_dldesign_0_cycle1_af2pred.pdb,MVEADRLASLDKLA,0.000184631
APP_binder_14_698_dldesign_0_cycle1_af2pred.pdb,SAVHSPELGALLAP,0.000555342
APP_binder_14_699_dldesign_0_cycle1_af2pred.pdb,DADRRLLARLLALG,0.000331334
APP_binder_14_69_dldesign_0_cycle1_af2pred.pdb,SALQLTDDLDDLDD,6.56E-05
APP_binder_14_6_dldesign_0_cycle1_af2pred.pdb,AALANRAARLAAEA,5.83E-05
APP_binder_14_700_dldesign_0_cycle1_af2pred.pdb,DLGLLRRLLRRLLR,0.01112292
APP_binder_14_701_dldesign_0_cycle1_af2pred.pdb,PNYVYLPGLPIVPK,0.000308146
APP_binder_14_702_dldesign_0_cycle1_af2pred.pdb,STYSPKVKYVAVAP,2.60E-05
APP_binder_14_703_dldesign_0_cycle1_af2pred.pdb,SSFPVYDEVDEELE,0.003917421
APP_binder_14_704_dldesign_0_cycle1_af2pred.pdb,SLPTLRVLPPAPPP,5.80E-05
APP_binder_14_705_dldesign_0_cycle1_af2pred.pdb,LSEEELRLLNLLLR,0.000517767
APP_binder_14_706_dldesign_0_cycle1_af2pred.pdb,REALKQALADLLNA,0.000486121
APP_binder_14_707_dldesign_0_cycle1_af2pred.pdb,SSSLLRSKLNRLLV,1.24E-05
APP_binder_14_708_dldesign_0_cycle1_af2pred.pdb,DDDLDELLDDLLDD,0.003150301
APP_binder_14_709_dldesign_0_cycle1_af2pred.pdb,GSVWRPPRRYPIER,0.413223356
APP_binder_14_70_dldesign_0_cycle1_af2pred.pdb,GLARLLEQLDALLD,0.001997365
APP_binder_14_710_dldesign_0_cycle1_af2pred.pdb,SEVEVDLSEALPAD,0.000649183
APP_binder_14_711_dldesign_0_cycle1_af2pred.pdb,DLTDDLKDLQLLLL,7.84E-05
APP_binder_14_712_dldesign_0_cycle1_af2pred.pdb,SLGLLLKLRRLLAA,0.00170529
APP_binder_14_713_dldesign_0_cycle1_af2pred.pdb,AAALAELLRRLLAE,0.001078514
APP_binder_14_714_dldesign_0_cycle1_af2pred.pdb,SVVERVNLSLLRPV,0.000197478
APP_binder_14_715_dldesign_0_cycle1_af2pred.pdb,LLNELLRLDEDLLS,0.000425095
APP_binder_14_716_dldesign_0_cycle1_af2pred.pdb,GSYFRVRVPNAPQD,0.009774642
APP_binder_14_717_dldesign_0_cycle1_af2pred.pdb,MAEVLAKELDSELD,0.000201914
APP_binder_14_718_dldesign_0_cycle1_af2pred.pdb,SVLEEIEVPQQPLP,0.000159828
APP_binder_14_719_dldesign_0_cycle1_af2pred.pdb,LLKYLLLRLAELLP,0.00085184
APP_binder_14_71_dldesign_0_cycle1_af2pred.pdb,SPQELYKLLRALLE,0.000758898
APP_binder_14_720_dldesign_0_cycle1_af2pred.pdb,GLSRLDDLLDDLAA,0.000152988
APP_binder_14_721_dldesign_0_cycle1_af2pred.pdb,LAELQALLNQDLLA,1.45E-05
APP_binder_14_722_dldesign_0_cycle1_af2pred.pdb,SLEDNKALYNALLA,0.00139447
APP_binder_14_723_dldesign_0_cycle1_af2pred.pdb,LRLQRLLQLLDDLA,0.00019976
APP_binder_14_724_dldesign_0_cycle1_af2pred.pdb,RLATLDQVDDLDAA,0.000935966
APP_binder_14_725_dldesign_0_cycle1_af2pred.pdb,SLLADLLNDLLDLA,6.51E-05
APP_binder_14_726_dldesign_0_cycle1_af2pred.pdb,STLLQDLDLADDLA,0.000500328
APP_binder_14_727_dldesign_0_cycle1_af2pred.pdb,SEREDDQDDEDDDD,0.000456318
APP_binder_14_728_dldesign_0_cycle1_af2pred.pdb,PPLLALRRLLSRLG,1.41E-05
APP_binder_14_729_dldesign_0_cycle1_af2pred.pdb,GSLLRKALQSLRKP,0.006785961
APP_binder_14_72_dldesign_0_cycle1_af2pred.pdb,GSTLRVAEPPLPPP,0.001251554
APP_binder_14_730_dldesign_0_cycle1_af2pred.pdb,SAAREALLSALHAA,0.000656144
APP_binder_14_731_dldesign_0_cycle1_af2pred.pdb,DDLEDLRTLLRQLA,8.53E-05
APP_binder_14_732_dldesign_0_cycle1_af2pred.pdb,SYVLREAVAPNLPA,9.84E-05
APP_binder_14_733_dldesign_0_cycle1_af2pred.pdb,DLLLQQLQDLLLAS,0.00014568
APP_binder_14_734_dldesign_0_cycle1_af2pred.pdb,GASYLARNLAAALD,0.000991045
APP_binder_14_735_dldesign_0_cycle1_af2pred.pdb,SSRVVVPRVPYVLP,0.004384016
APP_binder_14_736_dldesign_0_cycle1_af2pred.pdb,SDDDLQALLSLLRL,0.001074101
APP_binder_14_737_dldesign_0_cycle1_af2pred.pdb,GSLKEEVELLKKLR,0.004939803
APP_binder_14_738_dldesign_0_cycle1_af2pred.pdb,SSLLRILLQRLLAS,0.000316967
APP_binder_14_739_dldesign_0_cycle1_af2pred.pdb,ARLNQLLNLLDDLA,0.000177861
APP_binder_14_73_dldesign_0_cycle1_af2pred.pdb,DLRDDLAAALRAAA,0.000250801
APP_binder_14_740_dldesign_0_cycle1_af2pred.pdb,MEALRELLRLLDEG,0.000623859
APP_binder_14_741_dldesign_0_cycle1_af2pred.pdb,GLAEQRALLAAEAA,0.000634972
APP_binder_14_742_dldesign_0_cycle1_af2pred.pdb,GSLPVLKSVNYTPP,0.007681149
APP_binder_14_743_dldesign_0_cycle1_af2pred.pdb,GWRWPTNARPAVLP,0.058385152
APP_binder_14_744_dldesign_0_cycle1_af2pred.pdb,EPVVTVVEEERPPA,0.000243207
APP_binder_14_745_dldesign_0_cycle1_af2pred.pdb,SESLLLSLELALRS,6.82E-05
APP_binder_14_746_dldesign_0_cycle1_af2pred.pdb,SEPVSNRELLDELL,0.000184424
APP_binder_14_747_dldesign_0_cycle1_af2pred.pdb,DWELRLLAQKLAQP,0.001622028
APP_binder_14_748_dldesign_0_cycle1_af2pred.pdb,EDDLSALRRLLAKL,0.002449248
APP_binder_14_749_dldesign_0_cycle1_af2pred.pdb,SLVRQLALDAELLQ,0.000275309
APP_binder_14_74_dldesign_0_cycle1_af2pred.pdb,PVLSNSEIRALLLA,0.00150025
APP_binder_14_750_dldesign_0_cycle1_af2pred.pdb,SLRPRPPPEPAYVL,0.000821266
APP_binder_14_751_dldesign_0_cycle1_af2pred.pdb,GVNLDQLLLDLLLL,0.000460087
APP_binder_14_752_dldesign_0_cycle1_af2pred.pdb,SLPELLALLLAALA,8.73E-05
APP_binder_14_753_dldesign_0_cycle1_af2pred.pdb,GRVLSLEKYELLRQ,0.000671133
APP_binder_14_754_dldesign_0_cycle1_af2pred.pdb,GLARALATELLLSA,0.00163831
APP_binder_14_755_dldesign_0_cycle1_af2pred.pdb,SLLERLLKVLLGRA,0.000706182
APP_binder_14_756_dldesign_0_cycle1_af2pred.pdb,DDYSLDVALARLLA,6.52E-05
APP_binder_14_757_dldesign_0_cycle1_af2pred.pdb,DDDDDDLLEELLRP,0.001783898
APP_binder_14_758_dldesign_0_cycle1_af2pred.pdb,SLASLLQQDDQDAA,0.000134862
APP_binder_14_759_dldesign_0_cycle1_af2pred.pdb,LERLLRRLAKLAEE,0.002776742
APP_binder_14_75_dldesign_0_cycle1_af2pred.pdb,YVPKVRRSLLELLP,0.000651954
APP_binder_14_760_dldesign_0_cycle1_af2pred.pdb,ADEQDKADLLRALR,0.000539172
APP_binder_14_761_dldesign_0_cycle1_af2pred.pdb,EVRLTRHVPAPALP,0.000654446
APP_binder_14_762_dldesign_0_cycle1_af2pred.pdb,GLARLSQLDDLLDD,8.84E-06
APP_binder_14_763_dldesign_0_cycle1_af2pred.pdb,GAAEQALLRALLRG,0.001550535
APP_binder_14_764_dldesign_0_cycle1_af2pred.pdb,MPRLLKLLLSRLLR,2.69E-05
APP_binder_14_765_dldesign_0_cycle1_af2pred.pdb,SGALLQQLLRLREA,0.00098855
APP_binder_14_766_dldesign_0_cycle1_af2pred.pdb,SVVNYTVAPPVVPP,0.000529652
APP_binder_14_767_dldesign_0_cycle1_af2pred.pdb,DLTDEEIDNLLANL,0.000127489
APP_binder_14_768_dldesign_0_cycle1_af2pred.pdb,SPLLLRKLLKELEK,0.001201086
APP_binder_14_769_dldesign_0_cycle1_af2pred.pdb,RAAALASVAAALAA,0.000772095
APP_binder_14_76_dldesign_0_cycle1_af2pred.pdb,ASPKELYLDDELAA,8.92E-05
APP_binder_14_770_dldesign_0_cycle1_af2pred.pdb,SLRRLENLLRELDD,0.000122079
APP_binder_14_771_dldesign_0_cycle1_af2pred.pdb,SHMRVLPDVPNFKR,0.002716131
APP_binder_14_772_dldesign_0_cycle1_af2pred.pdb,SQVEEDEDQSDDLE,0.000552395
APP_binder_14_773_dldesign_0_cycle1_af2pred.pdb,DDDDEDDLRELILA,0.002931636
APP_binder_14_774_dldesign_0_cycle1_af2pred.pdb,LLDNLDRLLDDLLE,1.01E-05
APP_binder_14_775_dldesign_0_cycle1_af2pred.pdb,AAALARALQLALLQ,0.000716086
APP_binder_14_776_dldesign_0_cycle1_af2pred.pdb,SDEQDEALLLRLLR,7.75E-05
APP_binder_14_777_dldesign_0_cycle1_af2pred.pdb,MLARVLAKKGLPLL,8.75E-05
APP_binder_14_778_dldesign_0_cycle1_af2pred.pdb,SSLLRLLRQKLLNE,0.000188167
APP_binder_14_779_dldesign_0_cycle1_af2pred.pdb,VVYVTREELDDLLD,0.000345903
APP_binder_14_77_dldesign_0_cycle1_af2pred.pdb,SLADRLAAMLARRA,0.000170769
APP_binder_14_780_dldesign_0_cycle1_af2pred.pdb,NLLSRLLHLLNLLL,0.001188379
APP_binder_14_781_dldesign_0_cycle1_af2pred.pdb,SRADEQARIAARRG,0.000486572
APP_binder_14_782_dldesign_0_cycle1_af2pred.pdb,SRLARLDAKLAAAA,7.72E-05
APP_binder_14_783_dldesign_0_cycle1_af2pred.pdb,PLPLSSERIKVPLP,3.58E-05
APP_binder_14_784_dldesign_0_cycle1_af2pred.pdb,SVVLYTPRLPLVLP,0.001620578
APP_binder_14_785_dldesign_0_cycle1_af2pred.pdb,SQRLLQKLAEDLAA,4.18E-05
APP_binder_14_786_dldesign_0_cycle1_af2pred.pdb,SNEADLLELKELLA,0.000146131
APP_binder_14_787_dldesign_0_cycle1_af2pred.pdb,SAGLLKYALARLLR,0.00022439
APP_binder_14_788_dldesign_0_cycle1_af2pred.pdb,VDSQLLADLRRALR,0.014053662
APP_binder_14_789_dldesign_0_cycle1_af2pred.pdb,EPVLSEVLLPATLP,5.90E-05
APP_binder_14_78_dldesign_0_cycle1_af2pred.pdb,GERVEEEVPRPQVP,0.01054404
APP_binder_14_790_dldesign_0_cycle1_af2pred.pdb,SLADQLAKYLAARA,0.00022788
APP_binder_14_791_dldesign_0_cycle1_af2pred.pdb,ARLLDLLQQLLNDA,0.000215129
APP_binder_14_792_dldesign_0_cycle1_af2pred.pdb,ALAARQAERDANLL,0.001761815
APP_binder_14_793_dldesign_0_cycle1_af2pred.pdb,LLARRLARLLAILA,0.00230904
APP_binder_14_794_dldesign_0_cycle1_af2pred.pdb,DDDDDDQALLVARP,0.001443599
APP_binder_14_795_dldesign_0_cycle1_af2pred.pdb,SVLADLLQSLDKAA,1.93E-05
APP_binder_14_796_dldesign_0_cycle1_af2pred.pdb,LSARLEARKAASEA,0.000199563
APP_binder_14_797_dldesign_0_cycle1_af2pred.pdb,PPSPAALAQAARVA,9.02E-05
APP_binder_14_798_dldesign_0_cycle1_af2pred.pdb,GLAAALAFTAALLG,0.000869583
APP_binder_14_799_dldesign_0_cycle1_af2pred.pdb,DDDDDLQDDLADLA,0.004063566
APP_binder_14_79_dldesign_0_cycle1_af2pred.pdb,LSSLLRLLARLDAA,1.61E-05
APP_binder_14_7_dldesign_0_cycle1_af2pred.pdb,GLRELRLDRVLDEL,0.000271056
APP_binder_14_800_dldesign_0_cycle1_af2pred.pdb,ASAAYAAARAAAAA,0.001031017
APP_binder_14_801_dldesign_0_cycle1_af2pred.pdb,SRAAQLAARAAAAG,7.89E-05
APP_binder_14_802_dldesign_0_cycle1_af2pred.pdb,GELLRLARQLLALA,0.012231692
APP_binder_14_803_dldesign_0_cycle1_af2pred.pdb,EVDLDPELLERLLR,0.00045586
APP_binder_14_804_dldesign_0_cycle1_af2pred.pdb,KPEVVEVEVPAAVP,8.74E-05
APP_binder_14_805_dldesign_0_cycle1_af2pred.pdb,DLQSLLSRLAYLLS,3.83E-05
APP_binder_14_806_dldesign_0_cycle1_af2pred.pdb,ALAQRLAALLDELA,0.000934965
APP_binder_14_807_dldesign_0_cycle1_af2pred.pdb,MTLRYRKVSAAELP,0.001178811
APP_binder_14_808_dldesign_0_cycle1_af2pred.pdb,GAARAALRAALRAA,0.001037917
APP_binder_14_809_dldesign_0_cycle1_af2pred.pdb,PLLSTRELRLARRA,0.001797015
APP_binder_14_80_dldesign_0_cycle1_af2pred.pdb,LAEALERRRLLELL,7.61E-05
APP_binder_14_810_dldesign_0_cycle1_af2pred.pdb,DDALLLLKELLRRS,0.000811838
APP_binder_14_811_dldesign_0_cycle1_af2pred.pdb,SRRLDQLLDDLLAA,1.61E-05
APP_binder_14_812_dldesign_0_cycle1_af2pred.pdb,GTVTFSEREVATAP,0.000157992
APP_binder_14_813_dldesign_0_cycle1_af2pred.pdb,LRELLRALRLDLEA,0.000444807
APP_binder_14_814_dldesign_0_cycle1_af2pred.pdb,SLSNLLRKLLTALS,0.000120336
APP_binder_14_815_dldesign_0_cycle1_af2pred.pdb,EEALRLRRLASLLE,0.001864031
APP_binder_14_816_dldesign_0_cycle1_af2pred.pdb,LSRLLRRLAQLARK,0.000733883
APP_binder_14_817_dldesign_0_cycle1_af2pred.pdb,GARSLEEILAHLLP,0.002339975
APP_binder_14_818_dldesign_0_cycle1_af2pred.pdb,SLAQLLRDLKELDD,0.00110402
APP_binder_14_819_dldesign_0_cycle1_af2pred.pdb,DLLDDLEDLLEALQ,5.52E-05
APP_binder_14_81_dldesign_0_cycle1_af2pred.pdb,DEELDATLSRLLRR,0.000197888
APP_binder_14_820_dldesign_0_cycle1_af2pred.pdb,PLPASLPRKRILAP,0.000105601
APP_binder_14_821_dldesign_0_cycle1_af2pred.pdb,GLSLRELRLLERLA,0.00109422
APP_binder_14_822_dldesign_0_cycle1_af2pred.pdb,DDDDDDELLQLLRR,0.001688633
APP_binder_14_823_dldesign_0_cycle1_af2pred.pdb,PVVPPVPRYASDLE,0.016580464
APP_binder_14_824_dldesign_0_cycle1_af2pred.pdb,SLNRLLALLQQLLN,0.000880337
APP_binder_14_825_dldesign_0_cycle1_af2pred.pdb,MLKKPTVLPPLPVL,0.000729429
APP_binder_14_826_dldesign_0_cycle1_af2pred.pdb,SLDLRELLDALDQA,2.27E-05
APP_binder_14_827_dldesign_0_cycle1_af2pred.pdb,AKVRFPKPVDPTYP,0.005474251
APP_binder_14_828_dldesign_0_cycle1_af2pred.pdb,LSGLLKDLLARLLR,0.00045808
APP_binder_14_829_dldesign_0_cycle1_af2pred.pdb,NETLLQYLDKVLDA,0.008595421
APP_binder_14_82_dldesign_0_cycle1_af2pred.pdb,GHMRSVPIPVPDVP,0.000791856
APP_binder_14_830_dldesign_0_cycle1_af2pred.pdb,PVLTPRPPPEEELP,0.004099327
APP_binder_14_831_dldesign_0_cycle1_af2pred.pdb,SHHLEFLEKLALLA,1.91E-05
APP_binder_14_832_dldesign_0_cycle1_af2pred.pdb,RLLTLLQQLDLDAA,0.000348695
APP_binder_14_833_dldesign_0_cycle1_af2pred.pdb,PVNVGVPRLPLPRP,0.000247121
APP_binder_14_834_dldesign_0_cycle1_af2pred.pdb,LNALRRLLQRLLLE,0.002737533
APP_binder_14_835_dldesign_0_cycle1_af2pred.pdb,ALSLDQRQALLDAA,0.000295299
APP_binder_14_836_dldesign_0_cycle1_af2pred.pdb,GPLFLSEPVERPPA,0.001382006
APP_binder_14_837_dldesign_0_cycle1_af2pred.pdb,DDARALRALLQRLP,5.07E-05
APP_binder_14_838_dldesign_0_cycle1_af2pred.pdb,SFVLPWRTPLTVPA,0.000264869
APP_binder_14_839_dldesign_0_cycle1_af2pred.pdb,SGALQRALLRALLR,0.000912931
APP_binder_14_83_dldesign_0_cycle1_af2pred.pdb,SLLELLRRLAQLLR,5.55E-05
APP_binder_14_840_dldesign_0_cycle1_af2pred.pdb,GAGDLPPLYRALPP,0.004975911
APP_binder_14_841_dldesign_0_cycle1_af2pred.pdb,GRLNRLDRLDLLDE,9.48E-05
APP_binder_14_842_dldesign_0_cycle1_af2pred.pdb,DDERLLRELLQRLL,0.000123426
APP_binder_14_843_dldesign_0_cycle1_af2pred.pdb,LEEELRRRRELSLA,0.001058606
APP_binder_14_844_dldesign_0_cycle1_af2pred.pdb,SLSLLLYDLTELLS,0.000158582
APP_binder_14_845_dldesign_0_cycle1_af2pred.pdb,LAARLAALLAALLE,1.15E-05
APP_binder_14_846_dldesign_0_cycle1_af2pred.pdb,SLSTLLYNEHVAAS,6.90E-05
APP_binder_14_847_dldesign_0_cycle1_af2pred.pdb,STLLQQDDLDDDDD,5.18E-05
APP_binder_14_848_dldesign_0_cycle1_af2pred.pdb,PVLVSRRAVLAALL,0.007357485
APP_binder_14_849_dldesign_0_cycle1_af2pred.pdb,SEILEQVEAAKLAR,0.002058245
APP_binder_14_84_dldesign_0_cycle1_af2pred.pdb,GDLDQQDDLLDDDA,0.006836152
APP_binder_14_850_dldesign_0_cycle1_af2pred.pdb,GPVLTPADRLLLSL,0.000130664
APP_binder_14_851_dldesign_0_cycle1_af2pred.pdb,GLDEALLRLLQRLL,0.003342416
APP_binder_14_852_dldesign_0_cycle1_af2pred.pdb,LSPEELERLRALLR,0.000515692
APP_binder_14_853_dldesign_0_cycle1_af2pred.pdb,SLPKLVSLPNPVLP,0.001387928
APP_binder_14_854_dldesign_0_cycle1_af2pred.pdb,GPRLDALLDDADDE,0.001347217
APP_binder_14_855_dldesign_0_cycle1_af2pred.pdb,AAAARANALASRLA,0.000268667
APP_binder_14_856_dldesign_0_cycle1_af2pred.pdb,DDDLDDLAALLAAL,0.0018125
APP_binder_14_857_dldesign_0_cycle1_af2pred.pdb,SAADNLARRLAQLL,0.000623004
APP_binder_14_858_dldesign_0_cycle1_af2pred.pdb,GLLLRLLRELLRAL,0.000609079
APP_binder_14_859_dldesign_0_cycle1_af2pred.pdb,GVRLLPEELPLDAP,0.000739939
APP_binder_14_85_dldesign_0_cycle1_af2pred.pdb,LQNYLDARLDALLE,0.001295843
APP_binder_14_860_dldesign_0_cycle1_af2pred.pdb,SLSELEALLDALRK,0.00021782
APP_binder_14_861_dldesign_0_cycle1_af2pred.pdb,DPSLLQRLLLQLLA,9.76E-05
APP_binder_14_862_dldesign_0_cycle1_af2pred.pdb,LDENLEALLLRALL,2.16E-05
APP_binder_14_863_dldesign_0_cycle1_af2pred.pdb,EVLITKEELDDLLE,0.000273226
APP_binder_14_864_dldesign_0_cycle1_af2pred.pdb,SLLALQLAARRAAS,2.53E-05
APP_binder_14_865_dldesign_0_cycle1_af2pred.pdb,GAALAALLQALLRG,0.001681604
APP_binder_14_866_dldesign_0_cycle1_af2pred.pdb,EPSDEELELYELLQ,0.001575258
APP_binder_14_867_dldesign_0_cycle1_af2pred.pdb,SLRELLGKLLYHLL,0.00074867
APP_binder_14_868_dldesign_0_cycle1_af2pred.pdb,STLLERLDKILDDL,0.000293815
APP_binder_14_869_dldesign_0_cycle1_af2pred.pdb,SEARRLADRLVSDL,0.000439114
APP_binder_14_86_dldesign_0_cycle1_af2pred.pdb,SLAKALERNALLAP,0.000388539
APP_binder_14_870_dldesign_0_cycle1_af2pred.pdb,ARAALAALARALRP,9.56E-05
APP_binder_14_871_dldesign_0_cycle1_af2pred.pdb,GLEELEELLEEEEE,0.001789289
APP_binder_14_872_dldesign_0_cycle1_af2pred.pdb,SEFDLRLLAQLLAR,1.01E-05
APP_binder_14_873_dldesign_0_cycle1_af2pred.pdb,DEAEDREDENAELE,0.000511664
APP_binder_14_874_dldesign_0_cycle1_af2pred.pdb,MAARRAAELAAVLA,0.001057124
APP_binder_14_875_dldesign_0_cycle1_af2pred.pdb,SLAEYLALRRLLIG,0.003239495
APP_binder_14_876_dldesign_0_cycle1_af2pred.pdb,SLWELLRAARNAAA,0.000151429
APP_binder_14_877_dldesign_0_cycle1_af2pred.pdb,SALLRLLQALQLLE,7.26E-05
APP_binder_14_878_dldesign_0_cycle1_af2pred.pdb,SANLLARDDLLDDS,0.000371527
APP_binder_14_879_dldesign_0_cycle1_af2pred.pdb,LSSEEISALLQALA,0.000141347
APP_binder_14_87_dldesign_0_cycle1_af2pred.pdb,DLARLLRRLAHNLP,0.002646155
APP_binder_14_880_dldesign_0_cycle1_af2pred.pdb,LSPEERALLRKLLL,0.001258642
APP_binder_14_881_dldesign_0_cycle1_af2pred.pdb,SLPKSVVLDLLAAA,0.000595462
APP_binder_14_882_dldesign_0_cycle1_af2pred.pdb,DLSELLSLLRRLAA,0.000525344
APP_binder_14_883_dldesign_0_cycle1_af2pred.pdb,MEWITGPEVLALAP,0.0003946
APP_binder_14_884_dldesign_0_cycle1_af2pred.pdb,SLAALLASLYERRR,0.000115261
APP_binder_14_885_dldesign_0_cycle1_af2pred.pdb,ELAKLLANLLLAAA,0.000136942
APP_binder_14_886_dldesign_0_cycle1_af2pred.pdb,SANRLARLDAELDS,1.29E-05
APP_binder_14_887_dldesign_0_cycle1_af2pred.pdb,PPVVTVTKPRREPP,0.006225554
APP_binder_14_888_dldesign_0_cycle1_af2pred.pdb,SVSVSVSLSLFSEV,0.001218228
APP_binder_14_889_dldesign_0_cycle1_af2pred.pdb,NLLRRLARLLANEA,0.002283289
APP_binder_14_88_dldesign_0_cycle1_af2pred.pdb,LERLLRILDAEDSQ,0.000273285
APP_binder_14_890_dldesign_0_cycle1_af2pred.pdb,GPARRLVRVAAPDP,9.35E-06
APP_binder_14_891_dldesign_0_cycle1_af2pred.pdb,DDDLQDLIRELRRL,0.001761803
APP_binder_14_892_dldesign_0_cycle1_af2pred.pdb,GFVPKRVPDVLVKS,0.001889929
APP_binder_14_893_dldesign_0_cycle1_af2pred.pdb,SEDEDDRDDALLDA,0.000439508
APP_binder_14_894_dldesign_0_cycle1_af2pred.pdb,SEVESEELEVAPPV,0.000387507
APP_binder_14_895_dldesign_0_cycle1_af2pred.pdb,GARAAVRLARLLAA,0.002545392
APP_binder_14_896_dldesign_0_cycle1_af2pred.pdb,GESEDNLDDDDDDD,0.000400931
APP_binder_14_897_dldesign_0_cycle1_af2pred.pdb,KLYSPSTVLRPRPP,0.081079707
APP_binder_14_898_dldesign_0_cycle1_af2pred.pdb,MLEDLLQQLDNLLD,0.001020259
APP_binder_14_899_dldesign_0_cycle1_af2pred.pdb,PRPLSPRQPEEDEG,0.000290473
APP_binder_14_89_dldesign_0_cycle1_af2pred.pdb,SRRLEMLLQNLLNQ,0.002390345
APP_binder_14_8_dldesign_0_cycle1_af2pred.pdb,GALLRALNALQRLL,0.002818533
APP_binder_14_900_dldesign_0_cycle1_af2pred.pdb,DANLAQVLAKAALN,0.001601493
APP_binder_14_901_dldesign_0_cycle1_af2pred.pdb,VTRQEIVDLLRLLR,9.91E-06
APP_binder_14_902_dldesign_0_cycle1_af2pred.pdb,SLLNALLRALLRRG,0.000932071
APP_binder_14_903_dldesign_0_cycle1_af2pred.pdb,DDEDLDALLLELLL,5.43E-06
APP_binder_14_904_dldesign_0_cycle1_af2pred.pdb,GVNVSAETLALQLP,0.000163263
APP_binder_14_905_dldesign_0_cycle1_af2pred.pdb,SSPPVSSESLAEAV,0.000150012
APP_binder_14_906_dldesign_0_cycle1_af2pred.pdb,SPLHLVEYDYVNDE,0.000546988
APP_binder_14_907_dldesign_0_cycle1_af2pred.pdb,SLLALLQRLLQLLS,3.65E-05
APP_binder_14_908_dldesign_0_cycle1_af2pred.pdb,MENLLRAQAKALAT,0.000150569
APP_binder_14_909_dldesign_0_cycle1_af2pred.pdb,SLAALLRAALRNAP,0.000119966
APP_binder_14_90_dldesign_0_cycle1_af2pred.pdb,LSETLDRLDDLLDA,2.59E-05
APP_binder_14_910_dldesign_0_cycle1_af2pred.pdb,DDDDISLLRQLLNS,0.0050188
APP_binder_14_911_dldesign_0_cycle1_af2pred.pdb,SNLAARAAVRLLQY,2.06E-05
APP_binder_14_912_dldesign_0_cycle1_af2pred.pdb,SLVLPPPPATDAGP,0.002321944
APP_binder_14_913_dldesign_0_cycle1_af2pred.pdb,PVPGTPRPPLSVLP,0.002606949
APP_binder_14_914_dldesign_0_cycle1_af2pred.pdb,GPLIEVELPPVLND,0.000858841
APP_binder_14_915_dldesign_0_cycle1_af2pred.pdb,SRPAPRPDLESLLE,2.01E-05
APP_binder_14_916_dldesign_0_cycle1_af2pred.pdb,EVLLVRSYEPVDDD,0.001210269
APP_binder_14_917_dldesign_0_cycle1_af2pred.pdb,SLRDLLRDLRDDLA,0.000197964
APP_binder_14_918_dldesign_0_cycle1_af2pred.pdb,GVAPRKRYVWRPPP,0.946180463
APP_binder_14_919_dldesign_0_cycle1_af2pred.pdb,DDLRALINAARLAR,0.000287207
APP_binder_14_91_dldesign_0_cycle1_af2pred.pdb,VSEVPPVLRRVDAS,0.001232938
APP_binder_14_920_dldesign_0_cycle1_af2pred.pdb,GSVPDPRSLARLAA,0.000835181
APP_binder_14_921_dldesign_0_cycle1_af2pred.pdb,GNALQIALKKALSE,0.000475867
APP_binder_14_922_dldesign_0_cycle1_af2pred.pdb,SLAALVAARRLAAA,0.000219302
APP_binder_14_923_dldesign_0_cycle1_af2pred.pdb,SSVVTPVERPNVAP,0.000952984
APP_binder_14_924_dldesign_0_cycle1_af2pred.pdb,SLSQLLRYLLQRLL,3.49E-05
APP_binder_14_925_dldesign_0_cycle1_af2pred.pdb,LLEQLLRYLLLRLG,0.002509732
APP_binder_14_926_dldesign_0_cycle1_af2pred.pdb,SLREELLDDYLDDL,0.000607829
APP_binder_14_927_dldesign_0_cycle1_af2pred.pdb,VDWEAYEAASKAAP,0.000371911
APP_binder_14_928_dldesign_0_cycle1_af2pred.pdb,GAARLLRELLANLA,0.001779884
APP_binder_14_929_dldesign_0_cycle1_af2pred.pdb,LSYVLPEDEEEDDD,0.000277556
APP_binder_14_92_dldesign_0_cycle1_af2pred.pdb,RPRYVKVDDDDDEL,0.003166057
APP_binder_14_930_dldesign_0_cycle1_af2pred.pdb,DDDLEDLRALLQAP,0.003581708
APP_binder_14_931_dldesign_0_cycle1_af2pred.pdb,SSLLEDLLQSLDNE,0.000677207
APP_binder_14_932_dldesign_0_cycle1_af2pred.pdb,SNLEVLLLKLLKLL,0.000235709
APP_binder_14_933_dldesign_0_cycle1_af2pred.pdb,SLLDLRRLLQQLLR,9.83E-05
APP_binder_14_934_dldesign_0_cycle1_af2pred.pdb,SGVPMNRALRLALE,0.001042489
APP_binder_14_935_dldesign_0_cycle1_af2pred.pdb,SSLERLLRRLRALA,0.001004442
APP_binder_14_936_dldesign_0_cycle1_af2pred.pdb,SSRDLEDDRDDDAA,0.000296798
APP_binder_14_937_dldesign_0_cycle1_af2pred.pdb,GLRALLAALLAALA,0.00081492
APP_binder_14_938_dldesign_0_cycle1_af2pred.pdb,MTLAEILARRLADT,9.05E-05
APP_binder_14_939_dldesign_0_cycle1_af2pred.pdb,GVAVSKEELDDLLE,0.001908199
APP_binder_14_93_dldesign_0_cycle1_af2pred.pdb,MRALRRLAELLAQA,2.23E-05
APP_binder_14_940_dldesign_0_cycle1_af2pred.pdb,LLDDLEALRRALAS,0.000249399
APP_binder_14_941_dldesign_0_cycle1_af2pred.pdb,SHLLRLLERLLRGL,0.005420254
APP_binder_14_942_dldesign_0_cycle1_af2pred.pdb,SADDAAAAAAEAAL,8.45E-05
APP_binder_14_943_dldesign_0_cycle1_af2pred.pdb,RVVLPRVDDPEVLP,0.000976383
APP_binder_14_944_dldesign_0_cycle1_af2pred.pdb,GASELAADDQLDDD,0.008603365
APP_binder_14_945_dldesign_0_cycle1_af2pred.pdb,GSSSLWVEVEAPLA,0.001086889
APP_binder_14_946_dldesign_0_cycle1_af2pred.pdb,AEAHRLAAADALAA,0.002986587
APP_binder_14_947_dldesign_0_cycle1_af2pred.pdb,SAAQLDSQDAALLD,0.001009127
APP_binder_14_948_dldesign_0_cycle1_af2pred.pdb,EPEVVESEREALPA,0.000696027
APP_binder_14_949_dldesign_0_cycle1_af2pred.pdb,NPLALRRALYNLLQ,0.0004723
APP_binder_14_94_dldesign_0_cycle1_af2pred.pdb,MSGSVTVVKDVPVL,0.001463942
APP_binder_14_950_dldesign_0_cycle1_af2pred.pdb,DDDDVELTNLLRAP,0.009467966
APP_binder_14_951_dldesign_0_cycle1_af2pred.pdb,GLTKEEREDLADLA,0.000207172
APP_binder_14_952_dldesign_0_cycle1_af2pred.pdb,SSTLLAHLDSLDDD,8.06E-05
APP_binder_14_953_dldesign_0_cycle1_af2pred.pdb,GSARLQRLLDDALE,0.029261377
APP_binder_14_954_dldesign_0_cycle1_af2pred.pdb,EDASRARYAALLAA,0.010538694
APP_binder_14_955_dldesign_0_cycle1_af2pred.pdb,KPKHVKAPDIDLLP,9.73E-06
APP_binder_14_956_dldesign_0_cycle1_af2pred.pdb,SVPPVPRYPPPSVP,0.001225487
APP_binder_14_957_dldesign_0_cycle1_af2pred.pdb,PLPLDLFSLKPVWL,0.000343244
APP_binder_14_958_dldesign_0_cycle1_af2pred.pdb,SFTPSSELLAALDA,4.74E-05
APP_binder_14_959_dldesign_0_cycle1_af2pred.pdb,GSATLHHRPAPPVL,0.017950069
APP_binder_14_95_dldesign_0_cycle1_af2pred.pdb,AATRGAAIRVPAPL,0.001379534
APP_binder_14_960_dldesign_0_cycle1_af2pred.pdb,GLRDLLLALRRVPA,0.001741258
APP_binder_14_961_dldesign_0_cycle1_af2pred.pdb,AALDRLLALAALSA,0.000285794
APP_binder_14_962_dldesign_0_cycle1_af2pred.pdb,SLSREERRLLASLR,0.000122341
APP_binder_14_963_dldesign_0_cycle1_af2pred.pdb,RAAALDRVDDLDLS,0.000351286
APP_binder_14_964_dldesign_0_cycle1_af2pred.pdb,MSNYLLDLLDQLDD,1.25E-05
APP_binder_14_965_dldesign_0_cycle1_af2pred.pdb,DQEYYDLLDELLLE,0.00129475
APP_binder_14_966_dldesign_0_cycle1_af2pred.pdb,SPVPLPPTSSSVQP,0.00335325
APP_binder_14_967_dldesign_0_cycle1_af2pred.pdb,SALDRLLASLDDLL,0.000240131
APP_binder_14_968_dldesign_0_cycle1_af2pred.pdb,SSRLLSLLARLLAA,3.41E-05
APP_binder_14_969_dldesign_0_cycle1_af2pred.pdb,LSDLRRLLSRLIQS,0.000662601
APP_binder_14_96_dldesign_0_cycle1_af2pred.pdb,SMLLRKLDAELASD,5.87E-05
APP_binder_14_970_dldesign_0_cycle1_af2pred.pdb,LEELLRLLLRRLLS,0.00372509
APP_binder_14_971_dldesign_0_cycle1_af2pred.pdb,NLLARLLDLLEELA,0.000148066
APP_binder_14_972_dldesign_0_cycle1_af2pred.pdb,VRVSVPRPADPDVP,0.002380951
APP_binder_14_973_dldesign_0_cycle1_af2pred.pdb,ARAAALLAKLDAEL,0.00046356
APP_binder_14_974_dldesign_0_cycle1_af2pred.pdb,GLARLLRRLLAELS,0.006113794
APP_binder_14_975_dldesign_0_cycle1_af2pred.pdb,SQVEADRLAQLDRD,0.000211193
APP_binder_14_976_dldesign_0_cycle1_af2pred.pdb,LAALQRDLNEDDEA,0.000142933
APP_binder_14_977_dldesign_0_cycle1_af2pred.pdb,SLATLLADLAAAAA,0.000245927
APP_binder_14_978_dldesign_0_cycle1_af2pred.pdb,SPQLLRVLENKAAA,0.000269571
APP_binder_14_979_dldesign_0_cycle1_af2pred.pdb,SVDRISVPPPVSLL,0.00150305
APP_binder_14_97_dldesign_0_cycle1_af2pred.pdb,GPPLFSPRPPAAPE,0.003297034
APP_binder_14_980_dldesign_0_cycle1_af2pred.pdb,ALAARLANRDDALA,0.001274097
APP_binder_14_981_dldesign_0_cycle1_af2pred.pdb,TDDEVAAARAAIRG,0.000403715
APP_binder_14_982_dldesign_0_cycle1_af2pred.pdb,LEEELDRYLLRALL,3.79E-05
APP_binder_14_983_dldesign_0_cycle1_af2pred.pdb,SDLKTALRKDLQAA,0.000586922
APP_binder_14_984_dldesign_0_cycle1_af2pred.pdb,SLLKRLLQRLLLDG,0.011198824
APP_binder_14_985_dldesign_0_cycle1_af2pred.pdb,MAATRLQQLLKDLL,0.000785527
APP_binder_14_986_dldesign_0_cycle1_af2pred.pdb,RLPRTRPVEDDDLP,0.013662387
APP_binder_14_987_dldesign_0_cycle1_af2pred.pdb,LSPAARRALRLARR,0.000148244
APP_binder_14_988_dldesign_0_cycle1_af2pred.pdb,GSLALANLLKELLE,0.003302994
APP_binder_14_989_dldesign_0_cycle1_af2pred.pdb,GLKALLRALLRALL,0.006794386
APP_binder_14_98_dldesign_0_cycle1_af2pred.pdb,LDQQLAALLKRLLR,1.56E-05
APP_binder_14_990_dldesign_0_cycle1_af2pred.pdb,SLPVPRRYVRVDLP,0.014513522
APP_binder_14_991_dldesign_0_cycle1_af2pred.pdb,SPSDLAALLRRLAR,1.60E-05
APP_binder_14_992_dldesign_0_cycle1_af2pred.pdb,SVLRPATLLERLLA,0.00012148
APP_binder_14_993_dldesign_0_cycle1_af2pred.pdb,AAALRDAAADANAA,0.001704298
APP_binder_14_994_dldesign_0_cycle1_af2pred.pdb,PPPLKTTVRQVPNP,0.000742694
APP_binder_14_995_dldesign_0_cycle1_af2pred.pdb,SLLQRRLDDKLEDE,0.000213362
APP_binder_14_996_dldesign_0_cycle1_af2pred.pdb,SLAQLLRRLDQKLA,0.000497635
APP_binder_14_997_dldesign_0_cycle1_af2pred.pdb,SLLERLLAIDLARD,3.73E-05
APP_binder_14_998_dldesign_0_cycle1_af2pred.pdb,GLERVLERRLASEL,0.000848204
APP_binder_14_999_dldesign_0_cycle1_af2pred.pdb,LQRLLNDLLRLLED,0.001288511
APP_binder_14_99_dldesign_0_cycle1_af2pred.pdb,SLADDLQELLDRLR,0.000674047
APP_binder_14_9_dldesign_0_cycle1_af2pred.pdb,GSVTARELLDLLLS,0.000149236
