Category,Sequence,B3P3
APP_binder_06_0_dldesign_0_cycle1_af2pred.pdb,PSTVVP,0.01529603
APP_binder_06_100_dldesign_0_cycle1_af2pred.pdb,SSVLAR,0.039384842
APP_binder_06_101_dldesign_0_cycle1_af2pred.pdb,SFTLKR,0.030366311
APP_binder_06_102_dldesign_0_cycle1_af2pred.pdb,GTPIKV,0.408754557
APP_binder_06_103_dldesign_0_cycle1_af2pred.pdb,GAVPKR,0.063971065
APP_binder_06_104_dldesign_0_cycle1_af2pred.pdb,GPVPAP,0.008516718
APP_binder_06_105_dldesign_0_cycle1_af2pred.pdb,GQVLSP,0.039554898
APP_binder_06_106_dldesign_0_cycle1_af2pred.pdb,GYTLAR,0.032745693
APP_binder_06_107_dldesign_0_cycle1_af2pred.pdb,RILPPP,0.019989284
APP_binder_06_108_dldesign_0_cycle1_af2pred.pdb,MVGLPA,0.010155135
APP_binder_06_109_dldesign_0_cycle1_af2pred.pdb,GSLVLP,0.026949249
APP_binder_06_10_dldesign_0_cycle1_af2pred.pdb,PIVVYE,0.525542736
APP_binder_06_110_dldesign_0_cycle1_af2pred.pdb,SHNVLE,0.029565534
APP_binder_06_111_dldesign_0_cycle1_af2pred.pdb,TVYKPR,0.029450782
APP_binder_06_112_dldesign_0_cycle1_af2pred.pdb,MAVPAL,0.008489856
APP_binder_06_113_dldesign_0_cycle1_af2pred.pdb,TVLPRP,0.001170506
APP_binder_06_114_dldesign_0_cycle1_af2pred.pdb,STLTTP,0.07372804
APP_binder_06_115_dldesign_0_cycle1_af2pred.pdb,HNPVFE,0.15905261
APP_binder_06_116_dldesign_0_cycle1_af2pred.pdb,GVLRRP,0.14827463
APP_binder_06_117_dldesign_0_cycle1_af2pred.pdb,GVAVPA,0.026676539
APP_binder_06_118_dldesign_0_cycle1_af2pred.pdb,ATRLFE,0.09782622
APP_binder_06_119_dldesign_0_cycle1_af2pred.pdb,MSGVKL,0.160328194
APP_binder_06_11_dldesign_0_cycle1_af2pred.pdb,GVLKRP,0.173279852
APP_binder_06_120_dldesign_0_cycle1_af2pred.pdb,GNVLKR,0.146044791
APP_binder_06_121_dldesign_0_cycle1_af2pred.pdb,GVVLAR,0.175139338
APP_binder_06_122_dldesign_0_cycle1_af2pred.pdb,GVLRQR,0.137111917
APP_binder_06_123_dldesign_0_cycle1_af2pred.pdb,PPVRVP,0.136008546
APP_binder_06_124_dldesign_0_cycle1_af2pred.pdb,GPHIFE,0.131488591
APP_binder_06_125_dldesign_0_cycle1_af2pred.pdb,GATLKR,0.174922317
APP_binder_06_126_dldesign_0_cycle1_af2pred.pdb,GMNRKA,0.170651793
APP_binder_06_127_dldesign_0_cycle1_af2pred.pdb,SSAVLK,0.180526778
APP_binder_06_128_dldesign_0_cycle1_af2pred.pdb,GAVLKR,0.134189695
APP_binder_06_129_dldesign_0_cycle1_af2pred.pdb,SLPVLP,0.178960413
APP_binder_06_12_dldesign_0_cycle1_af2pred.pdb,WFTPPP,0.065398052
APP_binder_06_130_dldesign_0_cycle1_af2pred.pdb,HVLALP,0.139870614
APP_binder_06_131_dldesign_0_cycle1_af2pred.pdb,SNVLKR,0.188587233
APP_binder_06_132_dldesign_0_cycle1_af2pred.pdb,GTPRQP,0.586688221
APP_binder_06_133_dldesign_0_cycle1_af2pred.pdb,GRHVAA,0.183838099
APP_binder_06_134_dldesign_0_cycle1_af2pred.pdb,VVYTPR,0.000438254
APP_binder_06_135_dldesign_0_cycle1_af2pred.pdb,GNVYVP,0.072265811
APP_binder_06_136_dldesign_0_cycle1_af2pred.pdb,SWLRVP,0.146909714
APP_binder_06_137_dldesign_0_cycle1_af2pred.pdb,RTLILA,0.166455656
APP_binder_06_138_dldesign_0_cycle1_af2pred.pdb,PHYRPA,0.128915787
APP_binder_06_139_dldesign_0_cycle1_af2pred.pdb,GVLRSL,0.150624439
APP_binder_06_13_dldesign_0_cycle1_af2pred.pdb,SALQTS,0.150096983
APP_binder_06_140_dldesign_0_cycle1_af2pred.pdb,APAIPA,0.165059641
APP_binder_06_141_dldesign_0_cycle1_af2pred.pdb,GRAVPA,0.150373667
APP_binder_06_142_dldesign_0_cycle1_af2pred.pdb,NPNAYR,0.145111889
APP_binder_06_143_dldesign_0_cycle1_af2pred.pdb,GFTLAR,0.145286143
APP_binder_06_144_dldesign_0_cycle1_af2pred.pdb,STLRLP,0.163329989
APP_binder_06_145_dldesign_0_cycle1_af2pred.pdb,GGLLIR,0.101422027
APP_binder_06_146_dldesign_0_cycle1_af2pred.pdb,ATLRLP,0.19941251
APP_binder_06_147_dldesign_0_cycle1_af2pred.pdb,PVPVPA,0.00206437
APP_binder_06_148_dldesign_0_cycle1_af2pred.pdb,SHHVHE,0.171217009
APP_binder_06_149_dldesign_0_cycle1_af2pred.pdb,PIRILE,0.104556032
APP_binder_06_14_dldesign_0_cycle1_af2pred.pdb,PHILEP,0.178185746
APP_binder_06_150_dldesign_0_cycle1_af2pred.pdb,GTLKVR,0.797262311
APP_binder_06_151_dldesign_0_cycle1_af2pred.pdb,GVLRSV,0.184116364
APP_binder_06_152_dldesign_0_cycle1_af2pred.pdb,GGVLKR,0.147056565
APP_binder_06_153_dldesign_0_cycle1_af2pred.pdb,GSVLKR,0.212995052
APP_binder_06_154_dldesign_0_cycle1_af2pred.pdb,GRAVLL,0.195115045
APP_binder_06_155_dldesign_0_cycle1_af2pred.pdb,GTRTPA,0.66070801
APP_binder_06_156_dldesign_0_cycle1_af2pred.pdb,GVTLAR,0.169535473
APP_binder_06_157_dldesign_0_cycle1_af2pred.pdb,PSVRVA,0.182275891
APP_binder_06_158_dldesign_0_cycle1_af2pred.pdb,GVPRSV,0.161472812
APP_binder_06_159_dldesign_0_cycle1_af2pred.pdb,SRLLAE,0.176477581
APP_binder_06_15_dldesign_0_cycle1_af2pred.pdb,GHVSVA,0.100344859
APP_binder_06_160_dldesign_0_cycle1_af2pred.pdb,GRVLEV,0.231809407
APP_binder_06_161_dldesign_0_cycle1_af2pred.pdb,SYLSVR,0.114526831
APP_binder_06_162_dldesign_0_cycle1_af2pred.pdb,PPVRVP,0.105885647
APP_binder_06_163_dldesign_0_cycle1_af2pred.pdb,STLKSL,0.142702475
APP_binder_06_164_dldesign_0_cycle1_af2pred.pdb,GTTLVR,0.541131377
APP_binder_06_165_dldesign_0_cycle1_af2pred.pdb,SLPVLV,0.146702424
APP_binder_06_166_dldesign_0_cycle1_af2pred.pdb,ETVLKR,0.140497088
APP_binder_06_167_dldesign_0_cycle1_af2pred.pdb,PYVRVP,0.02105202
APP_binder_06_168_dldesign_0_cycle1_af2pred.pdb,GTLRTP,0.696906507
APP_binder_06_169_dldesign_0_cycle1_af2pred.pdb,PPRPAP,0.149589494
APP_binder_06_16_dldesign_0_cycle1_af2pred.pdb,GPVLKR,0.083849527
APP_binder_06_170_dldesign_0_cycle1_af2pred.pdb,GVPVQR,0.090167284
APP_binder_06_171_dldesign_0_cycle1_af2pred.pdb,GSVLAR,0.161240548
APP_binder_06_172_dldesign_0_cycle1_af2pred.pdb,GPVKLL,0.067582488
APP_binder_06_173_dldesign_0_cycle1_af2pred.pdb,GVLKSA,0.165937066
APP_binder_06_174_dldesign_0_cycle1_af2pred.pdb,GVKLVR,0.118955836
APP_binder_06_175_dldesign_0_cycle1_af2pred.pdb,PRRVLA,0.122632623
APP_binder_06_176_dldesign_0_cycle1_af2pred.pdb,SRHVRV,0.134254575
APP_binder_06_177_dldesign_0_cycle1_af2pred.pdb,GTLRRP,0.740335882
APP_binder_06_178_dldesign_0_cycle1_af2pred.pdb,STLKLP,0.082095325
APP_binder_06_179_dldesign_0_cycle1_af2pred.pdb,RILEPP,0.088073805
APP_binder_06_17_dldesign_0_cycle1_af2pred.pdb,GRHVPA,0.052857991
APP_binder_06_180_dldesign_0_cycle1_af2pred.pdb,VTVATA,0.042179253
APP_binder_06_181_dldesign_0_cycle1_af2pred.pdb,GSVLRL,0.094770685
APP_binder_06_182_dldesign_0_cycle1_af2pred.pdb,ATHVLE,0.036595479
APP_binder_06_183_dldesign_0_cycle1_af2pred.pdb,GSVLKR,0.08599852
APP_binder_06_184_dldesign_0_cycle1_af2pred.pdb,GRPVPP,0.303905338
APP_binder_06_185_dldesign_0_cycle1_af2pred.pdb,GVLKSV,0.092412047
APP_binder_06_186_dldesign_0_cycle1_af2pred.pdb,MIHIKE,0.045340303
APP_binder_06_187_dldesign_0_cycle1_af2pred.pdb,TPPIFE,0.089287311
APP_binder_06_188_dldesign_0_cycle1_af2pred.pdb,GVPKLA,0.05259192
APP_binder_06_189_dldesign_0_cycle1_af2pred.pdb,SWLRLP,0.058108896
APP_binder_06_18_dldesign_0_cycle1_af2pred.pdb,APTVKR,0.034780174
APP_binder_06_190_dldesign_0_cycle1_af2pred.pdb,PLKVKR,0.065008588
APP_binder_06_191_dldesign_0_cycle1_af2pred.pdb,GVLRRP,0.06366843
APP_binder_06_192_dldesign_0_cycle1_af2pred.pdb,PHVPAL,0.054548826
APP_binder_06_193_dldesign_0_cycle1_af2pred.pdb,MHYLAA,0.04651485
APP_binder_06_194_dldesign_0_cycle1_af2pred.pdb,PHLPAP,0.04177947
APP_binder_06_195_dldesign_0_cycle1_af2pred.pdb,GVLRVR,0.038218621
APP_binder_06_196_dldesign_0_cycle1_af2pred.pdb,SLPLLK,0.050881151
APP_binder_06_197_dldesign_0_cycle1_af2pred.pdb,SLPVLK,0.056838583
APP_binder_06_198_dldesign_0_cycle1_af2pred.pdb,SGVPTP,0.033148766
APP_binder_06_199_dldesign_0_cycle1_af2pred.pdb,GVARRP,0.056199688
APP_binder_06_19_dldesign_0_cycle1_af2pred.pdb,GVLKLP,0.057440195
APP_binder_06_1_dldesign_0_cycle1_af2pred.pdb,GVPRQP,0.018314483
APP_binder_06_200_dldesign_0_cycle1_af2pred.pdb,GSVLKY,0.050857119
APP_binder_06_201_dldesign_0_cycle1_af2pred.pdb,MHVKVA,0.032105256
APP_binder_06_202_dldesign_0_cycle1_af2pred.pdb,STLRVP,0.044854123
APP_binder_06_203_dldesign_0_cycle1_af2pred.pdb,SYPVNP,0.917960227
APP_binder_06_204_dldesign_0_cycle1_af2pred.pdb,GVPRRP,0.026300123
APP_binder_06_205_dldesign_0_cycle1_af2pred.pdb,SPVVKY,0.05454072
APP_binder_06_206_dldesign_0_cycle1_af2pred.pdb,GSVLKR,0.066215836
APP_binder_06_207_dldesign_0_cycle1_af2pred.pdb,GVTLKR,0.02665972
APP_binder_06_208_dldesign_0_cycle1_af2pred.pdb,GPVPAL,0.001856295
APP_binder_06_209_dldesign_0_cycle1_af2pred.pdb,VVYTPR,0.111293279
APP_binder_06_20_dldesign_0_cycle1_af2pred.pdb,GVVLKR,0.032200906
APP_binder_06_210_dldesign_0_cycle1_af2pred.pdb,GVLRRP,0.029621232
APP_binder_06_211_dldesign_0_cycle1_af2pred.pdb,GVPKRV,0.118952692
APP_binder_06_212_dldesign_0_cycle1_af2pred.pdb,AVLRQR,0.008236284
APP_binder_06_213_dldesign_0_cycle1_af2pred.pdb,AVLVQR,0.00350874
APP_binder_06_214_dldesign_0_cycle1_af2pred.pdb,SEPIFE,0.039183453
APP_binder_06_215_dldesign_0_cycle1_af2pred.pdb,SSVLKR,0.039400384
APP_binder_06_216_dldesign_0_cycle1_af2pred.pdb,VTLKSV,0.011924327
APP_binder_06_217_dldesign_0_cycle1_af2pred.pdb,PHVRVP,0.011035847
APP_binder_06_218_dldesign_0_cycle1_af2pred.pdb,SLPVLR,0.033501916
APP_binder_06_219_dldesign_0_cycle1_af2pred.pdb,TTLKQV,0.788501263
APP_binder_06_21_dldesign_0_cycle1_af2pred.pdb,SAVPVP,0.022932393
APP_binder_06_220_dldesign_0_cycle1_af2pred.pdb,PTSSSG,0.019610567
APP_binder_06_221_dldesign_0_cycle1_af2pred.pdb,NVYVLK,0.020813268
APP_binder_06_222_dldesign_0_cycle1_af2pred.pdb,AAVPAP,0.143521786
APP_binder_06_223_dldesign_0_cycle1_af2pred.pdb,GHISVA,0.142367959
APP_binder_06_224_dldesign_0_cycle1_af2pred.pdb,PVHYRE,0.552664757
APP_binder_06_225_dldesign_0_cycle1_af2pred.pdb,GGVLRR,0.120285481
APP_binder_06_226_dldesign_0_cycle1_af2pred.pdb,GVLKSV,0.169932172
APP_binder_06_227_dldesign_0_cycle1_af2pred.pdb,GSVLKR,0.162160814
APP_binder_06_228_dldesign_0_cycle1_af2pred.pdb,GMPIYE,0.134333551
APP_binder_06_229_dldesign_0_cycle1_af2pred.pdb,PRALPA,0.126431182
APP_binder_06_22_dldesign_0_cycle1_af2pred.pdb,GLAVPA,0.123460233
APP_binder_06_230_dldesign_0_cycle1_af2pred.pdb,GTLKRP,0.712630033
APP_binder_06_231_dldesign_0_cycle1_af2pred.pdb,SLLLPP,0.139424235
APP_binder_06_232_dldesign_0_cycle1_af2pred.pdb,GGVLRT,0.113553517
APP_binder_06_233_dldesign_0_cycle1_af2pred.pdb,GVAITL,0.07491111
APP_binder_06_234_dldesign_0_cycle1_af2pred.pdb,GYSVAY,0.131723642
APP_binder_06_235_dldesign_0_cycle1_af2pred.pdb,SFLQLP,0.148089901
APP_binder_06_236_dldesign_0_cycle1_af2pred.pdb,PYPAYR,0.884787381
APP_binder_06_237_dldesign_0_cycle1_af2pred.pdb,PRRVFE,0.152955458
APP_binder_06_238_dldesign_0_cycle1_af2pred.pdb,GTVKYP,0.251776278
APP_binder_06_239_dldesign_0_cycle1_af2pred.pdb,PAVPLL,0.027363947
APP_binder_06_23_dldesign_0_cycle1_af2pred.pdb,GVPRRP,0.029611371
APP_binder_06_240_dldesign_0_cycle1_af2pred.pdb,SQNRLP,0.060958248
APP_binder_06_241_dldesign_0_cycle1_af2pred.pdb,PPIFLP,0.037671693
APP_binder_06_242_dldesign_0_cycle1_af2pred.pdb,VTLRSV,0.052010171
APP_binder_06_243_dldesign_0_cycle1_af2pred.pdb,GSVLAR,0.071131214
APP_binder_06_244_dldesign_0_cycle1_af2pred.pdb,PVFAPP,0.043049447
APP_binder_06_245_dldesign_0_cycle1_af2pred.pdb,GTPRRP,0.424118906
APP_binder_06_246_dldesign_0_cycle1_af2pred.pdb,SSPVFP,0.07245855
APP_binder_06_247_dldesign_0_cycle1_af2pred.pdb,PSVPLP,0.045623794
APP_binder_06_248_dldesign_0_cycle1_af2pred.pdb,SRPQVS,0.037766345
APP_binder_06_249_dldesign_0_cycle1_af2pred.pdb,PAVPLP,0.01622585
APP_binder_06_24_dldesign_0_cycle1_af2pred.pdb,SLPLLK,0.054217987
APP_binder_06_250_dldesign_0_cycle1_af2pred.pdb,VVFEEP,0.000218766
APP_binder_06_251_dldesign_0_cycle1_af2pred.pdb,GPVLVR,0.02381365
APP_binder_06_252_dldesign_0_cycle1_af2pred.pdb,GPRPAP,0.44400394
APP_binder_06_253_dldesign_0_cycle1_af2pred.pdb,EELRKL,0.043458432
APP_binder_06_254_dldesign_0_cycle1_af2pred.pdb,PYVKVP,0.930522501
APP_binder_06_255_dldesign_0_cycle1_af2pred.pdb,RLLARL,0.035645254
APP_binder_06_256_dldesign_0_cycle1_af2pred.pdb,GVPRSV,0.025544409
APP_binder_06_257_dldesign_0_cycle1_af2pred.pdb,TTLRHL,0.811414778
APP_binder_06_258_dldesign_0_cycle1_af2pred.pdb,PHYRAA,0.027193457
APP_binder_06_259_dldesign_0_cycle1_af2pred.pdb,GVKLKR,0.029307384
APP_binder_06_25_dldesign_0_cycle1_af2pred.pdb,HMKVRP,0.046826888
APP_binder_06_260_dldesign_0_cycle1_af2pred.pdb,MSHLYE,0.036123365
APP_binder_06_261_dldesign_0_cycle1_af2pred.pdb,GVAKRP,0.059119366
APP_binder_06_262_dldesign_0_cycle1_af2pred.pdb,VVTVKR,0.005323678
APP_binder_06_263_dldesign_0_cycle1_af2pred.pdb,SVPVLK,0.000624715
APP_binder_06_264_dldesign_0_cycle1_af2pred.pdb,GSVLKR,0.052984539
APP_binder_06_265_dldesign_0_cycle1_af2pred.pdb,GYKPPK,0.033486493
APP_binder_06_266_dldesign_0_cycle1_af2pred.pdb,PTPAVP,0.011916261
APP_binder_06_267_dldesign_0_cycle1_af2pred.pdb,GYTVKR,0.01440826
APP_binder_06_268_dldesign_0_cycle1_af2pred.pdb,SGPVRV,0.026126217
APP_binder_06_269_dldesign_0_cycle1_af2pred.pdb,PLLSLP,0.097321615
APP_binder_06_26_dldesign_0_cycle1_af2pred.pdb,GVAVPE,0.020000951
APP_binder_06_270_dldesign_0_cycle1_af2pred.pdb,GVLRHP,0.112211838
APP_binder_06_271_dldesign_0_cycle1_af2pred.pdb,PVPVLE,0.022105893
APP_binder_06_272_dldesign_0_cycle1_af2pred.pdb,TILPRP,0.078077406
APP_binder_06_273_dldesign_0_cycle1_af2pred.pdb,GPVLVA,0.083750322
APP_binder_06_274_dldesign_0_cycle1_af2pred.pdb,PRALPA,0.100159392
APP_binder_06_275_dldesign_0_cycle1_af2pred.pdb,STLTTR,0.205847204
APP_binder_06_276_dldesign_0_cycle1_af2pred.pdb,ELPYLA,0.115119018
APP_binder_06_277_dldesign_0_cycle1_af2pred.pdb,GVLRRP,0.108428061
APP_binder_06_278_dldesign_0_cycle1_af2pred.pdb,GSRLPA,0.139183328
APP_binder_06_279_dldesign_0_cycle1_af2pred.pdb,AHHVLE,0.062560774
APP_binder_06_27_dldesign_0_cycle1_af2pred.pdb,GAVLKR,0.085150123
APP_binder_06_280_dldesign_0_cycle1_af2pred.pdb,GSAVPV,0.114674799
APP_binder_06_281_dldesign_0_cycle1_af2pred.pdb,PRVPAL,0.102725126
APP_binder_06_282_dldesign_0_cycle1_af2pred.pdb,SLPVLR,0.124837965
APP_binder_06_283_dldesign_0_cycle1_af2pred.pdb,MEGVYV,0.102167062
APP_binder_06_284_dldesign_0_cycle1_af2pred.pdb,DTRRPA,0.130974114
APP_binder_06_285_dldesign_0_cycle1_af2pred.pdb,PHVREA,0.131444126
APP_binder_06_286_dldesign_0_cycle1_af2pred.pdb,GSPVLV,0.151272625
APP_binder_06_287_dldesign_0_cycle1_af2pred.pdb,PHYLAP,0.123661533
APP_binder_06_288_dldesign_0_cycle1_af2pred.pdb,VTPAQV,0.105457202
APP_binder_06_289_dldesign_0_cycle1_af2pred.pdb,GLVSRS,0.160897419
APP_binder_06_28_dldesign_0_cycle1_af2pred.pdb,GPVLVP,0.09625081
APP_binder_06_290_dldesign_0_cycle1_af2pred.pdb,GPAIYL,0.112257414
APP_binder_06_291_dldesign_0_cycle1_af2pred.pdb,PPVLVP,0.144774929
APP_binder_06_292_dldesign_0_cycle1_af2pred.pdb,GVAKSV,0.113270126
APP_binder_06_293_dldesign_0_cycle1_af2pred.pdb,SVPTLK,0.099911779
APP_binder_06_294_dldesign_0_cycle1_af2pred.pdb,GVLKRV,0.160944909
APP_binder_06_295_dldesign_0_cycle1_af2pred.pdb,GSVLKR,0.167250246
APP_binder_06_296_dldesign_0_cycle1_af2pred.pdb,GHSHGE,0.148573384
APP_binder_06_297_dldesign_0_cycle1_af2pred.pdb,GVPTLP,0.142379805
APP_binder_06_298_dldesign_0_cycle1_af2pred.pdb,PFIYAP,0.006827168
APP_binder_06_299_dldesign_0_cycle1_af2pred.pdb,GYVEVP,0.100632317
APP_binder_06_29_dldesign_0_cycle1_af2pred.pdb,PAVPLL,0.041714575
APP_binder_06_2_dldesign_0_cycle1_af2pred.pdb,PAVRVP,0.050634563
APP_binder_06_300_dldesign_0_cycle1_af2pred.pdb,GPVPRT,0.002618571
APP_binder_06_301_dldesign_0_cycle1_af2pred.pdb,SLPKVK,0.075543933
APP_binder_06_302_dldesign_0_cycle1_af2pred.pdb,GVPRSR,0.04376464
APP_binder_06_303_dldesign_0_cycle1_af2pred.pdb,SVLRQR,0.042161565
APP_binder_06_304_dldesign_0_cycle1_af2pred.pdb,PAVPAP,0.059898626
APP_binder_06_305_dldesign_0_cycle1_af2pred.pdb,GSVLKR,0.084670953
APP_binder_06_306_dldesign_0_cycle1_af2pred.pdb,PAIPAP,0.063186198
APP_binder_06_307_dldesign_0_cycle1_af2pred.pdb,SNVIYE,0.047734018
APP_binder_06_308_dldesign_0_cycle1_af2pred.pdb,VTVATR,0.038259853
APP_binder_06_309_dldesign_0_cycle1_af2pred.pdb,PVPRRV,0.00228047
APP_binder_06_30_dldesign_0_cycle1_af2pred.pdb,VTLRKR,0.065357246
APP_binder_06_310_dldesign_0_cycle1_af2pred.pdb,GATVAR,0.073918737
APP_binder_06_311_dldesign_0_cycle1_af2pred.pdb,HHHYFE,0.049712777
APP_binder_06_312_dldesign_0_cycle1_af2pred.pdb,AAHYHE,0.040571
APP_binder_06_313_dldesign_0_cycle1_af2pred.pdb,PGPPRP,0.049085394
APP_binder_06_314_dldesign_0_cycle1_af2pred.pdb,AVEVDL,0.001250251
APP_binder_06_315_dldesign_0_cycle1_af2pred.pdb,PAVPLL,0.003867438
APP_binder_06_316_dldesign_0_cycle1_af2pred.pdb,PHVLAP,0.008888613
APP_binder_06_317_dldesign_0_cycle1_af2pred.pdb,VTLRSL,0.022613246
APP_binder_06_318_dldesign_0_cycle1_af2pred.pdb,ATPRQP,0.003720288
APP_binder_06_319_dldesign_0_cycle1_af2pred.pdb,SSYLAR,0.028284093
APP_binder_06_31_dldesign_0_cycle1_af2pred.pdb,SWLTVP,0.012856808
APP_binder_06_320_dldesign_0_cycle1_af2pred.pdb,SSLASP,0.018224251
APP_binder_06_321_dldesign_0_cycle1_af2pred.pdb,SNYVLE,0.011756379
APP_binder_06_322_dldesign_0_cycle1_af2pred.pdb,SWWTPP,0.014465591
APP_binder_06_323_dldesign_0_cycle1_af2pred.pdb,SRPLLP,0.008352027
APP_binder_06_324_dldesign_0_cycle1_af2pred.pdb,MAVKVP,0.005559052
APP_binder_06_325_dldesign_0_cycle1_af2pred.pdb,SGLLVR,0.015932884
APP_binder_06_326_dldesign_0_cycle1_af2pred.pdb,GEAVLE,0.02060649
APP_binder_06_327_dldesign_0_cycle1_af2pred.pdb,ATAIKV,0.006509688
APP_binder_06_328_dldesign_0_cycle1_af2pred.pdb,GVTFKR,0.00048574
APP_binder_06_329_dldesign_0_cycle1_af2pred.pdb,MRVVFE,0.006869199
APP_binder_06_32_dldesign_0_cycle1_af2pred.pdb,PAVPLL,0.014911259
APP_binder_06_330_dldesign_0_cycle1_af2pred.pdb,PHVHVP,0.001160585
APP_binder_06_331_dldesign_0_cycle1_af2pred.pdb,SLALPA,0.030422673
APP_binder_06_332_dldesign_0_cycle1_af2pred.pdb,SYTVAR,0.019457484
APP_binder_06_333_dldesign_0_cycle1_af2pred.pdb,PAVPAP,0.021929203
APP_binder_06_334_dldesign_0_cycle1_af2pred.pdb,GVLVRP,0.045540899
APP_binder_06_335_dldesign_0_cycle1_af2pred.pdb,GAVLKR,0.021386325
APP_binder_06_336_dldesign_0_cycle1_af2pred.pdb,MHVPAP,0.026855597
APP_binder_06_337_dldesign_0_cycle1_af2pred.pdb,GVLRSR,0.03368051
APP_binder_06_338_dldesign_0_cycle1_af2pred.pdb,GLVPTP,0.051137522
APP_binder_06_339_dldesign_0_cycle1_af2pred.pdb,MSHILV,0.020863019
APP_binder_06_33_dldesign_0_cycle1_af2pred.pdb,LEVSGP,0.029540025
APP_binder_06_340_dldesign_0_cycle1_af2pred.pdb,GPVLKR,0.011767645
APP_binder_06_341_dldesign_0_cycle1_af2pred.pdb,VTLKLP,0.012736103
APP_binder_06_342_dldesign_0_cycle1_af2pred.pdb,GVTLAY,0.031304047
APP_binder_06_343_dldesign_0_cycle1_af2pred.pdb,GSGGSP,0.057333592
APP_binder_06_344_dldesign_0_cycle1_af2pred.pdb,STLKSV,0.036250431
APP_binder_06_345_dldesign_0_cycle1_af2pred.pdb,VLVKVP,0.165288493
APP_binder_06_346_dldesign_0_cycle1_af2pred.pdb,SVLRRP,0.166382417
APP_binder_06_347_dldesign_0_cycle1_af2pred.pdb,GVLTLA,0.228548691
APP_binder_06_348_dldesign_0_cycle1_af2pred.pdb,SVLRRA,0.1701857
APP_binder_06_349_dldesign_0_cycle1_af2pred.pdb,PRAVPA,0.195761666
APP_binder_06_34_dldesign_0_cycle1_af2pred.pdb,PHYLEA,0.202614099
APP_binder_06_350_dldesign_0_cycle1_af2pred.pdb,SVPLLV,0.095038481
APP_binder_06_351_dldesign_0_cycle1_af2pred.pdb,GKLVSP,0.100725949
APP_binder_06_352_dldesign_0_cycle1_af2pred.pdb,PAVPLL,0.166238248
APP_binder_06_353_dldesign_0_cycle1_af2pred.pdb,GAVLKR,0.170832977
APP_binder_06_354_dldesign_0_cycle1_af2pred.pdb,GPVVPA,0.081191987
APP_binder_06_355_dldesign_0_cycle1_af2pred.pdb,GVLVYA,0.016864533
APP_binder_06_356_dldesign_0_cycle1_af2pred.pdb,STLRQL,0.199960351
APP_binder_06_357_dldesign_0_cycle1_af2pred.pdb,SQVRLA,0.210524619
APP_binder_06_358_dldesign_0_cycle1_af2pred.pdb,PRHYRE,0.179161906
APP_binder_06_359_dldesign_0_cycle1_af2pred.pdb,RLPVYE,0.053388346
APP_binder_06_35_dldesign_0_cycle1_af2pred.pdb,SLPVLR,0.211948082
APP_binder_06_360_dldesign_0_cycle1_af2pred.pdb,PRVLAP,0.058699016
APP_binder_06_361_dldesign_0_cycle1_af2pred.pdb,PTVKRV,0.001139053
APP_binder_06_362_dldesign_0_cycle1_af2pred.pdb,GSTVKY,0.056256685
APP_binder_06_363_dldesign_0_cycle1_af2pred.pdb,GSVLRR,0.087887339
APP_binder_06_364_dldesign_0_cycle1_af2pred.pdb,EQPLFQ,0.065049462
APP_binder_06_365_dldesign_0_cycle1_af2pred.pdb,GYTLKR,0.058981784
APP_binder_06_366_dldesign_0_cycle1_af2pred.pdb,GVLKSV,0.091639772
APP_binder_06_367_dldesign_0_cycle1_af2pred.pdb,SVLRPA,0.035085581
APP_binder_06_368_dldesign_0_cycle1_af2pred.pdb,GVPAVP,0.004038909
APP_binder_06_369_dldesign_0_cycle1_af2pred.pdb,KRYRVP,0.127277508
APP_binder_06_36_dldesign_0_cycle1_af2pred.pdb,SLPILV,0.07244949
APP_binder_06_370_dldesign_0_cycle1_af2pred.pdb,PAVKVA,0.076021105
APP_binder_06_371_dldesign_0_cycle1_af2pred.pdb,MHVLAP,0.056363054
APP_binder_06_372_dldesign_0_cycle1_af2pred.pdb,MVYTLK,0.063274056
APP_binder_06_373_dldesign_0_cycle1_af2pred.pdb,PYLSIR,0.018444302
APP_binder_06_374_dldesign_0_cycle1_af2pred.pdb,PYILLP,0.000628795
APP_binder_06_375_dldesign_0_cycle1_af2pred.pdb,STLRSV,0.069338113
APP_binder_06_376_dldesign_0_cycle1_af2pred.pdb,GTVLKR,0.533465624
APP_binder_06_377_dldesign_0_cycle1_af2pred.pdb,MHVLEE,0.090243675
APP_binder_06_378_dldesign_0_cycle1_af2pred.pdb,SHHYLE,0.054754186
APP_binder_06_379_dldesign_0_cycle1_af2pred.pdb,PAVPAP,0.090881556
APP_binder_06_37_dldesign_0_cycle1_af2pred.pdb,GTLKRA,0.68715483
APP_binder_06_380_dldesign_0_cycle1_af2pred.pdb,GVALPA,0.075582169
APP_binder_06_381_dldesign_0_cycle1_af2pred.pdb,GSVLVR,0.117575452
APP_binder_06_382_dldesign_0_cycle1_af2pred.pdb,GVLRYP,0.053279962
APP_binder_06_383_dldesign_0_cycle1_af2pred.pdb,HHLPAP,0.114547081
APP_binder_06_384_dldesign_0_cycle1_af2pred.pdb,PHVVAP,0.009824099
APP_binder_06_385_dldesign_0_cycle1_af2pred.pdb,VTLRHL,0.100966059
APP_binder_06_386_dldesign_0_cycle1_af2pred.pdb,PYVKVP,0.926323891
APP_binder_06_387_dldesign_0_cycle1_af2pred.pdb,MHVKAP,0.074427694
APP_binder_06_388_dldesign_0_cycle1_af2pred.pdb,GVLKRP,0.105815627
APP_binder_06_389_dldesign_0_cycle1_af2pred.pdb,GALVRR,0.077038795
APP_binder_06_38_dldesign_0_cycle1_af2pred.pdb,MYVRVP,0.060915425
APP_binder_06_390_dldesign_0_cycle1_af2pred.pdb,PIALPA,0.070678644
APP_binder_06_391_dldesign_0_cycle1_af2pred.pdb,TYKPGP,0.0651026
APP_binder_06_392_dldesign_0_cycle1_af2pred.pdb,PHVLLP,0.098428212
APP_binder_06_393_dldesign_0_cycle1_af2pred.pdb,PAVPPP,0.041873403
APP_binder_06_394_dldesign_0_cycle1_af2pred.pdb,LVKVPA,0.057618625
APP_binder_06_395_dldesign_0_cycle1_af2pred.pdb,GVPRYR,0.034008581
APP_binder_06_396_dldesign_0_cycle1_af2pred.pdb,GVLKRP,0.135176048
APP_binder_06_397_dldesign_0_cycle1_af2pred.pdb,SETFKS,0.120839044
APP_binder_06_398_dldesign_0_cycle1_af2pred.pdb,GHHYHE,0.084640577
APP_binder_06_399_dldesign_0_cycle1_af2pred.pdb,GAVPAP,0.062461283
APP_binder_06_39_dldesign_0_cycle1_af2pred.pdb,PPPVEP,0.123123012
APP_binder_06_3_dldesign_0_cycle1_af2pred.pdb,GSVLKR,0.143037647
APP_binder_06_400_dldesign_0_cycle1_af2pred.pdb,GGVLVR,0.099534735
APP_binder_06_401_dldesign_0_cycle1_af2pred.pdb,GVPALP,0.090480231
APP_binder_06_402_dldesign_0_cycle1_af2pred.pdb,PAVPVP,0.104733028
APP_binder_06_403_dldesign_0_cycle1_af2pred.pdb,GVPPRP,0.087401599
APP_binder_06_404_dldesign_0_cycle1_af2pred.pdb,GVLKRP,0.135176048
APP_binder_06_405_dldesign_0_cycle1_af2pred.pdb,MHVLLP,0.110450178
APP_binder_06_406_dldesign_0_cycle1_af2pred.pdb,GSVLKY,0.307902813
APP_binder_06_407_dldesign_0_cycle1_af2pred.pdb,GSVLKR,0.324898243
APP_binder_06_408_dldesign_0_cycle1_af2pred.pdb,GVPRRV,0.265879214
APP_binder_06_409_dldesign_0_cycle1_af2pred.pdb,GVTLKR,0.299556941
APP_binder_06_40_dldesign_0_cycle1_af2pred.pdb,GVKVKR,0.274640381
APP_binder_06_410_dldesign_0_cycle1_af2pred.pdb,GGVLKR,0.263252646
APP_binder_06_411_dldesign_0_cycle1_af2pred.pdb,GVPRRP,0.264151961
APP_binder_06_412_dldesign_0_cycle1_af2pred.pdb,GVLRSA,0.294192702
APP_binder_06_413_dldesign_0_cycle1_af2pred.pdb,SNHVLA,0.316722482
APP_binder_06_414_dldesign_0_cycle1_af2pred.pdb,GVPHVP,0.074193984
APP_binder_06_415_dldesign_0_cycle1_af2pred.pdb,APLLVR,0.317670286
APP_binder_06_416_dldesign_0_cycle1_af2pred.pdb,GVVPKR,0.081851833
APP_binder_06_417_dldesign_0_cycle1_af2pred.pdb,GVLRLP,0.28461501
APP_binder_06_418_dldesign_0_cycle1_af2pred.pdb,GAVPAP,0.245226175
APP_binder_06_419_dldesign_0_cycle1_af2pred.pdb,GSHHLA,0.322957426
APP_binder_06_41_dldesign_0_cycle1_af2pred.pdb,VTLRLP,0.302830428
APP_binder_06_420_dldesign_0_cycle1_af2pred.pdb,GTLRQR,0.757782519
APP_binder_06_421_dldesign_0_cycle1_af2pred.pdb,GVAVPA,0.081638031
APP_binder_06_422_dldesign_0_cycle1_af2pred.pdb,GVLLEL,0.312296391
APP_binder_06_423_dldesign_0_cycle1_af2pred.pdb,GVLRVP,0.286219567
APP_binder_06_424_dldesign_0_cycle1_af2pred.pdb,GVVYVP,0.493284166
APP_binder_06_425_dldesign_0_cycle1_af2pred.pdb,GSVLVR,0.335261732
APP_binder_06_426_dldesign_0_cycle1_af2pred.pdb,PPVWKR,0.005928222
APP_binder_06_427_dldesign_0_cycle1_af2pred.pdb,PRHVKA,0.300516516
APP_binder_06_428_dldesign_0_cycle1_af2pred.pdb,GVLRHP,0.308396667
APP_binder_06_429_dldesign_0_cycle1_af2pred.pdb,GVLRRR,0.304011315
APP_binder_06_42_dldesign_0_cycle1_af2pred.pdb,GGVLKR,0.264091879
APP_binder_06_430_dldesign_0_cycle1_af2pred.pdb,GPVLVR,0.26581502
APP_binder_06_431_dldesign_0_cycle1_af2pred.pdb,GSVLRR,0.337100506
APP_binder_06_432_dldesign_0_cycle1_af2pred.pdb,GVYTPK,0.316430181
APP_binder_06_433_dldesign_0_cycle1_af2pred.pdb,PIHLPE,0.241536081
APP_binder_06_434_dldesign_0_cycle1_af2pred.pdb,GHHHLE,0.285722405
APP_binder_06_435_dldesign_0_cycle1_af2pred.pdb,AVPRTP,0.116373256
APP_binder_06_436_dldesign_0_cycle1_af2pred.pdb,APLLLA,0.310783118
APP_binder_06_437_dldesign_0_cycle1_af2pred.pdb,GVPLPA,0.680291772
APP_binder_06_438_dldesign_0_cycle1_af2pred.pdb,GPVLLL,0.024209786
APP_binder_06_439_dldesign_0_cycle1_af2pred.pdb,ELPLVV,0.057449799
APP_binder_06_43_dldesign_0_cycle1_af2pred.pdb,GRAVPL,0.057663716
APP_binder_06_440_dldesign_0_cycle1_af2pred.pdb,PHYPAP,0.012971987
APP_binder_06_441_dldesign_0_cycle1_af2pred.pdb,MHVRVP,0.049192503
APP_binder_06_442_dldesign_0_cycle1_af2pred.pdb,GGVPKR,0.037623826
APP_binder_06_443_dldesign_0_cycle1_af2pred.pdb,STLRRL,0.066955149
APP_binder_06_444_dldesign_0_cycle1_af2pred.pdb,GSAVLL,0.065620095
APP_binder_06_445_dldesign_0_cycle1_af2pred.pdb,STLRTV,0.066346481
APP_binder_06_446_dldesign_0_cycle1_af2pred.pdb,GSVWRP,0.051067933
APP_binder_06_447_dldesign_0_cycle1_af2pred.pdb,VLESDL,0.061197884
APP_binder_06_448_dldesign_0_cycle1_af2pred.pdb,PHYLEP,0.057916377
APP_binder_06_449_dldesign_0_cycle1_af2pred.pdb,SPVLAR,0.076056674
APP_binder_06_44_dldesign_0_cycle1_af2pred.pdb,SAVSLP,0.046011664
APP_binder_06_450_dldesign_0_cycle1_af2pred.pdb,LDLENP,0.06528984
APP_binder_06_451_dldesign_0_cycle1_af2pred.pdb,GVLKRP,0.077402167
APP_binder_06_452_dldesign_0_cycle1_af2pred.pdb,GTVALP,0.56228447
APP_binder_06_453_dldesign_0_cycle1_af2pred.pdb,GTPRLP,0.557482362
APP_binder_06_454_dldesign_0_cycle1_af2pred.pdb,SYPRKR,0.056024365
APP_binder_06_455_dldesign_0_cycle1_af2pred.pdb,SAVPKL,0.122285813
APP_binder_06_456_dldesign_0_cycle1_af2pred.pdb,APPIFE,0.145442247
APP_binder_06_457_dldesign_0_cycle1_af2pred.pdb,PYVRVP,0.082646646
APP_binder_06_458_dldesign_0_cycle1_af2pred.pdb,PRVVLA,0.08309418
APP_binder_06_459_dldesign_0_cycle1_af2pred.pdb,SYKVGR,0.064101137
APP_binder_06_45_dldesign_0_cycle1_af2pred.pdb,GVTLAY,0.128661588
APP_binder_06_460_dldesign_0_cycle1_af2pred.pdb,SVLVSP,0.1153652
APP_binder_06_461_dldesign_0_cycle1_af2pred.pdb,PHYLEA,0.142690197
APP_binder_06_462_dldesign_0_cycle1_af2pred.pdb,PHVLAA,0.125359505
APP_binder_06_463_dldesign_0_cycle1_af2pred.pdb,VTLKRP,0.096314728
APP_binder_06_464_dldesign_0_cycle1_af2pred.pdb,GKRIFV,0.077311091
APP_binder_06_465_dldesign_0_cycle1_af2pred.pdb,MKRVFE,0.102993198
APP_binder_06_466_dldesign_0_cycle1_af2pred.pdb,SYPLYR,0.037221685
APP_binder_06_467_dldesign_0_cycle1_af2pred.pdb,GYTLRL,0.147185445
APP_binder_06_468_dldesign_0_cycle1_af2pred.pdb,PVPLLP,0.303413332
APP_binder_06_469_dldesign_0_cycle1_af2pred.pdb,GRLLLP,0.107706778
APP_binder_06_46_dldesign_0_cycle1_af2pred.pdb,AVPRSV,0.007712925
APP_binder_06_470_dldesign_0_cycle1_af2pred.pdb,MEGLKE,0.093556054
APP_binder_06_471_dldesign_0_cycle1_af2pred.pdb,GSVLTP,0.086884968
APP_binder_06_472_dldesign_0_cycle1_af2pred.pdb,SLPVLK,0.108857535
APP_binder_06_473_dldesign_0_cycle1_af2pred.pdb,MHHVLE,0.077924594
APP_binder_06_474_dldesign_0_cycle1_af2pred.pdb,PPVYVP,0.040306706
APP_binder_06_475_dldesign_0_cycle1_af2pred.pdb,GVARRP,0.106762543
APP_binder_06_476_dldesign_0_cycle1_af2pred.pdb,GSHIYE,0.102882437
APP_binder_06_477_dldesign_0_cycle1_af2pred.pdb,DVYVPR,0.016807752
APP_binder_06_478_dldesign_0_cycle1_af2pred.pdb,PAVPAL,0.09331277
APP_binder_06_479_dldesign_0_cycle1_af2pred.pdb,PVYTLT,0.102098837
APP_binder_06_47_dldesign_0_cycle1_af2pred.pdb,PLTPKR,0.057117026
APP_binder_06_480_dldesign_0_cycle1_af2pred.pdb,GVLRRP,0.093159154
APP_binder_06_481_dldesign_0_cycle1_af2pred.pdb,SVPTLR,0.058435194
APP_binder_06_482_dldesign_0_cycle1_af2pred.pdb,PHHVLE,0.064378001
APP_binder_06_483_dldesign_0_cycle1_af2pred.pdb,PHVHVP,0.004666341
APP_binder_06_484_dldesign_0_cycle1_af2pred.pdb,VTLKLP,0.001925897
APP_binder_06_485_dldesign_0_cycle1_af2pred.pdb,MYVRVP,0.002337739
APP_binder_06_486_dldesign_0_cycle1_af2pred.pdb,SNYYYE,0.006474439
APP_binder_06_487_dldesign_0_cycle1_af2pred.pdb,PPPEVV,0.021784613
APP_binder_06_488_dldesign_0_cycle1_af2pred.pdb,GHHYHE,0.002738562
APP_binder_06_489_dldesign_0_cycle1_af2pred.pdb,VVYTPT,0.171383768
APP_binder_06_48_dldesign_0_cycle1_af2pred.pdb,GVALPA,0.008362371
APP_binder_06_490_dldesign_0_cycle1_af2pred.pdb,SSSVLK,0.020398159
APP_binder_06_491_dldesign_0_cycle1_af2pred.pdb,PNYYYE,0.000786328
APP_binder_06_492_dldesign_0_cycle1_af2pred.pdb,AVAIRG,0.009674939
APP_binder_06_493_dldesign_0_cycle1_af2pred.pdb,GSTLNP,0.027036997
APP_binder_06_494_dldesign_0_cycle1_af2pred.pdb,GSTLRL,0.035025146
APP_binder_06_495_dldesign_0_cycle1_af2pred.pdb,GVPRHL,0.014453696
APP_binder_06_496_dldesign_0_cycle1_af2pred.pdb,PAIPVP,0.01422497
APP_binder_06_497_dldesign_0_cycle1_af2pred.pdb,PAIRVP,0.008220865
APP_binder_06_498_dldesign_0_cycle1_af2pred.pdb,PQVLTP,0.007669828
APP_binder_06_499_dldesign_0_cycle1_af2pred.pdb,GAVLKR,0.157086864
APP_binder_06_49_dldesign_0_cycle1_af2pred.pdb,SVALPE,0.109405309
APP_binder_06_4_dldesign_0_cycle1_af2pred.pdb,GVKLVR,0.170030311
APP_binder_06_500_dldesign_0_cycle1_af2pred.pdb,VTLRSA,0.195255786
APP_binder_06_501_dldesign_0_cycle1_af2pred.pdb,PHRPAP,0.210279688
APP_binder_06_502_dldesign_0_cycle1_af2pred.pdb,GAVLRR,0.160051018
APP_binder_06_503_dldesign_0_cycle1_af2pred.pdb,PHVLEA,0.182663083
APP_binder_06_504_dldesign_0_cycle1_af2pred.pdb,SLKPLP,0.186512008
APP_binder_06_505_dldesign_0_cycle1_af2pred.pdb,SAVKVA,0.173244178
APP_binder_06_506_dldesign_0_cycle1_af2pred.pdb,GSVLKR,0.202442124
APP_binder_06_507_dldesign_0_cycle1_af2pred.pdb,GSYWAN,0.17727764
APP_binder_06_508_dldesign_0_cycle1_af2pred.pdb,PHVRVP,0.140639693
APP_binder_06_509_dldesign_0_cycle1_af2pred.pdb,GPAVPA,0.120950587
APP_binder_06_50_dldesign_0_cycle1_af2pred.pdb,SSVLAP,0.203359395
APP_binder_06_510_dldesign_0_cycle1_af2pred.pdb,GVPVKE,0.149725512
APP_binder_06_511_dldesign_0_cycle1_af2pred.pdb,RPHAIL,0.135726064
APP_binder_06_512_dldesign_0_cycle1_af2pred.pdb,SVLLKR,0.159523144
APP_binder_06_513_dldesign_0_cycle1_af2pred.pdb,GFVPKR,0.042084914
APP_binder_06_514_dldesign_0_cycle1_af2pred.pdb,GDIPYL,0.086849265
APP_binder_06_515_dldesign_0_cycle1_af2pred.pdb,GAAVLE,0.077789955
APP_binder_06_516_dldesign_0_cycle1_af2pred.pdb,GSVLKR,0.101311177
APP_binder_06_517_dldesign_0_cycle1_af2pred.pdb,GGVLKR,0.04833797
APP_binder_06_518_dldesign_0_cycle1_af2pred.pdb,TTYTLR,0.771417379
APP_binder_06_519_dldesign_0_cycle1_af2pred.pdb,GVLRRP,0.076466374
APP_binder_06_51_dldesign_0_cycle1_af2pred.pdb,SSKLLR,0.093435712
APP_binder_06_520_dldesign_0_cycle1_af2pred.pdb,STLRQP,0.079417691
APP_binder_06_521_dldesign_0_cycle1_af2pred.pdb,PHYLAP,0.070665434
APP_binder_06_522_dldesign_0_cycle1_af2pred.pdb,PHVRVP,0.059643399
APP_binder_06_523_dldesign_0_cycle1_af2pred.pdb,GHVKAL,0.062814355
APP_binder_06_524_dldesign_0_cycle1_af2pred.pdb,NLPPRP,0.077989906
APP_binder_06_525_dldesign_0_cycle1_af2pred.pdb,NVYTLR,0.070202135
APP_binder_06_526_dldesign_0_cycle1_af2pred.pdb,STVPKR,0.070474446
APP_binder_06_527_dldesign_0_cycle1_af2pred.pdb,GHRPAP,0.091441646
APP_binder_06_528_dldesign_0_cycle1_af2pred.pdb,GLLSTL,0.032367237
APP_binder_06_529_dldesign_0_cycle1_af2pred.pdb,GYTVKR,0.060147122
APP_binder_06_52_dldesign_0_cycle1_af2pred.pdb,GSVLKR,0.118142873
APP_binder_06_530_dldesign_0_cycle1_af2pred.pdb,PAVPVP,0.057551257
APP_binder_06_531_dldesign_0_cycle1_af2pred.pdb,SKVVLP,0.084239125
APP_binder_06_532_dldesign_0_cycle1_af2pred.pdb,PLVLEL,0.088963874
APP_binder_06_533_dldesign_0_cycle1_af2pred.pdb,SGVPKR,0.081599288
APP_binder_06_534_dldesign_0_cycle1_af2pred.pdb,RYVKVP,0.026775572
APP_binder_06_535_dldesign_0_cycle1_af2pred.pdb,GVLRHP,0.102790833
APP_binder_06_536_dldesign_0_cycle1_af2pred.pdb,AAVPAL,0.094237804
APP_binder_06_537_dldesign_0_cycle1_af2pred.pdb,GVVLRR,0.107940227
APP_binder_06_538_dldesign_0_cycle1_af2pred.pdb,GVPAVP,0.014353313
APP_binder_06_539_dldesign_0_cycle1_af2pred.pdb,SPPVFE,0.120780319
APP_binder_06_53_dldesign_0_cycle1_af2pred.pdb,GVVKLP,0.107679814
APP_binder_06_540_dldesign_0_cycle1_af2pred.pdb,SVLRSV,0.072552226
APP_binder_06_541_dldesign_0_cycle1_af2pred.pdb,SGVPKR,0.081599288
APP_binder_06_542_dldesign_0_cycle1_af2pred.pdb,PQPPPQ,0.089121915
APP_binder_06_543_dldesign_0_cycle1_af2pred.pdb,PHRPAL,0.140889332
APP_binder_06_544_dldesign_0_cycle1_af2pred.pdb,SVEVKY,0.069867887
APP_binder_06_545_dldesign_0_cycle1_af2pred.pdb,STLAYP,0.069336638
APP_binder_06_546_dldesign_0_cycle1_af2pred.pdb,GSVLVR,0.113958992
APP_binder_06_547_dldesign_0_cycle1_af2pred.pdb,GLTLKY,0.118668407
APP_binder_06_548_dldesign_0_cycle1_af2pred.pdb,STLRQR,0.081388891
APP_binder_06_549_dldesign_0_cycle1_af2pred.pdb,PVYVPK,0.073668003
APP_binder_06_54_dldesign_0_cycle1_af2pred.pdb,SALLVR,0.090858288
APP_binder_06_550_dldesign_0_cycle1_af2pred.pdb,SAVLRP,0.090863548
APP_binder_06_551_dldesign_0_cycle1_af2pred.pdb,GPSSNL,0.099682026
APP_binder_06_552_dldesign_0_cycle1_af2pred.pdb,PHRKAL,0.050648052
APP_binder_06_553_dldesign_0_cycle1_af2pred.pdb,GVPKRP,0.05815151
APP_binder_06_554_dldesign_0_cycle1_af2pred.pdb,ARSVRA,0.079293631
APP_binder_06_555_dldesign_0_cycle1_af2pred.pdb,LPALPE,0.090919882
APP_binder_06_556_dldesign_0_cycle1_af2pred.pdb,GNVLAP,0.093487211
APP_binder_06_557_dldesign_0_cycle1_af2pred.pdb,RHRKAL,0.039358091
APP_binder_06_558_dldesign_0_cycle1_af2pred.pdb,GVTLAR,0.079599202
APP_binder_06_559_dldesign_0_cycle1_af2pred.pdb,GNHYYE,0.000597997
APP_binder_06_55_dldesign_0_cycle1_af2pred.pdb,GVTVKR,0.124049746
APP_binder_06_560_dldesign_0_cycle1_af2pred.pdb,GSVLKR,0.148229271
APP_binder_06_561_dldesign_0_cycle1_af2pred.pdb,GSVLKR,0.148229271
APP_binder_06_562_dldesign_0_cycle1_af2pred.pdb,GVPRRR,0.106807321
APP_binder_06_563_dldesign_0_cycle1_af2pred.pdb,AAVPEP,0.142550468
APP_binder_06_564_dldesign_0_cycle1_af2pred.pdb,SLPVLR,0.140352011
APP_binder_06_565_dldesign_0_cycle1_af2pred.pdb,PAVPAP,0.116387866
APP_binder_06_566_dldesign_0_cycle1_af2pred.pdb,STLKQA,0.128124356
APP_binder_06_567_dldesign_0_cycle1_af2pred.pdb,GVAVPA,0.000342484
APP_binder_06_568_dldesign_0_cycle1_af2pred.pdb,AVAVPA,0.033204131
APP_binder_06_569_dldesign_0_cycle1_af2pred.pdb,GSPYRE,0.138504714
APP_binder_06_56_dldesign_0_cycle1_af2pred.pdb,VTVKRP,0.092890628
APP_binder_06_570_dldesign_0_cycle1_af2pred.pdb,PRTVPE,0.107077695
APP_binder_06_571_dldesign_0_cycle1_af2pred.pdb,PAVPAP,0.116387866
APP_binder_06_572_dldesign_0_cycle1_af2pred.pdb,RHRPAP,0.126424894
APP_binder_06_573_dldesign_0_cycle1_af2pred.pdb,RYVVLP,0.035984542
APP_binder_06_574_dldesign_0_cycle1_af2pred.pdb,VELPSR,0.122651689
APP_binder_06_575_dldesign_0_cycle1_af2pred.pdb,GYTVKR,0.13070932
APP_binder_06_576_dldesign_0_cycle1_af2pred.pdb,VRSVLA,0.165941313
APP_binder_06_577_dldesign_0_cycle1_af2pred.pdb,PRVVPE,0.202964649
APP_binder_06_578_dldesign_0_cycle1_af2pred.pdb,ATLRPP,0.193952695
APP_binder_06_579_dldesign_0_cycle1_af2pred.pdb,VVLVPR,0.088490717
APP_binder_06_57_dldesign_0_cycle1_af2pred.pdb,PVKLLP,0.092188358
APP_binder_06_580_dldesign_0_cycle1_af2pred.pdb,GVTLKR,0.174849585
APP_binder_06_581_dldesign_0_cycle1_af2pred.pdb,GHHHHH,0.178129598
APP_binder_06_582_dldesign_0_cycle1_af2pred.pdb,GPHYRE,0.156585261
APP_binder_06_583_dldesign_0_cycle1_af2pred.pdb,PAVPLL,0.143547937
APP_binder_06_584_dldesign_0_cycle1_af2pred.pdb,AVAIKV,0.089331478
APP_binder_06_585_dldesign_0_cycle1_af2pred.pdb,MHVVIP,0.113894254
APP_binder_06_586_dldesign_0_cycle1_af2pred.pdb,SRYVLE,0.144636557
APP_binder_06_587_dldesign_0_cycle1_af2pred.pdb,PVHVLP,0.124121062
APP_binder_06_588_dldesign_0_cycle1_af2pred.pdb,SGVLVR,0.198278427
APP_binder_06_589_dldesign_0_cycle1_af2pred.pdb,SNAVLV,0.179694906
APP_binder_06_58_dldesign_0_cycle1_af2pred.pdb,PLPLLP,0.144622028
APP_binder_06_590_dldesign_0_cycle1_af2pred.pdb,SSVLKY,0.016113931
APP_binder_06_591_dldesign_0_cycle1_af2pred.pdb,SKVIKV,0.002178476
APP_binder_06_592_dldesign_0_cycle1_af2pred.pdb,SATLKR,0.007511548
APP_binder_06_593_dldesign_0_cycle1_af2pred.pdb,GAVLLL,0.000126784
APP_binder_06_594_dldesign_0_cycle1_af2pred.pdb,ATLKLP,0.005887322
APP_binder_06_595_dldesign_0_cycle1_af2pred.pdb,GSFLAP,0.02659872
APP_binder_06_596_dldesign_0_cycle1_af2pred.pdb,GTPRLP,0.474530846
APP_binder_06_597_dldesign_0_cycle1_af2pred.pdb,SSATLT,0.016733678
APP_binder_06_598_dldesign_0_cycle1_af2pred.pdb,AVAVLE,0.021431949
APP_binder_06_599_dldesign_0_cycle1_af2pred.pdb,VTLKTA,0.000178461
APP_binder_06_59_dldesign_0_cycle1_af2pred.pdb,GMAVLE,0.005596884
APP_binder_06_5_dldesign_0_cycle1_af2pred.pdb,GVARQP,0.008030237
APP_binder_06_600_dldesign_0_cycle1_af2pred.pdb,PLLPLP,0.002670934
APP_binder_06_601_dldesign_0_cycle1_af2pred.pdb,GVRKLP,0.009449777
APP_binder_06_602_dldesign_0_cycle1_af2pred.pdb,PVHVAA,0.000650361
APP_binder_06_603_dldesign_0_cycle1_af2pred.pdb,GTSSSP,0.385087371
APP_binder_06_604_dldesign_0_cycle1_af2pred.pdb,GYTLKR,0.00767743
APP_binder_06_605_dldesign_0_cycle1_af2pred.pdb,GGVAKR,0.098655611
APP_binder_06_606_dldesign_0_cycle1_af2pred.pdb,GHHVLE,0.147023261
APP_binder_06_607_dldesign_0_cycle1_af2pred.pdb,SVLRSV,0.124826245
APP_binder_06_608_dldesign_0_cycle1_af2pred.pdb,GVLKRP,0.16842714
APP_binder_06_609_dldesign_0_cycle1_af2pred.pdb,GVLKSV,0.180941373
APP_binder_06_60_dldesign_0_cycle1_af2pred.pdb,PRAVPA,0.145254463
APP_binder_06_610_dldesign_0_cycle1_af2pred.pdb,PAVPAP,0.134838611
APP_binder_06_611_dldesign_0_cycle1_af2pred.pdb,SLPVLR,0.160828516
APP_binder_06_612_dldesign_0_cycle1_af2pred.pdb,PAVRVP,0.126555756
APP_binder_06_613_dldesign_0_cycle1_af2pred.pdb,PAVLEV,0.159600019
APP_binder_06_614_dldesign_0_cycle1_af2pred.pdb,GPRPAP,0.153442264
APP_binder_06_615_dldesign_0_cycle1_af2pred.pdb,GVVLKR,0.153259993
APP_binder_06_616_dldesign_0_cycle1_af2pred.pdb,GFTLKR,0.12587072
APP_binder_06_617_dldesign_0_cycle1_af2pred.pdb,GTVARR,0.536435246
APP_binder_06_618_dldesign_0_cycle1_af2pred.pdb,GVTLKR,0.139160573
APP_binder_06_619_dldesign_0_cycle1_af2pred.pdb,SLYPLK,0.133876786
APP_binder_06_61_dldesign_0_cycle1_af2pred.pdb,MKAIRV,0.14529337
APP_binder_06_620_dldesign_0_cycle1_af2pred.pdb,GVLKRP,0.28642264
APP_binder_06_621_dldesign_0_cycle1_af2pred.pdb,GPVLKR,0.22647804
APP_binder_06_622_dldesign_0_cycle1_af2pred.pdb,PHVHVP,0.191271693
APP_binder_06_623_dldesign_0_cycle1_af2pred.pdb,PAVPEP,0.247489259
APP_binder_06_624_dldesign_0_cycle1_af2pred.pdb,PPAVLP,0.251148432
APP_binder_06_625_dldesign_0_cycle1_af2pred.pdb,GVLRQR,0.254624993
APP_binder_06_626_dldesign_0_cycle1_af2pred.pdb,GVNTLK,0.266191959
APP_binder_06_627_dldesign_0_cycle1_af2pred.pdb,GPVPRR,0.189234212
APP_binder_06_628_dldesign_0_cycle1_af2pred.pdb,GGVLKR,0.228344634
APP_binder_06_629_dldesign_0_cycle1_af2pred.pdb,GSTLVS,0.293593377
APP_binder_06_62_dldesign_0_cycle1_af2pred.pdb,PAVPVP,0.255650759
APP_binder_06_630_dldesign_0_cycle1_af2pred.pdb,PVYTPR,0.26605019
APP_binder_06_631_dldesign_0_cycle1_af2pred.pdb,GVATLK,0.271932125
APP_binder_06_632_dldesign_0_cycle1_af2pred.pdb,MAVVAP,0.230966747
APP_binder_06_633_dldesign_0_cycle1_af2pred.pdb,GVKVVS,0.106535032
APP_binder_06_634_dldesign_0_cycle1_af2pred.pdb,GSVLAR,0.29561916
APP_binder_06_635_dldesign_0_cycle1_af2pred.pdb,APTIKR,0.266946197
APP_binder_06_636_dldesign_0_cycle1_af2pred.pdb,GTTLIP,0.477284342
APP_binder_06_637_dldesign_0_cycle1_af2pred.pdb,GTLRRR,0.660503149
APP_binder_06_638_dldesign_0_cycle1_af2pred.pdb,GSVLKR,0.152361095
APP_binder_06_639_dldesign_0_cycle1_af2pred.pdb,PALPVP,0.128770873
APP_binder_06_63_dldesign_0_cycle1_af2pred.pdb,GVLRHP,0.137898132
APP_binder_06_640_dldesign_0_cycle1_af2pred.pdb,PRAVKA,0.137933746
APP_binder_06_641_dldesign_0_cycle1_af2pred.pdb,GPTVVR,0.104574077
APP_binder_06_642_dldesign_0_cycle1_af2pred.pdb,SWLRPP,0.113036402
APP_binder_06_643_dldesign_0_cycle1_af2pred.pdb,MAVKLA,0.113711827
APP_binder_06_644_dldesign_0_cycle1_af2pred.pdb,GTTLAR,0.499800444
APP_binder_06_645_dldesign_0_cycle1_af2pred.pdb,SVLRRP,0.108284689
APP_binder_06_646_dldesign_0_cycle1_af2pred.pdb,SLTVKR,0.143430889
APP_binder_06_647_dldesign_0_cycle1_af2pred.pdb,PPVYAP,0.090443596
APP_binder_06_648_dldesign_0_cycle1_af2pred.pdb,GPVLRR,0.103660278
APP_binder_06_649_dldesign_0_cycle1_af2pred.pdb,PAVPLL,0.112026885
APP_binder_06_64_dldesign_0_cycle1_af2pred.pdb,RVVVLA,0.161754847
APP_binder_06_650_dldesign_0_cycle1_af2pred.pdb,PLYLAP,0.09608122
APP_binder_06_651_dldesign_0_cycle1_af2pred.pdb,MHVKAL,0.012999384
APP_binder_06_652_dldesign_0_cycle1_af2pred.pdb,PHVVEP,0.000123142
APP_binder_06_653_dldesign_0_cycle1_af2pred.pdb,STLKLP,0.028726896
APP_binder_06_654_dldesign_0_cycle1_af2pred.pdb,PLPVQP,0.008720689
APP_binder_06_655_dldesign_0_cycle1_af2pred.pdb,SSAVLK,0.031768687
APP_binder_06_656_dldesign_0_cycle1_af2pred.pdb,SVLRPL,0.00763487
APP_binder_06_657_dldesign_0_cycle1_af2pred.pdb,PLKVAY,0.020406356
APP_binder_06_658_dldesign_0_cycle1_af2pred.pdb,GAVVKT,0.001118907
APP_binder_06_659_dldesign_0_cycle1_af2pred.pdb,MHHVYL,0.001854747
APP_binder_06_65_dldesign_0_cycle1_af2pred.pdb,GVPRRR,0.021968491
APP_binder_06_660_dldesign_0_cycle1_af2pred.pdb,PVYTLR,0.029151896
APP_binder_06_661_dldesign_0_cycle1_af2pred.pdb,GTVAKR,0.457180351
APP_binder_06_662_dldesign_0_cycle1_af2pred.pdb,PHVLAA,0.014129091
APP_binder_06_663_dldesign_0_cycle1_af2pred.pdb,EVPVLK,0.021895951
APP_binder_06_664_dldesign_0_cycle1_af2pred.pdb,GHHHYE,0.021271855
APP_binder_06_665_dldesign_0_cycle1_af2pred.pdb,SVLRHP,0.011204486
APP_binder_06_666_dldesign_0_cycle1_af2pred.pdb,GSHVLV,0.035976164
APP_binder_06_667_dldesign_0_cycle1_af2pred.pdb,PLVLLP,0.189188465
APP_binder_06_668_dldesign_0_cycle1_af2pred.pdb,GPTLGY,0.168382645
APP_binder_06_669_dldesign_0_cycle1_af2pred.pdb,PAVRLP,0.184719294
APP_binder_06_66_dldesign_0_cycle1_af2pred.pdb,PRAVPL,0.215326428
APP_binder_06_670_dldesign_0_cycle1_af2pred.pdb,GVNVLE,0.206041291
APP_binder_06_671_dldesign_0_cycle1_af2pred.pdb,PAVPAP,0.203867316
APP_binder_06_672_dldesign_0_cycle1_af2pred.pdb,RRYVVA,0.161152586
APP_binder_06_673_dldesign_0_cycle1_af2pred.pdb,GVLRQP,0.190539405
APP_binder_06_674_dldesign_0_cycle1_af2pred.pdb,SRLVLD,0.210918173
APP_binder_06_675_dldesign_0_cycle1_af2pred.pdb,GSTLAY,0.231198534
APP_binder_06_676_dldesign_0_cycle1_af2pred.pdb,GSVLKR,0.233479351
APP_binder_06_677_dldesign_0_cycle1_af2pred.pdb,GTLRHL,0.771534681
APP_binder_06_678_dldesign_0_cycle1_af2pred.pdb,SWLKLP,0.19513692
APP_binder_06_679_dldesign_0_cycle1_af2pred.pdb,VNLELL,0.209540367
APP_binder_06_67_dldesign_0_cycle1_af2pred.pdb,GLAVLE,0.232651964
APP_binder_06_680_dldesign_0_cycle1_af2pred.pdb,HVLLLP,0.207269609
APP_binder_06_681_dldesign_0_cycle1_af2pred.pdb,VVRVFE,0.122910567
APP_binder_06_682_dldesign_0_cycle1_af2pred.pdb,GVLKTL,0.079813272
APP_binder_06_683_dldesign_0_cycle1_af2pred.pdb,SSVLKR,0.077931486
APP_binder_06_684_dldesign_0_cycle1_af2pred.pdb,SLPVLK,0.06954816
APP_binder_06_685_dldesign_0_cycle1_af2pred.pdb,GSVLVR,0.08529339
APP_binder_06_686_dldesign_0_cycle1_af2pred.pdb,MNHYLE,0.027651103
APP_binder_06_687_dldesign_0_cycle1_af2pred.pdb,GWLARS,0.093668677
APP_binder_06_688_dldesign_0_cycle1_af2pred.pdb,STLKTA,0.067697383
APP_binder_06_689_dldesign_0_cycle1_af2pred.pdb,GVLKSV,0.094939403
APP_binder_06_68_dldesign_0_cycle1_af2pred.pdb,SVRVTE,0.042102139
APP_binder_06_690_dldesign_0_cycle1_af2pred.pdb,PHVYEA,0.283748299
APP_binder_06_691_dldesign_0_cycle1_af2pred.pdb,PAVPLL,0.038860165
APP_binder_06_692_dldesign_0_cycle1_af2pred.pdb,SFLLVR,0.066494703
APP_binder_06_693_dldesign_0_cycle1_af2pred.pdb,GVLKRP,0.083327979
APP_binder_06_694_dldesign_0_cycle1_af2pred.pdb,VVTLAR,0.012828966
APP_binder_06_695_dldesign_0_cycle1_af2pred.pdb,GVAVRL,0.045002177
APP_binder_06_696_dldesign_0_cycle1_af2pred.pdb,GSVLKR,0.082659096
APP_binder_06_697_dldesign_0_cycle1_af2pred.pdb,STLRQV,0.060729522
APP_binder_06_698_dldesign_0_cycle1_af2pred.pdb,PRHVPE,0.020707736
APP_binder_06_699_dldesign_0_cycle1_af2pred.pdb,PHYLLA,0.099908821
APP_binder_06_69_dldesign_0_cycle1_af2pred.pdb,GSVLKR,0.12263602
APP_binder_06_6_dldesign_0_cycle1_af2pred.pdb,STLKLP,0.110841788
APP_binder_06_700_dldesign_0_cycle1_af2pred.pdb,GVLRRP,0.089996681
APP_binder_06_701_dldesign_0_cycle1_af2pred.pdb,GVPRRV,0.072035447
APP_binder_06_702_dldesign_0_cycle1_af2pred.pdb,SSVLKR,0.130638495
APP_binder_06_703_dldesign_0_cycle1_af2pred.pdb,STRYLE,0.062174976
APP_binder_06_704_dldesign_0_cycle1_af2pred.pdb,LTFKRP,0.069041662
APP_binder_06_705_dldesign_0_cycle1_af2pred.pdb,GSVLKY,0.103554532
APP_binder_06_706_dldesign_0_cycle1_af2pred.pdb,PHVKVA,0.106323123
APP_binder_06_707_dldesign_0_cycle1_af2pred.pdb,MRYVKV,0.005002867
APP_binder_06_708_dldesign_0_cycle1_af2pred.pdb,PRAVKE,0.105543099
APP_binder_06_709_dldesign_0_cycle1_af2pred.pdb,GKVYRP,0.069232501
APP_binder_06_70_dldesign_0_cycle1_af2pred.pdb,PLPALP,0.072817132
APP_binder_06_710_dldesign_0_cycle1_af2pred.pdb,MRAVPA,0.108275488
APP_binder_06_711_dldesign_0_cycle1_af2pred.pdb,PHRKAP,0.205579072
APP_binder_06_712_dldesign_0_cycle1_af2pred.pdb,STLRQR,0.076397888
APP_binder_06_713_dldesign_0_cycle1_af2pred.pdb,GTLKQV,0.664556265
APP_binder_06_714_dldesign_0_cycle1_af2pred.pdb,PPVKLA,0.069635354
APP_binder_06_715_dldesign_0_cycle1_af2pred.pdb,SYLVKR,0.056430034
APP_binder_06_716_dldesign_0_cycle1_af2pred.pdb,GHRPAP,0.086644158
APP_binder_06_717_dldesign_0_cycle1_af2pred.pdb,GVLRHL,0.077405296
APP_binder_06_718_dldesign_0_cycle1_af2pred.pdb,GVLRHL,0.077405296
APP_binder_06_719_dldesign_0_cycle1_af2pred.pdb,GGVLKR,0.050807189
APP_binder_06_71_dldesign_0_cycle1_af2pred.pdb,DYVVLR,0.033654034
APP_binder_06_720_dldesign_0_cycle1_af2pred.pdb,PPPLVV,0.094159283
APP_binder_06_721_dldesign_0_cycle1_af2pred.pdb,MSIILV,0.048299193
APP_binder_06_722_dldesign_0_cycle1_af2pred.pdb,PPLPLS,0.079842366
APP_binder_06_723_dldesign_0_cycle1_af2pred.pdb,PAVPLL,0.0482141
APP_binder_06_724_dldesign_0_cycle1_af2pred.pdb,ATLKRV,0.06644313
APP_binder_06_725_dldesign_0_cycle1_af2pred.pdb,GSVLKR,0.093724146
APP_binder_06_726_dldesign_0_cycle1_af2pred.pdb,GVLRRP,0.072230287
APP_binder_06_727_dldesign_0_cycle1_af2pred.pdb,GYLPET,0.038674638
APP_binder_06_728_dldesign_0_cycle1_af2pred.pdb,TVYTPK,0.029772162
APP_binder_06_729_dldesign_0_cycle1_af2pred.pdb,GVPRRP,0.022088014
APP_binder_06_72_dldesign_0_cycle1_af2pred.pdb,PAVKAL,0.044617109
APP_binder_06_730_dldesign_0_cycle1_af2pred.pdb,PLPVTP,0.017304009
APP_binder_06_731_dldesign_0_cycle1_af2pred.pdb,NVYTLH,0.029856026
APP_binder_06_732_dldesign_0_cycle1_af2pred.pdb,GVLRPR,0.02573888
APP_binder_06_733_dldesign_0_cycle1_af2pred.pdb,VTLKRP,0.015136217
APP_binder_06_734_dldesign_0_cycle1_af2pred.pdb,PRAVPA,0.034100041
APP_binder_06_735_dldesign_0_cycle1_af2pred.pdb,SRAIKV,0.040271658
APP_binder_06_736_dldesign_0_cycle1_af2pred.pdb,GHVYVP,0.0004341
APP_binder_06_737_dldesign_0_cycle1_af2pred.pdb,GSGVAR,0.058583315
APP_binder_06_738_dldesign_0_cycle1_af2pred.pdb,AKIIYE,0.021159455
APP_binder_06_739_dldesign_0_cycle1_af2pred.pdb,SSSLKL,0.050803818
APP_binder_06_73_dldesign_0_cycle1_af2pred.pdb,GVTLVR,0.027477916
APP_binder_06_740_dldesign_0_cycle1_af2pred.pdb,GVTLVR,0.027477916
APP_binder_06_741_dldesign_0_cycle1_af2pred.pdb,MHHIFE,0.019279642
APP_binder_06_742_dldesign_0_cycle1_af2pred.pdb,GPALPA,0.028970873
APP_binder_06_743_dldesign_0_cycle1_af2pred.pdb,GSVLRR,0.08108294
APP_binder_06_744_dldesign_0_cycle1_af2pred.pdb,MHILEA,0.046397932
APP_binder_06_745_dldesign_0_cycle1_af2pred.pdb,DLLNLL,0.057656363
APP_binder_06_746_dldesign_0_cycle1_af2pred.pdb,ELKYAP,0.050285641
APP_binder_06_747_dldesign_0_cycle1_af2pred.pdb,SVLRQP,0.026349524
APP_binder_06_748_dldesign_0_cycle1_af2pred.pdb,GAVLKR,0.038093701
APP_binder_06_749_dldesign_0_cycle1_af2pred.pdb,PVRLLP,0.017117292
APP_binder_06_74_dldesign_0_cycle1_af2pred.pdb,STLRQP,0.057525583
APP_binder_06_750_dldesign_0_cycle1_af2pred.pdb,GVARRP,0.064622432
APP_binder_06_751_dldesign_0_cycle1_af2pred.pdb,STLKSV,0.067182377
APP_binder_06_752_dldesign_0_cycle1_af2pred.pdb,GGVLVS,0.035909336
APP_binder_06_753_dldesign_0_cycle1_af2pred.pdb,AVAVPA,0.000642328
APP_binder_06_754_dldesign_0_cycle1_af2pred.pdb,STLRQP,0.057525583
APP_binder_06_755_dldesign_0_cycle1_af2pred.pdb,GVTLAR,0.049776737
APP_binder_06_756_dldesign_0_cycle1_af2pred.pdb,GPLVKR,0.334962487
APP_binder_06_757_dldesign_0_cycle1_af2pred.pdb,GVTLTP,0.011258425
APP_binder_06_758_dldesign_0_cycle1_af2pred.pdb,GSVLAR,0.083732098
APP_binder_06_759_dldesign_0_cycle1_af2pred.pdb,SYLLKR,0.130590901
APP_binder_06_75_dldesign_0_cycle1_af2pred.pdb,GHVLAP,0.129733086
APP_binder_06_760_dldesign_0_cycle1_af2pred.pdb,MGKIIY,0.117551975
APP_binder_06_761_dldesign_0_cycle1_af2pred.pdb,PVPASP,0.014275445
APP_binder_06_762_dldesign_0_cycle1_af2pred.pdb,SVLVVP,0.110159375
APP_binder_06_763_dldesign_0_cycle1_af2pred.pdb,GPLQLE,0.007438692
APP_binder_06_764_dldesign_0_cycle1_af2pred.pdb,PHVYVP,0.501974046
APP_binder_06_765_dldesign_0_cycle1_af2pred.pdb,PPVPAL,0.160920516
APP_binder_06_766_dldesign_0_cycle1_af2pred.pdb,PVASVK,0.109980062
APP_binder_06_767_dldesign_0_cycle1_af2pred.pdb,VVYTPR,0.003344354
APP_binder_06_768_dldesign_0_cycle1_af2pred.pdb,STPIYV,0.117424905
APP_binder_06_769_dldesign_0_cycle1_af2pred.pdb,PPRPAP,0.140701517
APP_binder_06_76_dldesign_0_cycle1_af2pred.pdb,VVTLKR,0.06047399
APP_binder_06_770_dldesign_0_cycle1_af2pred.pdb,NYVLAL,0.105568096
APP_binder_06_771_dldesign_0_cycle1_af2pred.pdb,AVAIRV,0.045795497
APP_binder_06_772_dldesign_0_cycle1_af2pred.pdb,GGTLIP,0.053565506
APP_binder_06_773_dldesign_0_cycle1_af2pred.pdb,MHVKVP,0.110924155
APP_binder_06_774_dldesign_0_cycle1_af2pred.pdb,AVAVPE,0.002836938
APP_binder_06_775_dldesign_0_cycle1_af2pred.pdb,APPVRV,0.059660368
APP_binder_06_776_dldesign_0_cycle1_af2pred.pdb,PAVLEP,0.064557418
APP_binder_06_777_dldesign_0_cycle1_af2pred.pdb,GTLRRP,0.701815367
APP_binder_06_778_dldesign_0_cycle1_af2pred.pdb,GVLKRP,0.071604028
APP_binder_06_779_dldesign_0_cycle1_af2pred.pdb,GVTLKR,0.05387146
APP_binder_06_77_dldesign_0_cycle1_af2pred.pdb,SLPVLT,0.067364417
APP_binder_06_780_dldesign_0_cycle1_af2pred.pdb,GALLIR,0.029648259
APP_binder_06_781_dldesign_0_cycle1_af2pred.pdb,PVPLLP,0.305958986
APP_binder_06_782_dldesign_0_cycle1_af2pred.pdb,VTLAVP,0.051210288
APP_binder_06_783_dldesign_0_cycle1_af2pred.pdb,ASPPLL,0.067271605
APP_binder_06_784_dldesign_0_cycle1_af2pred.pdb,GVAKHL,0.040448572
APP_binder_06_785_dldesign_0_cycle1_af2pred.pdb,PIHYRE,0.371219814
APP_binder_06_786_dldesign_0_cycle1_af2pred.pdb,GTVLVR,0.53391242
APP_binder_06_787_dldesign_0_cycle1_af2pred.pdb,SYTLKR,0.059093505
APP_binder_06_788_dldesign_0_cycle1_af2pred.pdb,MVALPE,0.042459622
APP_binder_06_789_dldesign_0_cycle1_af2pred.pdb,MKRLLA,0.038632665
APP_binder_06_78_dldesign_0_cycle1_af2pred.pdb,GGVPRR,0.181005746
APP_binder_06_790_dldesign_0_cycle1_af2pred.pdb,YELVLP,0.157436401
APP_binder_06_791_dldesign_0_cycle1_af2pred.pdb,GSVLRP,0.230911523
APP_binder_06_792_dldesign_0_cycle1_af2pred.pdb,GVTVKR,0.204481304
APP_binder_06_793_dldesign_0_cycle1_af2pred.pdb,VTLRRV,0.205406487
APP_binder_06_794_dldesign_0_cycle1_af2pred.pdb,PYVRVP,0.075592056
APP_binder_06_795_dldesign_0_cycle1_af2pred.pdb,PVPRRP,0.02133755
APP_binder_06_796_dldesign_0_cycle1_af2pred.pdb,GYTLRL,0.214680955
APP_binder_06_797_dldesign_0_cycle1_af2pred.pdb,PAIRVP,0.195226282
APP_binder_06_798_dldesign_0_cycle1_af2pred.pdb,SLPLLK,0.217021614
APP_binder_06_799_dldesign_0_cycle1_af2pred.pdb,PVPRTA,0.094756044
APP_binder_06_79_dldesign_0_cycle1_af2pred.pdb,GVLRSV,0.203057766
APP_binder_06_7_dldesign_0_cycle1_af2pred.pdb,MHVKAP,0.193149209
APP_binder_06_800_dldesign_0_cycle1_af2pred.pdb,TLKQRP,0.438150167
APP_binder_06_801_dldesign_0_cycle1_af2pred.pdb,PRYVLE,0.185351044
APP_binder_06_802_dldesign_0_cycle1_af2pred.pdb,GLVLAR,0.25649181
APP_binder_06_803_dldesign_0_cycle1_af2pred.pdb,PVLPRP,0.184915572
APP_binder_06_804_dldesign_0_cycle1_af2pred.pdb,PHVKLL,0.054383554
APP_binder_06_805_dldesign_0_cycle1_af2pred.pdb,SHHILE,0.04711226
APP_binder_06_806_dldesign_0_cycle1_af2pred.pdb,GTVASV,0.437347621
APP_binder_06_807_dldesign_0_cycle1_af2pred.pdb,SLPVLR,0.066131622
APP_binder_06_808_dldesign_0_cycle1_af2pred.pdb,MHVLLP,0.051298697
APP_binder_06_809_dldesign_0_cycle1_af2pred.pdb,NVQQPP,0.003389604
APP_binder_06_80_dldesign_0_cycle1_af2pred.pdb,GAIIYE,0.048216388
APP_binder_06_810_dldesign_0_cycle1_af2pred.pdb,ELPVLP,0.065975212
APP_binder_06_811_dldesign_0_cycle1_af2pred.pdb,TLVLVP,0.226338774
APP_binder_06_812_dldesign_0_cycle1_af2pred.pdb,GSVLKR,0.07930097
APP_binder_06_813_dldesign_0_cycle1_af2pred.pdb,GVLKYA,0.055383861
APP_binder_06_814_dldesign_0_cycle1_af2pred.pdb,PPVKVP,0.065334961
APP_binder_06_815_dldesign_0_cycle1_af2pred.pdb,GVLRHP,0.057256117
APP_binder_06_816_dldesign_0_cycle1_af2pred.pdb,GMRLPE,0.063785367
APP_binder_06_817_dldesign_0_cycle1_af2pred.pdb,GSYLAR,0.097008169
APP_binder_06_818_dldesign_0_cycle1_af2pred.pdb,GVHVYE,0.01065961
APP_binder_06_819_dldesign_0_cycle1_af2pred.pdb,GLVLPA,0.083482563
APP_binder_06_81_dldesign_0_cycle1_af2pred.pdb,PAVLRP,0.171410426
APP_binder_06_820_dldesign_0_cycle1_af2pred.pdb,SNRRPA,0.192220926
APP_binder_06_821_dldesign_0_cycle1_af2pred.pdb,GSVLKR,0.195591331
APP_binder_06_822_dldesign_0_cycle1_af2pred.pdb,RAVPLL,0.167468935
APP_binder_06_823_dldesign_0_cycle1_af2pred.pdb,GGVLKR,0.122567616
APP_binder_06_824_dldesign_0_cycle1_af2pred.pdb,AVPVKV,0.020171465
APP_binder_06_825_dldesign_0_cycle1_af2pred.pdb,GTLKTV,0.780655861
APP_binder_06_826_dldesign_0_cycle1_af2pred.pdb,HLLVPP,0.175432116
APP_binder_06_827_dldesign_0_cycle1_af2pred.pdb,GPVLRL,0.14575316
APP_binder_06_828_dldesign_0_cycle1_af2pred.pdb,GYTLVR,0.164014593
APP_binder_06_829_dldesign_0_cycle1_af2pred.pdb,SPVLAR,0.201571971
APP_binder_06_82_dldesign_0_cycle1_af2pred.pdb,PHYLAP,0.154507279
APP_binder_06_830_dldesign_0_cycle1_af2pred.pdb,GVVRRV,0.192510605
APP_binder_06_831_dldesign_0_cycle1_af2pred.pdb,PLHRPA,0.147132888
APP_binder_06_832_dldesign_0_cycle1_af2pred.pdb,MHHVRV,0.155719891
APP_binder_06_833_dldesign_0_cycle1_af2pred.pdb,PLLVQR,0.152436092
APP_binder_06_834_dldesign_0_cycle1_af2pred.pdb,VTLRQL,0.156489596
APP_binder_06_835_dldesign_0_cycle1_af2pred.pdb,SLPLLP,0.091240048
APP_binder_06_836_dldesign_0_cycle1_af2pred.pdb,MHIAAP,0.074693307
APP_binder_06_837_dldesign_0_cycle1_af2pred.pdb,PHLPAL,0.081694156
APP_binder_06_838_dldesign_0_cycle1_af2pred.pdb,PEVIYE,0.072732046
APP_binder_06_839_dldesign_0_cycle1_af2pred.pdb,GGVLKR,0.055672787
APP_binder_06_83_dldesign_0_cycle1_af2pred.pdb,PVPQLP,0.087746218
APP_binder_06_840_dldesign_0_cycle1_af2pred.pdb,GYTLKR,0.0778962
APP_binder_06_841_dldesign_0_cycle1_af2pred.pdb,ALPVYV,0.060841262
APP_binder_06_842_dldesign_0_cycle1_af2pred.pdb,GAVPLA,0.062526613
APP_binder_06_843_dldesign_0_cycle1_af2pred.pdb,APLLVR,0.089699715
APP_binder_06_844_dldesign_0_cycle1_af2pred.pdb,GYVLKR,0.062179722
APP_binder_06_845_dldesign_0_cycle1_af2pred.pdb,PHVRVA,0.070501916
APP_binder_06_846_dldesign_0_cycle1_af2pred.pdb,GPLPLP,0.622501612
APP_binder_06_847_dldesign_0_cycle1_af2pred.pdb,SFTVKR,0.086092561
APP_binder_06_848_dldesign_0_cycle1_af2pred.pdb,STLRHL,0.093730561
APP_binder_06_849_dldesign_0_cycle1_af2pred.pdb,GVLRRL,0.082606889
APP_binder_06_84_dldesign_0_cycle1_af2pred.pdb,GSVLKR,0.103361584
APP_binder_06_850_dldesign_0_cycle1_af2pred.pdb,AKVVPA,0.042855706
APP_binder_06_851_dldesign_0_cycle1_af2pred.pdb,MHVKVP,0.069600016
APP_binder_06_852_dldesign_0_cycle1_af2pred.pdb,SPALPA,0.093393862
APP_binder_06_853_dldesign_0_cycle1_af2pred.pdb,SLPELK,0.089414939
APP_binder_06_854_dldesign_0_cycle1_af2pred.pdb,GAVPLL,0.018396141
APP_binder_06_855_dldesign_0_cycle1_af2pred.pdb,SVLRAE,0.062841147
APP_binder_06_856_dldesign_0_cycle1_af2pred.pdb,GPHYHE,0.050577823
APP_binder_06_857_dldesign_0_cycle1_af2pred.pdb,GTLKLP,0.746918619
APP_binder_06_858_dldesign_0_cycle1_af2pred.pdb,PAVLLL,0.077510662
APP_binder_06_859_dldesign_0_cycle1_af2pred.pdb,ATPIYV,0.026416674
APP_binder_06_85_dldesign_0_cycle1_af2pred.pdb,GELFKR,0.002310658
APP_binder_06_860_dldesign_0_cycle1_af2pred.pdb,PHVLAP,0.076367237
APP_binder_06_861_dldesign_0_cycle1_af2pred.pdb,GGTVKR,0.073091805
APP_binder_06_862_dldesign_0_cycle1_af2pred.pdb,PRAVRV,0.084401332
APP_binder_06_863_dldesign_0_cycle1_af2pred.pdb,PAVPAL,0.086270541
APP_binder_06_864_dldesign_0_cycle1_af2pred.pdb,GYVLVP,0.064727172
APP_binder_06_865_dldesign_0_cycle1_af2pred.pdb,MHRKLL,0.081166193
APP_binder_06_866_dldesign_0_cycle1_af2pred.pdb,SLLLLP,0.051519554
APP_binder_06_867_dldesign_0_cycle1_af2pred.pdb,GVLRSV,0.041666988
APP_binder_06_868_dldesign_0_cycle1_af2pred.pdb,ELPELK,0.054502361
APP_binder_06_869_dldesign_0_cycle1_af2pred.pdb,AYRPAP,0.002227661
APP_binder_06_86_dldesign_0_cycle1_af2pred.pdb,SVLRRP,0.0266397
APP_binder_06_870_dldesign_0_cycle1_af2pred.pdb,ELRRVF,0.055951964
APP_binder_06_871_dldesign_0_cycle1_af2pred.pdb,SLPVLR,0.060019519
APP_binder_06_872_dldesign_0_cycle1_af2pred.pdb,GPVLKR,0.011742906
APP_binder_06_873_dldesign_0_cycle1_af2pred.pdb,GNRLLL,0.04464338
APP_binder_06_874_dldesign_0_cycle1_af2pred.pdb,GVPRYL,0.016716238
APP_binder_06_875_dldesign_0_cycle1_af2pred.pdb,TTLRRP,0.825207293
APP_binder_06_876_dldesign_0_cycle1_af2pred.pdb,VTVKRP,0.024549872
APP_binder_06_877_dldesign_0_cycle1_af2pred.pdb,GVPRRR,0.018198609
APP_binder_06_878_dldesign_0_cycle1_af2pred.pdb,GSVLHP,0.053451765
APP_binder_06_879_dldesign_0_cycle1_af2pred.pdb,ATAIKV,0.032350294
APP_binder_06_87_dldesign_0_cycle1_af2pred.pdb,GSVLKR,0.061629534
APP_binder_06_880_dldesign_0_cycle1_af2pred.pdb,STLRPP,0.054389521
APP_binder_06_881_dldesign_0_cycle1_af2pred.pdb,PHVVAA,0.050060086
APP_binder_06_882_dldesign_0_cycle1_af2pred.pdb,SVKLVR,0.015645243
APP_binder_06_883_dldesign_0_cycle1_af2pred.pdb,GTLKTV,0.705790758
APP_binder_06_884_dldesign_0_cycle1_af2pred.pdb,SVLSTP,0.058601722
APP_binder_06_885_dldesign_0_cycle1_af2pred.pdb,GVPRSV,0.080421001
APP_binder_06_886_dldesign_0_cycle1_af2pred.pdb,AVAIKV,0.021713926
APP_binder_06_887_dldesign_0_cycle1_af2pred.pdb,PVPRSV,0.040109523
APP_binder_06_888_dldesign_0_cycle1_af2pred.pdb,GGVLKR,0.062246189
APP_binder_06_889_dldesign_0_cycle1_af2pred.pdb,SLPVLR,0.102873556
APP_binder_06_88_dldesign_0_cycle1_af2pred.pdb,GAPLKR,0.079773769
APP_binder_06_890_dldesign_0_cycle1_af2pred.pdb,SKRLLQ,0.086920828
APP_binder_06_891_dldesign_0_cycle1_af2pred.pdb,GAKPKP,0.135959223
APP_binder_06_892_dldesign_0_cycle1_af2pred.pdb,PFRPRP,0.511840403
APP_binder_06_893_dldesign_0_cycle1_af2pred.pdb,GSVLKR,0.113375418
APP_binder_06_894_dldesign_0_cycle1_af2pred.pdb,PHVPLP,0.067353152
APP_binder_06_895_dldesign_0_cycle1_af2pred.pdb,GTVLKR,0.51737994
APP_binder_06_896_dldesign_0_cycle1_af2pred.pdb,PAIRVP,0.080347896
APP_binder_06_897_dldesign_0_cycle1_af2pred.pdb,MHVRVP,0.075827226
APP_binder_06_898_dldesign_0_cycle1_af2pred.pdb,STLKRV,0.0774481
APP_binder_06_899_dldesign_0_cycle1_af2pred.pdb,VKKLLP,0.004224495
APP_binder_06_89_dldesign_0_cycle1_af2pred.pdb,PHYPAP,0.031987056
APP_binder_06_8_dldesign_0_cycle1_af2pred.pdb,GHILVP,0.101958469
APP_binder_06_900_dldesign_0_cycle1_af2pred.pdb,GAVLDT,0.058450919
APP_binder_06_901_dldesign_0_cycle1_af2pred.pdb,RRVLPP,0.05747262
APP_binder_06_902_dldesign_0_cycle1_af2pred.pdb,EPQVAP,0.081815518
APP_binder_06_903_dldesign_0_cycle1_af2pred.pdb,PVAVPE,0.062164105
APP_binder_06_904_dldesign_0_cycle1_af2pred.pdb,GYTLKR,0.074672498
APP_binder_06_905_dldesign_0_cycle1_af2pred.pdb,GYTLKR,0.074672498
APP_binder_06_906_dldesign_0_cycle1_af2pred.pdb,MHHHVP,0.058020771
APP_binder_06_907_dldesign_0_cycle1_af2pred.pdb,GVPRRP,0.068069957
APP_binder_06_908_dldesign_0_cycle1_af2pred.pdb,GSTLKY,0.107164241
APP_binder_06_909_dldesign_0_cycle1_af2pred.pdb,PHVYVP,0.083053038
APP_binder_06_90_dldesign_0_cycle1_af2pred.pdb,PHVYVP,0.083053038
APP_binder_06_910_dldesign_0_cycle1_af2pred.pdb,SFEVKR,0.092065498
APP_binder_06_911_dldesign_0_cycle1_af2pred.pdb,GSAIKA,0.226077542
APP_binder_06_912_dldesign_0_cycle1_af2pred.pdb,GPVLAA,0.168212906
APP_binder_06_913_dldesign_0_cycle1_af2pred.pdb,GYTVKR,0.160090208
APP_binder_06_914_dldesign_0_cycle1_af2pred.pdb,NVYTLR,0.184106722
APP_binder_06_915_dldesign_0_cycle1_af2pred.pdb,PVPRSV,0.128957197
APP_binder_06_916_dldesign_0_cycle1_af2pred.pdb,GHHYRE,0.200235516
APP_binder_06_917_dldesign_0_cycle1_af2pred.pdb,MEGLLE,0.201851875
APP_binder_06_918_dldesign_0_cycle1_af2pred.pdb,GSVLKR,0.225450799
APP_binder_06_919_dldesign_0_cycle1_af2pred.pdb,SVLRLR,0.177984849
APP_binder_06_91_dldesign_0_cycle1_af2pred.pdb,NPYLRP,0.171263978
APP_binder_06_920_dldesign_0_cycle1_af2pred.pdb,MVAVLE,0.167592749
APP_binder_06_921_dldesign_0_cycle1_af2pred.pdb,GTLRRP,0.738606453
APP_binder_06_922_dldesign_0_cycle1_af2pred.pdb,SPVLKY,0.232997596
APP_binder_06_923_dldesign_0_cycle1_af2pred.pdb,GLAVPE,0.19359152
APP_binder_06_924_dldesign_0_cycle1_af2pred.pdb,PAVPAP,0.198147222
APP_binder_06_925_dldesign_0_cycle1_af2pred.pdb,GPVLVP,0.149380237
APP_binder_06_926_dldesign_0_cycle1_af2pred.pdb,GVLRTV,0.203782067
APP_binder_06_927_dldesign_0_cycle1_af2pred.pdb,APVLKR,0.076781191
APP_binder_06_928_dldesign_0_cycle1_af2pred.pdb,SVPSLK,0.026984703
APP_binder_06_929_dldesign_0_cycle1_af2pred.pdb,GPVLAR,0.043560844
APP_binder_06_92_dldesign_0_cycle1_af2pred.pdb,MHYPAP,0.027175
APP_binder_06_930_dldesign_0_cycle1_af2pred.pdb,MNHVLE,0.067217991
APP_binder_06_931_dldesign_0_cycle1_af2pred.pdb,GRVLLP,0.095805474
APP_binder_06_932_dldesign_0_cycle1_af2pred.pdb,MKAVLE,0.058879204
APP_binder_06_933_dldesign_0_cycle1_af2pred.pdb,SGGPRL,0.055512533
APP_binder_06_934_dldesign_0_cycle1_af2pred.pdb,PRKKAL,0.066478096
APP_binder_06_935_dldesign_0_cycle1_af2pred.pdb,SAKPSP,0.065720506
APP_binder_06_936_dldesign_0_cycle1_af2pred.pdb,MRAVKA,0.072250344
APP_binder_06_937_dldesign_0_cycle1_af2pred.pdb,ATPVLE,0.018445663
APP_binder_06_938_dldesign_0_cycle1_af2pred.pdb,SVPVPP,0.007924878
APP_binder_06_939_dldesign_0_cycle1_af2pred.pdb,GVKVAY,0.00836602
APP_binder_06_93_dldesign_0_cycle1_af2pred.pdb,GVTLKR,0.057160176
APP_binder_06_940_dldesign_0_cycle1_af2pred.pdb,GALLVR,0.055310499
APP_binder_06_941_dldesign_0_cycle1_af2pred.pdb,AAVPAP,0.07042399
APP_binder_06_942_dldesign_0_cycle1_af2pred.pdb,TVYTPR,0.074954934
APP_binder_06_943_dldesign_0_cycle1_af2pred.pdb,GVLNLP,0.108917132
APP_binder_06_944_dldesign_0_cycle1_af2pred.pdb,GVAVRP,0.106952503
APP_binder_06_945_dldesign_0_cycle1_af2pred.pdb,AEVIYV,0.135897323
APP_binder_06_946_dldesign_0_cycle1_af2pred.pdb,GTPRRP,0.520665109
APP_binder_06_947_dldesign_0_cycle1_af2pred.pdb,GPIRVP,0.013352504
APP_binder_06_948_dldesign_0_cycle1_af2pred.pdb,HGVPVK,0.13000679
APP_binder_06_949_dldesign_0_cycle1_af2pred.pdb,GYTVKR,0.085532553
APP_binder_06_94_dldesign_0_cycle1_af2pred.pdb,MTHYRE,0.052406445
APP_binder_06_950_dldesign_0_cycle1_af2pred.pdb,GVLRVR,0.117190897
APP_binder_06_951_dldesign_0_cycle1_af2pred.pdb,GGVPKY,0.079903692
APP_binder_06_952_dldesign_0_cycle1_af2pred.pdb,TPPVLE,0.136006579
APP_binder_06_953_dldesign_0_cycle1_af2pred.pdb,GFVLPP,0.087815955
APP_binder_06_954_dldesign_0_cycle1_af2pred.pdb,AHHYKE,0.036852919
APP_binder_06_955_dldesign_0_cycle1_af2pred.pdb,SVLAPP,0.082079798
APP_binder_06_956_dldesign_0_cycle1_af2pred.pdb,GGVLVR,0.105876915
APP_binder_06_957_dldesign_0_cycle1_af2pred.pdb,GTVLKR,0.549285293
APP_binder_06_958_dldesign_0_cycle1_af2pred.pdb,GSVLKY,0.160649449
APP_binder_06_959_dldesign_0_cycle1_af2pred.pdb,ATHYRE,0.069113366
APP_binder_06_95_dldesign_0_cycle1_af2pred.pdb,SLPVLR,0.176668122
APP_binder_06_960_dldesign_0_cycle1_af2pred.pdb,PVSVDA,0.127812341
APP_binder_06_961_dldesign_0_cycle1_af2pred.pdb,GTPKRV,0.509998739
APP_binder_06_962_dldesign_0_cycle1_af2pred.pdb,GGLAVR,0.146615997
APP_binder_06_963_dldesign_0_cycle1_af2pred.pdb,GLVPTT,0.193327546
APP_binder_06_964_dldesign_0_cycle1_af2pred.pdb,GGVWVR,0.111741893
APP_binder_06_965_dldesign_0_cycle1_af2pred.pdb,GVLRRR,0.158771306
APP_binder_06_966_dldesign_0_cycle1_af2pred.pdb,SLPPPE,0.172046304
APP_binder_06_967_dldesign_0_cycle1_af2pred.pdb,MRHVHH,0.159251779
APP_binder_06_968_dldesign_0_cycle1_af2pred.pdb,MAVPAP,0.106830798
APP_binder_06_969_dldesign_0_cycle1_af2pred.pdb,GNYRLV,0.099883802
APP_binder_06_96_dldesign_0_cycle1_af2pred.pdb,GSVLKR,0.184677511
APP_binder_06_970_dldesign_0_cycle1_af2pred.pdb,AYRVAS,0.037888184
APP_binder_06_971_dldesign_0_cycle1_af2pred.pdb,LVALPE,0.097545415
APP_binder_06_972_dldesign_0_cycle1_af2pred.pdb,GVTLKR,0.152320653
APP_binder_06_973_dldesign_0_cycle1_af2pred.pdb,GVVLAS,0.244484827
APP_binder_06_974_dldesign_0_cycle1_af2pred.pdb,GYTLAY,0.263824672
APP_binder_06_975_dldesign_0_cycle1_af2pred.pdb,PVVLVR,0.248135313
APP_binder_06_976_dldesign_0_cycle1_af2pred.pdb,GVLKSV,0.292845666
APP_binder_06_977_dldesign_0_cycle1_af2pred.pdb,PHVRVP,0.230050787
APP_binder_06_978_dldesign_0_cycle1_af2pred.pdb,GTLRTV,0.751081586
APP_binder_06_979_dldesign_0_cycle1_af2pred.pdb,SVLVPA,0.236559555
APP_binder_06_97_dldesign_0_cycle1_af2pred.pdb,MSAVYV,0.230651319
APP_binder_06_980_dldesign_0_cycle1_af2pred.pdb,GLRLPL,0.28655237
APP_binder_06_981_dldesign_0_cycle1_af2pred.pdb,GSVLKR,0.284257531
APP_binder_06_982_dldesign_0_cycle1_af2pred.pdb,GGVLRR,0.237820029
APP_binder_06_983_dldesign_0_cycle1_af2pred.pdb,STLRSV,0.260459512
APP_binder_06_984_dldesign_0_cycle1_af2pred.pdb,VTVAQR,0.21757552
APP_binder_06_985_dldesign_0_cycle1_af2pred.pdb,GVLKRP,0.278640658
APP_binder_06_986_dldesign_0_cycle1_af2pred.pdb,GVPRYA,0.154701367
APP_binder_06_987_dldesign_0_cycle1_af2pred.pdb,PHVRVP,0.230050787
APP_binder_06_988_dldesign_0_cycle1_af2pred.pdb,PAVPAP,0.248643979
APP_binder_06_989_dldesign_0_cycle1_af2pred.pdb,HLEEVP,0.17298466
APP_binder_06_98_dldesign_0_cycle1_af2pred.pdb,GFTVKR,0.124477811
APP_binder_06_990_dldesign_0_cycle1_af2pred.pdb,SGGPVL,0.130854577
APP_binder_06_991_dldesign_0_cycle1_af2pred.pdb,MRRVLL,0.157953709
APP_binder_06_992_dldesign_0_cycle1_af2pred.pdb,GVARRP,0.169552982
APP_binder_06_993_dldesign_0_cycle1_af2pred.pdb,SVLRPP,0.114341661
APP_binder_06_994_dldesign_0_cycle1_af2pred.pdb,PVLPVP,0.110756412
APP_binder_06_995_dldesign_0_cycle1_af2pred.pdb,GHRPAL,0.166597709
APP_binder_06_996_dldesign_0_cycle1_af2pred.pdb,PAVPLL,0.117597483
APP_binder_06_997_dldesign_0_cycle1_af2pred.pdb,GEVIFE,0.129182056
APP_binder_06_998_dldesign_0_cycle1_af2pred.pdb,GPPVPR,0.00258836
APP_binder_06_999_dldesign_0_cycle1_af2pred.pdb,GGVLVR,0.137883037
APP_binder_06_99_dldesign_0_cycle1_af2pred.pdb,GVLRSL,0.153424039
APP_binder_06_9_dldesign_0_cycle1_af2pred.pdb,GSVLVR,0.182183757
