Category,Sequence,B3P3
APP_binder_07_0_dldesign_0_cycle1_af2pred.pdb,HHHIHEA,0.03818655
APP_binder_07_100_dldesign_0_cycle1_af2pred.pdb,GSVLRLP,0.003494823
APP_binder_07_101_dldesign_0_cycle1_af2pred.pdb,GSVLALP,0.002622221
APP_binder_07_102_dldesign_0_cycle1_af2pred.pdb,GSHVTVA,0.014601173
APP_binder_07_103_dldesign_0_cycle1_af2pred.pdb,PAVKVDL,0.004672103
APP_binder_07_104_dldesign_0_cycle1_af2pred.pdb,SEPLLVR,0.02544645
APP_binder_07_105_dldesign_0_cycle1_af2pred.pdb,GVLVPPP,0.043288767
APP_binder_07_106_dldesign_0_cycle1_af2pred.pdb,SLPKLVR,0.027924865
APP_binder_07_107_dldesign_0_cycle1_af2pred.pdb,GAPVRVP,0.014332935
APP_binder_07_108_dldesign_0_cycle1_af2pred.pdb,APVVPAP,0.000237753
APP_binder_07_109_dldesign_0_cycle1_af2pred.pdb,SSVLATV,0.012300547
APP_binder_07_10_dldesign_0_cycle1_af2pred.pdb,SLLRLSE,0.025999621
APP_binder_07_110_dldesign_0_cycle1_af2pred.pdb,GFTLVSR,0.036852177
APP_binder_07_111_dldesign_0_cycle1_af2pred.pdb,GSPVLLS,0.004398969
APP_binder_07_112_dldesign_0_cycle1_af2pred.pdb,GAVPALP,0.032124594
APP_binder_07_113_dldesign_0_cycle1_af2pred.pdb,GSVFRRP,0.005497217
APP_binder_07_114_dldesign_0_cycle1_af2pred.pdb,GHVLALA,0.005297862
APP_binder_07_115_dldesign_0_cycle1_af2pred.pdb,GFTVARV,0.069689713
APP_binder_07_116_dldesign_0_cycle1_af2pred.pdb,GGVLRAP,0.047983047
APP_binder_07_117_dldesign_0_cycle1_af2pred.pdb,GVVPRRV,0.004121863
APP_binder_07_118_dldesign_0_cycle1_af2pred.pdb,SYPTKRV,0.188105732
APP_binder_07_119_dldesign_0_cycle1_af2pred.pdb,GVNVLAR,0.017336825
APP_binder_07_11_dldesign_0_cycle1_af2pred.pdb,GVPRRLP,0.008221365
APP_binder_07_120_dldesign_0_cycle1_af2pred.pdb,SPVLRRP,0.057450116
APP_binder_07_121_dldesign_0_cycle1_af2pred.pdb,MTPPYRE,0.025419721
APP_binder_07_122_dldesign_0_cycle1_af2pred.pdb,GTHVLAP,0.056785353
APP_binder_07_123_dldesign_0_cycle1_af2pred.pdb,GSVLRYP,0.002347925
APP_binder_07_124_dldesign_0_cycle1_af2pred.pdb,APVARRP,0.068800747
APP_binder_07_125_dldesign_0_cycle1_af2pred.pdb,GSVIVPA,0.051688295
APP_binder_07_126_dldesign_0_cycle1_af2pred.pdb,ATLRQRP,0.135800049
APP_binder_07_127_dldesign_0_cycle1_af2pred.pdb,ELPLVKR,0.065165028
APP_binder_07_128_dldesign_0_cycle1_af2pred.pdb,GAPVLKR,0.00574098
APP_binder_07_129_dldesign_0_cycle1_af2pred.pdb,SSTVIYE,0.050763048
APP_binder_07_12_dldesign_0_cycle1_af2pred.pdb,PAVKVAA,0.027292458
APP_binder_07_130_dldesign_0_cycle1_af2pred.pdb,GSVLARA,0.001879611
APP_binder_07_131_dldesign_0_cycle1_af2pred.pdb,EPLFRSA,0.020298429
APP_binder_07_132_dldesign_0_cycle1_af2pred.pdb,GVLRRPP,0.003954608
APP_binder_07_133_dldesign_0_cycle1_af2pred.pdb,GSNAVKV,0.005071422
APP_binder_07_134_dldesign_0_cycle1_af2pred.pdb,PKVPGLP,0.019643413
APP_binder_07_135_dldesign_0_cycle1_af2pred.pdb,LRRILEP,0.032993395
APP_binder_07_136_dldesign_0_cycle1_af2pred.pdb,GVVRPRR,0.077718578
APP_binder_07_137_dldesign_0_cycle1_af2pred.pdb,GRLALPP,0.005206827
APP_binder_07_138_dldesign_0_cycle1_af2pred.pdb,GSTFRQP,0.001137375
APP_binder_07_139_dldesign_0_cycle1_af2pred.pdb,ATHIKAP,0.04033763
APP_binder_07_13_dldesign_0_cycle1_af2pred.pdb,STLKSRP,0.113544092
APP_binder_07_140_dldesign_0_cycle1_af2pred.pdb,ELPLAIR,0.025142496
APP_binder_07_141_dldesign_0_cycle1_af2pred.pdb,SSVLGRV,0.012761508
APP_binder_07_142_dldesign_0_cycle1_af2pred.pdb,PAIKAPA,0.009429011
APP_binder_07_143_dldesign_0_cycle1_af2pred.pdb,SLRLLEL,0.031543832
APP_binder_07_144_dldesign_0_cycle1_af2pred.pdb,PITVLPA,0.011806409
APP_binder_07_145_dldesign_0_cycle1_af2pred.pdb,GRVLLPA,0.001733969
APP_binder_07_146_dldesign_0_cycle1_af2pred.pdb,GVTLARP,0.030487046
APP_binder_07_147_dldesign_0_cycle1_af2pred.pdb,GTPVTLP,0.079275332
APP_binder_07_148_dldesign_0_cycle1_af2pred.pdb,ATAVPAP,0.11605484
APP_binder_07_149_dldesign_0_cycle1_af2pred.pdb,GSVLRRP,0.058200121
APP_binder_07_14_dldesign_0_cycle1_af2pred.pdb,VVLKSKP,0.086606413
APP_binder_07_150_dldesign_0_cycle1_af2pred.pdb,GSVFRRP,0.064385049
APP_binder_07_151_dldesign_0_cycle1_af2pred.pdb,APVLRRP,0.10160917
APP_binder_07_152_dldesign_0_cycle1_af2pred.pdb,YVPPFKR,0.002266526
APP_binder_07_153_dldesign_0_cycle1_af2pred.pdb,GSTVARV,0.067668587
APP_binder_07_154_dldesign_0_cycle1_af2pred.pdb,GSVLRQP,0.054911271
APP_binder_07_155_dldesign_0_cycle1_af2pred.pdb,PYPLRQA,0.218873695
APP_binder_07_156_dldesign_0_cycle1_af2pred.pdb,SGVLVTR,0.318779886
APP_binder_07_157_dldesign_0_cycle1_af2pred.pdb,HYLHRLL,0.10811118
APP_binder_07_158_dldesign_0_cycle1_af2pred.pdb,GLNIVLV,0.094648845
APP_binder_07_159_dldesign_0_cycle1_af2pred.pdb,GSTVAVP,0.052590992
APP_binder_07_15_dldesign_0_cycle1_af2pred.pdb,GGLLVQP,0.10024371
APP_binder_07_160_dldesign_0_cycle1_af2pred.pdb,GSHVLVP,0.090467386
APP_binder_07_161_dldesign_0_cycle1_af2pred.pdb,GSTLALP,0.003400412
APP_binder_07_162_dldesign_0_cycle1_af2pred.pdb,SVPLLVR,0.012679649
APP_binder_07_163_dldesign_0_cycle1_af2pred.pdb,GSHHHHP,0.002644243
APP_binder_07_164_dldesign_0_cycle1_af2pred.pdb,PPLPEPP,0.014072249
APP_binder_07_165_dldesign_0_cycle1_af2pred.pdb,GALALPE,0.001699978
APP_binder_07_166_dldesign_0_cycle1_af2pred.pdb,APAVLVR,0.031074561
APP_binder_07_167_dldesign_0_cycle1_af2pred.pdb,GTNVVYE,0.015228878
APP_binder_07_168_dldesign_0_cycle1_af2pred.pdb,GYTVKSV,0.015670823
APP_binder_07_169_dldesign_0_cycle1_af2pred.pdb,SSVLRQV,0.013422993
APP_binder_07_16_dldesign_0_cycle1_af2pred.pdb,GVLLRQR,8.85E-05
APP_binder_07_170_dldesign_0_cycle1_af2pred.pdb,STLASVE,0.101090074
APP_binder_07_171_dldesign_0_cycle1_af2pred.pdb,GVAVNLS,0.013364454
APP_binder_07_172_dldesign_0_cycle1_af2pred.pdb,PLPTVPK,0.007137478
APP_binder_07_173_dldesign_0_cycle1_af2pred.pdb,GVAVPAP,0.201398209
APP_binder_07_174_dldesign_0_cycle1_af2pred.pdb,SVLRSVP,0.019361245
APP_binder_07_175_dldesign_0_cycle1_af2pred.pdb,PLTPRLP,0.002146995
APP_binder_07_176_dldesign_0_cycle1_af2pred.pdb,GSTLATL,0.003808193
APP_binder_07_177_dldesign_0_cycle1_af2pred.pdb,GTTLKRL,0.242211983
APP_binder_07_178_dldesign_0_cycle1_af2pred.pdb,VTLRYAP,0.020084526
APP_binder_07_179_dldesign_0_cycle1_af2pred.pdb,ELPVLKR,0.061856262
APP_binder_07_17_dldesign_0_cycle1_af2pred.pdb,MAVKLLP,0.003968997
APP_binder_07_180_dldesign_0_cycle1_af2pred.pdb,VTYVPRR,0.001502972
APP_binder_07_181_dldesign_0_cycle1_af2pred.pdb,GHVLLPA,0.020536333
APP_binder_07_182_dldesign_0_cycle1_af2pred.pdb,MVVLAPP,0.049588174
APP_binder_07_183_dldesign_0_cycle1_af2pred.pdb,PHVYLDD,0.558406472
APP_binder_07_184_dldesign_0_cycle1_af2pred.pdb,ATHVLEP,0.081833601
APP_binder_07_185_dldesign_0_cycle1_af2pred.pdb,MNYVRVP,0.034367111
APP_binder_07_186_dldesign_0_cycle1_af2pred.pdb,GDPTPRP,0.033641472
APP_binder_07_187_dldesign_0_cycle1_af2pred.pdb,PHVKALP,0.02941755
APP_binder_07_188_dldesign_0_cycle1_af2pred.pdb,GPVHVPA,0.026077645
APP_binder_07_189_dldesign_0_cycle1_af2pred.pdb,GPVLRTA,0.036015663
APP_binder_07_18_dldesign_0_cycle1_af2pred.pdb,VTLKSVP,0.042668652
APP_binder_07_190_dldesign_0_cycle1_af2pred.pdb,GVLRYPP,0.00789329
APP_binder_07_191_dldesign_0_cycle1_af2pred.pdb,PVHRPAP,0.036026552
APP_binder_07_192_dldesign_0_cycle1_af2pred.pdb,EPEPFYS,0.016914703
APP_binder_07_193_dldesign_0_cycle1_af2pred.pdb,STHLKAP,0.083221629
APP_binder_07_194_dldesign_0_cycle1_af2pred.pdb,SSVLRHL,0.019680694
APP_binder_07_195_dldesign_0_cycle1_af2pred.pdb,GVPVPEP,0.599217236
APP_binder_07_196_dldesign_0_cycle1_af2pred.pdb,STLRRVP,0.107668884
APP_binder_07_197_dldesign_0_cycle1_af2pred.pdb,GAVLRHL,0.000123817
APP_binder_07_198_dldesign_0_cycle1_af2pred.pdb,GVVLKRP,0.061258409
APP_binder_07_199_dldesign_0_cycle1_af2pred.pdb,GGVPRRP,0.014900894
APP_binder_07_19_dldesign_0_cycle1_af2pred.pdb,STIILVP,0.10975755
APP_binder_07_1_dldesign_0_cycle1_af2pred.pdb,PPVRVAA,0.015332697
APP_binder_07_200_dldesign_0_cycle1_af2pred.pdb,MHVKLLP,0.024544489
APP_binder_07_201_dldesign_0_cycle1_af2pred.pdb,VTVARLP,0.017022381
APP_binder_07_202_dldesign_0_cycle1_af2pred.pdb,SYTVVQR,0.004329075
APP_binder_07_203_dldesign_0_cycle1_af2pred.pdb,GVALPLP,0.016085682
APP_binder_07_204_dldesign_0_cycle1_af2pred.pdb,GPWVASP,0.009209991
APP_binder_07_205_dldesign_0_cycle1_af2pred.pdb,ARHVLAP,0.022853043
APP_binder_07_206_dldesign_0_cycle1_af2pred.pdb,TVYTPKR,0.002795058
APP_binder_07_207_dldesign_0_cycle1_af2pred.pdb,SATPRSV,0.09668804
APP_binder_07_208_dldesign_0_cycle1_af2pred.pdb,GSVWTPP,0.043400373
APP_binder_07_209_dldesign_0_cycle1_af2pred.pdb,MRRLLEA,0.11474888
APP_binder_07_20_dldesign_0_cycle1_af2pred.pdb,MVYTVKR,0.08306478
APP_binder_07_210_dldesign_0_cycle1_af2pred.pdb,GGVLRSS,0.084825501
APP_binder_07_211_dldesign_0_cycle1_af2pred.pdb,GAAILEV,0.068068549
APP_binder_07_212_dldesign_0_cycle1_af2pred.pdb,GSVLRRP,0.056326617
APP_binder_07_213_dldesign_0_cycle1_af2pred.pdb,GAVPRRP,0.00136634
APP_binder_07_214_dldesign_0_cycle1_af2pred.pdb,GLVPRRP,0.004941192
APP_binder_07_215_dldesign_0_cycle1_af2pred.pdb,GSHIYVP,0.083054408
APP_binder_07_216_dldesign_0_cycle1_af2pred.pdb,PAVKALP,0.059394911
APP_binder_07_217_dldesign_0_cycle1_af2pred.pdb,GIRVLPE,0.050636195
APP_binder_07_218_dldesign_0_cycle1_af2pred.pdb,GTLRPPR,0.214355841
APP_binder_07_219_dldesign_0_cycle1_af2pred.pdb,GPRNPSG,0.057180047
APP_binder_07_21_dldesign_0_cycle1_af2pred.pdb,TVYTPKR,0.051601674
APP_binder_07_220_dldesign_0_cycle1_af2pred.pdb,SVPLLIR,0.085431091
APP_binder_07_221_dldesign_0_cycle1_af2pred.pdb,GGVPRSV,0.074402556
APP_binder_07_222_dldesign_0_cycle1_af2pred.pdb,GYTVATV,0.014949021
APP_binder_07_223_dldesign_0_cycle1_af2pred.pdb,GATPRQP,0.000101926
APP_binder_07_224_dldesign_0_cycle1_af2pred.pdb,GSHYVLP,0.014765116
APP_binder_07_225_dldesign_0_cycle1_af2pred.pdb,PVYTLRP,0.005295146
APP_binder_07_226_dldesign_0_cycle1_af2pred.pdb,GSALPAP,0.003988152
APP_binder_07_227_dldesign_0_cycle1_af2pred.pdb,AEPILEP,0.022642342
APP_binder_07_228_dldesign_0_cycle1_af2pred.pdb,GVVLVSL,0.126092389
APP_binder_07_229_dldesign_0_cycle1_af2pred.pdb,GSTLRSV,0.003425556
APP_binder_07_22_dldesign_0_cycle1_af2pred.pdb,KTPVVLP,0.024897054
APP_binder_07_230_dldesign_0_cycle1_af2pred.pdb,GGVPRRV,0.009643206
APP_binder_07_231_dldesign_0_cycle1_af2pred.pdb,GSVLRRP,0.003219165
APP_binder_07_232_dldesign_0_cycle1_af2pred.pdb,MTAVLLT,0.016713947
APP_binder_07_233_dldesign_0_cycle1_af2pred.pdb,GSHVLAP,0.015787141
APP_binder_07_234_dldesign_0_cycle1_af2pred.pdb,SVVLKLL,0.019612212
APP_binder_07_235_dldesign_0_cycle1_af2pred.pdb,GVRYLPP,0.000125751
APP_binder_07_236_dldesign_0_cycle1_af2pred.pdb,SALKLLQ,0.027219998
APP_binder_07_237_dldesign_0_cycle1_af2pred.pdb,MSHVKVP,0.021944489
APP_binder_07_238_dldesign_0_cycle1_af2pred.pdb,SLPLAVR,0.035354558
APP_binder_07_239_dldesign_0_cycle1_af2pred.pdb,GPVLRVP,0.016226249
APP_binder_07_23_dldesign_0_cycle1_af2pred.pdb,SLPELKR,0.043419283
APP_binder_07_240_dldesign_0_cycle1_af2pred.pdb,GPLLVQR,0.003294365
APP_binder_07_241_dldesign_0_cycle1_af2pred.pdb,PLHVVVP,0.006034164
APP_binder_07_242_dldesign_0_cycle1_af2pred.pdb,VVLRRPP,0.017187197
APP_binder_07_243_dldesign_0_cycle1_af2pred.pdb,GVLVQRP,0.002416552
APP_binder_07_244_dldesign_0_cycle1_af2pred.pdb,GVLAPPP,0.005562746
APP_binder_07_245_dldesign_0_cycle1_af2pred.pdb,SHKTGRP,0.038840592
APP_binder_07_246_dldesign_0_cycle1_af2pred.pdb,SHSAELP,0.045142584
APP_binder_07_247_dldesign_0_cycle1_af2pred.pdb,GVTLRKR,0.000891131
APP_binder_07_248_dldesign_0_cycle1_af2pred.pdb,GLNYVYE,0.010385403
APP_binder_07_249_dldesign_0_cycle1_af2pred.pdb,PADSARP,0.028534014
APP_binder_07_24_dldesign_0_cycle1_af2pred.pdb,GSTWRPR,0.006056359
APP_binder_07_250_dldesign_0_cycle1_af2pred.pdb,GAPIKVP,0.000182491
APP_binder_07_251_dldesign_0_cycle1_af2pred.pdb,GSVHYTE,0.212858632
APP_binder_07_252_dldesign_0_cycle1_af2pred.pdb,SLALRRA,0.03832303
APP_binder_07_253_dldesign_0_cycle1_af2pred.pdb,SLPLAIR,0.020268233
APP_binder_07_254_dldesign_0_cycle1_af2pred.pdb,GLAVRLP,0.00706939
APP_binder_07_255_dldesign_0_cycle1_af2pred.pdb,VVSTTEL,0.028938735
APP_binder_07_256_dldesign_0_cycle1_af2pred.pdb,SVLKSVP,0.019238569
APP_binder_07_257_dldesign_0_cycle1_af2pred.pdb,GTLRQLP,0.166928664
APP_binder_07_258_dldesign_0_cycle1_af2pred.pdb,MSHILEP,0.020334255
APP_binder_07_259_dldesign_0_cycle1_af2pred.pdb,GVLQPAP,0.921954513
APP_binder_07_25_dldesign_0_cycle1_af2pred.pdb,GYFVTPR,0.000657179
APP_binder_07_260_dldesign_0_cycle1_af2pred.pdb,MHVRVPA,0.017389642
APP_binder_07_261_dldesign_0_cycle1_af2pred.pdb,GSSLASA,0.016269149
APP_binder_07_262_dldesign_0_cycle1_af2pred.pdb,EVYTPKR,0.014843519
APP_binder_07_263_dldesign_0_cycle1_af2pred.pdb,GTPVLAR,0.005245056
APP_binder_07_264_dldesign_0_cycle1_af2pred.pdb,GFTLRRR,0.030165765
APP_binder_07_265_dldesign_0_cycle1_af2pred.pdb,GSTWRPA,0.001766999
APP_binder_07_266_dldesign_0_cycle1_af2pred.pdb,PALPLLP,0.016077127
APP_binder_07_267_dldesign_0_cycle1_af2pred.pdb,SVAEVKR,0.007477893
APP_binder_07_268_dldesign_0_cycle1_af2pred.pdb,SVFTLKR,0.022041151
APP_binder_07_269_dldesign_0_cycle1_af2pred.pdb,PRVPSLP,0.001862565
APP_binder_07_26_dldesign_0_cycle1_af2pred.pdb,HNHVLAP,0.035561074
APP_binder_07_270_dldesign_0_cycle1_af2pred.pdb,SSPVRLT,0.035483476
APP_binder_07_271_dldesign_0_cycle1_af2pred.pdb,GGVLRSP,0.027749017
APP_binder_07_272_dldesign_0_cycle1_af2pred.pdb,GPRLLVT,0.024872154
APP_binder_07_273_dldesign_0_cycle1_af2pred.pdb,GAPLPAP,0.002895546
APP_binder_07_274_dldesign_0_cycle1_af2pred.pdb,TVLRRLP,0.007754944
APP_binder_07_275_dldesign_0_cycle1_af2pred.pdb,EEDLTLA,0.039537713
APP_binder_07_276_dldesign_0_cycle1_af2pred.pdb,GSVLKRP,0.006198195
APP_binder_07_277_dldesign_0_cycle1_af2pred.pdb,SPVPRRP,0.023518141
APP_binder_07_278_dldesign_0_cycle1_af2pred.pdb,GSVLRYL,0.000512992
APP_binder_07_279_dldesign_0_cycle1_af2pred.pdb,GSVLKLP,0.011614491
APP_binder_07_27_dldesign_0_cycle1_af2pred.pdb,SLPLVKR,0.030278109
APP_binder_07_280_dldesign_0_cycle1_af2pred.pdb,ALAIRVP,0.045904357
APP_binder_07_281_dldesign_0_cycle1_af2pred.pdb,GGSVWKR,0.005181411
APP_binder_07_282_dldesign_0_cycle1_af2pred.pdb,GPRHVHE,0.019722028
APP_binder_07_283_dldesign_0_cycle1_af2pred.pdb,PPVLRLP,0.018720867
APP_binder_07_284_dldesign_0_cycle1_af2pred.pdb,PPLLRLP,0.081381917
APP_binder_07_285_dldesign_0_cycle1_af2pred.pdb,VTRRKVA,0.089462198
APP_binder_07_286_dldesign_0_cycle1_af2pred.pdb,SLLVYLP,0.065944038
APP_binder_07_287_dldesign_0_cycle1_af2pred.pdb,PFVPKPP,0.000598268
APP_binder_07_288_dldesign_0_cycle1_af2pred.pdb,GVVTLAR,0.000217466
APP_binder_07_289_dldesign_0_cycle1_af2pred.pdb,SLPVVKY,0.06405624
APP_binder_07_28_dldesign_0_cycle1_af2pred.pdb,PLRPVKA,0.05826401
APP_binder_07_290_dldesign_0_cycle1_af2pred.pdb,GVKLVRA,0.008459019
APP_binder_07_291_dldesign_0_cycle1_af2pred.pdb,GVYTVKR,0.064532124
APP_binder_07_292_dldesign_0_cycle1_af2pred.pdb,SSTLRPP,0.099675938
APP_binder_07_293_dldesign_0_cycle1_af2pred.pdb,PRAVPAP,0.057019088
APP_binder_07_294_dldesign_0_cycle1_af2pred.pdb,SVPKVVR,0.018603858
APP_binder_07_295_dldesign_0_cycle1_af2pred.pdb,APVVYSR,0.40103054
APP_binder_07_296_dldesign_0_cycle1_af2pred.pdb,LRAVPAP,0.088527098
APP_binder_07_297_dldesign_0_cycle1_af2pred.pdb,GYTLRQV,0.083151646
APP_binder_07_298_dldesign_0_cycle1_af2pred.pdb,GVSAVLE,0.023728216
APP_binder_07_299_dldesign_0_cycle1_af2pred.pdb,KLQLVQP,0.092442445
APP_binder_07_29_dldesign_0_cycle1_af2pred.pdb,PYVRVPS,0.048567344
APP_binder_07_2_dldesign_0_cycle1_af2pred.pdb,GGRTVPE,0.096982278
APP_binder_07_300_dldesign_0_cycle1_af2pred.pdb,GDNRLLQ,0.097997859
APP_binder_07_301_dldesign_0_cycle1_af2pred.pdb,SNAVPAP,0.071368478
APP_binder_07_302_dldesign_0_cycle1_af2pred.pdb,VTIRTVP,0.120540842
APP_binder_07_303_dldesign_0_cycle1_af2pred.pdb,PVQPILE,0.083662547
APP_binder_07_304_dldesign_0_cycle1_af2pred.pdb,GVPVLKR,0.010272883
APP_binder_07_305_dldesign_0_cycle1_af2pred.pdb,GVPRRPP,0.032904681
APP_binder_07_306_dldesign_0_cycle1_af2pred.pdb,EEPVLKR,0.12856552
APP_binder_07_307_dldesign_0_cycle1_af2pred.pdb,AEQIFLE,0.088978171
APP_binder_07_308_dldesign_0_cycle1_af2pred.pdb,GPRLFEE,0.053055886
APP_binder_07_309_dldesign_0_cycle1_af2pred.pdb,GAVLIPP,0.027683323
APP_binder_07_30_dldesign_0_cycle1_af2pred.pdb,PLPARRR,0.095235765
APP_binder_07_310_dldesign_0_cycle1_af2pred.pdb,SYPTARP,0.024629226
APP_binder_07_311_dldesign_0_cycle1_af2pred.pdb,GSLRPPL,0.082940578
APP_binder_07_312_dldesign_0_cycle1_af2pred.pdb,SLPTVKY,0.100789331
APP_binder_07_313_dldesign_0_cycle1_af2pred.pdb,STVRRKE,0.201527938
APP_binder_07_314_dldesign_0_cycle1_af2pred.pdb,TPHIVAP,0.009704161
APP_binder_07_315_dldesign_0_cycle1_af2pred.pdb,PLPVPKR,0.012851655
APP_binder_07_316_dldesign_0_cycle1_af2pred.pdb,GSVLATR,0.005777206
APP_binder_07_317_dldesign_0_cycle1_af2pred.pdb,HSHVLAP,0.050314635
APP_binder_07_318_dldesign_0_cycle1_af2pred.pdb,MKAVKLA,0.031524185
APP_binder_07_319_dldesign_0_cycle1_af2pred.pdb,SLPLLVR,0.042641025
APP_binder_07_31_dldesign_0_cycle1_af2pred.pdb,GVSTLKR,0.004306199
APP_binder_07_320_dldesign_0_cycle1_af2pred.pdb,AELLQQP,0.048696112
APP_binder_07_321_dldesign_0_cycle1_af2pred.pdb,GSAIPAP,0.01887819
APP_binder_07_322_dldesign_0_cycle1_af2pred.pdb,GYRPPLY,0.026844332
APP_binder_07_323_dldesign_0_cycle1_af2pred.pdb,GGVLRRV,0.02993628
APP_binder_07_324_dldesign_0_cycle1_af2pred.pdb,AVDVLQP,0.148280025
APP_binder_07_325_dldesign_0_cycle1_af2pred.pdb,GSVLRYP,0.00068843
APP_binder_07_326_dldesign_0_cycle1_af2pred.pdb,PHYPLPA,0.013025219
APP_binder_07_327_dldesign_0_cycle1_af2pred.pdb,GVLRRVP,0.015886407
APP_binder_07_328_dldesign_0_cycle1_af2pred.pdb,GSVLRQP,0.011491962
APP_binder_07_329_dldesign_0_cycle1_af2pred.pdb,SVPTLTP,0.031409912
APP_binder_07_32_dldesign_0_cycle1_af2pred.pdb,GAPRPLP,0.030603558
APP_binder_07_330_dldesign_0_cycle1_af2pred.pdb,PLLRAPA,0.025925498
APP_binder_07_331_dldesign_0_cycle1_af2pred.pdb,PVPRRVP,0.000908842
APP_binder_07_332_dldesign_0_cycle1_af2pred.pdb,SPTPVTP,0.012889422
APP_binder_07_333_dldesign_0_cycle1_af2pred.pdb,VTFRRAP,0.007237775
APP_binder_07_334_dldesign_0_cycle1_af2pred.pdb,SLPKLIR,0.029088628
APP_binder_07_335_dldesign_0_cycle1_af2pred.pdb,GHIFEPP,0.004557313
APP_binder_07_336_dldesign_0_cycle1_af2pred.pdb,SSTVAVP,0.014418998
APP_binder_07_337_dldesign_0_cycle1_af2pred.pdb,EPRKVLE,0.018393934
APP_binder_07_338_dldesign_0_cycle1_af2pred.pdb,SVPVLKR,0.012888412
APP_binder_07_339_dldesign_0_cycle1_af2pred.pdb,SSWLALE,0.015377599
APP_binder_07_33_dldesign_0_cycle1_af2pred.pdb,GSTLRTV,0.002233835
APP_binder_07_340_dldesign_0_cycle1_af2pred.pdb,SLPLRIR,0.023444714
APP_binder_07_341_dldesign_0_cycle1_af2pred.pdb,PRLEPEE,0.021723518
APP_binder_07_342_dldesign_0_cycle1_af2pred.pdb,PEVTLAY,0.017008975
APP_binder_07_343_dldesign_0_cycle1_af2pred.pdb,GLLVLEP,0.010686979
APP_binder_07_344_dldesign_0_cycle1_af2pred.pdb,SLPLLVR,0.028205009
APP_binder_07_345_dldesign_0_cycle1_af2pred.pdb,GPRILLP,0.163442448
APP_binder_07_346_dldesign_0_cycle1_af2pred.pdb,GAVPRTP,0.040556327
APP_binder_07_347_dldesign_0_cycle1_af2pred.pdb,PVTPVYE,0.104537182
APP_binder_07_348_dldesign_0_cycle1_af2pred.pdb,GVLRQPP,0.188245192
APP_binder_07_349_dldesign_0_cycle1_af2pred.pdb,GEPILEE,0.19426772
APP_binder_07_34_dldesign_0_cycle1_af2pred.pdb,GVLRRRP,0.183834955
APP_binder_07_350_dldesign_0_cycle1_af2pred.pdb,PRLPPPP,0.222780094
APP_binder_07_351_dldesign_0_cycle1_af2pred.pdb,PKRIRVP,0.075448908
APP_binder_07_352_dldesign_0_cycle1_af2pred.pdb,GPQLLPP,0.164841488
APP_binder_07_353_dldesign_0_cycle1_af2pred.pdb,PAIYVPA,0.132920757
APP_binder_07_354_dldesign_0_cycle1_af2pred.pdb,GPVLRPR,0.1778308
APP_binder_07_355_dldesign_0_cycle1_af2pred.pdb,GSTLRLP,0.164775357
APP_binder_07_356_dldesign_0_cycle1_af2pred.pdb,YVPQLKR,0.102205344
APP_binder_07_357_dldesign_0_cycle1_af2pred.pdb,ATHVLVP,0.227619678
APP_binder_07_358_dldesign_0_cycle1_af2pred.pdb,GSVLVSP,0.166053012
APP_binder_07_359_dldesign_0_cycle1_af2pred.pdb,SVPLLIR,0.203270704
APP_binder_07_35_dldesign_0_cycle1_af2pred.pdb,GSVLRRP,0.172599345
APP_binder_07_360_dldesign_0_cycle1_af2pred.pdb,PRTVVKA,0.073750764
APP_binder_07_361_dldesign_0_cycle1_af2pred.pdb,GSVLARV,0.04302666
APP_binder_07_362_dldesign_0_cycle1_af2pred.pdb,GPRAIYP,0.047806393
APP_binder_07_363_dldesign_0_cycle1_af2pred.pdb,APPPLLK,0.100642227
APP_binder_07_364_dldesign_0_cycle1_af2pred.pdb,GFTVKTA,0.093734868
APP_binder_07_365_dldesign_0_cycle1_af2pred.pdb,PYILEVD,0.044910055
APP_binder_07_366_dldesign_0_cycle1_af2pred.pdb,VNPRQLP,0.058480814
APP_binder_07_367_dldesign_0_cycle1_af2pred.pdb,MTVTLAR,0.0530679
APP_binder_07_368_dldesign_0_cycle1_af2pred.pdb,APTLKSV,0.100406379
APP_binder_07_369_dldesign_0_cycle1_af2pred.pdb,PVVYTPK,0.002785744
APP_binder_07_36_dldesign_0_cycle1_af2pred.pdb,GVLKSYE,0.004123257
APP_binder_07_370_dldesign_0_cycle1_af2pred.pdb,SMLVRSA,0.087021634
APP_binder_07_371_dldesign_0_cycle1_af2pred.pdb,GHNYLEE,0.081055522
APP_binder_07_372_dldesign_0_cycle1_af2pred.pdb,PHVVVLP,0.059536718
APP_binder_07_373_dldesign_0_cycle1_af2pred.pdb,PPPVLLP,0.066235147
APP_binder_07_374_dldesign_0_cycle1_af2pred.pdb,PVYTPKR,0.058717731
APP_binder_07_375_dldesign_0_cycle1_af2pred.pdb,SGVLRSR,0.249183178
APP_binder_07_376_dldesign_0_cycle1_af2pred.pdb,STHRPLL,0.201258495
APP_binder_07_377_dldesign_0_cycle1_af2pred.pdb,GAVLRRA,0.064980745
APP_binder_07_378_dldesign_0_cycle1_af2pred.pdb,SVVTLAR,0.128962889
APP_binder_07_379_dldesign_0_cycle1_af2pred.pdb,GGVLVSR,0.114198193
APP_binder_07_37_dldesign_0_cycle1_af2pred.pdb,VTVRYAP,0.050001089
APP_binder_07_380_dldesign_0_cycle1_af2pred.pdb,APVPALP,0.086679429
APP_binder_07_381_dldesign_0_cycle1_af2pred.pdb,EEPLLVR,0.143969372
APP_binder_07_382_dldesign_0_cycle1_af2pred.pdb,GSPVLEA,0.10713309
APP_binder_07_383_dldesign_0_cycle1_af2pred.pdb,GSVLRSV,0.10878849
APP_binder_07_384_dldesign_0_cycle1_af2pred.pdb,PHVKAPP,0.096688688
APP_binder_07_385_dldesign_0_cycle1_af2pred.pdb,GAVPLVP,0.204178602
APP_binder_07_386_dldesign_0_cycle1_af2pred.pdb,GSVLRRP,0.090163656
APP_binder_07_387_dldesign_0_cycle1_af2pred.pdb,RPLHVPA,0.078354299
APP_binder_07_388_dldesign_0_cycle1_af2pred.pdb,GSTLVAE,0.087874591
APP_binder_07_389_dldesign_0_cycle1_af2pred.pdb,SGVFRQR,0.339548081
APP_binder_07_38_dldesign_0_cycle1_af2pred.pdb,GVNVTLA,0.07117445
APP_binder_07_390_dldesign_0_cycle1_af2pred.pdb,GAVALPE,0.066202953
APP_binder_07_391_dldesign_0_cycle1_af2pred.pdb,GSVLRQP,0.000191538
APP_binder_07_392_dldesign_0_cycle1_af2pred.pdb,LEPPESV,0.016545599
APP_binder_07_393_dldesign_0_cycle1_af2pred.pdb,GATLRTR,0.000522245
APP_binder_07_394_dldesign_0_cycle1_af2pred.pdb,SGVLRQR,0.174510852
APP_binder_07_395_dldesign_0_cycle1_af2pred.pdb,APRLPEL,0.017488901
APP_binder_07_396_dldesign_0_cycle1_af2pred.pdb,GSSPIFE,0.008685295
APP_binder_07_397_dldesign_0_cycle1_af2pred.pdb,GTHLLLL,0.014791031
APP_binder_07_398_dldesign_0_cycle1_af2pred.pdb,SKLSVRL,0.024398597
APP_binder_07_399_dldesign_0_cycle1_af2pred.pdb,VDTSLLP,0.002786116
APP_binder_07_39_dldesign_0_cycle1_af2pred.pdb,ELRHVHL,0.01181684
APP_binder_07_3_dldesign_0_cycle1_af2pred.pdb,LNYVLEP,0.004042635
APP_binder_07_400_dldesign_0_cycle1_af2pred.pdb,SRRRKAP,0.006640094
APP_binder_07_401_dldesign_0_cycle1_af2pred.pdb,STLRQRP,0.09598586
APP_binder_07_402_dldesign_0_cycle1_af2pred.pdb,PAVPLPP,0.111728832
APP_binder_07_403_dldesign_0_cycle1_af2pred.pdb,PVTVRPP,0.000283737
APP_binder_07_404_dldesign_0_cycle1_af2pred.pdb,MSHVKVP,0.012213759
APP_binder_07_405_dldesign_0_cycle1_af2pred.pdb,GINPIYL,0.009766839
APP_binder_07_406_dldesign_0_cycle1_af2pred.pdb,GATLRTR,0.010987333
APP_binder_07_407_dldesign_0_cycle1_af2pred.pdb,GQAVPLP,0.016398771
APP_binder_07_408_dldesign_0_cycle1_af2pred.pdb,PLPEDSP,0.055104654
APP_binder_07_409_dldesign_0_cycle1_af2pred.pdb,GSVLRPL,0.015893722
APP_binder_07_40_dldesign_0_cycle1_af2pred.pdb,SLPVRVA,0.044759542
APP_binder_07_410_dldesign_0_cycle1_af2pred.pdb,AVKKLDL,0.190038696
APP_binder_07_411_dldesign_0_cycle1_af2pred.pdb,RPLPPVP,0.038169511
APP_binder_07_412_dldesign_0_cycle1_af2pred.pdb,GARIPVP,0.003687848
APP_binder_07_413_dldesign_0_cycle1_af2pred.pdb,MTYTPKR,0.019909328
APP_binder_07_414_dldesign_0_cycle1_af2pred.pdb,SHPDDDA,0.058370985
APP_binder_07_415_dldesign_0_cycle1_af2pred.pdb,PLERRHL,0.076046512
APP_binder_07_416_dldesign_0_cycle1_af2pred.pdb,SLPVLRR,0.059508808
APP_binder_07_417_dldesign_0_cycle1_af2pred.pdb,ARHVLAP,0.042217359
APP_binder_07_418_dldesign_0_cycle1_af2pred.pdb,SLPLKRV,0.058833994
APP_binder_07_419_dldesign_0_cycle1_af2pred.pdb,GVPRYPG,0.007014336
APP_binder_07_41_dldesign_0_cycle1_af2pred.pdb,STPVLKR,0.104906514
APP_binder_07_420_dldesign_0_cycle1_af2pred.pdb,GSVWRPP,0.017396852
APP_binder_07_421_dldesign_0_cycle1_af2pred.pdb,GHHLAPP,0.041201413
APP_binder_07_422_dldesign_0_cycle1_af2pred.pdb,ALPVKPD,0.039665781
APP_binder_07_423_dldesign_0_cycle1_af2pred.pdb,SLVTKRV,0.038335904
APP_binder_07_424_dldesign_0_cycle1_af2pred.pdb,GVPRRVP,0.005196112
APP_binder_07_425_dldesign_0_cycle1_af2pred.pdb,GPRLKAP,0.037599154
APP_binder_07_426_dldesign_0_cycle1_af2pred.pdb,SLAIRVP,0.054852609
APP_binder_07_427_dldesign_0_cycle1_af2pred.pdb,LTLAPPP,0.101784095
APP_binder_07_428_dldesign_0_cycle1_af2pred.pdb,SSNYLVK,0.051397372
APP_binder_07_429_dldesign_0_cycle1_af2pred.pdb,GPVVRHL,0.040678374
APP_binder_07_42_dldesign_0_cycle1_af2pred.pdb,PNLPVGP,0.048010428
APP_binder_07_430_dldesign_0_cycle1_af2pred.pdb,GAVPAVP,0.058412693
APP_binder_07_431_dldesign_0_cycle1_af2pred.pdb,GVHRPAP,0.002345528
APP_binder_07_432_dldesign_0_cycle1_af2pred.pdb,GTVLVKE,0.045517579
APP_binder_07_433_dldesign_0_cycle1_af2pred.pdb,PVPAPAP,0.005014772
APP_binder_07_434_dldesign_0_cycle1_af2pred.pdb,GSTLRQV,0.013582544
APP_binder_07_435_dldesign_0_cycle1_af2pred.pdb,HHPPPPP,0.066475265
APP_binder_07_436_dldesign_0_cycle1_af2pred.pdb,RSTPIYE,0.057604905
APP_binder_07_437_dldesign_0_cycle1_af2pred.pdb,GLRLLEP,0.013280869
APP_binder_07_438_dldesign_0_cycle1_af2pred.pdb,MSKIVKE,0.022887105
APP_binder_07_439_dldesign_0_cycle1_af2pred.pdb,GSTLRQL,0.001535707
APP_binder_07_43_dldesign_0_cycle1_af2pred.pdb,ATPVPLV,0.005465558
APP_binder_07_440_dldesign_0_cycle1_af2pred.pdb,PGRPLPP,0.001174044
APP_binder_07_441_dldesign_0_cycle1_af2pred.pdb,GVVLVSE,0.102780901
APP_binder_07_442_dldesign_0_cycle1_af2pred.pdb,GGVPRYP,0.003812166
APP_binder_07_443_dldesign_0_cycle1_af2pred.pdb,SHYHHRP,0.022450987
APP_binder_07_444_dldesign_0_cycle1_af2pred.pdb,HHHHHVP,0.037376542
APP_binder_07_445_dldesign_0_cycle1_af2pred.pdb,PALPELP,0.019531015
APP_binder_07_446_dldesign_0_cycle1_af2pred.pdb,SLPVLKR,0.023426687
APP_binder_07_447_dldesign_0_cycle1_af2pred.pdb,LTPRPPR,0.029023783
APP_binder_07_448_dldesign_0_cycle1_af2pred.pdb,GGPREPP,0.002577592
APP_binder_07_449_dldesign_0_cycle1_af2pred.pdb,SSVWRQR,0.008597487
APP_binder_07_44_dldesign_0_cycle1_af2pred.pdb,EEPELKR,0.026770819
APP_binder_07_450_dldesign_0_cycle1_af2pred.pdb,AVAVPEP,0.07321424
APP_binder_07_451_dldesign_0_cycle1_af2pred.pdb,PAVPRSL,0.000338109
APP_binder_07_452_dldesign_0_cycle1_af2pred.pdb,AVPIKVP,0.036969472
APP_binder_07_453_dldesign_0_cycle1_af2pred.pdb,STLKVVT,0.096411318
APP_binder_07_454_dldesign_0_cycle1_af2pred.pdb,SAVLRSA,0.014905103
APP_binder_07_455_dldesign_0_cycle1_af2pred.pdb,EEPEVKR,0.022506405
APP_binder_07_456_dldesign_0_cycle1_af2pred.pdb,GSVLRQR,0.002513726
APP_binder_07_457_dldesign_0_cycle1_af2pred.pdb,HHHLLVA,0.035547301
APP_binder_07_458_dldesign_0_cycle1_af2pred.pdb,SLTLKSV,0.028009497
APP_binder_07_459_dldesign_0_cycle1_af2pred.pdb,GVPAVPP,0.111706279
APP_binder_07_45_dldesign_0_cycle1_af2pred.pdb,PAVLEPP,0.010216922
APP_binder_07_460_dldesign_0_cycle1_af2pred.pdb,FNLPQYE,0.01350008
APP_binder_07_461_dldesign_0_cycle1_af2pred.pdb,EEPVLKR,0.029306345
APP_binder_07_462_dldesign_0_cycle1_af2pred.pdb,APTLRQP,0.023302162
APP_binder_07_463_dldesign_0_cycle1_af2pred.pdb,PVVYTVR,0.789537251
APP_binder_07_464_dldesign_0_cycle1_af2pred.pdb,MPPIYVP,0.01067467
APP_binder_07_465_dldesign_0_cycle1_af2pred.pdb,GGVLRAR,0.014059179
APP_binder_07_466_dldesign_0_cycle1_af2pred.pdb,APVKVAA,0.020455873
APP_binder_07_467_dldesign_0_cycle1_af2pred.pdb,ATALPAP,0.03632107
APP_binder_07_468_dldesign_0_cycle1_af2pred.pdb,RVPIVYP,0.970668197
APP_binder_07_469_dldesign_0_cycle1_af2pred.pdb,PAIPVAN,0.097351298
APP_binder_07_46_dldesign_0_cycle1_af2pred.pdb,PEVLVPA,0.157779515
APP_binder_07_470_dldesign_0_cycle1_af2pred.pdb,DSLLRSL,0.157391742
APP_binder_07_471_dldesign_0_cycle1_af2pred.pdb,GVLRYAP,0.073017195
APP_binder_07_472_dldesign_0_cycle1_af2pred.pdb,GSGVPKR,0.138938621
APP_binder_07_473_dldesign_0_cycle1_af2pred.pdb,LLSRLYP,0.172765613
APP_binder_07_474_dldesign_0_cycle1_af2pred.pdb,GVTLASA,0.088719949
APP_binder_07_475_dldesign_0_cycle1_af2pred.pdb,PIVHLPE,0.027159868
APP_binder_07_476_dldesign_0_cycle1_af2pred.pdb,MVVLPPD,0.145910934
APP_binder_07_477_dldesign_0_cycle1_af2pred.pdb,GSTLRQP,0.099011354
APP_binder_07_478_dldesign_0_cycle1_af2pred.pdb,GPRHRKA,0.133914441
APP_binder_07_479_dldesign_0_cycle1_af2pred.pdb,GSTLAQA,0.103418261
APP_binder_07_47_dldesign_0_cycle1_af2pred.pdb,VRPPVLE,0.016932631
APP_binder_07_480_dldesign_0_cycle1_af2pred.pdb,PLKVALP,0.139802396
APP_binder_07_481_dldesign_0_cycle1_af2pred.pdb,GYTLKQV,0.136485204
APP_binder_07_482_dldesign_0_cycle1_af2pred.pdb,GWLTRPL,0.123833157
APP_binder_07_483_dldesign_0_cycle1_af2pred.pdb,PRSVKVP,0.010510198
APP_binder_07_484_dldesign_0_cycle1_af2pred.pdb,GSHVLEE,0.037584897
APP_binder_07_485_dldesign_0_cycle1_af2pred.pdb,PHYLEAP,0.042188462
APP_binder_07_486_dldesign_0_cycle1_af2pred.pdb,MVEPVLE,0.056290109
APP_binder_07_487_dldesign_0_cycle1_af2pred.pdb,PRVLPPP,0.010545029
APP_binder_07_488_dldesign_0_cycle1_af2pred.pdb,APPIVEE,0.038594548
APP_binder_07_489_dldesign_0_cycle1_af2pred.pdb,SVSGIRV,0.037274089
APP_binder_07_48_dldesign_0_cycle1_af2pred.pdb,GAVALPA,0.004761952
APP_binder_07_490_dldesign_0_cycle1_af2pred.pdb,MNHRLAP,0.0414996
APP_binder_07_491_dldesign_0_cycle1_af2pred.pdb,VSTPLPA,0.00028629
APP_binder_07_492_dldesign_0_cycle1_af2pred.pdb,GPTLRTR,0.026122017
APP_binder_07_493_dldesign_0_cycle1_af2pred.pdb,TTYTLKR,0.05449136
APP_binder_07_494_dldesign_0_cycle1_af2pred.pdb,GVALPAP,0.014737068
APP_binder_07_495_dldesign_0_cycle1_af2pred.pdb,STLRRLP,0.128109083
APP_binder_07_496_dldesign_0_cycle1_af2pred.pdb,GSAVPPP,0.019079503
APP_binder_07_497_dldesign_0_cycle1_af2pred.pdb,GPALPAP,0.022576455
APP_binder_07_498_dldesign_0_cycle1_af2pred.pdb,STLSPLL,0.123450257
APP_binder_07_499_dldesign_0_cycle1_af2pred.pdb,PRAVLAP,0.047304127
APP_binder_07_49_dldesign_0_cycle1_af2pred.pdb,HHHLLLA,0.070726074
APP_binder_07_4_dldesign_0_cycle1_af2pred.pdb,GVTLRRR,0.002783104
APP_binder_07_500_dldesign_0_cycle1_af2pred.pdb,GSVRLPA,0.026755352
APP_binder_07_501_dldesign_0_cycle1_af2pred.pdb,KLVRLPP,0.034201793
APP_binder_07_502_dldesign_0_cycle1_af2pred.pdb,MRKIYLP,0.041734222
APP_binder_07_503_dldesign_0_cycle1_af2pred.pdb,VELPPPR,0.034061771
APP_binder_07_504_dldesign_0_cycle1_af2pred.pdb,GSHVRVP,0.036831181
APP_binder_07_505_dldesign_0_cycle1_af2pred.pdb,GGVAKRR,0.004582245
APP_binder_07_506_dldesign_0_cycle1_af2pred.pdb,GSSVLKR,0.040758725
APP_binder_07_507_dldesign_0_cycle1_af2pred.pdb,SNPILEP,0.065052755
APP_binder_07_508_dldesign_0_cycle1_af2pred.pdb,GSTLKSA,0.012773233
APP_binder_07_509_dldesign_0_cycle1_af2pred.pdb,GYTLRVA,0.041363548
APP_binder_07_50_dldesign_0_cycle1_af2pred.pdb,SSVLARV,0.039262302
APP_binder_07_510_dldesign_0_cycle1_af2pred.pdb,GAVLRPR,0.001398454
APP_binder_07_511_dldesign_0_cycle1_af2pred.pdb,ELPVAKR,0.042218029
APP_binder_07_512_dldesign_0_cycle1_af2pred.pdb,AVAIPVP,0.105092004
APP_binder_07_513_dldesign_0_cycle1_af2pred.pdb,ELPEVKR,0.056480955
APP_binder_07_514_dldesign_0_cycle1_af2pred.pdb,PLTVRQL,0.004745209
APP_binder_07_515_dldesign_0_cycle1_af2pred.pdb,GWLRYPP,0.014297932
APP_binder_07_516_dldesign_0_cycle1_af2pred.pdb,KLNPLKK,0.055396773
APP_binder_07_517_dldesign_0_cycle1_af2pred.pdb,GSVLRPP,0.011428216
APP_binder_07_518_dldesign_0_cycle1_af2pred.pdb,RPLPAPP,0.038426738
APP_binder_07_519_dldesign_0_cycle1_af2pred.pdb,SSVLRSR,0.039848935
APP_binder_07_51_dldesign_0_cycle1_af2pred.pdb,GAVPRHL,0.002876304
APP_binder_07_520_dldesign_0_cycle1_af2pred.pdb,GAVPRRL,0.006876946
APP_binder_07_521_dldesign_0_cycle1_af2pred.pdb,HGTPVKA,0.218088686
APP_binder_07_522_dldesign_0_cycle1_af2pred.pdb,SSPVYLP,0.039913658
APP_binder_07_523_dldesign_0_cycle1_af2pred.pdb,GAVLRRP,0.005518445
APP_binder_07_524_dldesign_0_cycle1_af2pred.pdb,PTSVPAP,0.02449137
APP_binder_07_525_dldesign_0_cycle1_af2pred.pdb,SVHLPAP,0.040523052
APP_binder_07_526_dldesign_0_cycle1_af2pred.pdb,GAVRLPA,0.001990492
APP_binder_07_527_dldesign_0_cycle1_af2pred.pdb,PFTLRRP,0.010217625
APP_binder_07_528_dldesign_0_cycle1_af2pred.pdb,MKKVLEP,0.057378147
APP_binder_07_529_dldesign_0_cycle1_af2pred.pdb,GYTLRSA,0.142876849
APP_binder_07_52_dldesign_0_cycle1_af2pred.pdb,SSGVLKR,0.149378821
APP_binder_07_530_dldesign_0_cycle1_af2pred.pdb,DLRALAP,0.155544966
APP_binder_07_531_dldesign_0_cycle1_af2pred.pdb,GVLVRPP,0.058402281
APP_binder_07_532_dldesign_0_cycle1_af2pred.pdb,VRPPLKA,0.07253743
APP_binder_07_533_dldesign_0_cycle1_af2pred.pdb,PHVHVAA,0.128801227
APP_binder_07_534_dldesign_0_cycle1_af2pred.pdb,GVVEVKR,0.001297031
APP_binder_07_535_dldesign_0_cycle1_af2pred.pdb,GVTFVQP,0.029744556
APP_binder_07_536_dldesign_0_cycle1_af2pred.pdb,GLVPRRR,0.001986556
APP_binder_07_537_dldesign_0_cycle1_af2pred.pdb,SYPRRSR,0.022597484
APP_binder_07_538_dldesign_0_cycle1_af2pred.pdb,GESFRPP,0.136192292
APP_binder_07_539_dldesign_0_cycle1_af2pred.pdb,GSTLRRA,0.08472652
APP_binder_07_53_dldesign_0_cycle1_af2pred.pdb,GATPRQP,0.06935212
APP_binder_07_540_dldesign_0_cycle1_af2pred.pdb,GGVLRLP,0.124674045
APP_binder_07_541_dldesign_0_cycle1_af2pred.pdb,GGVLRRR,0.132219791
APP_binder_07_542_dldesign_0_cycle1_af2pred.pdb,GVTVARV,0.090060331
APP_binder_07_543_dldesign_0_cycle1_af2pred.pdb,STLASVQ,0.265299678
APP_binder_07_544_dldesign_0_cycle1_af2pred.pdb,GHHHALP,0.192807481
APP_binder_07_545_dldesign_0_cycle1_af2pred.pdb,AVPKRVP,0.175161093
APP_binder_07_546_dldesign_0_cycle1_af2pred.pdb,TTVRYPP,0.165646762
APP_binder_07_547_dldesign_0_cycle1_af2pred.pdb,GGVPRSV,0.161350951
APP_binder_07_548_dldesign_0_cycle1_af2pred.pdb,PTALPAP,0.141761661
APP_binder_07_549_dldesign_0_cycle1_af2pred.pdb,GVLKRVS,0.076925375
APP_binder_07_54_dldesign_0_cycle1_af2pred.pdb,PRRRPAP,0.110713787
APP_binder_07_550_dldesign_0_cycle1_af2pred.pdb,VTLASVP,0.175271064
APP_binder_07_551_dldesign_0_cycle1_af2pred.pdb,GAVPRYR,0.069535322
APP_binder_07_552_dldesign_0_cycle1_af2pred.pdb,SVYTVKR,0.164841205
APP_binder_07_553_dldesign_0_cycle1_af2pred.pdb,GVAVPAP,0.161923081
APP_binder_07_554_dldesign_0_cycle1_af2pred.pdb,GAVLRPR,0.09438891
APP_binder_07_555_dldesign_0_cycle1_af2pred.pdb,PHVRVPA,0.176125214
APP_binder_07_556_dldesign_0_cycle1_af2pred.pdb,GGVLRSA,0.172837958
APP_binder_07_557_dldesign_0_cycle1_af2pred.pdb,MHHVKVP,0.189153388
APP_binder_07_558_dldesign_0_cycle1_af2pred.pdb,GHHHRVP,0.186860397
APP_binder_07_559_dldesign_0_cycle1_af2pred.pdb,GVVTLAR,0.023366451
APP_binder_07_55_dldesign_0_cycle1_af2pred.pdb,STLVRPP,0.223287478
APP_binder_07_560_dldesign_0_cycle1_af2pred.pdb,GVLLVQA,0.000663324
APP_binder_07_561_dldesign_0_cycle1_af2pred.pdb,GSTLARP,0.062191818
APP_binder_07_562_dldesign_0_cycle1_af2pred.pdb,GSTLRSV,0.063514486
APP_binder_07_563_dldesign_0_cycle1_af2pred.pdb,GGVPRRP,0.086462192
APP_binder_07_564_dldesign_0_cycle1_af2pred.pdb,GVPTPPL,0.008992679
APP_binder_07_565_dldesign_0_cycle1_af2pred.pdb,GSVWRPP,0.063301139
APP_binder_07_566_dldesign_0_cycle1_af2pred.pdb,PPVPRAP,0.033018578
APP_binder_07_567_dldesign_0_cycle1_af2pred.pdb,LTFARVP,0.112119131
APP_binder_07_568_dldesign_0_cycle1_af2pred.pdb,GKVLAAP,0.087617472
APP_binder_07_569_dldesign_0_cycle1_af2pred.pdb,GTLVQLP,0.181570902
APP_binder_07_56_dldesign_0_cycle1_af2pred.pdb,GSYFVTR,0.060960755
APP_binder_07_570_dldesign_0_cycle1_af2pred.pdb,GRAVPLL,0.067207322
APP_binder_07_571_dldesign_0_cycle1_af2pred.pdb,SLPLVKR,0.099780113
APP_binder_07_572_dldesign_0_cycle1_af2pred.pdb,PSVPVKE,0.094789252
APP_binder_07_573_dldesign_0_cycle1_af2pred.pdb,GHHVREA,0.103222139
APP_binder_07_574_dldesign_0_cycle1_af2pred.pdb,SAVLKRV,0.101508558
APP_binder_07_575_dldesign_0_cycle1_af2pred.pdb,GPGVPTP,0.156377628
APP_binder_07_576_dldesign_0_cycle1_af2pred.pdb,GSVLRPR,0.097855106
APP_binder_07_577_dldesign_0_cycle1_af2pred.pdb,GPVLRRP,0.135136008
APP_binder_07_578_dldesign_0_cycle1_af2pred.pdb,GVLVLKR,0.093499616
APP_binder_07_579_dldesign_0_cycle1_af2pred.pdb,PVPRYRP,0.079855382
APP_binder_07_57_dldesign_0_cycle1_af2pred.pdb,GAVLRSV,0.095611773
APP_binder_07_580_dldesign_0_cycle1_af2pred.pdb,SVLRPPR,0.172498807
APP_binder_07_581_dldesign_0_cycle1_af2pred.pdb,MTHHVRV,0.176441029
APP_binder_07_582_dldesign_0_cycle1_af2pred.pdb,GTPRRPP,0.127794951
APP_binder_07_583_dldesign_0_cycle1_af2pred.pdb,GPHVFVP,0.135272905
APP_binder_07_584_dldesign_0_cycle1_af2pred.pdb,SVVLRAP,0.165937126
APP_binder_07_585_dldesign_0_cycle1_af2pred.pdb,RPPVKLP,0.050138153
APP_binder_07_586_dldesign_0_cycle1_af2pred.pdb,GSTLKLR,0.106703229
APP_binder_07_587_dldesign_0_cycle1_af2pred.pdb,AGPLKSV,0.279761136
APP_binder_07_588_dldesign_0_cycle1_af2pred.pdb,AAVKALP,0.148672134
APP_binder_07_589_dldesign_0_cycle1_af2pred.pdb,GFTVKLR,0.196413472
APP_binder_07_58_dldesign_0_cycle1_af2pred.pdb,SVPLLKR,0.155598536
APP_binder_07_590_dldesign_0_cycle1_af2pred.pdb,TVYVPKR,0.102675609
APP_binder_07_591_dldesign_0_cycle1_af2pred.pdb,MHLPSLP,0.204977512
APP_binder_07_592_dldesign_0_cycle1_af2pred.pdb,GSVWRLP,0.138610885
APP_binder_07_593_dldesign_0_cycle1_af2pred.pdb,SVPTLKR,0.185779423
APP_binder_07_594_dldesign_0_cycle1_af2pred.pdb,AVPAVPP,0.075008206
APP_binder_07_595_dldesign_0_cycle1_af2pred.pdb,GGVLRRP,0.172430664
APP_binder_07_596_dldesign_0_cycle1_af2pred.pdb,GGVLRTP,0.172518611
APP_binder_07_597_dldesign_0_cycle1_af2pred.pdb,SLPEVKR,0.182017729
APP_binder_07_598_dldesign_0_cycle1_af2pred.pdb,GLPVVKR,0.268749505
APP_binder_07_599_dldesign_0_cycle1_af2pred.pdb,GVTLVQR,0.034774154
APP_binder_07_59_dldesign_0_cycle1_af2pred.pdb,MEPIYVP,0.124134161
APP_binder_07_5_dldesign_0_cycle1_af2pred.pdb,GGVPRRP,0.159248292
APP_binder_07_600_dldesign_0_cycle1_af2pred.pdb,PAVPVAA,0.013655127
APP_binder_07_601_dldesign_0_cycle1_af2pred.pdb,PSVPVYE,0.150003716
APP_binder_07_602_dldesign_0_cycle1_af2pred.pdb,GPVLRRA,0.161256343
APP_binder_07_603_dldesign_0_cycle1_af2pred.pdb,GYTLKRV,0.15506345
APP_binder_07_604_dldesign_0_cycle1_af2pred.pdb,MSHVRVP,0.188194305
APP_binder_07_605_dldesign_0_cycle1_af2pred.pdb,GSTLAVV,0.234594479
APP_binder_07_606_dldesign_0_cycle1_af2pred.pdb,SGVAIRV,0.411741763
APP_binder_07_607_dldesign_0_cycle1_af2pred.pdb,GYPVKPP,0.062176276
APP_binder_07_608_dldesign_0_cycle1_af2pred.pdb,PYVRVAS,0.232928038
APP_binder_07_609_dldesign_0_cycle1_af2pred.pdb,RLRLPPL,0.280859709
APP_binder_07_60_dldesign_0_cycle1_af2pred.pdb,GVNVLVR,0.236659721
APP_binder_07_610_dldesign_0_cycle1_af2pred.pdb,MRVVFEE,0.293798149
APP_binder_07_611_dldesign_0_cycle1_af2pred.pdb,PRHVPAP,0.216571465
APP_binder_07_612_dldesign_0_cycle1_af2pred.pdb,GSLLPLL,0.247104675
APP_binder_07_613_dldesign_0_cycle1_af2pred.pdb,PAVPLLP,0.129340708
APP_binder_07_614_dldesign_0_cycle1_af2pred.pdb,GPGVPRR,0.284024864
APP_binder_07_615_dldesign_0_cycle1_af2pred.pdb,PVAVPLP,0.207504392
APP_binder_07_616_dldesign_0_cycle1_af2pred.pdb,GGVPRRR,0.279039741
APP_binder_07_617_dldesign_0_cycle1_af2pred.pdb,GAHPVSP,0.185289025
APP_binder_07_618_dldesign_0_cycle1_af2pred.pdb,PYVYVPA,0.80461067
APP_binder_07_619_dldesign_0_cycle1_af2pred.pdb,GPRAVPA,0.274496049
APP_binder_07_61_dldesign_0_cycle1_af2pred.pdb,KLYLPSP,0.299547851
APP_binder_07_620_dldesign_0_cycle1_af2pred.pdb,GVAVPAP,0.286062062
APP_binder_07_621_dldesign_0_cycle1_af2pred.pdb,SVPVLKR,0.05483333
APP_binder_07_622_dldesign_0_cycle1_af2pred.pdb,SVVVLKR,0.056145575
APP_binder_07_623_dldesign_0_cycle1_af2pred.pdb,GSSVPAL,0.064139217
APP_binder_07_624_dldesign_0_cycle1_af2pred.pdb,TVVRYPP,0.036411878
APP_binder_07_625_dldesign_0_cycle1_af2pred.pdb,GVVAPPP,0.002620318
APP_binder_07_626_dldesign_0_cycle1_af2pred.pdb,SWLTLPP,0.05614518
APP_binder_07_627_dldesign_0_cycle1_af2pred.pdb,SGVPRRP,0.252231419
APP_binder_07_628_dldesign_0_cycle1_af2pred.pdb,APTLRTR,0.076864935
APP_binder_07_629_dldesign_0_cycle1_af2pred.pdb,GSTLASV,0.029669074
APP_binder_07_62_dldesign_0_cycle1_af2pred.pdb,GSVLRRP,0.032160185
APP_binder_07_630_dldesign_0_cycle1_af2pred.pdb,GYTLVSE,0.071835883
APP_binder_07_631_dldesign_0_cycle1_af2pred.pdb,PAVPALP,0.027279355
APP_binder_07_632_dldesign_0_cycle1_af2pred.pdb,SVHVAET,0.054818761
APP_binder_07_633_dldesign_0_cycle1_af2pred.pdb,STRTLYP,0.154406369
APP_binder_07_634_dldesign_0_cycle1_af2pred.pdb,VVSLPRR,0.013894485
APP_binder_07_635_dldesign_0_cycle1_af2pred.pdb,PHVLAPP,0.058035094
APP_binder_07_636_dldesign_0_cycle1_af2pred.pdb,TTYTPRP,0.045560535
APP_binder_07_637_dldesign_0_cycle1_af2pred.pdb,GSRRYYE,0.004163269
APP_binder_07_638_dldesign_0_cycle1_af2pred.pdb,SATLRSR,0.035412103
APP_binder_07_639_dldesign_0_cycle1_af2pred.pdb,LVFRNLP,0.033904582
APP_binder_07_63_dldesign_0_cycle1_af2pred.pdb,SHLVELP,0.034179397
APP_binder_07_640_dldesign_0_cycle1_af2pred.pdb,PVPRRPP,0.006750964
APP_binder_07_641_dldesign_0_cycle1_af2pred.pdb,SAVLRPP,0.018428978
APP_binder_07_642_dldesign_0_cycle1_af2pred.pdb,EVPELKR,0.033161446
APP_binder_07_643_dldesign_0_cycle1_af2pred.pdb,GLPTPPL,0.02009782
APP_binder_07_644_dldesign_0_cycle1_af2pred.pdb,GPVTVAR,0.011549582
APP_binder_07_645_dldesign_0_cycle1_af2pred.pdb,GLTPRVP,0.017935442
APP_binder_07_646_dldesign_0_cycle1_af2pred.pdb,APHVYAP,0.001860198
APP_binder_07_647_dldesign_0_cycle1_af2pred.pdb,MVYTPKV,0.028205698
APP_binder_07_648_dldesign_0_cycle1_af2pred.pdb,PAIKLAP,0.019185239
APP_binder_07_649_dldesign_0_cycle1_af2pred.pdb,SVPELKR,0.030407127
APP_binder_07_64_dldesign_0_cycle1_af2pred.pdb,EEPLLIR,0.032697745
APP_binder_07_650_dldesign_0_cycle1_af2pred.pdb,EEPLLVR,0.032629605
APP_binder_07_651_dldesign_0_cycle1_af2pred.pdb,SWLTPTR,0.052423198
APP_binder_07_652_dldesign_0_cycle1_af2pred.pdb,APAVVPP,0.057493534
APP_binder_07_653_dldesign_0_cycle1_af2pred.pdb,GPVRVAA,0.0659637
APP_binder_07_654_dldesign_0_cycle1_af2pred.pdb,GSTLRQR,0.025266562
APP_binder_07_655_dldesign_0_cycle1_af2pred.pdb,GSHIVAP,0.075250842
APP_binder_07_656_dldesign_0_cycle1_af2pred.pdb,GPAVLVR,0.070966624
APP_binder_07_657_dldesign_0_cycle1_af2pred.pdb,GYRHYRE,0.001104349
APP_binder_07_658_dldesign_0_cycle1_af2pred.pdb,GGVLRRR,0.07383652
APP_binder_07_659_dldesign_0_cycle1_af2pred.pdb,GVLRRPP,0.044019796
APP_binder_07_65_dldesign_0_cycle1_af2pred.pdb,SSVLRRA,0.071685903
APP_binder_07_660_dldesign_0_cycle1_af2pred.pdb,SPPVYVA,0.065502092
APP_binder_07_661_dldesign_0_cycle1_af2pred.pdb,SVPLLVR,0.06403745
APP_binder_07_662_dldesign_0_cycle1_af2pred.pdb,TVYHPQP,0.000813479
APP_binder_07_663_dldesign_0_cycle1_af2pred.pdb,GSVLRSE,0.050534736
APP_binder_07_664_dldesign_0_cycle1_af2pred.pdb,GHHVLLA,0.060665708
APP_binder_07_665_dldesign_0_cycle1_af2pred.pdb,PSALPLL,0.072514899
APP_binder_07_666_dldesign_0_cycle1_af2pred.pdb,SGVLRQR,0.273162425
APP_binder_07_667_dldesign_0_cycle1_af2pred.pdb,SVVTLKR,0.017190354
APP_binder_07_668_dldesign_0_cycle1_af2pred.pdb,SSVVKKP,0.001588578
APP_binder_07_669_dldesign_0_cycle1_af2pred.pdb,SLLPVPP,0.012503944
APP_binder_07_66_dldesign_0_cycle1_af2pred.pdb,STVRPPR,0.034231689
APP_binder_07_670_dldesign_0_cycle1_af2pred.pdb,STLAVAP,0.076838851
APP_binder_07_671_dldesign_0_cycle1_af2pred.pdb,SVAVLLT,0.013923165
APP_binder_07_672_dldesign_0_cycle1_af2pred.pdb,SSVPRHL,0.006806988
APP_binder_07_673_dldesign_0_cycle1_af2pred.pdb,AVYEVKR,0.055800475
APP_binder_07_674_dldesign_0_cycle1_af2pred.pdb,PPTLVLP,0.002471062
APP_binder_07_675_dldesign_0_cycle1_af2pred.pdb,PPVWRPA,0.011376984
APP_binder_07_676_dldesign_0_cycle1_af2pred.pdb,APVTLKR,0.015163591
APP_binder_07_677_dldesign_0_cycle1_af2pred.pdb,GPTVALP,0.002706827
APP_binder_07_678_dldesign_0_cycle1_af2pred.pdb,GGVPRYP,0.0011735
APP_binder_07_679_dldesign_0_cycle1_af2pred.pdb,PDLSLLR,0.01636043
APP_binder_07_67_dldesign_0_cycle1_af2pred.pdb,GGAPHPP,0.003983053
APP_binder_07_680_dldesign_0_cycle1_af2pred.pdb,MRRIVAP,0.021671729
APP_binder_07_681_dldesign_0_cycle1_af2pred.pdb,MHHVLEE,0.022366684
APP_binder_07_682_dldesign_0_cycle1_af2pred.pdb,GNLETED,0.053092137
APP_binder_07_683_dldesign_0_cycle1_af2pred.pdb,PAPVLRR,0.055229131
APP_binder_07_684_dldesign_0_cycle1_af2pred.pdb,SLHVKVA,0.048317064
APP_binder_07_685_dldesign_0_cycle1_af2pred.pdb,GVLKSRP,0.008646825
APP_binder_07_686_dldesign_0_cycle1_af2pred.pdb,SLPVLVR,0.068657264
APP_binder_07_687_dldesign_0_cycle1_af2pred.pdb,SVLRRVE,0.066944346
APP_binder_07_688_dldesign_0_cycle1_af2pred.pdb,GRLEALA,0.066023409
APP_binder_07_689_dldesign_0_cycle1_af2pred.pdb,PHVKALP,0.034326687
APP_binder_07_68_dldesign_0_cycle1_af2pred.pdb,VAVTLAR,0.026797468
APP_binder_07_690_dldesign_0_cycle1_af2pred.pdb,GAVPIKE,0.056934983
APP_binder_07_691_dldesign_0_cycle1_af2pred.pdb,GVGVLKR,0.018945217
APP_binder_07_692_dldesign_0_cycle1_af2pred.pdb,VVLKRPP,0.046242218
APP_binder_07_693_dldesign_0_cycle1_af2pred.pdb,SLSPLLP,0.078883626
APP_binder_07_694_dldesign_0_cycle1_af2pred.pdb,GSVLRHL,0.035161685
APP_binder_07_695_dldesign_0_cycle1_af2pred.pdb,SPRKVKA,0.05881016
APP_binder_07_696_dldesign_0_cycle1_af2pred.pdb,GAHVLAP,0.028976321
APP_binder_07_697_dldesign_0_cycle1_af2pred.pdb,GATLRLP,0.020395501
APP_binder_07_698_dldesign_0_cycle1_af2pred.pdb,NVPYVPP,0.953989744
APP_binder_07_699_dldesign_0_cycle1_af2pred.pdb,PRHVLLP,0.280609846
APP_binder_07_69_dldesign_0_cycle1_af2pred.pdb,MERLPLP,0.295442462
APP_binder_07_6_dldesign_0_cycle1_af2pred.pdb,GVALPLP,0.174478516
APP_binder_07_700_dldesign_0_cycle1_af2pred.pdb,GGVPRYP,0.244863912
APP_binder_07_701_dldesign_0_cycle1_af2pred.pdb,VPYTLKR,0.286763042
APP_binder_07_702_dldesign_0_cycle1_af2pred.pdb,HVLPPVV,0.32444182
APP_binder_07_703_dldesign_0_cycle1_af2pred.pdb,GGVLRRP,0.292793989
APP_binder_07_704_dldesign_0_cycle1_af2pred.pdb,GGTPRHP,0.328593284
APP_binder_07_705_dldesign_0_cycle1_af2pred.pdb,APVLRRR,0.310889661
APP_binder_07_706_dldesign_0_cycle1_af2pred.pdb,VTVASVP,0.283595294
APP_binder_07_707_dldesign_0_cycle1_af2pred.pdb,GDYLAVS,0.295771778
APP_binder_07_708_dldesign_0_cycle1_af2pred.pdb,GAVAVAA,0.146114618
APP_binder_07_709_dldesign_0_cycle1_af2pred.pdb,TVYTPLR,0.248083353
APP_binder_07_70_dldesign_0_cycle1_af2pred.pdb,VRPGIRV,0.196621582
APP_binder_07_710_dldesign_0_cycle1_af2pred.pdb,GSTLRPP,0.235338986
APP_binder_07_711_dldesign_0_cycle1_af2pred.pdb,PAVPLPP,0.081656493
APP_binder_07_712_dldesign_0_cycle1_af2pred.pdb,YVVPLKR,0.264859527
APP_binder_07_713_dldesign_0_cycle1_af2pred.pdb,GVARRLS,0.018497447
APP_binder_07_714_dldesign_0_cycle1_af2pred.pdb,GVPVLKR,0.002316456
APP_binder_07_715_dldesign_0_cycle1_af2pred.pdb,STLKSVP,0.15013276
APP_binder_07_716_dldesign_0_cycle1_af2pred.pdb,PRSVPAP,0.102933459
APP_binder_07_717_dldesign_0_cycle1_af2pred.pdb,SAVPAVP,0.024437701
APP_binder_07_718_dldesign_0_cycle1_af2pred.pdb,AAVHTHV,0.040378798
APP_binder_07_719_dldesign_0_cycle1_af2pred.pdb,GPVLRSV,0.031268425
APP_binder_07_71_dldesign_0_cycle1_af2pred.pdb,SLPLLIR,0.055659138
APP_binder_07_720_dldesign_0_cycle1_af2pred.pdb,PAVPLLP,0.004974742
APP_binder_07_721_dldesign_0_cycle1_af2pred.pdb,GTPRVRP,0.004286728
APP_binder_07_722_dldesign_0_cycle1_af2pred.pdb,SLPVLRP,0.052880064
APP_binder_07_723_dldesign_0_cycle1_af2pred.pdb,AVALPAP,0.149700731
APP_binder_07_724_dldesign_0_cycle1_af2pred.pdb,MPKVLLL,0.050147668
APP_binder_07_725_dldesign_0_cycle1_af2pred.pdb,GVVLRQR,0.004395101
APP_binder_07_726_dldesign_0_cycle1_af2pred.pdb,GSVLARP,0.012729081
APP_binder_07_727_dldesign_0_cycle1_af2pred.pdb,PRAVPAP,0.020710116
APP_binder_07_728_dldesign_0_cycle1_af2pred.pdb,SNYTVKY,0.025485391
APP_binder_07_729_dldesign_0_cycle1_af2pred.pdb,MVGLPAP,0.041964978
APP_binder_07_72_dldesign_0_cycle1_af2pred.pdb,PPPPLLK,0.052011929
APP_binder_07_730_dldesign_0_cycle1_af2pred.pdb,PAVPSLD,0.017545272
APP_binder_07_731_dldesign_0_cycle1_af2pred.pdb,SVHIVLP,0.136763021
APP_binder_07_732_dldesign_0_cycle1_af2pred.pdb,GGVLRRP,0.032362878
APP_binder_07_733_dldesign_0_cycle1_af2pred.pdb,GPPRPAP,0.019929796
APP_binder_07_734_dldesign_0_cycle1_af2pred.pdb,GPVLRRA,0.027515527
APP_binder_07_735_dldesign_0_cycle1_af2pred.pdb,EVLVELP,0.081187479
APP_binder_07_736_dldesign_0_cycle1_af2pred.pdb,SVVTVKR,0.018637046
APP_binder_07_737_dldesign_0_cycle1_af2pred.pdb,EEPKLKR,0.054156289
APP_binder_07_738_dldesign_0_cycle1_af2pred.pdb,GTALPAP,0.00696944
APP_binder_07_739_dldesign_0_cycle1_af2pred.pdb,APLLVAP,0.059650529
APP_binder_07_73_dldesign_0_cycle1_af2pred.pdb,AAALLLE,0.056765355
APP_binder_07_740_dldesign_0_cycle1_af2pred.pdb,PPTLKSV,0.026509911
APP_binder_07_741_dldesign_0_cycle1_af2pred.pdb,GRVILPP,0.038772739
APP_binder_07_742_dldesign_0_cycle1_af2pred.pdb,PGRHRPA,0.024402227
APP_binder_07_743_dldesign_0_cycle1_af2pred.pdb,SLQPALP,0.04130704
APP_binder_07_744_dldesign_0_cycle1_af2pred.pdb,SSVLRRP,0.022306073
APP_binder_07_745_dldesign_0_cycle1_af2pred.pdb,SAVLRPP,0.020854076
APP_binder_07_746_dldesign_0_cycle1_af2pred.pdb,MAVPAPA,0.003356572
APP_binder_07_747_dldesign_0_cycle1_af2pred.pdb,STLVATL,0.141175941
APP_binder_07_748_dldesign_0_cycle1_af2pred.pdb,GSTFRQA,0.004332253
APP_binder_07_749_dldesign_0_cycle1_af2pred.pdb,MEGLPEL,0.005332169
APP_binder_07_74_dldesign_0_cycle1_af2pred.pdb,GVLVPKL,0.028400389
APP_binder_07_750_dldesign_0_cycle1_af2pred.pdb,GAVAVPA,0.003507988
APP_binder_07_751_dldesign_0_cycle1_af2pred.pdb,GAVVLVD,0.001125356
APP_binder_07_752_dldesign_0_cycle1_af2pred.pdb,SHSGVLL,0.031249268
APP_binder_07_753_dldesign_0_cycle1_af2pred.pdb,SFTVKRV,0.020115828
APP_binder_07_754_dldesign_0_cycle1_af2pred.pdb,TVYTVAY,0.00304598
APP_binder_07_755_dldesign_0_cycle1_af2pred.pdb,ELPVLRR,0.03502734
APP_binder_07_756_dldesign_0_cycle1_af2pred.pdb,KRYRLPA,0.011442507
APP_binder_07_757_dldesign_0_cycle1_af2pred.pdb,GPVPRRV,0.007485975
APP_binder_07_758_dldesign_0_cycle1_af2pred.pdb,GRSVPLA,0.017500043
APP_binder_07_759_dldesign_0_cycle1_af2pred.pdb,GVVLRVR,0.00980588
APP_binder_07_75_dldesign_0_cycle1_af2pred.pdb,SVNVVKS,0.083570942
APP_binder_07_760_dldesign_0_cycle1_af2pred.pdb,GSVLRQR,0.052607022
APP_binder_07_761_dldesign_0_cycle1_af2pred.pdb,MVALPAP,0.095593184
APP_binder_07_762_dldesign_0_cycle1_af2pred.pdb,GAVPVAP,0.462462306
APP_binder_07_763_dldesign_0_cycle1_af2pred.pdb,GAPVLKR,0.033575866
APP_binder_07_764_dldesign_0_cycle1_af2pred.pdb,GPVLKRA,0.079499982
APP_binder_07_765_dldesign_0_cycle1_af2pred.pdb,REALALP,0.095656149
APP_binder_07_766_dldesign_0_cycle1_af2pred.pdb,EVYTLKR,0.106219076
APP_binder_07_767_dldesign_0_cycle1_af2pred.pdb,GGVPRRP,0.075905599
APP_binder_07_768_dldesign_0_cycle1_af2pred.pdb,GTPRPAP,0.032022495
APP_binder_07_769_dldesign_0_cycle1_af2pred.pdb,GSVLRTL,0.060318444
APP_binder_07_76_dldesign_0_cycle1_af2pred.pdb,GRRPLLS,0.03419508
APP_binder_07_770_dldesign_0_cycle1_af2pred.pdb,MPHVLLP,0.084126875
APP_binder_07_771_dldesign_0_cycle1_af2pred.pdb,GLHLPAP,0.094897673
APP_binder_07_772_dldesign_0_cycle1_af2pred.pdb,SVNVLAT,0.11662145
APP_binder_07_773_dldesign_0_cycle1_af2pred.pdb,SVLRSRP,0.107125826
APP_binder_07_774_dldesign_0_cycle1_af2pred.pdb,SVPKVRR,0.093180187
APP_binder_07_775_dldesign_0_cycle1_af2pred.pdb,PLHVRVP,0.111578442
APP_binder_07_776_dldesign_0_cycle1_af2pred.pdb,GSVPVRE,0.072753981
APP_binder_07_777_dldesign_0_cycle1_af2pred.pdb,GVVLRRV,0.056776706
APP_binder_07_778_dldesign_0_cycle1_af2pred.pdb,GHHHYRE,0.052159306
APP_binder_07_779_dldesign_0_cycle1_af2pred.pdb,GLLPRVP,0.141319603
APP_binder_07_77_dldesign_0_cycle1_af2pred.pdb,SGVLRSR,0.356037766
APP_binder_07_780_dldesign_0_cycle1_af2pred.pdb,TVYTLRP,0.101984367
APP_binder_07_781_dldesign_0_cycle1_af2pred.pdb,PRHVRVP,0.064760745
APP_binder_07_782_dldesign_0_cycle1_af2pred.pdb,GPVYTPK,0.144304648
APP_binder_07_783_dldesign_0_cycle1_af2pred.pdb,GVPVLVR,0.045410667
APP_binder_07_784_dldesign_0_cycle1_af2pred.pdb,SEPIYLP,0.182565197
APP_binder_07_785_dldesign_0_cycle1_af2pred.pdb,GSAVLLP,0.145445064
APP_binder_07_786_dldesign_0_cycle1_af2pred.pdb,SEPVAKV,0.183675468
APP_binder_07_787_dldesign_0_cycle1_af2pred.pdb,SRPRYIT,0.167839393
APP_binder_07_788_dldesign_0_cycle1_af2pred.pdb,PRRVLVP,0.161431953
APP_binder_07_789_dldesign_0_cycle1_af2pred.pdb,STLAYPP,0.265059143
APP_binder_07_78_dldesign_0_cycle1_af2pred.pdb,PRRVFEP,0.169959843
APP_binder_07_790_dldesign_0_cycle1_af2pred.pdb,PHAVPAP,0.105847895
APP_binder_07_791_dldesign_0_cycle1_af2pred.pdb,SVLKRIP,0.201896787
APP_binder_07_792_dldesign_0_cycle1_af2pred.pdb,ALPRPAL,0.210330769
APP_binder_07_793_dldesign_0_cycle1_af2pred.pdb,GSHHYHP,0.150362968
APP_binder_07_794_dldesign_0_cycle1_af2pred.pdb,GGVLRRP,0.192632392
APP_binder_07_795_dldesign_0_cycle1_af2pred.pdb,PVLTPRP,0.203695208
APP_binder_07_796_dldesign_0_cycle1_af2pred.pdb,GFGPRLP,0.181291148
APP_binder_07_797_dldesign_0_cycle1_af2pred.pdb,GTPRPVR,0.056633588
APP_binder_07_798_dldesign_0_cycle1_af2pred.pdb,GVARRPK,0.158340901
APP_binder_07_799_dldesign_0_cycle1_af2pred.pdb,SATVAVP,0.187247947
APP_binder_07_79_dldesign_0_cycle1_af2pred.pdb,GAPVKAP,0.08079616
APP_binder_07_7_dldesign_0_cycle1_af2pred.pdb,GGVLRQP,0.177399084
APP_binder_07_800_dldesign_0_cycle1_af2pred.pdb,PHVKVPA,0.206934676
APP_binder_07_801_dldesign_0_cycle1_af2pred.pdb,GPLIKLA,0.159678876
APP_binder_07_802_dldesign_0_cycle1_af2pred.pdb,TVYTPKR,0.139660388
APP_binder_07_803_dldesign_0_cycle1_af2pred.pdb,GSTLRQP,0.13836582
APP_binder_07_804_dldesign_0_cycle1_af2pred.pdb,GSLLRLP,0.059284247
APP_binder_07_805_dldesign_0_cycle1_af2pred.pdb,GPVPRRP,0.033549748
APP_binder_07_806_dldesign_0_cycle1_af2pred.pdb,SLAALLA,0.106558107
APP_binder_07_807_dldesign_0_cycle1_af2pred.pdb,PVAVVPP,0.052232619
APP_binder_07_808_dldesign_0_cycle1_af2pred.pdb,GSPVYVP,0.051590726
APP_binder_07_809_dldesign_0_cycle1_af2pred.pdb,ATHYLED,0.127794862
APP_binder_07_80_dldesign_0_cycle1_af2pred.pdb,GVGPLKR,0.032324605
APP_binder_07_810_dldesign_0_cycle1_af2pred.pdb,GGVPTVP,0.049908981
APP_binder_07_811_dldesign_0_cycle1_af2pred.pdb,GSVLRTP,0.052508749
APP_binder_07_812_dldesign_0_cycle1_af2pred.pdb,GSVLRLP,0.057853669
APP_binder_07_813_dldesign_0_cycle1_af2pred.pdb,PRHVKAP,0.075121298
APP_binder_07_814_dldesign_0_cycle1_af2pred.pdb,SVPLLKR,0.078981929
APP_binder_07_815_dldesign_0_cycle1_af2pred.pdb,SVLTVGY,0.064196669
APP_binder_07_816_dldesign_0_cycle1_af2pred.pdb,GSVLRSV,0.07175833
APP_binder_07_817_dldesign_0_cycle1_af2pred.pdb,DLLARLA,0.100350022
APP_binder_07_818_dldesign_0_cycle1_af2pred.pdb,GKPPVYE,0.021220442
APP_binder_07_819_dldesign_0_cycle1_af2pred.pdb,GPVILRR,0.073995709
APP_binder_07_81_dldesign_0_cycle1_af2pred.pdb,PPVVLKA,0.00820305
APP_binder_07_820_dldesign_0_cycle1_af2pred.pdb,GSTLRVA,0.006037921
APP_binder_07_821_dldesign_0_cycle1_af2pred.pdb,STRILVP,0.110056281
APP_binder_07_822_dldesign_0_cycle1_af2pred.pdb,APHVPAP,0.031115074
APP_binder_07_823_dldesign_0_cycle1_af2pred.pdb,EEPVLKR,0.046120312
APP_binder_07_824_dldesign_0_cycle1_af2pred.pdb,PAVPALP,0.006705343
APP_binder_07_825_dldesign_0_cycle1_af2pred.pdb,GKPPVYL,0.00017707
APP_binder_07_826_dldesign_0_cycle1_af2pred.pdb,STLASLP,0.120913744
APP_binder_07_827_dldesign_0_cycle1_af2pred.pdb,RPIFAPP,0.026046569
APP_binder_07_828_dldesign_0_cycle1_af2pred.pdb,GSTLKPP,0.003045454
APP_binder_07_829_dldesign_0_cycle1_af2pred.pdb,EVYTVKR,0.030512555
APP_binder_07_82_dldesign_0_cycle1_af2pred.pdb,SVLKRVL,0.033164829
APP_binder_07_830_dldesign_0_cycle1_af2pred.pdb,SVLRSRP,0.038208917
APP_binder_07_831_dldesign_0_cycle1_af2pred.pdb,GHRPASP,0.032077543
APP_binder_07_832_dldesign_0_cycle1_af2pred.pdb,KPIRLPA,0.018602515
APP_binder_07_833_dldesign_0_cycle1_af2pred.pdb,GVLRRVP,0.011486278
APP_binder_07_834_dldesign_0_cycle1_af2pred.pdb,RHVKLLP,0.019529859
APP_binder_07_835_dldesign_0_cycle1_af2pred.pdb,GSAVPLP,0.024938921
APP_binder_07_836_dldesign_0_cycle1_af2pred.pdb,GVTLRYE,0.026160304
APP_binder_07_837_dldesign_0_cycle1_af2pred.pdb,ARAVPAL,0.067234576
APP_binder_07_838_dldesign_0_cycle1_af2pred.pdb,GSVLKSV,0.034035042
APP_binder_07_839_dldesign_0_cycle1_af2pred.pdb,STLASVP,0.162004128
APP_binder_07_83_dldesign_0_cycle1_af2pred.pdb,MNPLVWE,0.057657462
APP_binder_07_840_dldesign_0_cycle1_af2pred.pdb,APVLVRP,0.070074804
APP_binder_07_841_dldesign_0_cycle1_af2pred.pdb,GAVPRRP,0.006074919
APP_binder_07_842_dldesign_0_cycle1_af2pred.pdb,GSVLRRR,0.0297228
APP_binder_07_843_dldesign_0_cycle1_af2pred.pdb,GTARELP,0.072671719
APP_binder_07_844_dldesign_0_cycle1_af2pred.pdb,GGVLRQR,0.042859443
APP_binder_07_845_dldesign_0_cycle1_af2pred.pdb,GGSPLPA,0.048410889
APP_binder_07_846_dldesign_0_cycle1_af2pred.pdb,LPPVYVP,0.046424415
APP_binder_07_847_dldesign_0_cycle1_af2pred.pdb,SAVKVAP,0.028060779
APP_binder_07_848_dldesign_0_cycle1_af2pred.pdb,ALPELRP,0.069819465
APP_binder_07_849_dldesign_0_cycle1_af2pred.pdb,SHMKLLP,0.073081918
APP_binder_07_84_dldesign_0_cycle1_af2pred.pdb,GPVLKSV,0.047441889
APP_binder_07_850_dldesign_0_cycle1_af2pred.pdb,SVPTLKR,0.031600632
APP_binder_07_851_dldesign_0_cycle1_af2pred.pdb,SAVLRHL,0.023002656
APP_binder_07_852_dldesign_0_cycle1_af2pred.pdb,MAPRILE,0.019264907
APP_binder_07_853_dldesign_0_cycle1_af2pred.pdb,AAVPAPP,0.013780784
APP_binder_07_854_dldesign_0_cycle1_af2pred.pdb,STLKVPP,0.103533328
APP_binder_07_855_dldesign_0_cycle1_af2pred.pdb,GVTLKSL,0.003112862
APP_binder_07_856_dldesign_0_cycle1_af2pred.pdb,GPVPALP,0.000888415
APP_binder_07_857_dldesign_0_cycle1_af2pred.pdb,SVPLVVR,0.000412555
APP_binder_07_858_dldesign_0_cycle1_af2pred.pdb,ARRILLP,0.016518155
APP_binder_07_859_dldesign_0_cycle1_af2pred.pdb,SIRHVHE,0.003089711
APP_binder_07_85_dldesign_0_cycle1_af2pred.pdb,MRALPLL,0.023142219
APP_binder_07_860_dldesign_0_cycle1_af2pred.pdb,RLPTIDF,0.005053326
APP_binder_07_861_dldesign_0_cycle1_af2pred.pdb,GVAVPAP,0.441995114
APP_binder_07_862_dldesign_0_cycle1_af2pred.pdb,MGTALPA,0.050988179
APP_binder_07_863_dldesign_0_cycle1_af2pred.pdb,APRIVPA,0.009029458
APP_binder_07_864_dldesign_0_cycle1_af2pred.pdb,SAVPRQP,0.020554004
APP_binder_07_865_dldesign_0_cycle1_af2pred.pdb,GVYTVKV,0.143615574
APP_binder_07_866_dldesign_0_cycle1_af2pred.pdb,PAVPLLP,0.002214606
APP_binder_07_867_dldesign_0_cycle1_af2pred.pdb,RLPVPPP,0.249043122
APP_binder_07_868_dldesign_0_cycle1_af2pred.pdb,PRHVRVP,0.010066885
APP_binder_07_869_dldesign_0_cycle1_af2pred.pdb,GLNSLFP,0.03393881
APP_binder_07_86_dldesign_0_cycle1_af2pred.pdb,PVIIRTR,0.001463233
APP_binder_07_870_dldesign_0_cycle1_af2pred.pdb,GSVLASV,0.02946298
APP_binder_07_871_dldesign_0_cycle1_af2pred.pdb,GTPARKP,0.049688142
APP_binder_07_872_dldesign_0_cycle1_af2pred.pdb,PSTPVKV,0.056001194
APP_binder_07_873_dldesign_0_cycle1_af2pred.pdb,PTSVPVP,0.020808799
APP_binder_07_874_dldesign_0_cycle1_af2pred.pdb,LKPKPPP,0.06784907
APP_binder_07_875_dldesign_0_cycle1_af2pred.pdb,GSAVPLV,0.034310866
APP_binder_07_876_dldesign_0_cycle1_af2pred.pdb,GSVLRTR,0.029548176
APP_binder_07_877_dldesign_0_cycle1_af2pred.pdb,SVPKLVR,0.056400452
APP_binder_07_878_dldesign_0_cycle1_af2pred.pdb,SKVLKLK,0.059825268
APP_binder_07_879_dldesign_0_cycle1_af2pred.pdb,GLQVDVP,0.035156254
APP_binder_07_87_dldesign_0_cycle1_af2pred.pdb,GSVLRQR,0.030090872
APP_binder_07_880_dldesign_0_cycle1_af2pred.pdb,STLRPPL,0.147527397
APP_binder_07_881_dldesign_0_cycle1_af2pred.pdb,PHVHVAS,0.000205239
APP_binder_07_882_dldesign_0_cycle1_af2pred.pdb,PAVPPPP,0.146020874
APP_binder_07_883_dldesign_0_cycle1_af2pred.pdb,PVYTPKR,0.008730502
APP_binder_07_884_dldesign_0_cycle1_af2pred.pdb,GYHPRLP,0.011721181
APP_binder_07_885_dldesign_0_cycle1_af2pred.pdb,HHHHHHH,0.043897897
APP_binder_07_886_dldesign_0_cycle1_af2pred.pdb,GSAVYLP,0.001132694
APP_binder_07_887_dldesign_0_cycle1_af2pred.pdb,SLRLPAP,0.020172393
APP_binder_07_888_dldesign_0_cycle1_af2pred.pdb,VTLKQRP,0.011853756
APP_binder_07_889_dldesign_0_cycle1_af2pred.pdb,SWLTKPL,0.012549577
APP_binder_07_88_dldesign_0_cycle1_af2pred.pdb,SAVPRHP,0.019358061
APP_binder_07_890_dldesign_0_cycle1_af2pred.pdb,GFVEYEK,0.013034564
APP_binder_07_891_dldesign_0_cycle1_af2pred.pdb,VVEVELP,0.017779024
APP_binder_07_892_dldesign_0_cycle1_af2pred.pdb,SLPKLVR,0.030731559
APP_binder_07_893_dldesign_0_cycle1_af2pred.pdb,MAVKVAP,0.010665238
APP_binder_07_894_dldesign_0_cycle1_af2pred.pdb,APVLRSV,0.023785518
APP_binder_07_895_dldesign_0_cycle1_af2pred.pdb,GPVLAYP,0.002864446
APP_binder_07_896_dldesign_0_cycle1_af2pred.pdb,AHHVKAP,0.044683546
APP_binder_07_897_dldesign_0_cycle1_af2pred.pdb,GVPLPAP,0.506352007
APP_binder_07_898_dldesign_0_cycle1_af2pred.pdb,GGVLRLP,0.204182774
APP_binder_07_899_dldesign_0_cycle1_af2pred.pdb,GSTPVPA,0.154902741
APP_binder_07_89_dldesign_0_cycle1_af2pred.pdb,PVKLRRP,0.214816168
APP_binder_07_8_dldesign_0_cycle1_af2pred.pdb,SVPLAVR,0.197293699
APP_binder_07_900_dldesign_0_cycle1_af2pred.pdb,SLPLLLR,0.237994879
APP_binder_07_901_dldesign_0_cycle1_af2pred.pdb,PHVHVAN,0.178919956
APP_binder_07_902_dldesign_0_cycle1_af2pred.pdb,VTNQPLP,0.182164267
APP_binder_07_903_dldesign_0_cycle1_af2pred.pdb,GVVLRRP,0.105479307
APP_binder_07_904_dldesign_0_cycle1_af2pred.pdb,GPHVLVP,0.206893131
APP_binder_07_905_dldesign_0_cycle1_af2pred.pdb,GAVLRSR,0.149056092
APP_binder_07_906_dldesign_0_cycle1_af2pred.pdb,LTLTPRR,0.318385571
APP_binder_07_907_dldesign_0_cycle1_af2pred.pdb,GRAVLAP,0.220567226
APP_binder_07_908_dldesign_0_cycle1_af2pred.pdb,GVTVVSD,0.131047338
APP_binder_07_909_dldesign_0_cycle1_af2pred.pdb,GPRRVLE,0.224529669
APP_binder_07_90_dldesign_0_cycle1_af2pred.pdb,GVAVPLL,0.008243576
APP_binder_07_910_dldesign_0_cycle1_af2pred.pdb,GVVHVPA,0.850046933
APP_binder_07_911_dldesign_0_cycle1_af2pred.pdb,APQIFVP,0.093792833
APP_binder_07_912_dldesign_0_cycle1_af2pred.pdb,GYVPRRP,0.07293798
APP_binder_07_913_dldesign_0_cycle1_af2pred.pdb,VDLLSLP,0.072994053
APP_binder_07_914_dldesign_0_cycle1_af2pred.pdb,APPTTLA,0.09386903
APP_binder_07_915_dldesign_0_cycle1_af2pred.pdb,GSTLRQR,0.04557579
APP_binder_07_916_dldesign_0_cycle1_af2pred.pdb,MRAVKAP,0.117123939
APP_binder_07_917_dldesign_0_cycle1_af2pred.pdb,GVVLVSR,0.062112126
APP_binder_07_918_dldesign_0_cycle1_af2pred.pdb,GPRHHME,0.055764705
APP_binder_07_919_dldesign_0_cycle1_af2pred.pdb,GTTLVYP,0.299116939
APP_binder_07_91_dldesign_0_cycle1_af2pred.pdb,GSVLRSR,0.072043553
APP_binder_07_920_dldesign_0_cycle1_af2pred.pdb,GSVLRRV,0.06117883
APP_binder_07_921_dldesign_0_cycle1_af2pred.pdb,GFTLKTP,0.098223351
APP_binder_07_922_dldesign_0_cycle1_af2pred.pdb,SATPRRP,0.085606888
APP_binder_07_923_dldesign_0_cycle1_af2pred.pdb,GGVLRQR,0.075836159
APP_binder_07_924_dldesign_0_cycle1_af2pred.pdb,GSVRRKP,0.085860305
APP_binder_07_925_dldesign_0_cycle1_af2pred.pdb,VVLRRVP,0.072444163
APP_binder_07_926_dldesign_0_cycle1_af2pred.pdb,GSTWTVP,0.054410808
APP_binder_07_927_dldesign_0_cycle1_af2pred.pdb,PHLPAPP,0.016604511
APP_binder_07_928_dldesign_0_cycle1_af2pred.pdb,GATLRQP,0.000232785
APP_binder_07_929_dldesign_0_cycle1_af2pred.pdb,STLKSVP,0.097198896
APP_binder_07_92_dldesign_0_cycle1_af2pred.pdb,GTAVPLV,0.001664872
APP_binder_07_930_dldesign_0_cycle1_af2pred.pdb,ATAVKLL,0.03519053
APP_binder_07_931_dldesign_0_cycle1_af2pred.pdb,MHVHVAT,0.020227134
APP_binder_07_932_dldesign_0_cycle1_af2pred.pdb,PLHVLLP,0.00291659
APP_binder_07_933_dldesign_0_cycle1_af2pred.pdb,LLPELPP,0.018341318
APP_binder_07_934_dldesign_0_cycle1_af2pred.pdb,PLPIAPR,0.006445598
APP_binder_07_935_dldesign_0_cycle1_af2pred.pdb,MSVALPA,0.013585151
APP_binder_07_936_dldesign_0_cycle1_af2pred.pdb,AAPRPLL,0.020611884
APP_binder_07_937_dldesign_0_cycle1_af2pred.pdb,VTLKRVP,0.002008053
APP_binder_07_938_dldesign_0_cycle1_af2pred.pdb,GSTLASA,0.002549183
APP_binder_07_939_dldesign_0_cycle1_af2pred.pdb,SFKVKQV,0.00654433
APP_binder_07_93_dldesign_0_cycle1_af2pred.pdb,SVLRLPR,0.019496033
APP_binder_07_940_dldesign_0_cycle1_af2pred.pdb,GSHHIFE,0.007612004
APP_binder_07_941_dldesign_0_cycle1_af2pred.pdb,SVPKVVR,0.00177494
APP_binder_07_942_dldesign_0_cycle1_af2pred.pdb,MHHVKAP,0.026230138
APP_binder_07_943_dldesign_0_cycle1_af2pred.pdb,MHVHVAS,0.028193651
APP_binder_07_944_dldesign_0_cycle1_af2pred.pdb,PVAVKLL,0.009183974
APP_binder_07_945_dldesign_0_cycle1_af2pred.pdb,GSVLRRR,0.004288297
APP_binder_07_946_dldesign_0_cycle1_af2pred.pdb,SLPVLVR,0.028696626
APP_binder_07_947_dldesign_0_cycle1_af2pred.pdb,LVNPSSP,0.018475013
APP_binder_07_948_dldesign_0_cycle1_af2pred.pdb,MSVRLPA,0.021405417
APP_binder_07_949_dldesign_0_cycle1_af2pred.pdb,GSVLRSP,0.007295209
APP_binder_07_94_dldesign_0_cycle1_af2pred.pdb,PIVHVKA,0.020880863
APP_binder_07_950_dldesign_0_cycle1_af2pred.pdb,GAVLRAP,0.000472679
APP_binder_07_951_dldesign_0_cycle1_af2pred.pdb,GPKVVKA,0.001423411
APP_binder_07_952_dldesign_0_cycle1_af2pred.pdb,GSVLRRP,0.003683809
APP_binder_07_953_dldesign_0_cycle1_af2pred.pdb,PVAVPAP,0.000219499
APP_binder_07_954_dldesign_0_cycle1_af2pred.pdb,SVLTLKR,0.030531114
APP_binder_07_955_dldesign_0_cycle1_af2pred.pdb,GSATLKR,0.010524041
APP_binder_07_956_dldesign_0_cycle1_af2pred.pdb,EEPYLRY,0.020131106
APP_binder_07_957_dldesign_0_cycle1_af2pred.pdb,RTLTTPP,0.023541758
APP_binder_07_958_dldesign_0_cycle1_af2pred.pdb,GVPKTLP,0.238966033
APP_binder_07_959_dldesign_0_cycle1_af2pred.pdb,MHVLAPA,0.022215193
APP_binder_07_95_dldesign_0_cycle1_af2pred.pdb,AVAIKVA,0.113346271
APP_binder_07_960_dldesign_0_cycle1_af2pred.pdb,GSRYYYE,0.040636268
APP_binder_07_961_dldesign_0_cycle1_af2pred.pdb,EDFEWRS,0.025999296
APP_binder_07_962_dldesign_0_cycle1_af2pred.pdb,GNSVPVP,0.002712228
APP_binder_07_963_dldesign_0_cycle1_af2pred.pdb,GATLKLP,0.00120296
APP_binder_07_964_dldesign_0_cycle1_af2pred.pdb,SLPLLKY,0.032703791
APP_binder_07_965_dldesign_0_cycle1_af2pred.pdb,GGVPRRP,0.014217556
APP_binder_07_966_dldesign_0_cycle1_af2pred.pdb,GPALPEL,0.01552025
APP_binder_07_967_dldesign_0_cycle1_af2pred.pdb,GVLRPTR,0.003048065
APP_binder_07_968_dldesign_0_cycle1_af2pred.pdb,HHHVLAP,0.043184265
APP_binder_07_969_dldesign_0_cycle1_af2pred.pdb,PAVQLLE,0.001126487
APP_binder_07_96_dldesign_0_cycle1_af2pred.pdb,EVSTLKR,0.034475002
APP_binder_07_970_dldesign_0_cycle1_af2pred.pdb,GVRHNPA,0.009785008
APP_binder_07_971_dldesign_0_cycle1_af2pred.pdb,TTLARLP,0.221219122
APP_binder_07_972_dldesign_0_cycle1_af2pred.pdb,PLRLPAP,0.009000095
APP_binder_07_973_dldesign_0_cycle1_af2pred.pdb,GARRVPA,0.08940842
APP_binder_07_974_dldesign_0_cycle1_af2pred.pdb,GVYTLKR,0.067780077
APP_binder_07_975_dldesign_0_cycle1_af2pred.pdb,PVVLDLP,0.143121362
APP_binder_07_976_dldesign_0_cycle1_af2pred.pdb,AVALPAP,0.258565366
APP_binder_07_977_dldesign_0_cycle1_af2pred.pdb,HLVEYEP,0.106847189
APP_binder_07_978_dldesign_0_cycle1_af2pred.pdb,GTPHVPP,0.058605809
APP_binder_07_979_dldesign_0_cycle1_af2pred.pdb,PNYVVAP,0.101096213
APP_binder_07_97_dldesign_0_cycle1_af2pred.pdb,GAVWRYP,0.70975858
APP_binder_07_980_dldesign_0_cycle1_af2pred.pdb,SVLRYPP,0.165415809
APP_binder_07_981_dldesign_0_cycle1_af2pred.pdb,GSVLRHL,0.128122449
APP_binder_07_982_dldesign_0_cycle1_af2pred.pdb,PPRFRRP,0.505360365
APP_binder_07_983_dldesign_0_cycle1_af2pred.pdb,GGVPRQV,0.147345275
APP_binder_07_984_dldesign_0_cycle1_af2pred.pdb,GVTLRQP,0.056077566
APP_binder_07_985_dldesign_0_cycle1_af2pred.pdb,GPKLRQA,0.154586956
APP_binder_07_986_dldesign_0_cycle1_af2pred.pdb,MSHVVAP,0.181068957
APP_binder_07_987_dldesign_0_cycle1_af2pred.pdb,GPNRVLE,0.164961025
APP_binder_07_988_dldesign_0_cycle1_af2pred.pdb,MALAIPE,0.15239355
APP_binder_07_989_dldesign_0_cycle1_af2pred.pdb,GAVVALP,0.016393984
APP_binder_07_98_dldesign_0_cycle1_af2pred.pdb,GGTLRAP,0.074374683
APP_binder_07_990_dldesign_0_cycle1_af2pred.pdb,PFLPLLP,0.02828381
APP_binder_07_991_dldesign_0_cycle1_af2pred.pdb,GTPVLKR,0.033701301
APP_binder_07_992_dldesign_0_cycle1_af2pred.pdb,SVPVLAP,0.037870303
APP_binder_07_993_dldesign_0_cycle1_af2pred.pdb,VPVEYVP,0.017333662
APP_binder_07_994_dldesign_0_cycle1_af2pred.pdb,PHLPAPP,0.057060916
APP_binder_07_995_dldesign_0_cycle1_af2pred.pdb,GPALPLP,0.030280741
APP_binder_07_996_dldesign_0_cycle1_af2pred.pdb,MLKRYVP,0.04771512
APP_binder_07_997_dldesign_0_cycle1_af2pred.pdb,PIAVPAP,0.000140734
APP_binder_07_998_dldesign_0_cycle1_af2pred.pdb,GPMLVVR,0.020381616
APP_binder_07_999_dldesign_0_cycle1_af2pred.pdb,GTPAPRL,0.035888337
APP_binder_07_99_dldesign_0_cycle1_af2pred.pdb,PVYTPKR,0.032113839
APP_binder_07_9_dldesign_0_cycle1_af2pred.pdb,GSVLRRV,0.023305589
