Category,Sequence,B3P3
APP_binder_12_0_dldesign_0_cycle1_af2pred.pdb,MELNLLLNELKE,9.22E-06
APP_binder_12_100_dldesign_0_cycle1_af2pred.pdb,SPPPKVRRRGPP,0.004303384
APP_binder_12_101_dldesign_0_cycle1_af2pred.pdb,DDLEDLKALLSQ,0.003012194
APP_binder_12_102_dldesign_0_cycle1_af2pred.pdb,ALPPKVKQVPNS,1.15E-05
APP_binder_12_103_dldesign_0_cycle1_af2pred.pdb,GPHIPLDSLVAP,0.006226138
APP_binder_12_104_dldesign_0_cycle1_af2pred.pdb,LLRSLLLRRLLR,0.001510886
APP_binder_12_105_dldesign_0_cycle1_af2pred.pdb,GLLPNDDDNPSP,0.001354831
APP_binder_12_106_dldesign_0_cycle1_af2pred.pdb,KLIRSVAVPPLP,0.006878081
APP_binder_12_107_dldesign_0_cycle1_af2pred.pdb,GLPPVVTPRYAP,0.079219371
APP_binder_12_108_dldesign_0_cycle1_af2pred.pdb,GEWVFGPEVLAE,0.000243458
APP_binder_12_109_dldesign_0_cycle1_af2pred.pdb,TVLSARELARLL,0.000521394
APP_binder_12_10_dldesign_0_cycle1_af2pred.pdb,EEDVVPVRRPAR,8.72E-05
APP_binder_12_110_dldesign_0_cycle1_af2pred.pdb,LLLPRVAVPEPE,0.001282148
APP_binder_12_111_dldesign_0_cycle1_af2pred.pdb,GLATLRSVPYVP,0.03697291
APP_binder_12_112_dldesign_0_cycle1_af2pred.pdb,NLNTLLYLALTS,0.000369805
APP_binder_12_113_dldesign_0_cycle1_af2pred.pdb,SVVTYTPTVTLP,6.57E-05
APP_binder_12_114_dldesign_0_cycle1_af2pred.pdb,LSEELRNLLRRL,0.011160301
APP_binder_12_115_dldesign_0_cycle1_af2pred.pdb,SLPVLRSVVELP,7.20E-05
APP_binder_12_116_dldesign_0_cycle1_af2pred.pdb,RQAQIDAQLAAE,0.001642565
APP_binder_12_117_dldesign_0_cycle1_af2pred.pdb,VPTPRPLTAEEL,0.003525242
APP_binder_12_118_dldesign_0_cycle1_af2pred.pdb,SELLRKLLSLLL,9.06E-05
APP_binder_12_119_dldesign_0_cycle1_af2pred.pdb,GSVVGATERPPV,8.20E-05
APP_binder_12_11_dldesign_0_cycle1_af2pred.pdb,EDDLSLLRRLLQ,9.82E-05
APP_binder_12_120_dldesign_0_cycle1_af2pred.pdb,SVELEEVESLPP,0.000442941
APP_binder_12_121_dldesign_0_cycle1_af2pred.pdb,SLASSLLVNLLA,0.001023673
APP_binder_12_122_dldesign_0_cycle1_af2pred.pdb,NRALVTALTAAG,7.49E-05
APP_binder_12_123_dldesign_0_cycle1_af2pred.pdb,GVNVPVLRPPLP,0.028769588
APP_binder_12_124_dldesign_0_cycle1_af2pred.pdb,GHVEADDDDDED,1.88E-05
APP_binder_12_125_dldesign_0_cycle1_af2pred.pdb,GLSLAEKLAQSA,0.000113598
APP_binder_12_126_dldesign_0_cycle1_af2pred.pdb,ALQSILDQLLAE,0.000445092
APP_binder_12_127_dldesign_0_cycle1_af2pred.pdb,GKLASLLAELLA,0.001085473
APP_binder_12_128_dldesign_0_cycle1_af2pred.pdb,PLPQPASNLVPL,0.00195093
APP_binder_12_129_dldesign_0_cycle1_af2pred.pdb,LSLLARLKRLLR,0.002724214
APP_binder_12_12_dldesign_0_cycle1_af2pred.pdb,MKVVYRHVKVPA,0.004158293
APP_binder_12_130_dldesign_0_cycle1_af2pred.pdb,GPRGLAVPALPL,0.158055156
APP_binder_12_131_dldesign_0_cycle1_af2pred.pdb,STHIVAPPAALP,0.0001916
APP_binder_12_132_dldesign_0_cycle1_af2pred.pdb,GHHILEDADVLE,0.000811774
APP_binder_12_133_dldesign_0_cycle1_af2pred.pdb,PLPVYTLVTARP,0.000185154
APP_binder_12_134_dldesign_0_cycle1_af2pred.pdb,LPALLAALLALL,7.69E-06
APP_binder_12_135_dldesign_0_cycle1_af2pred.pdb,LDLNLEELLERL,0.000831857
APP_binder_12_136_dldesign_0_cycle1_af2pred.pdb,SLPRVTSPEDVQ,0.000612785
APP_binder_12_137_dldesign_0_cycle1_af2pred.pdb,SVPLLRRVVEPP,0.00328818
APP_binder_12_138_dldesign_0_cycle1_af2pred.pdb,FTRSPPIYLPAL,0.000386547
APP_binder_12_139_dldesign_0_cycle1_af2pred.pdb,LARDLLNLLLLS,0.001027891
APP_binder_12_13_dldesign_0_cycle1_af2pred.pdb,AEVPDAPVVLPV,8.31E-05
APP_binder_12_140_dldesign_0_cycle1_af2pred.pdb,SSSLLANLLELA,1.42E-05
APP_binder_12_141_dldesign_0_cycle1_af2pred.pdb,EEEDPLVLAGRR,7.35E-05
APP_binder_12_142_dldesign_0_cycle1_af2pred.pdb,GVRHVRVSAALP,0.032742087
APP_binder_12_143_dldesign_0_cycle1_af2pred.pdb,SLVADTSLPELP,0.001697259
APP_binder_12_144_dldesign_0_cycle1_af2pred.pdb,DDDLNLLRRLAG,5.32E-05
APP_binder_12_145_dldesign_0_cycle1_af2pred.pdb,SAALSRLLSLLS,0.002096071
APP_binder_12_146_dldesign_0_cycle1_af2pred.pdb,GSLIVPEPPPLP,0.000224112
APP_binder_12_147_dldesign_0_cycle1_af2pred.pdb,SYTVSPPIKWSP,0.001211656
APP_binder_12_148_dldesign_0_cycle1_af2pred.pdb,SPALASRLANEL,0.000410613
APP_binder_12_149_dldesign_0_cycle1_af2pred.pdb,VTVTHRRLDDAL,0.000157922
APP_binder_12_14_dldesign_0_cycle1_af2pred.pdb,RPRQPLPPYDED,0.963949323
APP_binder_12_150_dldesign_0_cycle1_af2pred.pdb,PPPPGPVYPPEP,0.007501057
APP_binder_12_151_dldesign_0_cycle1_af2pred.pdb,SYADIRLAALLE,0.000899453
APP_binder_12_152_dldesign_0_cycle1_af2pred.pdb,SDVPTLRQRPPA,0.000453992
APP_binder_12_153_dldesign_0_cycle1_af2pred.pdb,ALVSSRRPLVLP,0.00768487
APP_binder_12_154_dldesign_0_cycle1_af2pred.pdb,GVPAPPQPRVRP,0.175209761
APP_binder_12_155_dldesign_0_cycle1_af2pred.pdb,AAALAAAAAVRG,0.000505924
APP_binder_12_156_dldesign_0_cycle1_af2pred.pdb,SSRRPPVRVALP,0.005855521
APP_binder_12_157_dldesign_0_cycle1_af2pred.pdb,PSATPVADPVLL,0.001044213
APP_binder_12_158_dldesign_0_cycle1_af2pred.pdb,ESLLNITLAPPP,0.000172554
APP_binder_12_159_dldesign_0_cycle1_af2pred.pdb,GGVLKSVPERPL,0.010683638
APP_binder_12_15_dldesign_0_cycle1_af2pred.pdb,MLAEIELKALTT,0.00746861
APP_binder_12_160_dldesign_0_cycle1_af2pred.pdb,STLDQVLAQLLA,0.000407085
APP_binder_12_161_dldesign_0_cycle1_af2pred.pdb,PAVLDLASLLAD,0.000645755
APP_binder_12_162_dldesign_0_cycle1_af2pred.pdb,SLPLAISRPFPP,0.003071119
APP_binder_12_163_dldesign_0_cycle1_af2pred.pdb,VAYTREELEELL,0.000590723
APP_binder_12_164_dldesign_0_cycle1_af2pred.pdb,DDLLERLALVLP,0.001891732
APP_binder_12_165_dldesign_0_cycle1_af2pred.pdb,LEELLRRLDELE,0.001239218
APP_binder_12_166_dldesign_0_cycle1_af2pred.pdb,GLPLGVATLRSS,0.01736266
APP_binder_12_167_dldesign_0_cycle1_af2pred.pdb,SLAPRLPAPPLL,0.000656699
APP_binder_12_168_dldesign_0_cycle1_af2pred.pdb,LEKSLLLRLLRR,7.04E-05
APP_binder_12_169_dldesign_0_cycle1_af2pred.pdb,SEVPTVKRVVNP,0.001671832
APP_binder_12_16_dldesign_0_cycle1_af2pred.pdb,VILSAEELRALR,5.06E-05
APP_binder_12_170_dldesign_0_cycle1_af2pred.pdb,GPTLVVLEPLEP,2.54E-05
APP_binder_12_171_dldesign_0_cycle1_af2pred.pdb,SLALLLRKLLLE,0.009861126
APP_binder_12_172_dldesign_0_cycle1_af2pred.pdb,GALRLLNRLLAL,0.009329931
APP_binder_12_173_dldesign_0_cycle1_af2pred.pdb,DDLAELKRLLAL,0.003959985
APP_binder_12_174_dldesign_0_cycle1_af2pred.pdb,RPAERSPAERVE,0.003000832
APP_binder_12_175_dldesign_0_cycle1_af2pred.pdb,FTRTLVSNAVPA,0.000240072
APP_binder_12_176_dldesign_0_cycle1_af2pred.pdb,LVFRPREPVVLP,0.021558564
APP_binder_12_177_dldesign_0_cycle1_af2pred.pdb,PVVLTPRRVRPP,0.038761612
APP_binder_12_178_dldesign_0_cycle1_af2pred.pdb,SLPVLRRAPNHP,0.000381894
APP_binder_12_179_dldesign_0_cycle1_af2pred.pdb,SLGERVYVPLPP,3.27E-05
APP_binder_12_17_dldesign_0_cycle1_af2pred.pdb,PSSRKVKYTIPA,0.003590771
APP_binder_12_180_dldesign_0_cycle1_af2pred.pdb,EALRRLLRRLAS,0.000200678
APP_binder_12_181_dldesign_0_cycle1_af2pred.pdb,GVDNVPARSLPN,0.002346795
APP_binder_12_182_dldesign_0_cycle1_af2pred.pdb,VVYTPRPQRVEP,0.000362279
APP_binder_12_183_dldesign_0_cycle1_af2pred.pdb,SVEPVEVDVDLP,0.001582228
APP_binder_12_184_dldesign_0_cycle1_af2pred.pdb,PVFTPRPTRRAP,0.017282901
APP_binder_12_185_dldesign_0_cycle1_af2pred.pdb,SSRDQQLDIAAS,0.000486911
APP_binder_12_186_dldesign_0_cycle1_af2pred.pdb,DVTELNLLLIEG,0.043184284
APP_binder_12_187_dldesign_0_cycle1_af2pred.pdb,PVDLERLLALLP,0.000129569
APP_binder_12_188_dldesign_0_cycle1_af2pred.pdb,VDPRLLRKLLLG,0.009485291
APP_binder_12_189_dldesign_0_cycle1_af2pred.pdb,GYSLAPPLPPLP,0.003626607
APP_binder_12_18_dldesign_0_cycle1_af2pred.pdb,LVPKVVVRLPPP,0.016438607
APP_binder_12_190_dldesign_0_cycle1_af2pred.pdb,ALPELRSVPNRP,0.001196345
APP_binder_12_191_dldesign_0_cycle1_af2pred.pdb,SVYVPGVAVKAV,0.016825059
APP_binder_12_192_dldesign_0_cycle1_af2pred.pdb,SEPVFREYPYAP,0.000491507
APP_binder_12_193_dldesign_0_cycle1_af2pred.pdb,MEPVLLAGDVPL,0.001051208
APP_binder_12_194_dldesign_0_cycle1_af2pred.pdb,LQLDSVLDELLA,0.00019984
APP_binder_12_195_dldesign_0_cycle1_af2pred.pdb,SHFVERPVLPLP,0.001572358
APP_binder_12_196_dldesign_0_cycle1_af2pred.pdb,ALSLDRVLDELL,0.000447074
APP_binder_12_197_dldesign_0_cycle1_af2pred.pdb,MTFPVTEYPTGD,0.01028729
APP_binder_12_198_dldesign_0_cycle1_af2pred.pdb,ALADQLRLDLAE,7.47E-06
APP_binder_12_199_dldesign_0_cycle1_af2pred.pdb,PVLHKLKVRVPP,0.007385483
APP_binder_12_19_dldesign_0_cycle1_af2pred.pdb,SVLVSGERLALP,0.005948207
APP_binder_12_1_dldesign_0_cycle1_af2pred.pdb,AARLAARLAALL,0.000102846
APP_binder_12_200_dldesign_0_cycle1_af2pred.pdb,FIRVPPVKYVAP,0.00612028
APP_binder_12_201_dldesign_0_cycle1_af2pred.pdb,SSSPLVPLPELP,0.000791418
APP_binder_12_202_dldesign_0_cycle1_af2pred.pdb,GALAVPEVDPLA,0.008366855
APP_binder_12_203_dldesign_0_cycle1_af2pred.pdb,PLVLPPVNVVDP,0.0070112
APP_binder_12_204_dldesign_0_cycle1_af2pred.pdb,SLAALAAAAAAA,0.001401137
APP_binder_12_205_dldesign_0_cycle1_af2pred.pdb,GSKPPDIPADAP,0.002908744
APP_binder_12_206_dldesign_0_cycle1_af2pred.pdb,RLPRYSHLLAPP,0.002412187
APP_binder_12_207_dldesign_0_cycle1_af2pred.pdb,GPVLSERERPAP,0.007408415
APP_binder_12_208_dldesign_0_cycle1_af2pred.pdb,MTANQLANLLDQ,0.00380235
APP_binder_12_209_dldesign_0_cycle1_af2pred.pdb,AALAADRRLASL,3.00E-05
APP_binder_12_20_dldesign_0_cycle1_af2pred.pdb,SLANLLAQLLAA,0.000215844
APP_binder_12_210_dldesign_0_cycle1_af2pred.pdb,GVVRPPTEFYTP,0.044060454
APP_binder_12_211_dldesign_0_cycle1_af2pred.pdb,SGTLVVVTEPLP,0.010010727
APP_binder_12_212_dldesign_0_cycle1_af2pred.pdb,KPLKTTEEVLAS,2.24E-05
APP_binder_12_213_dldesign_0_cycle1_af2pred.pdb,SSSALRVHRKAP,0.001621053
APP_binder_12_214_dldesign_0_cycle1_af2pred.pdb,GVVLKRVEPVLL,0.010525113
APP_binder_12_215_dldesign_0_cycle1_af2pred.pdb,SARLLATLEYLG,7.25E-05
APP_binder_12_216_dldesign_0_cycle1_af2pred.pdb,RHVRVPAPVPPL,0.00054451
APP_binder_12_217_dldesign_0_cycle1_af2pred.pdb,SLPPVLVEIEAP,0.000438198
APP_binder_12_218_dldesign_0_cycle1_af2pred.pdb,STLRQAKPVWVP,0.002278066
APP_binder_12_219_dldesign_0_cycle1_af2pred.pdb,GGVPAPPPPVLP,0.000125584
APP_binder_12_21_dldesign_0_cycle1_af2pred.pdb,SHRLLNLLRDLL,0.001311981
APP_binder_12_220_dldesign_0_cycle1_af2pred.pdb,LLNDLLTELLQP,0.002829659
APP_binder_12_221_dldesign_0_cycle1_af2pred.pdb,ELVVEEGESLNL,3.41E-05
APP_binder_12_222_dldesign_0_cycle1_af2pred.pdb,PPPPPTSPVLDL,0.000288176
APP_binder_12_223_dldesign_0_cycle1_af2pred.pdb,MERELALAKVLS,3.55E-05
APP_binder_12_224_dldesign_0_cycle1_af2pred.pdb,GVPRRRPPLFEL,0.957343996
APP_binder_12_225_dldesign_0_cycle1_af2pred.pdb,GVTLKVILPPPP,0.042912733
APP_binder_12_226_dldesign_0_cycle1_af2pred.pdb,PPKPPALPPVPL,0.000167278
APP_binder_12_227_dldesign_0_cycle1_af2pred.pdb,MLTELEKALYYK,0.002308071
APP_binder_12_228_dldesign_0_cycle1_af2pred.pdb,SLPQPPEYIPRP,0.000109022
APP_binder_12_229_dldesign_0_cycle1_af2pred.pdb,SQEDYLDELAAL,0.000698869
APP_binder_12_22_dldesign_0_cycle1_af2pred.pdb,SSSPVPAPAGLP,3.26E-05
APP_binder_12_230_dldesign_0_cycle1_af2pred.pdb,GVTREELDDLLE,0.0143455
APP_binder_12_231_dldesign_0_cycle1_af2pred.pdb,GPRGTPIPVPLP,0.220057055
APP_binder_12_232_dldesign_0_cycle1_af2pred.pdb,GIRTPPVPAPPL,0.00530378
APP_binder_12_233_dldesign_0_cycle1_af2pred.pdb,SAELRELLRRLP,0.00047199
APP_binder_12_234_dldesign_0_cycle1_af2pred.pdb,RAQALALRLAEE,0.00955651
APP_binder_12_235_dldesign_0_cycle1_af2pred.pdb,GLARLLRLLLLS,0.009494461
APP_binder_12_236_dldesign_0_cycle1_af2pred.pdb,MLSEGPPRPEVR,0.000303851
APP_binder_12_237_dldesign_0_cycle1_af2pred.pdb,EVHEVEVTDFAD,0.002935
APP_binder_12_238_dldesign_0_cycle1_af2pred.pdb,GSASVTRLPAPP,0.000347036
APP_binder_12_239_dldesign_0_cycle1_af2pred.pdb,PVLPPAKPEDRP,0.010063975
APP_binder_12_23_dldesign_0_cycle1_af2pred.pdb,EVNVLVPQEDLA,7.11E-05
APP_binder_12_240_dldesign_0_cycle1_af2pred.pdb,ADAELRRLLTRA,0.001697593
APP_binder_12_241_dldesign_0_cycle1_af2pred.pdb,AANQLALRLADL,0.000280347
APP_binder_12_242_dldesign_0_cycle1_af2pred.pdb,GLLELLNALRRA,0.010190357
APP_binder_12_243_dldesign_0_cycle1_af2pred.pdb,MEASLLSQLLAA,0.000264504
APP_binder_12_244_dldesign_0_cycle1_af2pred.pdb,SSRILANLLASE,0.001805309
APP_binder_12_245_dldesign_0_cycle1_af2pred.pdb,PAPVVYHPAVRS,0.026845746
APP_binder_12_246_dldesign_0_cycle1_af2pred.pdb,DEIVLQRLLEDE,0.003994465
APP_binder_12_247_dldesign_0_cycle1_af2pred.pdb,GVFLRASFLRVP,0.007531684
APP_binder_12_248_dldesign_0_cycle1_af2pred.pdb,GLTLNEILDELT,0.018584803
APP_binder_12_249_dldesign_0_cycle1_af2pred.pdb,RLLERLARLLAE,0.022079796
APP_binder_12_24_dldesign_0_cycle1_af2pred.pdb,MSSPVKSIPVPE,0.00037046
APP_binder_12_250_dldesign_0_cycle1_af2pred.pdb,SSSTHVKVDVDR,0.000244413
APP_binder_12_251_dldesign_0_cycle1_af2pred.pdb,SGIRTAPIRVPL,0.00017921
APP_binder_12_252_dldesign_0_cycle1_af2pred.pdb,PRLLPVYDPEEE,0.059658442
APP_binder_12_253_dldesign_0_cycle1_af2pred.pdb,GGVPRTVEELLA,5.88E-05
APP_binder_12_254_dldesign_0_cycle1_af2pred.pdb,GEHFEEYPSAAA,0.012982843
APP_binder_12_255_dldesign_0_cycle1_af2pred.pdb,MIVDPAQLAKLP,7.77E-05
APP_binder_12_256_dldesign_0_cycle1_af2pred.pdb,GELLAALRRLLA,2.40E-05
APP_binder_12_257_dldesign_0_cycle1_af2pred.pdb,GSTFRRAPLLPL,0.003506798
APP_binder_12_258_dldesign_0_cycle1_af2pred.pdb,GSVLAPPVVSLP,0.002018072
APP_binder_12_259_dldesign_0_cycle1_af2pred.pdb,VRLPRPAPDDLL,0.018840687
APP_binder_12_25_dldesign_0_cycle1_af2pred.pdb,PLATLADRLAAL,0.005304717
APP_binder_12_260_dldesign_0_cycle1_af2pred.pdb,GSTLVIPPVRYP,0.004351997
APP_binder_12_261_dldesign_0_cycle1_af2pred.pdb,SVPLPPRLPQLE,0.000256182
APP_binder_12_262_dldesign_0_cycle1_af2pred.pdb,GALRLAQRLAAD,0.003310466
APP_binder_12_263_dldesign_0_cycle1_af2pred.pdb,PYPLAPRIRVAP,0.400731951
APP_binder_12_264_dldesign_0_cycle1_af2pred.pdb,PLPAKTQLEQLL,0.000469633
APP_binder_12_265_dldesign_0_cycle1_af2pred.pdb,GLVLVEGPPALP,0.005080586
APP_binder_12_266_dldesign_0_cycle1_af2pred.pdb,ALSALLSALLLA,0.002029093
APP_binder_12_267_dldesign_0_cycle1_af2pred.pdb,LVLPPVARLSPP,0.020600082
APP_binder_12_268_dldesign_0_cycle1_af2pred.pdb,YDDLQDLLRALA,0.000262007
APP_binder_12_269_dldesign_0_cycle1_af2pred.pdb,SWSSRLQRLLAE,0.002485076
APP_binder_12_26_dldesign_0_cycle1_af2pred.pdb,SLYQLQVELLRS,0.005782814
APP_binder_12_270_dldesign_0_cycle1_af2pred.pdb,SGHAQLLAELLP,0.000136768
APP_binder_12_271_dldesign_0_cycle1_af2pred.pdb,SDDLSELRRLLQ,0.001688715
APP_binder_12_272_dldesign_0_cycle1_af2pred.pdb,PLPPVPPTPVLP,0.001312999
APP_binder_12_273_dldesign_0_cycle1_af2pred.pdb,GPSVTDEEYLEA,0.000211703
APP_binder_12_274_dldesign_0_cycle1_af2pred.pdb,VVERAPRPVVLP,0.002369318
APP_binder_12_275_dldesign_0_cycle1_af2pred.pdb,PLASLLARLLLR,0.013909113
APP_binder_12_276_dldesign_0_cycle1_af2pred.pdb,GEVTVISGEREK,0.000285577
APP_binder_12_277_dldesign_0_cycle1_af2pred.pdb,GQPVVPGIPVAA,0.00822112
APP_binder_12_278_dldesign_0_cycle1_af2pred.pdb,GRPLVRPLLPPP,0.24411872
APP_binder_12_279_dldesign_0_cycle1_af2pred.pdb,MLAALLQQLLLD,0.000539006
APP_binder_12_27_dldesign_0_cycle1_af2pred.pdb,LSPSQLAALLRQ,0.001482267
APP_binder_12_280_dldesign_0_cycle1_af2pred.pdb,LLLGPLPPLAPP,0.00188762
APP_binder_12_281_dldesign_0_cycle1_af2pred.pdb,GKVVKVKSALPL,0.000861848
APP_binder_12_282_dldesign_0_cycle1_af2pred.pdb,LSLLLLRLRDLL,0.001998632
APP_binder_12_283_dldesign_0_cycle1_af2pred.pdb,SIRLLAALAALA,0.002452382
APP_binder_12_284_dldesign_0_cycle1_af2pred.pdb,GLAKYLDARLLL,0.000393924
APP_binder_12_285_dldesign_0_cycle1_af2pred.pdb,SVEPVLRYPVPR,0.000858305
APP_binder_12_286_dldesign_0_cycle1_af2pred.pdb,MLADLLQQLDLE,0.000394934
APP_binder_12_287_dldesign_0_cycle1_af2pred.pdb,SLLQKLLNLLKN,0.000928365
APP_binder_12_288_dldesign_0_cycle1_af2pred.pdb,AKPVKVDVDDAS,0.001914645
APP_binder_12_289_dldesign_0_cycle1_af2pred.pdb,YTIDPASARPAL,0.003693487
APP_binder_12_28_dldesign_0_cycle1_af2pred.pdb,GVSKEELDDLAL,0.006748503
APP_binder_12_290_dldesign_0_cycle1_af2pred.pdb,LDYRELLKLLLL,0.000803542
APP_binder_12_291_dldesign_0_cycle1_af2pred.pdb,PPPPAVPVEGTP,0.001249839
APP_binder_12_292_dldesign_0_cycle1_af2pred.pdb,SVLKRVVYPPRL,0.004145455
APP_binder_12_293_dldesign_0_cycle1_af2pred.pdb,SLAAILATLAQL,3.49E-05
APP_binder_12_294_dldesign_0_cycle1_af2pred.pdb,FRVVVPADEVLP,0.00068218
APP_binder_12_295_dldesign_0_cycle1_af2pred.pdb,GLAKRIKVSAPA,0.005079616
APP_binder_12_296_dldesign_0_cycle1_af2pred.pdb,PRPPSPLVAPDA,0.137179866
APP_binder_12_297_dldesign_0_cycle1_af2pred.pdb,FVDVPQRHHPAP,0.001371819
APP_binder_12_298_dldesign_0_cycle1_af2pred.pdb,MHVYVTDLSPSD,0.001476441
APP_binder_12_299_dldesign_0_cycle1_af2pred.pdb,EVLAARLRALLA,3.12E-05
APP_binder_12_29_dldesign_0_cycle1_af2pred.pdb,GVTQLPPLLLLL,0.04788883
APP_binder_12_2_dldesign_0_cycle1_af2pred.pdb,GVSFSEVELEAP,0.004518626
APP_binder_12_300_dldesign_0_cycle1_af2pred.pdb,RYITEEELAALL,0.011388781
APP_binder_12_301_dldesign_0_cycle1_af2pred.pdb,GLVPTYTLRTRP,0.029551256
APP_binder_12_302_dldesign_0_cycle1_af2pred.pdb,GLLDLLLPLPDP,0.003202809
APP_binder_12_303_dldesign_0_cycle1_af2pred.pdb,KRERSTIVKVPA,0.001284092
APP_binder_12_304_dldesign_0_cycle1_af2pred.pdb,SPLDRRLAQKLA,3.81E-05
APP_binder_12_305_dldesign_0_cycle1_af2pred.pdb,SLVVPLNRVKAP,2.25E-05
APP_binder_12_306_dldesign_0_cycle1_af2pred.pdb,LRLLRLLKKLLE,0.020734841
APP_binder_12_307_dldesign_0_cycle1_af2pred.pdb,GHNDVDDLDEEE,0.000826036
APP_binder_12_308_dldesign_0_cycle1_af2pred.pdb,SVPLSVRKVEPP,0.004411069
APP_binder_12_309_dldesign_0_cycle1_af2pred.pdb,SFLAKKLAQELA,0.000335704
APP_binder_12_30_dldesign_0_cycle1_af2pred.pdb,RRLAALLRELLD,0.002230905
APP_binder_12_310_dldesign_0_cycle1_af2pred.pdb,LPSRALGAPRLP,0.000294587
APP_binder_12_311_dldesign_0_cycle1_af2pred.pdb,SLPTLRQLPNRP,3.31E-05
APP_binder_12_312_dldesign_0_cycle1_af2pred.pdb,DLKRLLDRLLLE,0.000445677
APP_binder_12_313_dldesign_0_cycle1_af2pred.pdb,GLQRRLDQLLAE,1.39E-05
APP_binder_12_314_dldesign_0_cycle1_af2pred.pdb,AAAVAALPVDVD,8.11E-05
APP_binder_12_315_dldesign_0_cycle1_af2pred.pdb,SDLPVLARPLPR,0.001192261
APP_binder_12_316_dldesign_0_cycle1_af2pred.pdb,GVTLRKVSNVLP,0.211889878
APP_binder_12_317_dldesign_0_cycle1_af2pred.pdb,GRLLALDQELLR,0.000152256
APP_binder_12_318_dldesign_0_cycle1_af2pred.pdb,PLLPPVQLPGGP,0.001543355
APP_binder_12_319_dldesign_0_cycle1_af2pred.pdb,QRLSFRSHVVVP,0.017431812
APP_binder_12_31_dldesign_0_cycle1_af2pred.pdb,GTVTTAQVPRPL,0.001192393
APP_binder_12_320_dldesign_0_cycle1_af2pred.pdb,SSYLEELLKLLL,0.001071753
APP_binder_12_321_dldesign_0_cycle1_af2pred.pdb,GEVEYKEYENLP,0.000103918
APP_binder_12_322_dldesign_0_cycle1_af2pred.pdb,GSLTLPPLPVLP,0.000717309
APP_binder_12_323_dldesign_0_cycle1_af2pred.pdb,AAEALRLAARRA,0.0020024
APP_binder_12_324_dldesign_0_cycle1_af2pred.pdb,GVAVPRTVEVAE,0.013773074
APP_binder_12_325_dldesign_0_cycle1_af2pred.pdb,HEQILEKKDEIE,0.00091425
APP_binder_12_326_dldesign_0_cycle1_af2pred.pdb,SSRLLQELLDRL,0.001442606
APP_binder_12_327_dldesign_0_cycle1_af2pred.pdb,LEEIERPRDAAP,1.41E-05
APP_binder_12_328_dldesign_0_cycle1_af2pred.pdb,SRLLALLQELLS,0.000295699
APP_binder_12_329_dldesign_0_cycle1_af2pred.pdb,SLARVLAKLLAS,0.000598616
APP_binder_12_32_dldesign_0_cycle1_af2pred.pdb,SSALLKRLLAKL,0.000631295
APP_binder_12_330_dldesign_0_cycle1_af2pred.pdb,NPTLLQHLLNSA,0.004307945
APP_binder_12_331_dldesign_0_cycle1_af2pred.pdb,PVPRYIRYDELR,0.070961908
APP_binder_12_332_dldesign_0_cycle1_af2pred.pdb,SLEVLTPAVRLP,0.002311696
APP_binder_12_333_dldesign_0_cycle1_af2pred.pdb,GVPPRSRPALPL,0.033346571
APP_binder_12_334_dldesign_0_cycle1_af2pred.pdb,SALTTEELLALA,0.002815397
APP_binder_12_335_dldesign_0_cycle1_af2pred.pdb,GFVDVTYTPRSR,0.000859549
APP_binder_12_336_dldesign_0_cycle1_af2pred.pdb,SRLLLERLASLG,0.000114053
APP_binder_12_337_dldesign_0_cycle1_af2pred.pdb,DEDLLELLEELA,8.28E-06
APP_binder_12_338_dldesign_0_cycle1_af2pred.pdb,GSVLLEREGGPA,0.00185271
APP_binder_12_339_dldesign_0_cycle1_af2pred.pdb,MVRPATPVRVPA,0.008337336
APP_binder_12_33_dldesign_0_cycle1_af2pred.pdb,SEWVEEEIPKPP,0.001614547
APP_binder_12_340_dldesign_0_cycle1_af2pred.pdb,SWLLRKALAQAA,0.000741135
APP_binder_12_341_dldesign_0_cycle1_af2pred.pdb,DEVEDRRAAALA,0.001987933
APP_binder_12_342_dldesign_0_cycle1_af2pred.pdb,SLARQLDNLDDE,0.000736064
APP_binder_12_343_dldesign_0_cycle1_af2pred.pdb,SVPLLRPQRRAP,0.007567383
APP_binder_12_344_dldesign_0_cycle1_af2pred.pdb,SRVSTTVVEDDD,0.01484804
APP_binder_12_345_dldesign_0_cycle1_af2pred.pdb,PPPAVLRRVKAP,4.87E-05
APP_binder_12_346_dldesign_0_cycle1_af2pred.pdb,SLSDLLEALRRA,8.67E-05
APP_binder_12_347_dldesign_0_cycle1_af2pred.pdb,RPPPVELYVNEP,0.019952444
APP_binder_12_348_dldesign_0_cycle1_af2pred.pdb,RLLRRLARELSA,0.002410955
APP_binder_12_349_dldesign_0_cycle1_af2pred.pdb,PDRALLLALALA,0.001776192
APP_binder_12_34_dldesign_0_cycle1_af2pred.pdb,SVSFSEEPPAPP,0.000764759
APP_binder_12_350_dldesign_0_cycle1_af2pred.pdb,PAVPALPAGELP,1.81E-05
APP_binder_12_351_dldesign_0_cycle1_af2pred.pdb,MTEPVVVPAPLP,0.00033297
APP_binder_12_352_dldesign_0_cycle1_af2pred.pdb,LPVTPSTLRSAR,0.000686486
APP_binder_12_353_dldesign_0_cycle1_af2pred.pdb,PHYREPPAPLLP,0.032903679
APP_binder_12_354_dldesign_0_cycle1_af2pred.pdb,SLRLLLKELLSE,0.002334744
APP_binder_12_355_dldesign_0_cycle1_af2pred.pdb,RAAMLDLRLLRG,0.004159476
APP_binder_12_356_dldesign_0_cycle1_af2pred.pdb,LSKLLQELKRLL,0.002531806
APP_binder_12_357_dldesign_0_cycle1_af2pred.pdb,DVPVTKEELLDA,0.001710384
APP_binder_12_358_dldesign_0_cycle1_af2pred.pdb,GPVLRSVPNILP,0.044745393
APP_binder_12_359_dldesign_0_cycle1_af2pred.pdb,SVVLRPVRAPGP,0.000687607
APP_binder_12_35_dldesign_0_cycle1_af2pred.pdb,GELLFSERPPPP,0.000235117
APP_binder_12_360_dldesign_0_cycle1_af2pred.pdb,RLLERLLQLLLQ,0.00744042
APP_binder_12_361_dldesign_0_cycle1_af2pred.pdb,APPPKLVRKLPP,0.001430593
APP_binder_12_362_dldesign_0_cycle1_af2pred.pdb,SLEDLRNLLRRA,0.000645315
APP_binder_12_363_dldesign_0_cycle1_af2pred.pdb,GLSAPYILSVAP,0.015482673
APP_binder_12_364_dldesign_0_cycle1_af2pred.pdb,TVYHPRPPRPPP,0.753540397
APP_binder_12_365_dldesign_0_cycle1_af2pred.pdb,RRPRIRPPQPEE,0.983897686
APP_binder_12_366_dldesign_0_cycle1_af2pred.pdb,LRLQQLLNRLLQ,8.62E-05
APP_binder_12_367_dldesign_0_cycle1_af2pred.pdb,HMHHSHLVLPDP,0.003090197
APP_binder_12_368_dldesign_0_cycle1_af2pred.pdb,EVLVTKEELLDA,0.000167083
APP_binder_12_369_dldesign_0_cycle1_af2pred.pdb,GPPPVAVTPGRR,0.006495593
APP_binder_12_36_dldesign_0_cycle1_af2pred.pdb,MELHAVPVAAPL,0.003677233
APP_binder_12_370_dldesign_0_cycle1_af2pred.pdb,MDLESLLKNLLS,0.0002224
APP_binder_12_371_dldesign_0_cycle1_af2pred.pdb,SSEDVDTDSLLP,0.00051006
APP_binder_12_372_dldesign_0_cycle1_af2pred.pdb,SYVEPRRRPAPP,0.011758064
APP_binder_12_373_dldesign_0_cycle1_af2pred.pdb,PLSEPVLEEHPP,0.000734929
APP_binder_12_374_dldesign_0_cycle1_af2pred.pdb,GVLVTKDDLPPE,0.004653125
APP_binder_12_375_dldesign_0_cycle1_af2pred.pdb,SALKELLRALLA,0.002051613
APP_binder_12_376_dldesign_0_cycle1_af2pred.pdb,SASLAARAAAIA,0.000500701
APP_binder_12_377_dldesign_0_cycle1_af2pred.pdb,PSLKALALELAD,0.000114202
APP_binder_12_378_dldesign_0_cycle1_af2pred.pdb,GALPRAVRLPPR,0.063614726
APP_binder_12_379_dldesign_0_cycle1_af2pred.pdb,DRRLLNLLLSLL,0.000309472
APP_binder_12_37_dldesign_0_cycle1_af2pred.pdb,SSSLLRLLDLLG,7.22E-05
APP_binder_12_380_dldesign_0_cycle1_af2pred.pdb,PRTNWSKIIKVP,0.28071627
APP_binder_12_381_dldesign_0_cycle1_af2pred.pdb,ARAVKVDDVSLP,0.000249494
APP_binder_12_382_dldesign_0_cycle1_af2pred.pdb,SLLKELLVELAQ,0.000164151
APP_binder_12_383_dldesign_0_cycle1_af2pred.pdb,SVHVVVPDSLLP,0.000739605
APP_binder_12_384_dldesign_0_cycle1_af2pred.pdb,LDDLEDLRRLLS,5.10E-06
APP_binder_12_385_dldesign_0_cycle1_af2pred.pdb,GDDDDDNFLTTP,0.000960976
APP_binder_12_386_dldesign_0_cycle1_af2pred.pdb,DPLELKALLSRL,0.008960452
APP_binder_12_387_dldesign_0_cycle1_af2pred.pdb,SLTLDLHLLSQS,0.000577911
APP_binder_12_388_dldesign_0_cycle1_af2pred.pdb,LRALLLNLLSLL,0.000262683
APP_binder_12_389_dldesign_0_cycle1_af2pred.pdb,VVNVTPRPPVQR,0.002399536
APP_binder_12_38_dldesign_0_cycle1_af2pred.pdb,EVDVDPPPAPIV,7.80E-05
APP_binder_12_390_dldesign_0_cycle1_af2pred.pdb,ALADLKLAQLLA,0.001145698
APP_binder_12_391_dldesign_0_cycle1_af2pred.pdb,SLESVPVLRPPR,0.000203785
APP_binder_12_392_dldesign_0_cycle1_af2pred.pdb,LLEELRNLLRRL,0.009554215
APP_binder_12_393_dldesign_0_cycle1_af2pred.pdb,DLLRELYELLVE,0.000103651
APP_binder_12_394_dldesign_0_cycle1_af2pred.pdb,DDLLDDLLRLLQ,5.54E-05
APP_binder_12_395_dldesign_0_cycle1_af2pred.pdb,SVTVARPPPRLP,0.002233994
APP_binder_12_396_dldesign_0_cycle1_af2pred.pdb,KRTPPVPAPDVP,0.018035913
APP_binder_12_397_dldesign_0_cycle1_af2pred.pdb,RELARLQQLLEE,0.006543466
APP_binder_12_398_dldesign_0_cycle1_af2pred.pdb,MVYTYTPRLRPP,0.002723607
APP_binder_12_399_dldesign_0_cycle1_af2pred.pdb,GLAKYALARALS,0.002177353
APP_binder_12_39_dldesign_0_cycle1_af2pred.pdb,VVYKTDEEVLEE,6.52E-05
APP_binder_12_3_dldesign_0_cycle1_af2pred.pdb,SLASLLAALLYS,0.000829189
APP_binder_12_400_dldesign_0_cycle1_af2pred.pdb,PSPVKRVVYARP,0.002370827
APP_binder_12_401_dldesign_0_cycle1_af2pred.pdb,SRLLRLLARRLR,7.60E-05
APP_binder_12_402_dldesign_0_cycle1_af2pred.pdb,SLPLLKSVPVRP,0.002545456
APP_binder_12_403_dldesign_0_cycle1_af2pred.pdb,MVPPILDVEAAE,0.004428464
APP_binder_12_404_dldesign_0_cycle1_af2pred.pdb,SSSRTEPVRVPA,0.000279416
APP_binder_12_405_dldesign_0_cycle1_af2pred.pdb,SHFHEHPPQAAP,0.000783723
APP_binder_12_406_dldesign_0_cycle1_af2pred.pdb,SALQNLLQELLA,0.000328631
APP_binder_12_407_dldesign_0_cycle1_af2pred.pdb,GSTLARYTPRPL,0.0016042
APP_binder_12_408_dldesign_0_cycle1_af2pred.pdb,PSYADILAALAD,0.001998986
APP_binder_12_409_dldesign_0_cycle1_af2pred.pdb,SVGSLEARLLAR,0.000172959
APP_binder_12_40_dldesign_0_cycle1_af2pred.pdb,MKRVLGKHRKAP,0.003534149
APP_binder_12_410_dldesign_0_cycle1_af2pred.pdb,SLTLSELLANLA,0.001971413
APP_binder_12_411_dldesign_0_cycle1_af2pred.pdb,PVNYTLKVVEPP,0.035166305
APP_binder_12_412_dldesign_0_cycle1_af2pred.pdb,SLAQLLDRLLAA,0.001838297
APP_binder_12_413_dldesign_0_cycle1_af2pred.pdb,PLNLSPAVPVPP,0.029290175
APP_binder_12_414_dldesign_0_cycle1_af2pred.pdb,SPVPAPPVVYLP,2.26E-05
APP_binder_12_415_dldesign_0_cycle1_af2pred.pdb,SLHYSERYLPAP,0.016586229
APP_binder_12_416_dldesign_0_cycle1_af2pred.pdb,SMSLYKLATVEE,2.62E-05
APP_binder_12_417_dldesign_0_cycle1_af2pred.pdb,AVWERTPPQLPA,0.004261591
APP_binder_12_418_dldesign_0_cycle1_af2pred.pdb,SSLLRKLLQELA,0.000193123
APP_binder_12_419_dldesign_0_cycle1_af2pred.pdb,DLKTLLRKLLQA,0.000657935
APP_binder_12_41_dldesign_0_cycle1_af2pred.pdb,DVRLAMLLQQLD,0.000448926
APP_binder_12_420_dldesign_0_cycle1_af2pred.pdb,SLAKLLQLLLLE,0.001242551
APP_binder_12_421_dldesign_0_cycle1_af2pred.pdb,SHPSSAALAAPP,0.000166795
APP_binder_12_422_dldesign_0_cycle1_af2pred.pdb,AAQLDAALLNNL,0.000168165
APP_binder_12_423_dldesign_0_cycle1_af2pred.pdb,GSLPPLPPPDVN,0.002700333
APP_binder_12_424_dldesign_0_cycle1_af2pred.pdb,ARALLRDLARDA,0.000163558
APP_binder_12_425_dldesign_0_cycle1_af2pred.pdb,DLLNLLRKALQA,0.000900756
APP_binder_12_426_dldesign_0_cycle1_af2pred.pdb,LDDENEDRQALL,0.000199214
APP_binder_12_427_dldesign_0_cycle1_af2pred.pdb,ATLKRAPNRVLP,0.001888417
APP_binder_12_428_dldesign_0_cycle1_af2pred.pdb,EDDLPEVTPRLP,0.000234347
APP_binder_12_429_dldesign_0_cycle1_af2pred.pdb,SQLLKALLYSLL,0.000155695
APP_binder_12_42_dldesign_0_cycle1_af2pred.pdb,SLRELLKQLLAV,0.00061697
APP_binder_12_430_dldesign_0_cycle1_af2pred.pdb,GSLAPRVPALPP,0.006063225
APP_binder_12_431_dldesign_0_cycle1_af2pred.pdb,GSQTPRHVKLLP,0.002300048
APP_binder_12_432_dldesign_0_cycle1_af2pred.pdb,RLVVPLSKLLAP,0.00062667
APP_binder_12_433_dldesign_0_cycle1_af2pred.pdb,LLRLLRLLKALA,0.029010266
APP_binder_12_434_dldesign_0_cycle1_af2pred.pdb,SPLLLRRALVRA,1.80E-05
APP_binder_12_435_dldesign_0_cycle1_af2pred.pdb,KRVLPRPRLPAP,0.001682717
APP_binder_12_436_dldesign_0_cycle1_af2pred.pdb,GVVLPTLKSVQP,0.027375605
APP_binder_12_437_dldesign_0_cycle1_af2pred.pdb,MRHTTLAELLAA,0.012879749
APP_binder_12_438_dldesign_0_cycle1_af2pred.pdb,SLNLLLTKLKLS,0.003333346
APP_binder_12_439_dldesign_0_cycle1_af2pred.pdb,SGLLKALLARAP,0.000912029
APP_binder_12_43_dldesign_0_cycle1_af2pred.pdb,GLSPRAAALLAA,0.001798865
APP_binder_12_440_dldesign_0_cycle1_af2pred.pdb,SLLELLNLLRQV,0.000102077
APP_binder_12_441_dldesign_0_cycle1_af2pred.pdb,KPYVRRHRPLPA,0.655673623
APP_binder_12_442_dldesign_0_cycle1_af2pred.pdb,LHLSERPLVPQP,0.00172047
APP_binder_12_443_dldesign_0_cycle1_af2pred.pdb,GLPPPKVRQVVY,0.048339702
APP_binder_12_444_dldesign_0_cycle1_af2pred.pdb,MRLPLTERPGLP,0.007909893
APP_binder_12_445_dldesign_0_cycle1_af2pred.pdb,EPVVVEYPPAPP,0.005363612
APP_binder_12_446_dldesign_0_cycle1_af2pred.pdb,SVVSGERDYVPP,0.000988125
APP_binder_12_447_dldesign_0_cycle1_af2pred.pdb,DPLLLALLNALL,2.03E-05
APP_binder_12_448_dldesign_0_cycle1_af2pred.pdb,LLKQKLQRLLLS,1.16E-05
APP_binder_12_449_dldesign_0_cycle1_af2pred.pdb,GLTKEELDDLLE,0.00115742
APP_binder_12_44_dldesign_0_cycle1_af2pred.pdb,SLPPLALRVRPP,0.002151735
APP_binder_12_450_dldesign_0_cycle1_af2pred.pdb,EVLTEADVVVLP,0.000608845
APP_binder_12_451_dldesign_0_cycle1_af2pred.pdb,GEVDVPELHVHP,0.000106152
APP_binder_12_452_dldesign_0_cycle1_af2pred.pdb,GVLRRVTSLVQV,0.014975298
APP_binder_12_453_dldesign_0_cycle1_af2pred.pdb,PVVNYTPKRAEP,0.225515381
APP_binder_12_454_dldesign_0_cycle1_af2pred.pdb,PLPPTLRPPREL,0.025091488
APP_binder_12_455_dldesign_0_cycle1_af2pred.pdb,VVVEKPKSEYLG,1.09E-05
APP_binder_12_456_dldesign_0_cycle1_af2pred.pdb,RLATLLANLLQE,0.073907621
APP_binder_12_457_dldesign_0_cycle1_af2pred.pdb,SAAAALAALLAP,0.00018038
APP_binder_12_458_dldesign_0_cycle1_af2pred.pdb,GLPAPRVVRAPP,0.03479141
APP_binder_12_459_dldesign_0_cycle1_af2pred.pdb,GIRSPPVRVPAP,0.015182449
APP_binder_12_45_dldesign_0_cycle1_af2pred.pdb,DEAEDRRLARLA,0.002326692
APP_binder_12_460_dldesign_0_cycle1_af2pred.pdb,LSQLLSLLLDLL,0.002436568
APP_binder_12_461_dldesign_0_cycle1_af2pred.pdb,RRLSVRTRELAL,1.91E-05
APP_binder_12_462_dldesign_0_cycle1_af2pred.pdb,GVAVPRPPLSSL,0.012146141
APP_binder_12_463_dldesign_0_cycle1_af2pred.pdb,PLFPVWLPAPLL,0.030685879
APP_binder_12_464_dldesign_0_cycle1_af2pred.pdb,GVVVPRPQRRPP,0.096455082
APP_binder_12_465_dldesign_0_cycle1_af2pred.pdb,SVLNEEERLALK,0.000325075
APP_binder_12_466_dldesign_0_cycle1_af2pred.pdb,SLEDRLLAKRLA,0.00076385
APP_binder_12_467_dldesign_0_cycle1_af2pred.pdb,GVATPARAPVLP,0.004608326
APP_binder_12_468_dldesign_0_cycle1_af2pred.pdb,GRLTSRELAELA,0.040322699
APP_binder_12_469_dldesign_0_cycle1_af2pred.pdb,SPMLDQQLAEDL,0.000162412
APP_binder_12_46_dldesign_0_cycle1_af2pred.pdb,SVAVPEKPPPLL,0.004987977
APP_binder_12_470_dldesign_0_cycle1_af2pred.pdb,SLPPLLRRVRAP,0.001356328
APP_binder_12_471_dldesign_0_cycle1_af2pred.pdb,SSVPTPRYAPPP,0.000475698
APP_binder_12_472_dldesign_0_cycle1_af2pred.pdb,SRLDARLDAELA,0.001651078
APP_binder_12_473_dldesign_0_cycle1_af2pred.pdb,SLRKLEQLAKLA,0.000784934
APP_binder_12_474_dldesign_0_cycle1_af2pred.pdb,ELSVTPVSVVLP,0.000323174
APP_binder_12_475_dldesign_0_cycle1_af2pred.pdb,SILAKRLPAVLP,0.007451948
APP_binder_12_476_dldesign_0_cycle1_af2pred.pdb,AADQQLLRLLRR,0.003664414
APP_binder_12_477_dldesign_0_cycle1_af2pred.pdb,GAVSNTELLAAL,0.00142667
APP_binder_12_478_dldesign_0_cycle1_af2pred.pdb,RRLVLVEDDVLP,3.69E-05
APP_binder_12_479_dldesign_0_cycle1_af2pred.pdb,HNLAQHRPLPLA,0.001771171
APP_binder_12_47_dldesign_0_cycle1_af2pred.pdb,SGSPLETLRQPP,0.005491617
APP_binder_12_480_dldesign_0_cycle1_af2pred.pdb,GARPNIIPPPEP,0.37774244
APP_binder_12_481_dldesign_0_cycle1_af2pred.pdb,ELAARLARHRRE,0.003529702
APP_binder_12_482_dldesign_0_cycle1_af2pred.pdb,LSSSQLDNLLDE,0.003642825
APP_binder_12_483_dldesign_0_cycle1_af2pred.pdb,GLRRLLAQAVPP,0.002241082
APP_binder_12_484_dldesign_0_cycle1_af2pred.pdb,PVPTPRRPPPPP,0.023914702
APP_binder_12_485_dldesign_0_cycle1_af2pred.pdb,AVPPVHVRVPLP,0.012472874
APP_binder_12_486_dldesign_0_cycle1_af2pred.pdb,SSRLAVLDRLAG,0.000175922
APP_binder_12_487_dldesign_0_cycle1_af2pred.pdb,DKLAAYKAAYLA,0.003949718
APP_binder_12_488_dldesign_0_cycle1_af2pred.pdb,KRIEPRHRPAPP,0.000115552
APP_binder_12_489_dldesign_0_cycle1_af2pred.pdb,TPSVPVRVAAAP,0.001681784
APP_binder_12_48_dldesign_0_cycle1_af2pred.pdb,SEPEEVEYENVP,0.000333954
APP_binder_12_490_dldesign_0_cycle1_af2pred.pdb,APPPEPPIEIPP,0.000188491
APP_binder_12_491_dldesign_0_cycle1_af2pred.pdb,GVLVTKEELEEA,0.00204557
APP_binder_12_492_dldesign_0_cycle1_af2pred.pdb,GLKLPKVRQVLP,0.029734753
APP_binder_12_493_dldesign_0_cycle1_af2pred.pdb,FTRVPPVKVPAP,0.000339988
APP_binder_12_494_dldesign_0_cycle1_af2pred.pdb,GLADLLRLLREL,0.007604075
APP_binder_12_495_dldesign_0_cycle1_af2pred.pdb,GSVPDLTSPLVP,0.004526994
APP_binder_12_496_dldesign_0_cycle1_af2pred.pdb,SVPSFTPRARPP,0.01224772
APP_binder_12_497_dldesign_0_cycle1_af2pred.pdb,SLPPKLVTYSPP,0.000385066
APP_binder_12_498_dldesign_0_cycle1_af2pred.pdb,LVESEPVERPPP,0.002309788
APP_binder_12_499_dldesign_0_cycle1_af2pred.pdb,STPLKLTEKPAP,0.000282079
APP_binder_12_49_dldesign_0_cycle1_af2pred.pdb,PRRIFDADVVLP,0.02583028
APP_binder_12_4_dldesign_0_cycle1_af2pred.pdb,NLLKRLADLLDE,0.005784531
APP_binder_12_500_dldesign_0_cycle1_af2pred.pdb,ALVRNPEVDVDA,0.000714802
APP_binder_12_501_dldesign_0_cycle1_af2pred.pdb,PLVLVVPPRVLR,0.020396624
APP_binder_12_502_dldesign_0_cycle1_af2pred.pdb,PLPVPRRKVYLP,0.005159849
APP_binder_12_503_dldesign_0_cycle1_af2pred.pdb,PRLLVDSDLPPL,6.57E-05
APP_binder_12_504_dldesign_0_cycle1_af2pred.pdb,EDDDDDDDVYVP,0.005679781
APP_binder_12_505_dldesign_0_cycle1_af2pred.pdb,MEADRLAQLAKE,0.000455089
APP_binder_12_506_dldesign_0_cycle1_af2pred.pdb,SGLQQQLDQLLA,0.000502927
APP_binder_12_507_dldesign_0_cycle1_af2pred.pdb,GTRIVVDVEDLP,0.015747102
APP_binder_12_508_dldesign_0_cycle1_af2pred.pdb,GLVPASVLLEEE,0.002332288
APP_binder_12_509_dldesign_0_cycle1_af2pred.pdb,GLLKRLLQLLDL,0.028074918
APP_binder_12_50_dldesign_0_cycle1_af2pred.pdb,GAALDRLADLAA,0.00049941
APP_binder_12_510_dldesign_0_cycle1_af2pred.pdb,LEQALRARLRAL,0.003260681
APP_binder_12_511_dldesign_0_cycle1_af2pred.pdb,GGVPKPPLPRLL,0.000290816
APP_binder_12_512_dldesign_0_cycle1_af2pred.pdb,SALLEDLLSQLA,1.64E-05
APP_binder_12_513_dldesign_0_cycle1_af2pred.pdb,SLRELLRSLLLS,0.000589697
APP_binder_12_514_dldesign_0_cycle1_af2pred.pdb,GPPHLSEEERLP,0.00199274
APP_binder_12_515_dldesign_0_cycle1_af2pred.pdb,LVLPQPVPRPLP,0.194744036
APP_binder_12_516_dldesign_0_cycle1_af2pred.pdb,PLPIPYVPPETE,0.0375732
APP_binder_12_517_dldesign_0_cycle1_af2pred.pdb,NPTVLLQEALEA,1.05E-05
APP_binder_12_518_dldesign_0_cycle1_af2pred.pdb,AAPPVAVPVSLD,0.004100734
APP_binder_12_519_dldesign_0_cycle1_af2pred.pdb,RLPPELDALLAA,0.001609787
APP_binder_12_51_dldesign_0_cycle1_af2pred.pdb,SPVAIKVSRPLL,0.000250776
APP_binder_12_520_dldesign_0_cycle1_af2pred.pdb,KRQTATVVPALP,0.000783194
APP_binder_12_521_dldesign_0_cycle1_af2pred.pdb,RVLLKQLATLAA,0.005317996
APP_binder_12_522_dldesign_0_cycle1_af2pred.pdb,SLPPFVSLEDLL,0.001664563
APP_binder_12_523_dldesign_0_cycle1_af2pred.pdb,GLADLLRELLAS,0.006040369
APP_binder_12_524_dldesign_0_cycle1_af2pred.pdb,DAQDEADLLRAL,0.001885083
APP_binder_12_525_dldesign_0_cycle1_af2pred.pdb,PVVVYTPRRVPF,0.018882543
APP_binder_12_526_dldesign_0_cycle1_af2pred.pdb,PVVNTVSLLEQL,0.005582546
APP_binder_12_527_dldesign_0_cycle1_af2pred.pdb,GSGIRLPPVKAP,0.006223186
APP_binder_12_528_dldesign_0_cycle1_af2pred.pdb,SPRLDSLLAELS,9.49E-05
APP_binder_12_529_dldesign_0_cycle1_af2pred.pdb,SLTVEVLPPDLG,0.00049765
APP_binder_12_52_dldesign_0_cycle1_af2pred.pdb,EEEPPHYQRERR,0.000135821
APP_binder_12_530_dldesign_0_cycle1_af2pred.pdb,ALRAARLAALLA,0.000186814
APP_binder_12_531_dldesign_0_cycle1_af2pred.pdb,PVPAVPRRRLSP,0.016808506
APP_binder_12_532_dldesign_0_cycle1_af2pred.pdb,SLSALLQSLDNE,0.001127165
APP_binder_12_533_dldesign_0_cycle1_af2pred.pdb,LPLLDRIALRRA,0.00335643
APP_binder_12_534_dldesign_0_cycle1_af2pred.pdb,SPVALPAPKALL,0.000582953
APP_binder_12_535_dldesign_0_cycle1_af2pred.pdb,LVVKPKELPLLP,0.002150509
APP_binder_12_536_dldesign_0_cycle1_af2pred.pdb,MNAVSTEELEDL,0.001349275
APP_binder_12_537_dldesign_0_cycle1_af2pred.pdb,STLRSTPNYTLP,5.16E-05
APP_binder_12_538_dldesign_0_cycle1_af2pred.pdb,GSTNHVHVPALP,0.05599425
APP_binder_12_539_dldesign_0_cycle1_af2pred.pdb,GSLLLRALLQEL,0.002445573
APP_binder_12_53_dldesign_0_cycle1_af2pred.pdb,SARLQRLLNLLA,0.010232299
APP_binder_12_540_dldesign_0_cycle1_af2pred.pdb,YTRNYVLAPPPP,0.005816703
APP_binder_12_541_dldesign_0_cycle1_af2pred.pdb,VTYYTKEELEEL,0.002451463
APP_binder_12_542_dldesign_0_cycle1_af2pred.pdb,STPVARSLPNPP,2.36E-05
APP_binder_12_543_dldesign_0_cycle1_af2pred.pdb,ARAALLALLSAA,0.000435985
APP_binder_12_544_dldesign_0_cycle1_af2pred.pdb,SLLPVPRQVLPP,0.003046985
APP_binder_12_545_dldesign_0_cycle1_af2pred.pdb,GHVLAGDSLPED,1.36E-05
APP_binder_12_546_dldesign_0_cycle1_af2pred.pdb,GVLPELRRVPPP,0.015279605
APP_binder_12_547_dldesign_0_cycle1_af2pred.pdb,NEGLLEQLLYLP,0.000209807
APP_binder_12_548_dldesign_0_cycle1_af2pred.pdb,QVPVPAVAVPAP,0.017116278
APP_binder_12_549_dldesign_0_cycle1_af2pred.pdb,EVPVFTPQRRAP,0.002998433
APP_binder_12_54_dldesign_0_cycle1_af2pred.pdb,GGVPRYYDYSLL,0.000929941
APP_binder_12_550_dldesign_0_cycle1_af2pred.pdb,PPPPQVPTPVLP,0.000116642
APP_binder_12_551_dldesign_0_cycle1_af2pred.pdb,SELPVLRRAGDE,0.002218438
APP_binder_12_552_dldesign_0_cycle1_af2pred.pdb,PLNIVPRSVPPP,0.006656729
APP_binder_12_553_dldesign_0_cycle1_af2pred.pdb,SHAAYLLEELLA,0.000201596
APP_binder_12_554_dldesign_0_cycle1_af2pred.pdb,PDRELAALLSSL,0.00959953
APP_binder_12_555_dldesign_0_cycle1_af2pred.pdb,GEVYTARQLAPP,0.000152933
APP_binder_12_556_dldesign_0_cycle1_af2pred.pdb,LAALRLAAALAA,0.001561312
APP_binder_12_557_dldesign_0_cycle1_af2pred.pdb,SLAILLARLLAE,0.004721166
APP_binder_12_558_dldesign_0_cycle1_af2pred.pdb,HMERLDRVLDED,3.81E-05
APP_binder_12_559_dldesign_0_cycle1_af2pred.pdb,SVSPRLALLAAL,0.001405
APP_binder_12_55_dldesign_0_cycle1_af2pred.pdb,GPLLPPPTVNVP,0.006581882
APP_binder_12_560_dldesign_0_cycle1_af2pred.pdb,GVLLNKEEYLAP,0.012649661
APP_binder_12_561_dldesign_0_cycle1_af2pred.pdb,GLKITVVKVPAP,0.012988477
APP_binder_12_562_dldesign_0_cycle1_af2pred.pdb,APPPLNPRVVLP,0.000365451
APP_binder_12_563_dldesign_0_cycle1_af2pred.pdb,SDALLRALRAPP,0.00094959
APP_binder_12_564_dldesign_0_cycle1_af2pred.pdb,PPVVNTTVRRKP,0.000239668
APP_binder_12_565_dldesign_0_cycle1_af2pred.pdb,PLVLGKRTKAPA,0.008055532
APP_binder_12_566_dldesign_0_cycle1_af2pred.pdb,SVVVLPPSVSLA,2.33E-05
APP_binder_12_567_dldesign_0_cycle1_af2pred.pdb,SLRKLAKLLARD,0.001228969
APP_binder_12_568_dldesign_0_cycle1_af2pred.pdb,PEVRRHVKVPLP,8.02E-05
APP_binder_12_569_dldesign_0_cycle1_af2pred.pdb,DYLSARLAALLE,0.000173802
APP_binder_12_56_dldesign_0_cycle1_af2pred.pdb,GVLPYVDPDALP,0.074955769
APP_binder_12_570_dldesign_0_cycle1_af2pred.pdb,GKPVKRVVVPRG,0.01312075
APP_binder_12_571_dldesign_0_cycle1_af2pred.pdb,MPAVYHAVPAPP,0.005082044
APP_binder_12_572_dldesign_0_cycle1_af2pred.pdb,GPPRVPHVEDVD,0.041284215
APP_binder_12_573_dldesign_0_cycle1_af2pred.pdb,MTSPVRPSDVVL,0.000987369
APP_binder_12_574_dldesign_0_cycle1_af2pred.pdb,SLHRLLARLDSL,0.000399084
APP_binder_12_575_dldesign_0_cycle1_af2pred.pdb,LPETLLADLLRA,0.00068266
APP_binder_12_576_dldesign_0_cycle1_af2pred.pdb,GPLVLEELALLL,0.000165922
APP_binder_12_577_dldesign_0_cycle1_af2pred.pdb,SLAALLAQLLDE,0.00167026
APP_binder_12_578_dldesign_0_cycle1_af2pred.pdb,LSSQELSLLAEL,0.002588604
APP_binder_12_579_dldesign_0_cycle1_af2pred.pdb,GGRVVTVAELLP,4.44E-05
APP_binder_12_57_dldesign_0_cycle1_af2pred.pdb,DPFRLRRALEAA,0.007357602
APP_binder_12_580_dldesign_0_cycle1_af2pred.pdb,SHSGEREVPVAP,0.000177545
APP_binder_12_581_dldesign_0_cycle1_af2pred.pdb,GVPVPRSLSDLL,0.029461414
APP_binder_12_582_dldesign_0_cycle1_af2pred.pdb,AEALKRLLQRLA,0.000409936
APP_binder_12_583_dldesign_0_cycle1_af2pred.pdb,GLPPNVRLPEVP,0.010362599
APP_binder_12_584_dldesign_0_cycle1_af2pred.pdb,GVLTLAELLSLP,0.009527115
APP_binder_12_585_dldesign_0_cycle1_af2pred.pdb,GLRQLLKDLASA,0.088481516
APP_binder_12_586_dldesign_0_cycle1_af2pred.pdb,EEPVLRSVPERP,9.21E-05
APP_binder_12_587_dldesign_0_cycle1_af2pred.pdb,SLPVPRRVPLLP,0.000351782
APP_binder_12_588_dldesign_0_cycle1_af2pred.pdb,SPATLAYLLYRS,5.08E-05
APP_binder_12_589_dldesign_0_cycle1_af2pred.pdb,DEELKTLLRPKP,0.000538726
APP_binder_12_58_dldesign_0_cycle1_af2pred.pdb,SSLRQLLLELLS,0.00016878
APP_binder_12_590_dldesign_0_cycle1_af2pred.pdb,MTHVKVDVDPAP,0.001559576
APP_binder_12_591_dldesign_0_cycle1_af2pred.pdb,SLLRELAAELAR,8.83E-05
APP_binder_12_592_dldesign_0_cycle1_af2pred.pdb,PLPVPTVLRRRP,0.000423674
APP_binder_12_593_dldesign_0_cycle1_af2pred.pdb,GSRLLTTLLYNS,0.066140123
APP_binder_12_594_dldesign_0_cycle1_af2pred.pdb,NVLTVPLSQLLR,0.000536673
APP_binder_12_595_dldesign_0_cycle1_af2pred.pdb,PSLAEQIAAELA,0.001590473
APP_binder_12_596_dldesign_0_cycle1_af2pred.pdb,NLLDALLLRLLA,0.00263003
APP_binder_12_597_dldesign_0_cycle1_af2pred.pdb,SRPPVLPEPAPP,0.046442654
APP_binder_12_598_dldesign_0_cycle1_af2pred.pdb,DELLELLLELLE,7.54E-05
APP_binder_12_599_dldesign_0_cycle1_af2pred.pdb,SVPKRRTAPNVP,0.000660248
APP_binder_12_59_dldesign_0_cycle1_af2pred.pdb,GRLLTRLQQLLL,0.019790355
APP_binder_12_5_dldesign_0_cycle1_af2pred.pdb,VDLSTATFKRRP,0.003580055
APP_binder_12_600_dldesign_0_cycle1_af2pred.pdb,SATLLQQLDLEL,7.40E-05
APP_binder_12_601_dldesign_0_cycle1_af2pred.pdb,GLANLLNLDLVE,0.005565465
APP_binder_12_602_dldesign_0_cycle1_af2pred.pdb,SPEERRLAQLLS,0.000489647
APP_binder_12_603_dldesign_0_cycle1_af2pred.pdb,DKRLLQRLLLLA,0.007716553
APP_binder_12_604_dldesign_0_cycle1_af2pred.pdb,EVVLTEGEALPP,0.00041115
APP_binder_12_605_dldesign_0_cycle1_af2pred.pdb,APLPPLVQLSEE,0.003555392
APP_binder_12_606_dldesign_0_cycle1_af2pred.pdb,PVPVARRAEPLK,0.002121834
APP_binder_12_607_dldesign_0_cycle1_af2pred.pdb,GVVLPKAVSLPN,0.022871654
APP_binder_12_608_dldesign_0_cycle1_af2pred.pdb,ARLLRLLKQLLD,0.008861298
APP_binder_12_609_dldesign_0_cycle1_af2pred.pdb,SSLLRLLQDLLS,0.000128122
APP_binder_12_60_dldesign_0_cycle1_af2pred.pdb,SLLDELLALLAS,0.000594631
APP_binder_12_610_dldesign_0_cycle1_af2pred.pdb,GALERELLRLLL,0.001411847
APP_binder_12_611_dldesign_0_cycle1_af2pred.pdb,GPVPPPVKVPLP,0.122556135
APP_binder_12_612_dldesign_0_cycle1_af2pred.pdb,SSRLDDLLDNAL,0.000171849
APP_binder_12_613_dldesign_0_cycle1_af2pred.pdb,AALSADRRLLQL,2.36E-05
APP_binder_12_614_dldesign_0_cycle1_af2pred.pdb,DVDYTLRSVPNR,0.002539311
APP_binder_12_615_dldesign_0_cycle1_af2pred.pdb,SSSLLHRLADEA,0.000101266
APP_binder_12_616_dldesign_0_cycle1_af2pred.pdb,SAVLRPPRRYPL,0.000740658
APP_binder_12_617_dldesign_0_cycle1_af2pred.pdb,SLPVVTVRQVPG,0.003917249
APP_binder_12_618_dldesign_0_cycle1_af2pred.pdb,SVSVSSLVLSAD,0.000440408
APP_binder_12_619_dldesign_0_cycle1_af2pred.pdb,PLNVQPRVWWAP,0.005243843
APP_binder_12_61_dldesign_0_cycle1_af2pred.pdb,PVPVPVLPRVRP,0.022400431
APP_binder_12_620_dldesign_0_cycle1_af2pred.pdb,GNYHVRLVAPVL,0.007973722
APP_binder_12_621_dldesign_0_cycle1_af2pred.pdb,GPPRHRPASSAP,0.08588779
APP_binder_12_622_dldesign_0_cycle1_af2pred.pdb,SLHSEEVEVVNP,0.000523675
APP_binder_12_623_dldesign_0_cycle1_af2pred.pdb,PVLPPGTLRQRP,0.021586893
APP_binder_12_624_dldesign_0_cycle1_af2pred.pdb,SKLAKLLADLLS,0.000234034
APP_binder_12_625_dldesign_0_cycle1_af2pred.pdb,SLSSGVFRRVLA,0.001521662
APP_binder_12_626_dldesign_0_cycle1_af2pred.pdb,GRSGLRPVDVPP,0.273338437
APP_binder_12_627_dldesign_0_cycle1_af2pred.pdb,SLLLAKRRRYSP,0.006361513
APP_binder_12_628_dldesign_0_cycle1_af2pred.pdb,DLARLLRALLKS,0.000770187
APP_binder_12_629_dldesign_0_cycle1_af2pred.pdb,MEDDSVPTTPLP,8.59E-05
APP_binder_12_62_dldesign_0_cycle1_af2pred.pdb,GGVPRSAPLRPP,0.002936842
APP_binder_12_630_dldesign_0_cycle1_af2pred.pdb,SVYTARPQRRAP,0.000364667
APP_binder_12_631_dldesign_0_cycle1_af2pred.pdb,GLPDLLSQLLAR,0.010659812
APP_binder_12_632_dldesign_0_cycle1_af2pred.pdb,DLSTYTLRYAPP,0.014842371
APP_binder_12_633_dldesign_0_cycle1_af2pred.pdb,TVLRRVPPVVPP,0.015578933
APP_binder_12_634_dldesign_0_cycle1_af2pred.pdb,GFVWDEELLLPA,0.000265567
APP_binder_12_635_dldesign_0_cycle1_af2pred.pdb,GVTREELLDLLL,0.010155126
APP_binder_12_636_dldesign_0_cycle1_af2pred.pdb,DLATLLALLALL,0.001524196
APP_binder_12_637_dldesign_0_cycle1_af2pred.pdb,SANRLANLLADA,7.49E-05
APP_binder_12_638_dldesign_0_cycle1_af2pred.pdb,SLPVLIPGTWRP,0.000108073
APP_binder_12_639_dldesign_0_cycle1_af2pred.pdb,SNYLQARLDVLG,0.001737142
APP_binder_12_63_dldesign_0_cycle1_af2pred.pdb,SLPKLRSVNYRP,2.46E-05
APP_binder_12_640_dldesign_0_cycle1_af2pred.pdb,FTRTPPVRVAAP,9.47E-05
APP_binder_12_641_dldesign_0_cycle1_af2pred.pdb,RLVLPYDEEDEE,0.009414516
APP_binder_12_642_dldesign_0_cycle1_af2pred.pdb,GEVDPWTKPRRF,0.005159676
APP_binder_12_643_dldesign_0_cycle1_af2pred.pdb,FTRSPPIKVVAP,0.000340178
APP_binder_12_644_dldesign_0_cycle1_af2pred.pdb,EVDLPKVVTAPA,0.000237068
APP_binder_12_645_dldesign_0_cycle1_af2pred.pdb,REARLALLAALD,0.00077809
APP_binder_12_646_dldesign_0_cycle1_af2pred.pdb,SLLRRLAKLLAR,0.000173572
APP_binder_12_647_dldesign_0_cycle1_af2pred.pdb,SLVELDVPPTLP,0.009952346
APP_binder_12_648_dldesign_0_cycle1_af2pred.pdb,APPAPVARRAPE,0.000481142
APP_binder_12_649_dldesign_0_cycle1_af2pred.pdb,SFLAPAVPAPPA,0.000380711
APP_binder_12_64_dldesign_0_cycle1_af2pred.pdb,MSMEVVHRPAPP,0.010204477
APP_binder_12_650_dldesign_0_cycle1_af2pred.pdb,SEPLLYSRAALA,0.000881191
APP_binder_12_651_dldesign_0_cycle1_af2pred.pdb,GSKLLYLLKLLA,0.003486094
APP_binder_12_652_dldesign_0_cycle1_af2pred.pdb,LERLLRLLLQRP,0.002717589
APP_binder_12_653_dldesign_0_cycle1_af2pred.pdb,PDVPTVRVGRLS,0.012062945
APP_binder_12_654_dldesign_0_cycle1_af2pred.pdb,GSLPNAVPAVRP,0.003146788
APP_binder_12_655_dldesign_0_cycle1_af2pred.pdb,PQRALLLAAALA,0.00077189
APP_binder_12_656_dldesign_0_cycle1_af2pred.pdb,SLPTLRTVPNRE,0.000882829
APP_binder_12_657_dldesign_0_cycle1_af2pred.pdb,EVVLPKARRVLP,0.001004091
APP_binder_12_658_dldesign_0_cycle1_af2pred.pdb,SIELRRLLRELA,0.000429467
APP_binder_12_659_dldesign_0_cycle1_af2pred.pdb,GGVPRTYRPVAL,0.001792153
APP_binder_12_65_dldesign_0_cycle1_af2pred.pdb,APAPRLVTVPPR,0.000396338
APP_binder_12_660_dldesign_0_cycle1_af2pred.pdb,GATAIKVDDALP,0.005054253
APP_binder_12_661_dldesign_0_cycle1_af2pred.pdb,GVPPVPRRVPFP,0.081158578
APP_binder_12_662_dldesign_0_cycle1_af2pred.pdb,SLLAHRLAYLLS,0.000569186
APP_binder_12_663_dldesign_0_cycle1_af2pred.pdb,GPQVSPLEVVSP,0.001032856
APP_binder_12_664_dldesign_0_cycle1_af2pred.pdb,FTRSPPVRVPAP,0.003523072
APP_binder_12_665_dldesign_0_cycle1_af2pred.pdb,GHSVPVLALVDP,2.53E-05
APP_binder_12_666_dldesign_0_cycle1_af2pred.pdb,MILYPHRKAPAL,0.041979045
APP_binder_12_667_dldesign_0_cycle1_af2pred.pdb,LVLPPAVPAVRP,0.016507896
APP_binder_12_668_dldesign_0_cycle1_af2pred.pdb,SYTLVRAPPPPP,0.00173135
APP_binder_12_669_dldesign_0_cycle1_af2pred.pdb,KYRVAATPPVRL,0.002413858
APP_binder_12_66_dldesign_0_cycle1_af2pred.pdb,VVLPLPVYEVAP,0.022291893
APP_binder_12_670_dldesign_0_cycle1_af2pred.pdb,GLLAALLQELLK,0.000140195
APP_binder_12_671_dldesign_0_cycle1_af2pred.pdb,SSNLLALLSALS,0.000464037
APP_binder_12_672_dldesign_0_cycle1_af2pred.pdb,LLSELLADLLED,0.000934623
APP_binder_12_673_dldesign_0_cycle1_af2pred.pdb,EPPDVVVYVPKP,0.003255347
APP_binder_12_674_dldesign_0_cycle1_af2pred.pdb,GVNVGPRSVLPP,0.008082495
APP_binder_12_675_dldesign_0_cycle1_af2pred.pdb,LVTQEEIDLLDP,0.003201894
APP_binder_12_676_dldesign_0_cycle1_af2pred.pdb,AAALLARLAALS,0.00134269
APP_binder_12_677_dldesign_0_cycle1_af2pred.pdb,SRVLSEREPLPP,0.001263446
APP_binder_12_678_dldesign_0_cycle1_af2pred.pdb,SLNRLLNLLDEL,0.000313017
APP_binder_12_679_dldesign_0_cycle1_af2pred.pdb,GTPVPASQRAAA,0.003792008
APP_binder_12_67_dldesign_0_cycle1_af2pred.pdb,GFSDVPVETLPP,9.36E-05
APP_binder_12_680_dldesign_0_cycle1_af2pred.pdb,PPPPVPRTALLA,0.000108198
APP_binder_12_681_dldesign_0_cycle1_af2pred.pdb,GSVSFGEVEKQP,0.024953878
APP_binder_12_682_dldesign_0_cycle1_af2pred.pdb,GLANLLKNLLEL,0.004318785
APP_binder_12_683_dldesign_0_cycle1_af2pred.pdb,GVPSPNYSAAAA,0.037534785
APP_binder_12_684_dldesign_0_cycle1_af2pred.pdb,DGLDELLDRLLE,0.001817229
APP_binder_12_685_dldesign_0_cycle1_af2pred.pdb,GDLLEALLAALA,0.001411218
APP_binder_12_686_dldesign_0_cycle1_af2pred.pdb,GPTLRTPPRVPP,0.006186853
APP_binder_12_687_dldesign_0_cycle1_af2pred.pdb,PEPAATLKVPPL,0.000361563
APP_binder_12_688_dldesign_0_cycle1_af2pred.pdb,GPSLYVPVPQLP,8.91E-05
APP_binder_12_689_dldesign_0_cycle1_af2pred.pdb,SSALARLAALAA,0.000202729
APP_binder_12_68_dldesign_0_cycle1_af2pred.pdb,LLRRLLRLLKSL,0.039065994
APP_binder_12_690_dldesign_0_cycle1_af2pred.pdb,LELPDLTLATPP,0.0004407
APP_binder_12_691_dldesign_0_cycle1_af2pred.pdb,NVYTPKSVVPSR,0.001618354
APP_binder_12_692_dldesign_0_cycle1_af2pred.pdb,AAPLAVRVVARP,0.000576311
APP_binder_12_693_dldesign_0_cycle1_af2pred.pdb,FSLPVDSPAADL,0.002824712
APP_binder_12_694_dldesign_0_cycle1_af2pred.pdb,GLLASLLRQLLR,0.0026461
APP_binder_12_695_dldesign_0_cycle1_af2pred.pdb,GPAPALSVENHP,6.13E-05
APP_binder_12_696_dldesign_0_cycle1_af2pred.pdb,GERRHVKVDVAD,9.36E-05
APP_binder_12_697_dldesign_0_cycle1_af2pred.pdb,GPPVPKTEEDIG,0.003561311
APP_binder_12_698_dldesign_0_cycle1_af2pred.pdb,SSRLAYPKPVVY,0.009305879
APP_binder_12_699_dldesign_0_cycle1_af2pred.pdb,GALPKSLLDDLL,0.046631385
APP_binder_12_69_dldesign_0_cycle1_af2pred.pdb,SSSVTEYPPRPP,0.003861478
APP_binder_12_6_dldesign_0_cycle1_af2pred.pdb,SVPPKRRQVLPP,0.005437633
APP_binder_12_700_dldesign_0_cycle1_af2pred.pdb,EVVLPKPVYLPP,0.002232328
APP_binder_12_701_dldesign_0_cycle1_af2pred.pdb,DAALQALRAALS,0.003533377
APP_binder_12_702_dldesign_0_cycle1_af2pred.pdb,GSISHVRVPVAA,0.019771935
APP_binder_12_703_dldesign_0_cycle1_af2pred.pdb,SVLLKKLAALLA,0.001741565
APP_binder_12_704_dldesign_0_cycle1_af2pred.pdb,ARAAKRAAALAA,0.000499008
APP_binder_12_705_dldesign_0_cycle1_af2pred.pdb,SLAKLLANALAL,0.000178606
APP_binder_12_706_dldesign_0_cycle1_af2pred.pdb,NLEDLLNVLLTN,0.011176828
APP_binder_12_707_dldesign_0_cycle1_af2pred.pdb,PPPVNLTPRAPP,0.001400713
APP_binder_12_708_dldesign_0_cycle1_af2pred.pdb,SRADLRAALAAA,0.000704782
APP_binder_12_709_dldesign_0_cycle1_af2pred.pdb,GPLPPKVRQVLP,0.035073597
APP_binder_12_70_dldesign_0_cycle1_af2pred.pdb,GALTREELDELE,0.023881799
APP_binder_12_710_dldesign_0_cycle1_af2pred.pdb,GPPPVSGESLKE,0.000528465
APP_binder_12_711_dldesign_0_cycle1_af2pred.pdb,GLAPRVPVPAPL,0.007268407
APP_binder_12_712_dldesign_0_cycle1_af2pred.pdb,GSTLRTVPLRKP,0.019688912
APP_binder_12_713_dldesign_0_cycle1_af2pred.pdb,GLALLDHELAEL,0.00356984
APP_binder_12_714_dldesign_0_cycle1_af2pred.pdb,GLAQLLKLLASL,0.006091059
APP_binder_12_715_dldesign_0_cycle1_af2pred.pdb,SLALELRALLAE,0.00095624
APP_binder_12_716_dldesign_0_cycle1_af2pred.pdb,DDLLNLLRRLLA,3.15E-05
APP_binder_12_717_dldesign_0_cycle1_af2pred.pdb,GSTLKQAEARPP,0.002679217
APP_binder_12_718_dldesign_0_cycle1_af2pred.pdb,SLVLPPRRVPPP,0.000117189
APP_binder_12_719_dldesign_0_cycle1_af2pred.pdb,ETVVDYKEYENL,3.24E-05
APP_binder_12_71_dldesign_0_cycle1_af2pred.pdb,LSPEELSALQLG,0.003617468
APP_binder_12_720_dldesign_0_cycle1_af2pred.pdb,GLNVPVLTPRRP,5.17E-05
APP_binder_12_721_dldesign_0_cycle1_af2pred.pdb,GLGPVRVDPDAV,1.68E-05
APP_binder_12_722_dldesign_0_cycle1_af2pred.pdb,VVLPRPQPLPNE,0.006604514
APP_binder_12_723_dldesign_0_cycle1_af2pred.pdb,ADRLTVLLLQLL,2.93E-05
APP_binder_12_724_dldesign_0_cycle1_af2pred.pdb,SLASQLLVDLEE,0.000870583
APP_binder_12_725_dldesign_0_cycle1_af2pred.pdb,GSVSARDLLLLE,1.78E-05
APP_binder_12_726_dldesign_0_cycle1_af2pred.pdb,GPSVLKRLEQLL,0.0068891
APP_binder_12_727_dldesign_0_cycle1_af2pred.pdb,AAALAAMTVRRV,0.001057354
APP_binder_12_728_dldesign_0_cycle1_af2pred.pdb,ALPGTIIKAPSP,3.50E-05
APP_binder_12_729_dldesign_0_cycle1_af2pred.pdb,SLPTLRTPRLAT,0.00098033
APP_binder_12_72_dldesign_0_cycle1_af2pred.pdb,GNTPTPKTYYYP,0.054663926
APP_binder_12_730_dldesign_0_cycle1_af2pred.pdb,AVHPLAGLMAPP,0.00428732
APP_binder_12_731_dldesign_0_cycle1_af2pred.pdb,GSVPRRVPVVLP,0.010089151
APP_binder_12_732_dldesign_0_cycle1_af2pred.pdb,DPVAARRLAELL,0.002084721
APP_binder_12_733_dldesign_0_cycle1_af2pred.pdb,GRGTPVPAPAPL,0.065688558
APP_binder_12_734_dldesign_0_cycle1_af2pred.pdb,SSVISGEREALP,0.000298753
APP_binder_12_735_dldesign_0_cycle1_af2pred.pdb,KYLPPEEDDDLE,0.000362304
APP_binder_12_736_dldesign_0_cycle1_af2pred.pdb,LNNLLNGLLLSL,0.000694384
APP_binder_12_737_dldesign_0_cycle1_af2pred.pdb,DRRLQLLLADEL,0.000481432
APP_binder_12_738_dldesign_0_cycle1_af2pred.pdb,LSPGLLRRLLQR,0.007617536
APP_binder_12_739_dldesign_0_cycle1_af2pred.pdb,APRLAELQKLLE,0.000980176
APP_binder_12_73_dldesign_0_cycle1_af2pred.pdb,SSAPVPRPQRVP,0.00079781
APP_binder_12_740_dldesign_0_cycle1_af2pred.pdb,EDEKLLKNLEAE,2.53E-05
APP_binder_12_741_dldesign_0_cycle1_af2pred.pdb,SLRVLLRKLASE,0.000529402
APP_binder_12_742_dldesign_0_cycle1_af2pred.pdb,NKPRSVKAPAVL,0.250172347
APP_binder_12_743_dldesign_0_cycle1_af2pred.pdb,SLKELLNELAEA,0.00052406
APP_binder_12_744_dldesign_0_cycle1_af2pred.pdb,EVLTLTPPRPPL,0.00010463
APP_binder_12_745_dldesign_0_cycle1_af2pred.pdb,STVTESPPVLAE,0.003266867
APP_binder_12_746_dldesign_0_cycle1_af2pred.pdb,DPDLLQQLLLAL,0.001046989
APP_binder_12_747_dldesign_0_cycle1_af2pred.pdb,LQELLDRRLENL,3.08E-05
APP_binder_12_748_dldesign_0_cycle1_af2pred.pdb,GLRDLQQLLALL,0.007066044
APP_binder_12_749_dldesign_0_cycle1_af2pred.pdb,RLEQLLLERLLS,0.039007343
APP_binder_12_74_dldesign_0_cycle1_af2pred.pdb,GALARLRRLLRE,0.019476488
APP_binder_12_750_dldesign_0_cycle1_af2pred.pdb,GAVSVRELLDLA,0.000148677
APP_binder_12_751_dldesign_0_cycle1_af2pred.pdb,PPPPKAVQLKPP,0.001049045
APP_binder_12_752_dldesign_0_cycle1_af2pred.pdb,GPPPKPRETVLP,0.008118243
APP_binder_12_753_dldesign_0_cycle1_af2pred.pdb,APPPKVRRVLLG,0.001207428
APP_binder_12_754_dldesign_0_cycle1_af2pred.pdb,PLPVPRYPPPRP,0.835957944
APP_binder_12_755_dldesign_0_cycle1_af2pred.pdb,GSIVVEREREAE,0.000232665
APP_binder_12_756_dldesign_0_cycle1_af2pred.pdb,GSHIHDAAEPPP,0.003276003
APP_binder_12_757_dldesign_0_cycle1_af2pred.pdb,SSLPASAESIPP,0.001645797
APP_binder_12_758_dldesign_0_cycle1_af2pred.pdb,PLLLLLLHNHLP,0.000254865
APP_binder_12_759_dldesign_0_cycle1_af2pred.pdb,SSLLLQRALLSS,0.000588319
APP_binder_12_75_dldesign_0_cycle1_af2pred.pdb,GADRRLAQLLDL,1.23E-05
APP_binder_12_760_dldesign_0_cycle1_af2pred.pdb,SELIESEREAPP,0.001077552
APP_binder_12_761_dldesign_0_cycle1_af2pred.pdb,SRLAKLLASLLP,0.000529593
APP_binder_12_762_dldesign_0_cycle1_af2pred.pdb,SVLVELPARPAP,0.002805169
APP_binder_12_763_dldesign_0_cycle1_af2pred.pdb,SSYTLVHYKLPA,0.00023025
APP_binder_12_764_dldesign_0_cycle1_af2pred.pdb,SPNLLNLLARLP,5.75E-05
APP_binder_12_765_dldesign_0_cycle1_af2pred.pdb,SLAQLQRRLDQL,0.001964461
APP_binder_12_766_dldesign_0_cycle1_af2pred.pdb,DVRALMLDQEDD,0.000582503
APP_binder_12_767_dldesign_0_cycle1_af2pred.pdb,GHRLRRLLEVLS,0.103284374
APP_binder_12_768_dldesign_0_cycle1_af2pred.pdb,GNDERDKLRALL,9.93E-05
APP_binder_12_769_dldesign_0_cycle1_af2pred.pdb,SHMPLIRKKLLP,0.007822733
APP_binder_12_76_dldesign_0_cycle1_af2pred.pdb,LQQELDQQLLNS,0.00048186
APP_binder_12_770_dldesign_0_cycle1_af2pred.pdb,ADLALARLLALA,0.000880887
APP_binder_12_771_dldesign_0_cycle1_af2pred.pdb,FIRSEPVKVALP,0.001844923
APP_binder_12_772_dldesign_0_cycle1_af2pred.pdb,VLEKLLANALAD,0.004169502
APP_binder_12_773_dldesign_0_cycle1_af2pred.pdb,MKEQEPEYVPPK,0.002609505
APP_binder_12_774_dldesign_0_cycle1_af2pred.pdb,SLPRFTTPLDLN,0.006632668
APP_binder_12_775_dldesign_0_cycle1_af2pred.pdb,GMVLTPRSAPSK,0.000109597
APP_binder_12_776_dldesign_0_cycle1_af2pred.pdb,PPRVRNVLDLPA,0.003320449
APP_binder_12_777_dldesign_0_cycle1_af2pred.pdb,GLLPAPLIKVEP,0.003298968
APP_binder_12_778_dldesign_0_cycle1_af2pred.pdb,GLVPRPVVTRQP,0.007946641
APP_binder_12_779_dldesign_0_cycle1_af2pred.pdb,SLRRLADLLDEL,0.000336337
APP_binder_12_77_dldesign_0_cycle1_af2pred.pdb,SVTFSEPVVNLP,0.011972343
APP_binder_12_780_dldesign_0_cycle1_af2pred.pdb,LVPPPPSPLDGP,0.00505626
APP_binder_12_781_dldesign_0_cycle1_af2pred.pdb,PLPAKYSVSRPA,1.27E-05
APP_binder_12_782_dldesign_0_cycle1_af2pred.pdb,DYYDLQDLLQLL,0.002114431
APP_binder_12_783_dldesign_0_cycle1_af2pred.pdb,GAPLPPRPLLAP,0.035104014
APP_binder_12_784_dldesign_0_cycle1_af2pred.pdb,SAYSEKVPAPVP,0.010246235
APP_binder_12_785_dldesign_0_cycle1_af2pred.pdb,GTPRRVPDLSGL,0.065033749
APP_binder_12_786_dldesign_0_cycle1_af2pred.pdb,LSPQELARLAQL,0.000553126
APP_binder_12_787_dldesign_0_cycle1_af2pred.pdb,SYLTQRELEDLE,0.000280672
APP_binder_12_788_dldesign_0_cycle1_af2pred.pdb,GRRLLRLLSKLP,0.006730288
APP_binder_12_789_dldesign_0_cycle1_af2pred.pdb,VVLPPTPDDDDL,0.002545442
APP_binder_12_78_dldesign_0_cycle1_af2pred.pdb,SAVPMTLEDALP,0.00609101
APP_binder_12_790_dldesign_0_cycle1_af2pred.pdb,PVTFLPPVKVAA,0.122240871
APP_binder_12_791_dldesign_0_cycle1_af2pred.pdb,PWNENPEEDDLP,0.106465615
APP_binder_12_792_dldesign_0_cycle1_af2pred.pdb,GLVNQAVKSVPS,0.543776989
APP_binder_12_793_dldesign_0_cycle1_af2pred.pdb,GVSEEELDDLLA,0.007754968
APP_binder_12_794_dldesign_0_cycle1_af2pred.pdb,PPPPKYTRQLSN,0.000230583
APP_binder_12_795_dldesign_0_cycle1_af2pred.pdb,SALLAKLLAELL,0.000137396
APP_binder_12_796_dldesign_0_cycle1_af2pred.pdb,GEVLTPRYAPTR,3.99E-05
APP_binder_12_797_dldesign_0_cycle1_af2pred.pdb,PVPVPTFTPLPP,0.009043713
APP_binder_12_798_dldesign_0_cycle1_af2pred.pdb,HGALREALSALL,0.000308302
APP_binder_12_799_dldesign_0_cycle1_af2pred.pdb,SEEDMRDLRLLR,0.000400392
APP_binder_12_79_dldesign_0_cycle1_af2pred.pdb,PLPKLVQLPSRR,3.14E-05
APP_binder_12_7_dldesign_0_cycle1_af2pred.pdb,DPRLLAERLASL,0.00635924
APP_binder_12_800_dldesign_0_cycle1_af2pred.pdb,SVPVAPQRPPPP,0.008860781
APP_binder_12_801_dldesign_0_cycle1_af2pred.pdb,AALVAQTAEELA,0.000270012
APP_binder_12_802_dldesign_0_cycle1_af2pred.pdb,SDLRRLAKTLAL,3.04E-05
APP_binder_12_803_dldesign_0_cycle1_af2pred.pdb,PAPPSYEELLAA,0.002938358
APP_binder_12_804_dldesign_0_cycle1_af2pred.pdb,STLRPPVNSHPP,0.000838564
APP_binder_12_805_dldesign_0_cycle1_af2pred.pdb,PEPVVVRPRLRP,0.002177161
APP_binder_12_806_dldesign_0_cycle1_af2pred.pdb,SAVPAVRVLPVA,0.003138368
APP_binder_12_807_dldesign_0_cycle1_af2pred.pdb,SLTSSTTIRSSR,0.005012106
APP_binder_12_808_dldesign_0_cycle1_af2pred.pdb,GLVDPDDDDDDD,0.0237622
APP_binder_12_809_dldesign_0_cycle1_af2pred.pdb,GATYRQTPPEVE,0.011039983
APP_binder_12_80_dldesign_0_cycle1_af2pred.pdb,SKNDLADDLLEE,4.35E-05
APP_binder_12_810_dldesign_0_cycle1_af2pred.pdb,EVDLPELRTYTP,8.20E-05
APP_binder_12_811_dldesign_0_cycle1_af2pred.pdb,ARVVYPRRLPPV,0.002232248
APP_binder_12_812_dldesign_0_cycle1_af2pred.pdb,TPRPALRLVALP,0.02323994
APP_binder_12_813_dldesign_0_cycle1_af2pred.pdb,PPPAVPRRVLPP,6.01E-05
APP_binder_12_814_dldesign_0_cycle1_af2pred.pdb,SSPPVPRRVLPP,1.24E-05
APP_binder_12_815_dldesign_0_cycle1_af2pred.pdb,SLAALLRQLARL,0.000880082
APP_binder_12_816_dldesign_0_cycle1_af2pred.pdb,GDVEPHPPVVLP,0.006857159
APP_binder_12_817_dldesign_0_cycle1_af2pred.pdb,MLRSSLLEEVDD,0.00020123
APP_binder_12_818_dldesign_0_cycle1_af2pred.pdb,SVPQFRPTRRPP,0.00683734
APP_binder_12_819_dldesign_0_cycle1_af2pred.pdb,SNLSKKVPVASL,0.00672211
APP_binder_12_81_dldesign_0_cycle1_af2pred.pdb,DVDLEANLAHLL,0.000570373
APP_binder_12_820_dldesign_0_cycle1_af2pred.pdb,GHVLELTPLVVS,0.000327458
APP_binder_12_821_dldesign_0_cycle1_af2pred.pdb,MSLAERLARLLA,0.000370454
APP_binder_12_822_dldesign_0_cycle1_af2pred.pdb,LDENDDYLDALL,0.005733612
APP_binder_12_823_dldesign_0_cycle1_af2pred.pdb,PLPPVPRQVPPP,0.002077872
APP_binder_12_824_dldesign_0_cycle1_af2pred.pdb,AARPVLPPRPPA,0.001568589
APP_binder_12_825_dldesign_0_cycle1_af2pred.pdb,SLPGEIVEYEKE,0.000377413
APP_binder_12_826_dldesign_0_cycle1_af2pred.pdb,GATAVRSTRQLP,5.25E-05
APP_binder_12_827_dldesign_0_cycle1_af2pred.pdb,PLPVSSKMVLKR,0.000676158
APP_binder_12_828_dldesign_0_cycle1_af2pred.pdb,VAVSKEELLDLL,0.003100542
APP_binder_12_829_dldesign_0_cycle1_af2pred.pdb,SPADLLALQRLL,1.05E-05
APP_binder_12_82_dldesign_0_cycle1_af2pred.pdb,VVLTPAGPLLPP,0.000953055
APP_binder_12_830_dldesign_0_cycle1_af2pred.pdb,LNQTLLELLKRL,0.000334482
APP_binder_12_831_dldesign_0_cycle1_af2pred.pdb,SAPVPRRAPPPP,0.001685413
APP_binder_12_832_dldesign_0_cycle1_af2pred.pdb,LLNLLSQLDADD,0.0024801
APP_binder_12_833_dldesign_0_cycle1_af2pred.pdb,GLGTPVKVDLPP,0.007076344
APP_binder_12_834_dldesign_0_cycle1_af2pred.pdb,GSASALPLVPVL,0.000185872
APP_binder_12_835_dldesign_0_cycle1_af2pred.pdb,EEDEEILPPVPP,0.000327789
APP_binder_12_836_dldesign_0_cycle1_af2pred.pdb,PPPPPRLVQVPP,0.00174566
APP_binder_12_837_dldesign_0_cycle1_af2pred.pdb,LVPIPLSALYPA,0.00029299
APP_binder_12_838_dldesign_0_cycle1_af2pred.pdb,GLFNLLLRLLDS,0.000598552
APP_binder_12_839_dldesign_0_cycle1_af2pred.pdb,SVVVTTPRRRPP,0.001761336
APP_binder_12_83_dldesign_0_cycle1_af2pred.pdb,DVVGVPRRPLPP,0.023982143
APP_binder_12_840_dldesign_0_cycle1_af2pred.pdb,SLRELERLLRLA,0.001770748
APP_binder_12_841_dldesign_0_cycle1_af2pred.pdb,AAALANLLALLS,0.000527479
APP_binder_12_842_dldesign_0_cycle1_af2pred.pdb,SELISGEREVLP,0.00077922
APP_binder_12_843_dldesign_0_cycle1_af2pred.pdb,PPLPTLRRVLPP,9.50E-05
APP_binder_12_844_dldesign_0_cycle1_af2pred.pdb,GLAELLRALARL,0.004283914
APP_binder_12_845_dldesign_0_cycle1_af2pred.pdb,EVVVYTTKEELL,0.003658166
APP_binder_12_846_dldesign_0_cycle1_af2pred.pdb,GPVPRSLALLAA,0.002021879
APP_binder_12_847_dldesign_0_cycle1_af2pred.pdb,SLDERLLDELLE,0.000130752
APP_binder_12_848_dldesign_0_cycle1_af2pred.pdb,GVPASLLKLAAL,0.010512527
APP_binder_12_849_dldesign_0_cycle1_af2pred.pdb,GVTRVILKELLP,0.036190398
APP_binder_12_84_dldesign_0_cycle1_af2pred.pdb,PVPRGVAIPAPP,0.004244075
APP_binder_12_850_dldesign_0_cycle1_af2pred.pdb,GPVLFSERLVLP,0.003449613
APP_binder_12_851_dldesign_0_cycle1_af2pred.pdb,SSLLARLQQLLQ,0.000266637
APP_binder_12_852_dldesign_0_cycle1_af2pred.pdb,APAPKKTPLRVY,0.001964146
APP_binder_12_853_dldesign_0_cycle1_af2pred.pdb,LLQQLLARLLRA,0.002052927
APP_binder_12_854_dldesign_0_cycle1_af2pred.pdb,LLDQLLARLLRR,4.36E-05
APP_binder_12_855_dldesign_0_cycle1_af2pred.pdb,PLLPPVVPRPLL,0.147509292
APP_binder_12_856_dldesign_0_cycle1_af2pred.pdb,SLPVVAPRLETP,0.000946497
APP_binder_12_857_dldesign_0_cycle1_af2pred.pdb,LQPLQLLDELDS,3.87E-05
APP_binder_12_858_dldesign_0_cycle1_af2pred.pdb,PAPVTNRELLAA,0.001179497
APP_binder_12_859_dldesign_0_cycle1_af2pred.pdb,GRLAQLLKELLE,0.055121053
APP_binder_12_85_dldesign_0_cycle1_af2pred.pdb,SVNKLIKGKKAP,0.000502306
APP_binder_12_860_dldesign_0_cycle1_af2pred.pdb,MESRVEGPPKLP,0.001442049
APP_binder_12_861_dldesign_0_cycle1_af2pred.pdb,DDVDVAVFRQRP,0.001703133
APP_binder_12_862_dldesign_0_cycle1_af2pred.pdb,SVPRVTPPLPPP,0.004007157
APP_binder_12_863_dldesign_0_cycle1_af2pred.pdb,GPLLPNLLPLLL,0.002955682
APP_binder_12_864_dldesign_0_cycle1_af2pred.pdb,GSTHHYLLVAEE,0.004118878
APP_binder_12_865_dldesign_0_cycle1_af2pred.pdb,SLVLPQVEADED,0.00125268
APP_binder_12_866_dldesign_0_cycle1_af2pred.pdb,RLPTVPPVLGPL,0.044688318
APP_binder_12_867_dldesign_0_cycle1_af2pred.pdb,MLHLHPPPDVPP,0.007771501
APP_binder_12_868_dldesign_0_cycle1_af2pred.pdb,GSVARRPSVDLP,0.005060136
APP_binder_12_869_dldesign_0_cycle1_af2pred.pdb,AIAIKVPADVLP,0.002487712
APP_binder_12_86_dldesign_0_cycle1_af2pred.pdb,SLALWKKIAALL,0.000418469
APP_binder_12_870_dldesign_0_cycle1_af2pred.pdb,SSSVVLDSEAKF,6.13E-05
APP_binder_12_871_dldesign_0_cycle1_af2pred.pdb,AELRKLLNELDA,0.000362469
APP_binder_12_872_dldesign_0_cycle1_af2pred.pdb,TPRRVLAVDDAP,0.175932303
APP_binder_12_873_dldesign_0_cycle1_af2pred.pdb,KVYPTKSVPVSP,0.010264176
APP_binder_12_874_dldesign_0_cycle1_af2pred.pdb,SLPPVPADLPLD,0.000514048
APP_binder_12_875_dldesign_0_cycle1_af2pred.pdb,SLPVPRRYVRLP,0.004064799
APP_binder_12_876_dldesign_0_cycle1_af2pred.pdb,SVPPVPRSLPAL,0.005637764
APP_binder_12_877_dldesign_0_cycle1_af2pred.pdb,LYTSPGVLSAPP,0.000526785
APP_binder_12_878_dldesign_0_cycle1_af2pred.pdb,GVSARPPRRYSP,0.940469384
APP_binder_12_879_dldesign_0_cycle1_af2pred.pdb,EAAILAARAAAR,2.73E-05
APP_binder_12_87_dldesign_0_cycle1_af2pred.pdb,GSLLKALLQKLL,0.000524895
APP_binder_12_880_dldesign_0_cycle1_af2pred.pdb,LALRRLASLLLQ,0.005154173
APP_binder_12_881_dldesign_0_cycle1_af2pred.pdb,GLLRRLLQKLLD,0.00075116
APP_binder_12_882_dldesign_0_cycle1_af2pred.pdb,GRAVRVPAPALP,0.001621785
APP_binder_12_883_dldesign_0_cycle1_af2pred.pdb,SSSVLRTVPKPL,0.002294984
APP_binder_12_884_dldesign_0_cycle1_af2pred.pdb,SLKTLLADLLAA,3.00E-05
APP_binder_12_885_dldesign_0_cycle1_af2pred.pdb,GSRLPVDLPPPL,0.033235937
APP_binder_12_886_dldesign_0_cycle1_af2pred.pdb,ALRQLLRDDAEA,0.001991963
APP_binder_12_887_dldesign_0_cycle1_af2pred.pdb,SYKTYSSAPVEP,0.000337472
APP_binder_12_888_dldesign_0_cycle1_af2pred.pdb,GAARRLALLLAQ,0.001005567
APP_binder_12_889_dldesign_0_cycle1_af2pred.pdb,GAAAAAAAAALA,0.000317218
APP_binder_12_88_dldesign_0_cycle1_af2pred.pdb,DDDRQALLQALF,0.00015429
APP_binder_12_890_dldesign_0_cycle1_af2pred.pdb,LARLQAQLDALA,0.000475103
APP_binder_12_891_dldesign_0_cycle1_af2pred.pdb,PLPVEPLLDVDD,0.000177242
APP_binder_12_892_dldesign_0_cycle1_af2pred.pdb,DEQLLAALRRLL,0.001891414
APP_binder_12_893_dldesign_0_cycle1_af2pred.pdb,RRPRPPSVDVAP,0.396095157
APP_binder_12_894_dldesign_0_cycle1_af2pred.pdb,NQAQLDYRALRS,0.001247436
APP_binder_12_895_dldesign_0_cycle1_af2pred.pdb,PPVITRRPTVRY,0.029057793
APP_binder_12_896_dldesign_0_cycle1_af2pred.pdb,EPTVYTSVHRLP,0.000618138
APP_binder_12_897_dldesign_0_cycle1_af2pred.pdb,GAVTNRELLAAA,0.000922945
APP_binder_12_898_dldesign_0_cycle1_af2pred.pdb,NVPRPTTPADRA,0.024293909
APP_binder_12_899_dldesign_0_cycle1_af2pred.pdb,SHSAELPPAVPA,0.000668302
APP_binder_12_89_dldesign_0_cycle1_af2pred.pdb,PLPVVTTPRPPR,0.001782993
APP_binder_12_8_dldesign_0_cycle1_af2pred.pdb,LRALLRLLQQLL,5.67E-05
APP_binder_12_900_dldesign_0_cycle1_af2pred.pdb,AVRLKPAPVLLP,0.00088562
APP_binder_12_901_dldesign_0_cycle1_af2pred.pdb,DVEDQQLLNLLR,0.004784002
APP_binder_12_902_dldesign_0_cycle1_af2pred.pdb,SVLKVARVERPL,0.000513042
APP_binder_12_903_dldesign_0_cycle1_af2pred.pdb,GPTTPRRPPPPP,0.039746478
APP_binder_12_904_dldesign_0_cycle1_af2pred.pdb,SLPPPRVRPALP,0.000155316
APP_binder_12_905_dldesign_0_cycle1_af2pred.pdb,GVPVPRRYVRLP,0.10550224
APP_binder_12_906_dldesign_0_cycle1_af2pred.pdb,YDLSDLTLEVPP,0.002624054
APP_binder_12_907_dldesign_0_cycle1_af2pred.pdb,SLSSSSDTLRVP,0.000148936
APP_binder_12_908_dldesign_0_cycle1_af2pred.pdb,ETVLSSGESLSE,0.000269774
APP_binder_12_909_dldesign_0_cycle1_af2pred.pdb,PVVVLLPPAGPP,2.01E-05
APP_binder_12_90_dldesign_0_cycle1_af2pred.pdb,TEDLLNELRRLL,3.71E-05
APP_binder_12_910_dldesign_0_cycle1_af2pred.pdb,APAVVVSAPAPL,0.002437256
APP_binder_12_911_dldesign_0_cycle1_af2pred.pdb,ERLLRRLLGLLS,0.00272341
APP_binder_12_912_dldesign_0_cycle1_af2pred.pdb,AAALQLAALAAA,0.000340203
APP_binder_12_913_dldesign_0_cycle1_af2pred.pdb,TLRDVLQVLLKE,0.003549891
APP_binder_12_914_dldesign_0_cycle1_af2pred.pdb,SSSVLRSLPNHP,8.64E-05
APP_binder_12_915_dldesign_0_cycle1_af2pred.pdb,GVVTLTPQRVFS,0.099512108
APP_binder_12_916_dldesign_0_cycle1_af2pred.pdb,RDARVAAARAAA,0.000608939
APP_binder_12_917_dldesign_0_cycle1_af2pred.pdb,SLPVSGEREYTP,0.001032435
APP_binder_12_918_dldesign_0_cycle1_af2pred.pdb,DLAVLARRVVAA,0.002701159
APP_binder_12_919_dldesign_0_cycle1_af2pred.pdb,GVHSNEGVELPP,0.018686617
APP_binder_12_91_dldesign_0_cycle1_af2pred.pdb,DDDLQELLQELL,8.77E-05
APP_binder_12_920_dldesign_0_cycle1_af2pred.pdb,GLLNRLLQLLDD,0.018696474
APP_binder_12_921_dldesign_0_cycle1_af2pred.pdb,GLAPRVKVDVLP,0.001713913
APP_binder_12_922_dldesign_0_cycle1_af2pred.pdb,SSVVLKVPNVLL,0.004429375
APP_binder_12_923_dldesign_0_cycle1_af2pred.pdb,SASLRRLLAELA,3.52E-05
APP_binder_12_924_dldesign_0_cycle1_af2pred.pdb,GLAKYLAARLAG,0.000371706
APP_binder_12_925_dldesign_0_cycle1_af2pred.pdb,GIVTLPPEPPEE,0.000415483
APP_binder_12_926_dldesign_0_cycle1_af2pred.pdb,GFTWNDNLALSR,0.010185654
APP_binder_12_927_dldesign_0_cycle1_af2pred.pdb,AVYTPRQLPPRP,5.14E-05
APP_binder_12_928_dldesign_0_cycle1_af2pred.pdb,LARRLDLLALLG,0.000316141
APP_binder_12_929_dldesign_0_cycle1_af2pred.pdb,GIVRPPQPLVPP,0.003633814
APP_binder_12_92_dldesign_0_cycle1_af2pred.pdb,PVLPSYTVRRPP,0.052189164
APP_binder_12_930_dldesign_0_cycle1_af2pred.pdb,FTRSPPVPLVPP,0.005676862
APP_binder_12_931_dldesign_0_cycle1_af2pred.pdb,SRLDELLDELLD,0.000423174
APP_binder_12_932_dldesign_0_cycle1_af2pred.pdb,PPPPVPRSVLAP,2.90E-05
APP_binder_12_933_dldesign_0_cycle1_af2pred.pdb,LAADLAALAKNL,0.001570974
APP_binder_12_934_dldesign_0_cycle1_af2pred.pdb,GLVLPLARTYLD,0.011812259
APP_binder_12_935_dldesign_0_cycle1_af2pred.pdb,DDLLQELRELLS,7.81E-06
APP_binder_12_936_dldesign_0_cycle1_af2pred.pdb,SHMPGNYVLELP,0.001934051
APP_binder_12_937_dldesign_0_cycle1_af2pred.pdb,PALSSAPRPLLP,0.008468616
APP_binder_12_938_dldesign_0_cycle1_af2pred.pdb,SLVTTVRRVPPP,0.000754829
APP_binder_12_939_dldesign_0_cycle1_af2pred.pdb,GGVPRPPLVYLP,0.003284632
APP_binder_12_93_dldesign_0_cycle1_af2pred.pdb,SFVALPEVVPAA,3.08E-05
APP_binder_12_940_dldesign_0_cycle1_af2pred.pdb,SLADLLQSLLNS,0.000346027
APP_binder_12_941_dldesign_0_cycle1_af2pred.pdb,SKYTVVESPVEP,0.001577975
APP_binder_12_942_dldesign_0_cycle1_af2pred.pdb,SSSLLLSLLSSL,0.00012515
APP_binder_12_943_dldesign_0_cycle1_af2pred.pdb,SEVVSGERPALP,0.002471649
APP_binder_12_944_dldesign_0_cycle1_af2pred.pdb,PLSPVIVLDDDP,0.001392995
APP_binder_12_945_dldesign_0_cycle1_af2pred.pdb,TVVLPVLDSAAL,0.000288745
APP_binder_12_946_dldesign_0_cycle1_af2pred.pdb,GATLKQYTPVPR,0.001459577
APP_binder_12_947_dldesign_0_cycle1_af2pred.pdb,SLVIVNTNRLLP,0.006781001
APP_binder_12_948_dldesign_0_cycle1_af2pred.pdb,ANPALNRRLLLP,0.000313235
APP_binder_12_949_dldesign_0_cycle1_af2pred.pdb,AQANLDRRLASL,0.000677089
APP_binder_12_94_dldesign_0_cycle1_af2pred.pdb,GSAIPVPDDDLP,0.001094051
APP_binder_12_950_dldesign_0_cycle1_af2pred.pdb,SVQSTSPRHVLE,0.007858843
APP_binder_12_951_dldesign_0_cycle1_af2pred.pdb,SRPPGHHVVVAA,0.000877849
APP_binder_12_952_dldesign_0_cycle1_af2pred.pdb,GFVLNLPLEELL,0.000294949
APP_binder_12_953_dldesign_0_cycle1_af2pred.pdb,GVYTPRRVPPRP,0.970605135
APP_binder_12_954_dldesign_0_cycle1_af2pred.pdb,GVNTTPRSVRDL,0.00572993
APP_binder_12_955_dldesign_0_cycle1_af2pred.pdb,RLLEALLKELLA,0.000631273
APP_binder_12_956_dldesign_0_cycle1_af2pred.pdb,VTLRRVLAPPPG,0.003000137
APP_binder_12_957_dldesign_0_cycle1_af2pred.pdb,SPLSLTEIPVEP,0.000364584
APP_binder_12_958_dldesign_0_cycle1_af2pred.pdb,GPVFEEKPVLPL,0.003976488
APP_binder_12_959_dldesign_0_cycle1_af2pred.pdb,ALPVTPNIVLVD,0.003345916
APP_binder_12_95_dldesign_0_cycle1_af2pred.pdb,PVPTLRPPLYTP,0.011465776
APP_binder_12_960_dldesign_0_cycle1_af2pred.pdb,PVLPTTPPVYAA,0.021538561
APP_binder_12_961_dldesign_0_cycle1_af2pred.pdb,LVSKEELLDLLE,2.56E-05
APP_binder_12_962_dldesign_0_cycle1_af2pred.pdb,GVVLPERRSVPP,0.019116959
APP_binder_12_963_dldesign_0_cycle1_af2pred.pdb,PDVVRQFERVLP,0.00020821
APP_binder_12_964_dldesign_0_cycle1_af2pred.pdb,LLPPYALRRRKA,0.031933274
APP_binder_12_965_dldesign_0_cycle1_af2pred.pdb,SSLRLLLRKLLL,0.000233637
APP_binder_12_966_dldesign_0_cycle1_af2pred.pdb,SLRKLLAELAQL,6.96E-05
APP_binder_12_967_dldesign_0_cycle1_af2pred.pdb,SRLLLRLQALLQ,8.84E-05
APP_binder_12_968_dldesign_0_cycle1_af2pred.pdb,GPQALAQLLADL,0.001265151
APP_binder_12_969_dldesign_0_cycle1_af2pred.pdb,LVETPPILRLAV,0.006383166
APP_binder_12_96_dldesign_0_cycle1_af2pred.pdb,GPVSSEELLELE,0.004314419
APP_binder_12_970_dldesign_0_cycle1_af2pred.pdb,LARLLARLLRQE,0.005317314
APP_binder_12_971_dldesign_0_cycle1_af2pred.pdb,LERLLRRLLRRL,0.172548369
APP_binder_12_972_dldesign_0_cycle1_af2pred.pdb,MEETLLQVLDQE,5.91E-05
APP_binder_12_973_dldesign_0_cycle1_af2pred.pdb,PPPPLLRPQRVF,0.056880437
APP_binder_12_974_dldesign_0_cycle1_af2pred.pdb,GIRSEGLKEYST,0.000220328
APP_binder_12_975_dldesign_0_cycle1_af2pred.pdb,RAALLDRRLAQE,0.002058879
APP_binder_12_976_dldesign_0_cycle1_af2pred.pdb,VPLPTRLLLVLS,0.000747434
APP_binder_12_977_dldesign_0_cycle1_af2pred.pdb,LNPNRLRQLLAE,0.000942909
APP_binder_12_978_dldesign_0_cycle1_af2pred.pdb,SVVNVTLRPPRP,0.000580119
APP_binder_12_979_dldesign_0_cycle1_af2pred.pdb,EILPIERPPADI,0.000125892
APP_binder_12_97_dldesign_0_cycle1_af2pred.pdb,APPAKVRLVYPP,0.000387952
APP_binder_12_980_dldesign_0_cycle1_af2pred.pdb,DPQLLRALRRLR,0.003280444
APP_binder_12_981_dldesign_0_cycle1_af2pred.pdb,MELSRLQQLLQE,0.004224789
APP_binder_12_982_dldesign_0_cycle1_af2pred.pdb,GARLDRDDALLA,0.002258544
APP_binder_12_983_dldesign_0_cycle1_af2pred.pdb,PPVPRQRSNAPP,0.002660079
APP_binder_12_984_dldesign_0_cycle1_af2pred.pdb,SVLTTPPVLKEP,0.001046675
APP_binder_12_985_dldesign_0_cycle1_af2pred.pdb,RALDRRLAALLA,0.006136093
APP_binder_12_986_dldesign_0_cycle1_af2pred.pdb,LSQLLVRLLEEE,0.00222299
APP_binder_12_987_dldesign_0_cycle1_af2pred.pdb,GVLTPRVLGPAP,0.009190202
APP_binder_12_988_dldesign_0_cycle1_af2pred.pdb,LEALLGALRRAP,0.000751767
APP_binder_12_989_dldesign_0_cycle1_af2pred.pdb,ARVPTPRAVPEP,0.014302667
APP_binder_12_98_dldesign_0_cycle1_af2pred.pdb,RVYPLPPADVPP,0.105661131
APP_binder_12_990_dldesign_0_cycle1_af2pred.pdb,EKKAPVVEKVVL,7.75E-05
APP_binder_12_991_dldesign_0_cycle1_af2pred.pdb,GTVLVETSTDHD,0.009380364
APP_binder_12_992_dldesign_0_cycle1_af2pred.pdb,SLPTLRSLPNRP,0.000371672
APP_binder_12_993_dldesign_0_cycle1_af2pred.pdb,SELSERPPPPPP,0.005017304
APP_binder_12_994_dldesign_0_cycle1_af2pred.pdb,GVVKPRPVEVVS,0.03302053
APP_binder_12_995_dldesign_0_cycle1_af2pred.pdb,SEVELVELERPP,0.000382373
APP_binder_12_996_dldesign_0_cycle1_af2pred.pdb,SRLLAKTLAALL,0.000158997
APP_binder_12_997_dldesign_0_cycle1_af2pred.pdb,SSLRRLLKLLSD,0.001145688
APP_binder_12_998_dldesign_0_cycle1_af2pred.pdb,GVPVSPDADDDD,0.005596854
APP_binder_12_999_dldesign_0_cycle1_af2pred.pdb,SRLARLLARNAQ,0.001256653
APP_binder_12_99_dldesign_0_cycle1_af2pred.pdb,PLVRRRNDSSLL,0.001906444
APP_binder_12_9_dldesign_0_cycle1_af2pred.pdb,PRSPLLKHVKLP,0.001300826
