Category,Sequence,B3P3
APP_binder_11_0_dldesign_0_cycle1_af2pred.pdb,DVDGEEVDLKS,0.00323111
APP_binder_11_100_dldesign_0_cycle1_af2pred.pdb,SVSYAEYPYVP,0.006649286
APP_binder_11_101_dldesign_0_cycle1_af2pred.pdb,GEVTYVEYPPP,1.52E-05
APP_binder_11_102_dldesign_0_cycle1_af2pred.pdb,LPAVWRPPRRP,0.091797039
APP_binder_11_103_dldesign_0_cycle1_af2pred.pdb,PSLSYLLQRLA,0.000337542
APP_binder_11_104_dldesign_0_cycle1_af2pred.pdb,SLPVPRRPEPR,0.001549211
APP_binder_11_105_dldesign_0_cycle1_af2pred.pdb,SGETVRVLASP,0.001450266
APP_binder_11_106_dldesign_0_cycle1_af2pred.pdb,GLVLPVLPPAP,0.002811381
APP_binder_11_107_dldesign_0_cycle1_af2pred.pdb,SLLNRLLALLS,2.22E-05
APP_binder_11_108_dldesign_0_cycle1_af2pred.pdb,GVLQTPILALP,0.026738523
APP_binder_11_109_dldesign_0_cycle1_af2pred.pdb,PPPAVPTPARP,0.005128148
APP_binder_11_10_dldesign_0_cycle1_af2pred.pdb,PTPRGVPILEP,0.000770568
APP_binder_11_110_dldesign_0_cycle1_af2pred.pdb,RDLFVELNHVP,0.000186198
APP_binder_11_111_dldesign_0_cycle1_af2pred.pdb,SYTVKRYVRLP,0.00302083
APP_binder_11_112_dldesign_0_cycle1_af2pred.pdb,PPVPKEFVLPP,0.000479277
APP_binder_11_113_dldesign_0_cycle1_af2pred.pdb,GVYTARSLPNP,2.98E-05
APP_binder_11_114_dldesign_0_cycle1_af2pred.pdb,NLADLLANLLA,0.001254927
APP_binder_11_115_dldesign_0_cycle1_af2pred.pdb,LAALLSLLKKA,0.001855111
APP_binder_11_116_dldesign_0_cycle1_af2pred.pdb,EDDLSGTLATV,0.000311833
APP_binder_11_117_dldesign_0_cycle1_af2pred.pdb,GLPPPVYTVKR,0.02612968
APP_binder_11_118_dldesign_0_cycle1_af2pred.pdb,LPYSKLIKAPA,0.007690793
APP_binder_11_119_dldesign_0_cycle1_af2pred.pdb,SLPVVRRAPPL,0.000117663
APP_binder_11_11_dldesign_0_cycle1_af2pred.pdb,GVGVPRRILPP,0.000151954
APP_binder_11_120_dldesign_0_cycle1_af2pred.pdb,SLPVVVPRELP,0.004151678
APP_binder_11_121_dldesign_0_cycle1_af2pred.pdb,GSTLRSVKRKP,0.002254338
APP_binder_11_122_dldesign_0_cycle1_af2pred.pdb,GLLNRLDALLA,0.000602591
APP_binder_11_123_dldesign_0_cycle1_af2pred.pdb,APPDNVTLRSV,0.002389759
APP_binder_11_124_dldesign_0_cycle1_af2pred.pdb,SSPWVPPLLPP,0.002763678
APP_binder_11_125_dldesign_0_cycle1_af2pred.pdb,GVLGTLKVVTP,7.17E-05
APP_binder_11_126_dldesign_0_cycle1_af2pred.pdb,GSVLRSVPLLP,0.000755601
APP_binder_11_127_dldesign_0_cycle1_af2pred.pdb,GAVPKLPSLPP,0.000117515
APP_binder_11_128_dldesign_0_cycle1_af2pred.pdb,GFEETRYIKLP,0.000276677
APP_binder_11_129_dldesign_0_cycle1_af2pred.pdb,MVYVPSPPVVS,0.000232198
APP_binder_11_12_dldesign_0_cycle1_af2pred.pdb,LDPSRSPYVLP,9.98E-06
APP_binder_11_130_dldesign_0_cycle1_af2pred.pdb,GALPKVVTVPN,0.027317105
APP_binder_11_131_dldesign_0_cycle1_af2pred.pdb,SVRYVLEVPAP,0.000101882
APP_binder_11_132_dldesign_0_cycle1_af2pred.pdb,DALDENLAALA,0.001044577
APP_binder_11_133_dldesign_0_cycle1_af2pred.pdb,GATIVRVPAPL,7.47E-05
APP_binder_11_134_dldesign_0_cycle1_af2pred.pdb,GSVESEEIPAE,0.018544165
APP_binder_11_135_dldesign_0_cycle1_af2pred.pdb,HMGVRLPAPAP,0.000790995
APP_binder_11_136_dldesign_0_cycle1_af2pred.pdb,PPVSTEELEDL,0.000558084
APP_binder_11_137_dldesign_0_cycle1_af2pred.pdb,SKPVKVDDVDL,2.02E-05
APP_binder_11_138_dldesign_0_cycle1_af2pred.pdb,GVRSTPVKVAA,0.000299134
APP_binder_11_139_dldesign_0_cycle1_af2pred.pdb,SSLRELLKALA,0.00026407
APP_binder_11_13_dldesign_0_cycle1_af2pred.pdb,EGLDVYLLHHA,0.000985515
APP_binder_11_140_dldesign_0_cycle1_af2pred.pdb,GLSLDQQLLRE,1.27E-05
APP_binder_11_141_dldesign_0_cycle1_af2pred.pdb,SVPPRVAVARP,1.78E-05
APP_binder_11_142_dldesign_0_cycle1_af2pred.pdb,SRLLENLLLNE,0.005189326
APP_binder_11_143_dldesign_0_cycle1_af2pred.pdb,GLLEDRKLLSN,0.000994205
APP_binder_11_144_dldesign_0_cycle1_af2pred.pdb,LQRLLDKLLDE,0.002095199
APP_binder_11_145_dldesign_0_cycle1_af2pred.pdb,FALNPSSLTLK,8.59E-05
APP_binder_11_146_dldesign_0_cycle1_af2pred.pdb,SVPVLRRVPPP,0.000186764
APP_binder_11_147_dldesign_0_cycle1_af2pred.pdb,PLPVPRRTLPP,0.000138072
APP_binder_11_148_dldesign_0_cycle1_af2pred.pdb,GTLISGERPAP,0.056767162
APP_binder_11_149_dldesign_0_cycle1_af2pred.pdb,VVSYTLKRVLP,0.001572979
APP_binder_11_14_dldesign_0_cycle1_af2pred.pdb,STVLEKRLLLE,0.000462443
APP_binder_11_150_dldesign_0_cycle1_af2pred.pdb,PVYRPSPPPVW,0.002714326
APP_binder_11_151_dldesign_0_cycle1_af2pred.pdb,GVEVSGEREKV,0.000530202
APP_binder_11_152_dldesign_0_cycle1_af2pred.pdb,DSLLYELRLLL,0.001164778
APP_binder_11_153_dldesign_0_cycle1_af2pred.pdb,SHLVELPPALP,0.001040166
APP_binder_11_154_dldesign_0_cycle1_af2pred.pdb,PRAVPLPAEPE,0.000230771
APP_binder_11_155_dldesign_0_cycle1_af2pred.pdb,DLATLLRLLAR,0.000170872
APP_binder_11_156_dldesign_0_cycle1_af2pred.pdb,SPPRPPRPALP,0.001526596
APP_binder_11_157_dldesign_0_cycle1_af2pred.pdb,MEITRYVDPLP,0.000563961
APP_binder_11_158_dldesign_0_cycle1_af2pred.pdb,DAYALRRLLAA,7.46E-05
APP_binder_11_159_dldesign_0_cycle1_af2pred.pdb,VVLPPAVPDLP,0.001217734
APP_binder_11_15_dldesign_0_cycle1_af2pred.pdb,EVLTESPPRPP,0.000110764
APP_binder_11_160_dldesign_0_cycle1_af2pred.pdb,APNVVLRPTRR,6.59E-05
APP_binder_11_161_dldesign_0_cycle1_af2pred.pdb,SMSYPLRPRLP,0.002074406
APP_binder_11_162_dldesign_0_cycle1_af2pred.pdb,QVTSTNYVLAA,8.57E-05
APP_binder_11_163_dldesign_0_cycle1_af2pred.pdb,MVRVRNPDVPE,0.0001727
APP_binder_11_164_dldesign_0_cycle1_af2pred.pdb,ELPPLLVQILP,8.65E-05
APP_binder_11_165_dldesign_0_cycle1_af2pred.pdb,SDLLSLLRKLP,6.68E-05
APP_binder_11_166_dldesign_0_cycle1_af2pred.pdb,GSTLKSVNPGP,2.82E-05
APP_binder_11_167_dldesign_0_cycle1_af2pred.pdb,APPRLQLEQAL,0.000758142
APP_binder_11_168_dldesign_0_cycle1_af2pred.pdb,EVVIERRPLLP,0.000458433
APP_binder_11_169_dldesign_0_cycle1_af2pred.pdb,SLPVPRVVPPP,0.000176554
APP_binder_11_16_dldesign_0_cycle1_af2pred.pdb,GSVAYVAQVPP,0.000245728
APP_binder_11_170_dldesign_0_cycle1_af2pred.pdb,GYDEPRRVLEL,0.003961278
APP_binder_11_171_dldesign_0_cycle1_af2pred.pdb,GPMPIPVIRVP,3.13E-05
APP_binder_11_172_dldesign_0_cycle1_af2pred.pdb,SAPHNYVVLED,6.37E-05
APP_binder_11_173_dldesign_0_cycle1_af2pred.pdb,PPPVVPHVPPP,0.003877798
APP_binder_11_174_dldesign_0_cycle1_af2pred.pdb,GLSPLVKVDLP,0.002128056
APP_binder_11_175_dldesign_0_cycle1_af2pred.pdb,DVDEVTDEELL,0.006227228
APP_binder_11_176_dldesign_0_cycle1_af2pred.pdb,RPLHSALPAPP,0.001594748
APP_binder_11_177_dldesign_0_cycle1_af2pred.pdb,SLPRVRPPIPP,0.009066952
APP_binder_11_178_dldesign_0_cycle1_af2pred.pdb,SSLPRKLPLLL,0.000782728
APP_binder_11_179_dldesign_0_cycle1_af2pred.pdb,SVPTLAPSPLE,2.68E-05
APP_binder_11_17_dldesign_0_cycle1_af2pred.pdb,SLSLLLRQVLE,0.000606478
APP_binder_11_180_dldesign_0_cycle1_af2pred.pdb,SLLLLRRLLRA,0.000400438
APP_binder_11_181_dldesign_0_cycle1_af2pred.pdb,FRRTEPVRVAL,0.002386751
APP_binder_11_182_dldesign_0_cycle1_af2pred.pdb,SSLPRRTSGVR,0.000818055
APP_binder_11_183_dldesign_0_cycle1_af2pred.pdb,SLPEPVTELPE,0.002966074
APP_binder_11_184_dldesign_0_cycle1_af2pred.pdb,GSTLKTRPTYP,4.12E-05
APP_binder_11_185_dldesign_0_cycle1_af2pred.pdb,SALLDALLAAA,0.00077643
APP_binder_11_186_dldesign_0_cycle1_af2pred.pdb,LVLPDPAPALP,0.000488653
APP_binder_11_187_dldesign_0_cycle1_af2pred.pdb,SDDVLLRELLS,0.000502527
APP_binder_11_188_dldesign_0_cycle1_af2pred.pdb,LEELLKALLNP,0.003589086
APP_binder_11_189_dldesign_0_cycle1_af2pred.pdb,GPLVSVRVPAP,0.00089107
APP_binder_11_18_dldesign_0_cycle1_af2pred.pdb,SAVPRRYVYVP,0.00334211
APP_binder_11_190_dldesign_0_cycle1_af2pred.pdb,SYKPGIVVLPP,0.007376364
APP_binder_11_191_dldesign_0_cycle1_af2pred.pdb,SSSHPLTDEEE,0.003470724
APP_binder_11_192_dldesign_0_cycle1_af2pred.pdb,APPPVLRQRLP,0.004643756
APP_binder_11_193_dldesign_0_cycle1_af2pred.pdb,GVTLAPPAVLP,0.000163339
APP_binder_11_194_dldesign_0_cycle1_af2pred.pdb,GASLLEALLEP,0.00018563
APP_binder_11_195_dldesign_0_cycle1_af2pred.pdb,TLVPPEPVPPP,0.00350172
APP_binder_11_196_dldesign_0_cycle1_af2pred.pdb,SSSLKRLLARL,0.001295798
APP_binder_11_197_dldesign_0_cycle1_af2pred.pdb,LDELIELLRRS,0.000124789
APP_binder_11_198_dldesign_0_cycle1_af2pred.pdb,VRAPVPLPDVL,0.015830005
APP_binder_11_199_dldesign_0_cycle1_af2pred.pdb,GSFHYTPSELP,0.002455418
APP_binder_11_19_dldesign_0_cycle1_af2pred.pdb,GGPQRPQAPPP,0.00272125
APP_binder_11_1_dldesign_0_cycle1_af2pred.pdb,MIYSPDDVPAS,0.000855038
APP_binder_11_200_dldesign_0_cycle1_af2pred.pdb,SLLALENAAAA,8.72E-05
APP_binder_11_201_dldesign_0_cycle1_af2pred.pdb,GLVLRHRPAPA,0.00388492
APP_binder_11_202_dldesign_0_cycle1_af2pred.pdb,SHNHGLRLPAP,0.008896793
APP_binder_11_203_dldesign_0_cycle1_af2pred.pdb,ADRTPNPPNPP,0.00053064
APP_binder_11_204_dldesign_0_cycle1_af2pred.pdb,SFVRGKRIKVP,0.003332256
APP_binder_11_205_dldesign_0_cycle1_af2pred.pdb,LSARIKKLVLP,0.000191875
APP_binder_11_206_dldesign_0_cycle1_af2pred.pdb,DDLEELLEALR,0.000733159
APP_binder_11_207_dldesign_0_cycle1_af2pred.pdb,GPYPVRPRRPR,0.731491208
APP_binder_11_208_dldesign_0_cycle1_af2pred.pdb,SEPKLVQAPPA,0.000951009
APP_binder_11_209_dldesign_0_cycle1_af2pred.pdb,APPAVPRQKPP,0.008275763
APP_binder_11_20_dldesign_0_cycle1_af2pred.pdb,SSVPKLRQVLP,0.000943036
APP_binder_11_210_dldesign_0_cycle1_af2pred.pdb,GSLLMRLASLL,0.022388652
APP_binder_11_211_dldesign_0_cycle1_af2pred.pdb,GAVVLPRLPEE,0.001950543
APP_binder_11_212_dldesign_0_cycle1_af2pred.pdb,MVVATPVPAPE,0.000995408
APP_binder_11_213_dldesign_0_cycle1_af2pred.pdb,SSVPVPAVVLP,0.000907973
APP_binder_11_214_dldesign_0_cycle1_af2pred.pdb,GEVVELKRYRP,0.000456129
APP_binder_11_215_dldesign_0_cycle1_af2pred.pdb,MNIVTEEELLE,0.000113419
APP_binder_11_216_dldesign_0_cycle1_af2pred.pdb,GELAPRLPALP,7.30E-05
APP_binder_11_217_dldesign_0_cycle1_af2pred.pdb,GVLLNTEEDLD,0.004375462
APP_binder_11_218_dldesign_0_cycle1_af2pred.pdb,GIRSPPVKVAA,0.000365243
APP_binder_11_219_dldesign_0_cycle1_af2pred.pdb,LRSPPVLVPAP,0.000135389
APP_binder_11_21_dldesign_0_cycle1_af2pred.pdb,DLEELEEELEE,0.000155915
APP_binder_11_220_dldesign_0_cycle1_af2pred.pdb,GSVVTRAVPAP,0.00148495
APP_binder_11_221_dldesign_0_cycle1_af2pred.pdb,MSAPLPATLLP,0.000113745
APP_binder_11_222_dldesign_0_cycle1_af2pred.pdb,GYTRSEPVRVA,0.000449021
APP_binder_11_223_dldesign_0_cycle1_af2pred.pdb,QVLAPPLLLPP,0.000456735
APP_binder_11_224_dldesign_0_cycle1_af2pred.pdb,ELELRRLLAAL,0.001613564
APP_binder_11_225_dldesign_0_cycle1_af2pred.pdb,DDALLRRLRAL,0.00271519
APP_binder_11_226_dldesign_0_cycle1_af2pred.pdb,GPAVPRRLSPL,0.000995551
APP_binder_11_227_dldesign_0_cycle1_af2pred.pdb,EPEYESIVVLP,9.85E-06
APP_binder_11_228_dldesign_0_cycle1_af2pred.pdb,PPTPVRHRKAL,0.016974239
APP_binder_11_229_dldesign_0_cycle1_af2pred.pdb,SVLVTQEEVLE,0.004180268
APP_binder_11_22_dldesign_0_cycle1_af2pred.pdb,FVPSSLSVELP,0.001469844
APP_binder_11_230_dldesign_0_cycle1_af2pred.pdb,FTRTPPLPLLP,2.95E-05
APP_binder_11_231_dldesign_0_cycle1_af2pred.pdb,PPLRLPDPSPP,0.000995644
APP_binder_11_232_dldesign_0_cycle1_af2pred.pdb,SLPVARSVPEK,0.000141338
APP_binder_11_233_dldesign_0_cycle1_af2pred.pdb,GEPVLVEIPGV,0.001096185
APP_binder_11_234_dldesign_0_cycle1_af2pred.pdb,LESLLIRLDAL,0.000104158
APP_binder_11_235_dldesign_0_cycle1_af2pred.pdb,GTNYIVEDADE,0.013996699
APP_binder_11_236_dldesign_0_cycle1_af2pred.pdb,GVKVSPVRLSP,0.000105957
APP_binder_11_237_dldesign_0_cycle1_af2pred.pdb,GFHVSTGPALE,0.006509897
APP_binder_11_238_dldesign_0_cycle1_af2pred.pdb,GVQVVKPKSLP,0.0069719
APP_binder_11_239_dldesign_0_cycle1_af2pred.pdb,PRPDVDDLPED,2.69E-05
APP_binder_11_23_dldesign_0_cycle1_af2pred.pdb,GLRELLLLLDE,1.30E-05
APP_binder_11_240_dldesign_0_cycle1_af2pred.pdb,PLSSRRRPAPA,0.000680241
APP_binder_11_241_dldesign_0_cycle1_af2pred.pdb,SPVLRPPRRAP,0.003962294
APP_binder_11_242_dldesign_0_cycle1_af2pred.pdb,GDLSTQVTEPA,2.04E-05
APP_binder_11_243_dldesign_0_cycle1_af2pred.pdb,SLLPPEPQPLE,0.00091382
APP_binder_11_244_dldesign_0_cycle1_af2pred.pdb,GSRVSASALSA,0.004299207
APP_binder_11_245_dldesign_0_cycle1_af2pred.pdb,EVDLPLLRSLP,2.12E-05
APP_binder_11_246_dldesign_0_cycle1_af2pred.pdb,PLVLHYRLEAP,0.00097905
APP_binder_11_247_dldesign_0_cycle1_af2pred.pdb,GGRVFTPEELP,0.000322922
APP_binder_11_248_dldesign_0_cycle1_af2pred.pdb,GTRHVHVPAAA,0.00751288
APP_binder_11_249_dldesign_0_cycle1_af2pred.pdb,PVVYTVAQKEA,0.001683961
APP_binder_11_24_dldesign_0_cycle1_af2pred.pdb,SVRPLGEPRYR,0.000217215
APP_binder_11_250_dldesign_0_cycle1_af2pred.pdb,APLKPVEVIVE,4.48E-05
APP_binder_11_251_dldesign_0_cycle1_af2pred.pdb,EEPLVFTPLPP,0.00082436
APP_binder_11_252_dldesign_0_cycle1_af2pred.pdb,GPRSPVVPLLP,0.007174389
APP_binder_11_253_dldesign_0_cycle1_af2pred.pdb,SVPKTTAEVLG,0.000219288
APP_binder_11_254_dldesign_0_cycle1_af2pred.pdb,ELLRRLLALDA,7.50E-05
APP_binder_11_255_dldesign_0_cycle1_af2pred.pdb,VDVPVPRSVKP,0.001969311
APP_binder_11_256_dldesign_0_cycle1_af2pred.pdb,GTPRVYVPRPR,0.002578295
APP_binder_11_257_dldesign_0_cycle1_af2pred.pdb,GSSLLEKPKLP,0.000367
APP_binder_11_258_dldesign_0_cycle1_af2pred.pdb,PIPAPPVNLGP,1.66E-05
APP_binder_11_259_dldesign_0_cycle1_af2pred.pdb,PVAVEVDVDDL,0.00010661
APP_binder_11_25_dldesign_0_cycle1_af2pred.pdb,GGVPRRVPLRP,0.018363059
APP_binder_11_260_dldesign_0_cycle1_af2pred.pdb,PLPVPTVATRP,5.79E-05
APP_binder_11_261_dldesign_0_cycle1_af2pred.pdb,PLPQPSLLRFP,9.64E-05
APP_binder_11_262_dldesign_0_cycle1_af2pred.pdb,SSTLKQKVYLP,0.006051384
APP_binder_11_263_dldesign_0_cycle1_af2pred.pdb,PSLLSRLQSLL,0.000915028
APP_binder_11_264_dldesign_0_cycle1_af2pred.pdb,PPLPPRPVYLE,0.001954209
APP_binder_11_265_dldesign_0_cycle1_af2pred.pdb,SRSVPLPEPAL,5.17E-05
APP_binder_11_266_dldesign_0_cycle1_af2pred.pdb,GPPNIFEVEDD,0.017700093
APP_binder_11_267_dldesign_0_cycle1_af2pred.pdb,GLIRSPPRVRP,0.004166765
APP_binder_11_268_dldesign_0_cycle1_af2pred.pdb,DSRLASLLKEL,0.002744651
APP_binder_11_269_dldesign_0_cycle1_af2pred.pdb,GELHHRPAPAP,0.00211866
APP_binder_11_26_dldesign_0_cycle1_af2pred.pdb,PLPPKTTPRQR,5.05E-05
APP_binder_11_270_dldesign_0_cycle1_af2pred.pdb,PVKPVRVPALP,0.00402184
APP_binder_11_271_dldesign_0_cycle1_af2pred.pdb,SEWELTEVVQS,0.003395587
APP_binder_11_272_dldesign_0_cycle1_af2pred.pdb,GATVRPPIYPP,0.000142708
APP_binder_11_273_dldesign_0_cycle1_af2pred.pdb,SLPTLRRVPPP,2.33E-05
APP_binder_11_274_dldesign_0_cycle1_af2pred.pdb,GSMTTPRVYTP,0.000157997
APP_binder_11_275_dldesign_0_cycle1_af2pred.pdb,MRPPLPAVDLP,0.020780805
APP_binder_11_276_dldesign_0_cycle1_af2pred.pdb,TVYTSKEEYLF,0.000801091
APP_binder_11_277_dldesign_0_cycle1_af2pred.pdb,SLRELLQLLLS,0.002750171
APP_binder_11_278_dldesign_0_cycle1_af2pred.pdb,MKPVRVLASEV,1.90E-05
APP_binder_11_279_dldesign_0_cycle1_af2pred.pdb,GSVLKSTEIKP,0.005555647
APP_binder_11_27_dldesign_0_cycle1_af2pred.pdb,GTVHFVEYPPP,0.00378826
APP_binder_11_280_dldesign_0_cycle1_af2pred.pdb,SSTNYVLEPEA,0.000131997
APP_binder_11_281_dldesign_0_cycle1_af2pred.pdb,STLDSLLDSLL,0.003680461
APP_binder_11_282_dldesign_0_cycle1_af2pred.pdb,SEVTESEPVTA,0.000121967
APP_binder_11_283_dldesign_0_cycle1_af2pred.pdb,GSVIHVPLDLL,1.79E-05
APP_binder_11_284_dldesign_0_cycle1_af2pred.pdb,VVYVPKSVYLG,5.49E-05
APP_binder_11_285_dldesign_0_cycle1_af2pred.pdb,GSRPMYVEEAY,0.000104927
APP_binder_11_286_dldesign_0_cycle1_af2pred.pdb,MGERILVSNLP,0.000692718
APP_binder_11_287_dldesign_0_cycle1_af2pred.pdb,SLPVPRSVVET,0.001294368
APP_binder_11_288_dldesign_0_cycle1_af2pred.pdb,SVRLPVLPQED,6.60E-05
APP_binder_11_289_dldesign_0_cycle1_af2pred.pdb,GTIKTLADYLP,0.00606785
APP_binder_11_28_dldesign_0_cycle1_af2pred.pdb,VRTPPVRVPAP,0.01543898
APP_binder_11_290_dldesign_0_cycle1_af2pred.pdb,SPVPKYLSDYL,0.001444663
APP_binder_11_291_dldesign_0_cycle1_af2pred.pdb,FTRRPPVPALP,0.002943389
APP_binder_11_292_dldesign_0_cycle1_af2pred.pdb,LSQLLQRLLLE,1.12E-05
APP_binder_11_293_dldesign_0_cycle1_af2pred.pdb,GLDLPLVATRP,0.000351078
APP_binder_11_294_dldesign_0_cycle1_af2pred.pdb,GSRLLVLLEEA,0.00200705
APP_binder_11_295_dldesign_0_cycle1_af2pred.pdb,ILARRLADLLR,0.000202064
APP_binder_11_296_dldesign_0_cycle1_af2pred.pdb,ALVLVPRRAEP,0.0050981
APP_binder_11_297_dldesign_0_cycle1_af2pred.pdb,SLGEKPVVDLP,0.001630681
APP_binder_11_298_dldesign_0_cycle1_af2pred.pdb,GVYTPKSVPHP,0.880670786
APP_binder_11_299_dldesign_0_cycle1_af2pred.pdb,RTAVPLPLALL,0.000415152
APP_binder_11_29_dldesign_0_cycle1_af2pred.pdb,DLQKLLSLLRR,8.04E-05
APP_binder_11_2_dldesign_0_cycle1_af2pred.pdb,GSDALLRALLD,0.000667272
APP_binder_11_300_dldesign_0_cycle1_af2pred.pdb,MKHVRVPRPVL,1.51E-05
APP_binder_11_301_dldesign_0_cycle1_af2pred.pdb,GAATAIYEPAP,2.88E-05
APP_binder_11_302_dldesign_0_cycle1_af2pred.pdb,DPSLRARKVAP,0.000631385
APP_binder_11_303_dldesign_0_cycle1_af2pred.pdb,MPRRVRLPQVP,0.003429586
APP_binder_11_304_dldesign_0_cycle1_af2pred.pdb,LLSRLLLALAE,0.000238587
APP_binder_11_305_dldesign_0_cycle1_af2pred.pdb,MTLSHVHVPLP,0.011921293
APP_binder_11_306_dldesign_0_cycle1_af2pred.pdb,SRLLRRLKSLA,0.018519947
APP_binder_11_307_dldesign_0_cycle1_af2pred.pdb,GRSTPVPLPAP,0.006308756
APP_binder_11_308_dldesign_0_cycle1_af2pred.pdb,PPQAEPVEYVP,0.003609955
APP_binder_11_309_dldesign_0_cycle1_af2pred.pdb,MLPPQSVEYPE,0.000102222
APP_binder_11_30_dldesign_0_cycle1_af2pred.pdb,SLPKVRSRPAP,8.37E-05
APP_binder_11_310_dldesign_0_cycle1_af2pred.pdb,SVPPKLVQLPN,0.000462806
APP_binder_11_311_dldesign_0_cycle1_af2pred.pdb,GPVTHTRPEPL,0.001462432
APP_binder_11_312_dldesign_0_cycle1_af2pred.pdb,LPVELRRLLAA,0.000593421
APP_binder_11_313_dldesign_0_cycle1_af2pred.pdb,GPPVPRRALPP,0.00041982
APP_binder_11_314_dldesign_0_cycle1_af2pred.pdb,GVVYTPKRLPP,5.04E-05
APP_binder_11_315_dldesign_0_cycle1_af2pred.pdb,SVPPGIPAANP,0.001163687
APP_binder_11_316_dldesign_0_cycle1_af2pred.pdb,PNLFTPRRVLP,0.000581836
APP_binder_11_317_dldesign_0_cycle1_af2pred.pdb,ELMEITRLPAP,0.007302429
APP_binder_11_318_dldesign_0_cycle1_af2pred.pdb,SEEDLTELRRA,0.001665474
APP_binder_11_319_dldesign_0_cycle1_af2pred.pdb,NSGLRFRVLEE,0.000387783
APP_binder_11_31_dldesign_0_cycle1_af2pred.pdb,SPWELSEEDLP,0.003762814
APP_binder_11_320_dldesign_0_cycle1_af2pred.pdb,SPLLRRLLQKL,0.003659183
APP_binder_11_321_dldesign_0_cycle1_af2pred.pdb,SKLDSEVWKPP,0.001863858
APP_binder_11_322_dldesign_0_cycle1_af2pred.pdb,FIRSSPIRVSR,0.000818382
APP_binder_11_323_dldesign_0_cycle1_af2pred.pdb,GPVRVKLPVLL,9.57E-05
APP_binder_11_324_dldesign_0_cycle1_af2pred.pdb,SYLTPEELAEE,3.10E-05
APP_binder_11_325_dldesign_0_cycle1_af2pred.pdb,FVLDGTLKQLP,0.000443663
APP_binder_11_326_dldesign_0_cycle1_af2pred.pdb,GPRRRPAPPLL,0.680918157
APP_binder_11_327_dldesign_0_cycle1_af2pred.pdb,VVYVSTEELLS,0.001439824
APP_binder_11_328_dldesign_0_cycle1_af2pred.pdb,GPRFIRPGPPL,0.48625344
APP_binder_11_329_dldesign_0_cycle1_af2pred.pdb,SVPKTTEEVLL,0.000670441
APP_binder_11_32_dldesign_0_cycle1_af2pred.pdb,IKPGLPLPALL,0.000169074
APP_binder_11_330_dldesign_0_cycle1_af2pred.pdb,PLLVVRPVTLP,0.002728088
APP_binder_11_331_dldesign_0_cycle1_af2pred.pdb,SLRRLAKILSS,0.000977193
APP_binder_11_332_dldesign_0_cycle1_af2pred.pdb,SLPVAKRVVYS,0.001987946
APP_binder_11_333_dldesign_0_cycle1_af2pred.pdb,SVAVVRRPPPR,0.000966091
APP_binder_11_334_dldesign_0_cycle1_af2pred.pdb,AAALALAALLS,0.000434335
APP_binder_11_335_dldesign_0_cycle1_af2pred.pdb,ALRALLLALAA,0.000509115
APP_binder_11_336_dldesign_0_cycle1_af2pred.pdb,PPVPRYPPQPL,0.023354264
APP_binder_11_337_dldesign_0_cycle1_af2pred.pdb,LSDEDITLRRP,0.001047042
APP_binder_11_338_dldesign_0_cycle1_af2pred.pdb,GVPKVRRVLPR,6.82E-05
APP_binder_11_339_dldesign_0_cycle1_af2pred.pdb,EFKRSEPVKVP,0.000138408
APP_binder_11_33_dldesign_0_cycle1_af2pred.pdb,PLVPPEPLPLP,0.000356092
APP_binder_11_340_dldesign_0_cycle1_af2pred.pdb,SSSPILEVPLL,0.002209304
APP_binder_11_341_dldesign_0_cycle1_af2pred.pdb,PVTSLPLPAPL,0.000392758
APP_binder_11_342_dldesign_0_cycle1_af2pred.pdb,GPRGTPIKALG,2.52E-05
APP_binder_11_343_dldesign_0_cycle1_af2pred.pdb,PKPLVAKSVPA,1.81E-05
APP_binder_11_344_dldesign_0_cycle1_af2pred.pdb,GSWKEVEREAE,2.22E-05
APP_binder_11_345_dldesign_0_cycle1_af2pred.pdb,FTRVAPVKVAA,1.39E-05
APP_binder_11_346_dldesign_0_cycle1_af2pred.pdb,MHSEEREGEPL,2.57E-05
APP_binder_11_347_dldesign_0_cycle1_af2pred.pdb,SLPTLKRVLPP,0.000378984
APP_binder_11_348_dldesign_0_cycle1_af2pred.pdb,PEVVVPSPPIL,5.70E-06
APP_binder_11_349_dldesign_0_cycle1_af2pred.pdb,GPAPLVLLPAP,8.20E-05
APP_binder_11_34_dldesign_0_cycle1_af2pred.pdb,GEGLVVRLAPP,0.002512522
APP_binder_11_350_dldesign_0_cycle1_af2pred.pdb,APLVNVLPRVP,0.00168462
APP_binder_11_351_dldesign_0_cycle1_af2pred.pdb,LTLLPPLPLKG,0.000660441
APP_binder_11_352_dldesign_0_cycle1_af2pred.pdb,MKYYKATPVKE,0.000695737
APP_binder_11_353_dldesign_0_cycle1_af2pred.pdb,GAKPAPIVLHS,0.000177964
APP_binder_11_354_dldesign_0_cycle1_af2pred.pdb,PLPPVVPKEEL,0.005425125
APP_binder_11_355_dldesign_0_cycle1_af2pred.pdb,MEVEYEGPPAA,0.006621035
APP_binder_11_356_dldesign_0_cycle1_af2pred.pdb,GSHIFLDAAAP,1.50E-05
APP_binder_11_357_dldesign_0_cycle1_af2pred.pdb,SLSSGEVLKEP,0.002034963
APP_binder_11_358_dldesign_0_cycle1_af2pred.pdb,GGVAVPAPAKL,0.005349881
APP_binder_11_359_dldesign_0_cycle1_af2pred.pdb,PVVYTPRVVEP,3.72E-05
APP_binder_11_35_dldesign_0_cycle1_af2pred.pdb,GSVLTPVRSEP,0.000617893
APP_binder_11_360_dldesign_0_cycle1_af2pred.pdb,SALLLLPPPQP,0.000539988
APP_binder_11_361_dldesign_0_cycle1_af2pred.pdb,ALPTTLKRVLP,0.002186256
APP_binder_11_362_dldesign_0_cycle1_af2pred.pdb,MTYTSRRYRGA,0.036240131
APP_binder_11_363_dldesign_0_cycle1_af2pred.pdb,MRAENRAAVLA,0.001470313
APP_binder_11_364_dldesign_0_cycle1_af2pred.pdb,GHRAPVPWSAP,0.001247527
APP_binder_11_365_dldesign_0_cycle1_af2pred.pdb,DDLLNALLTAP,0.00170766
APP_binder_11_366_dldesign_0_cycle1_af2pred.pdb,SSLLRLKTEAP,0.000938151
APP_binder_11_367_dldesign_0_cycle1_af2pred.pdb,GAPRRVFEPAP,0.00214584
APP_binder_11_368_dldesign_0_cycle1_af2pred.pdb,GLVLPRPLPQP,0.001994336
APP_binder_11_369_dldesign_0_cycle1_af2pred.pdb,EPEPEVIEEEE,0.003800163
APP_binder_11_36_dldesign_0_cycle1_af2pred.pdb,APPPRRVQLPE,0.004995491
APP_binder_11_370_dldesign_0_cycle1_af2pred.pdb,ARILPPDEPAP,2.54E-05
APP_binder_11_371_dldesign_0_cycle1_af2pred.pdb,GVHFEELPPAA,0.004456155
APP_binder_11_372_dldesign_0_cycle1_af2pred.pdb,GSLLDLPVVED,0.006083635
APP_binder_11_373_dldesign_0_cycle1_af2pred.pdb,SVYESPPVLAP,0.012902805
APP_binder_11_374_dldesign_0_cycle1_af2pred.pdb,SMERRHVKAPP,0.014887371
APP_binder_11_375_dldesign_0_cycle1_af2pred.pdb,SLPVLRTRASL,2.19E-05
APP_binder_11_376_dldesign_0_cycle1_af2pred.pdb,LPLSAFPWKRP,0.00163121
APP_binder_11_377_dldesign_0_cycle1_af2pred.pdb,SYLTARELLLP,0.000188913
APP_binder_11_378_dldesign_0_cycle1_af2pred.pdb,GPQEVDEEELP,2.83E-05
APP_binder_11_379_dldesign_0_cycle1_af2pred.pdb,KVIRGVAIPVP,0.001364871
APP_binder_11_37_dldesign_0_cycle1_af2pred.pdb,APPPKRVQMPP,0.002274918
APP_binder_11_380_dldesign_0_cycle1_af2pred.pdb,GSVLRYRQLPP,0.039110947
APP_binder_11_381_dldesign_0_cycle1_af2pred.pdb,SLPELRRVLAP,0.000222055
APP_binder_11_382_dldesign_0_cycle1_af2pred.pdb,SRATPVPAPAL,0.000922631
APP_binder_11_383_dldesign_0_cycle1_af2pred.pdb,SSQLDQLLLEL,0.000579737
APP_binder_11_384_dldesign_0_cycle1_af2pred.pdb,SPRPRLPSDRL,0.000611013
APP_binder_11_385_dldesign_0_cycle1_af2pred.pdb,PAPLRPGRREE,0.000351022
APP_binder_11_386_dldesign_0_cycle1_af2pred.pdb,ADAQADALAAA,4.87E-05
APP_binder_11_387_dldesign_0_cycle1_af2pred.pdb,GAPRHVRVVAP,0.000319239
APP_binder_11_388_dldesign_0_cycle1_af2pred.pdb,SISSVALPPPP,0.001152404
APP_binder_11_389_dldesign_0_cycle1_af2pred.pdb,SVLPPGTPRRP,0.000248907
APP_binder_11_38_dldesign_0_cycle1_af2pred.pdb,AKLLSILAQLL,0.002269443
APP_binder_11_390_dldesign_0_cycle1_af2pred.pdb,SRRVPPRRRPE,0.684510827
APP_binder_11_391_dldesign_0_cycle1_af2pred.pdb,SVPVPAPPVVL,0.000333045
APP_binder_11_392_dldesign_0_cycle1_af2pred.pdb,GPHVSAGADLP,0.000448642
APP_binder_11_393_dldesign_0_cycle1_af2pred.pdb,SVVEVPRLPLP,0.000824967
APP_binder_11_394_dldesign_0_cycle1_af2pred.pdb,APVPRRKVYLP,0.009701223
APP_binder_11_395_dldesign_0_cycle1_af2pred.pdb,GSHPVELPVLP,2.26E-05
APP_binder_11_396_dldesign_0_cycle1_af2pred.pdb,VVLKPAVVTPP,0.000104687
APP_binder_11_397_dldesign_0_cycle1_af2pred.pdb,PVTVYTLTSPP,3.05E-05
APP_binder_11_398_dldesign_0_cycle1_af2pred.pdb,SLLALLSRLLQ,0.000124464
APP_binder_11_399_dldesign_0_cycle1_af2pred.pdb,SSTPRHHRKAP,0.000729696
APP_binder_11_39_dldesign_0_cycle1_af2pred.pdb,SVLRSTPNVLP,0.000384882
APP_binder_11_3_dldesign_0_cycle1_af2pred.pdb,GFPTRQASNPT,0.001146411
APP_binder_11_400_dldesign_0_cycle1_af2pred.pdb,PIVSRNRKALP,4.43E-05
APP_binder_11_401_dldesign_0_cycle1_af2pred.pdb,LIRAPKVPLLL,0.000618089
APP_binder_11_402_dldesign_0_cycle1_af2pred.pdb,APVVRLPQQPP,0.000806577
APP_binder_11_403_dldesign_0_cycle1_af2pred.pdb,VELQRLLQELA,0.000748981
APP_binder_11_404_dldesign_0_cycle1_af2pred.pdb,LNYLLARLAAL,0.001789495
APP_binder_11_405_dldesign_0_cycle1_af2pred.pdb,MRPPVRVTAAP,0.02417225
APP_binder_11_406_dldesign_0_cycle1_af2pred.pdb,RVIVEADAVLP,5.32E-05
APP_binder_11_407_dldesign_0_cycle1_af2pred.pdb,EVKSVIHHRKA,1.52E-05
APP_binder_11_408_dldesign_0_cycle1_af2pred.pdb,RPPRPTIDVPP,0.093232334
APP_binder_11_409_dldesign_0_cycle1_af2pred.pdb,GPVPRQVVYLP,0.003055454
APP_binder_11_40_dldesign_0_cycle1_af2pred.pdb,SVTEAEYDYVP,0.001127005
APP_binder_11_410_dldesign_0_cycle1_af2pred.pdb,GLAQRLALLAG,0.001367274
APP_binder_11_411_dldesign_0_cycle1_af2pred.pdb,SFTVSPPVVSL,0.000340854
APP_binder_11_412_dldesign_0_cycle1_af2pred.pdb,SSRRPPVLEPP,0.001362846
APP_binder_11_413_dldesign_0_cycle1_af2pred.pdb,SPSLSEVEKLP,3.37E-05
APP_binder_11_414_dldesign_0_cycle1_af2pred.pdb,APVVYTPRVRP,0.024082746
APP_binder_11_415_dldesign_0_cycle1_af2pred.pdb,RTPPEEEELPP,0.014750483
APP_binder_11_416_dldesign_0_cycle1_af2pred.pdb,HMRSVRLPAPP,2.83E-05
APP_binder_11_417_dldesign_0_cycle1_af2pred.pdb,GARRVKVDVPP,0.000237441
APP_binder_11_418_dldesign_0_cycle1_af2pred.pdb,GGVARRRPPPP,0.038138423
APP_binder_11_419_dldesign_0_cycle1_af2pred.pdb,GVPVPRRVPPP,0.00115956
APP_binder_11_41_dldesign_0_cycle1_af2pred.pdb,SKLLEYLLAYS,0.001811233
APP_binder_11_420_dldesign_0_cycle1_af2pred.pdb,SLLPTHPRPPL,0.00168251
APP_binder_11_421_dldesign_0_cycle1_af2pred.pdb,GALPVPRRRPP,0.014831351
APP_binder_11_422_dldesign_0_cycle1_af2pred.pdb,SEVHLVEIPAP,0.001861197
APP_binder_11_423_dldesign_0_cycle1_af2pred.pdb,GAVPHVYVPEA,0.011533835
APP_binder_11_424_dldesign_0_cycle1_af2pred.pdb,MVFTTPRRRPA,0.000170497
APP_binder_11_425_dldesign_0_cycle1_af2pred.pdb,APPPRVRPPRL,0.185142353
APP_binder_11_426_dldesign_0_cycle1_af2pred.pdb,SVLVPRYPPPP,2.09E-05
APP_binder_11_427_dldesign_0_cycle1_af2pred.pdb,PLPFAHLARVP,4.99E-05
APP_binder_11_428_dldesign_0_cycle1_af2pred.pdb,SRPRRRPAPPP,0.002810254
APP_binder_11_429_dldesign_0_cycle1_af2pred.pdb,SFVPRHVRLAP,0.000515695
APP_binder_11_42_dldesign_0_cycle1_af2pred.pdb,SVYKLDTEDLE,0.002010889
APP_binder_11_430_dldesign_0_cycle1_af2pred.pdb,RLDALLAQLLS,0.001067333
APP_binder_11_431_dldesign_0_cycle1_af2pred.pdb,SLLRQLAPLPP,0.000268804
APP_binder_11_432_dldesign_0_cycle1_af2pred.pdb,APVLRQAPVVP,0.000777996
APP_binder_11_433_dldesign_0_cycle1_af2pred.pdb,ELPKAVSVNGS,0.000480587
APP_binder_11_434_dldesign_0_cycle1_af2pred.pdb,EVNVVTLRPPR,0.000115716
APP_binder_11_435_dldesign_0_cycle1_af2pred.pdb,ALAALRAALQP,0.001263737
APP_binder_11_436_dldesign_0_cycle1_af2pred.pdb,SRLRVQSVAAD,0.001058747
APP_binder_11_437_dldesign_0_cycle1_af2pred.pdb,SNPVVLRLPQL,0.001486303
APP_binder_11_438_dldesign_0_cycle1_af2pred.pdb,PPPPRRTVRLP,1.67E-05
APP_binder_11_439_dldesign_0_cycle1_af2pred.pdb,LAEELERLAKR,3.92E-05
APP_binder_11_43_dldesign_0_cycle1_af2pred.pdb,GLLERLLRRLS,9.43E-06
APP_binder_11_440_dldesign_0_cycle1_af2pred.pdb,GSVLRPPVKPP,0.00037091
APP_binder_11_441_dldesign_0_cycle1_af2pred.pdb,KRAVPRPAPAL,0.000136492
APP_binder_11_442_dldesign_0_cycle1_af2pred.pdb,PLPRLRPPRVL,0.301424652
APP_binder_11_443_dldesign_0_cycle1_af2pred.pdb,PDVPVLRQVLP,8.12E-05
APP_binder_11_444_dldesign_0_cycle1_af2pred.pdb,SPVVSELPEAP,0.004652295
APP_binder_11_445_dldesign_0_cycle1_af2pred.pdb,SPPKVRRYPNG,4.14E-05
APP_binder_11_446_dldesign_0_cycle1_af2pred.pdb,SLPQPNQSLEL,0.003243699
APP_binder_11_447_dldesign_0_cycle1_af2pred.pdb,SLPKTKTREEA,0.000237285
APP_binder_11_448_dldesign_0_cycle1_af2pred.pdb,SLRRLLRKLAS,0.008063607
APP_binder_11_449_dldesign_0_cycle1_af2pred.pdb,NILDQLELLKS,0.001418353
APP_binder_11_44_dldesign_0_cycle1_af2pred.pdb,GSSVLSTELLL,0.006224323
APP_binder_11_450_dldesign_0_cycle1_af2pred.pdb,GAPVSVPAPAP,0.010994348
APP_binder_11_451_dldesign_0_cycle1_af2pred.pdb,PKPQTPVAVPE,0.000294361
APP_binder_11_452_dldesign_0_cycle1_af2pred.pdb,MELVEFEYEPP,0.000401367
APP_binder_11_453_dldesign_0_cycle1_af2pred.pdb,APVPRNIASLL,1.15E-05
APP_binder_11_454_dldesign_0_cycle1_af2pred.pdb,GLAEALALALL,0.001366764
APP_binder_11_455_dldesign_0_cycle1_af2pred.pdb,MTNYVLEPEEE,5.70E-05
APP_binder_11_456_dldesign_0_cycle1_af2pred.pdb,PPLPLLKQLLA,0.000107636
APP_binder_11_457_dldesign_0_cycle1_af2pred.pdb,GGVPRRPPPPP,0.008802276
APP_binder_11_458_dldesign_0_cycle1_af2pred.pdb,SVPDITLREPL,0.00036769
APP_binder_11_459_dldesign_0_cycle1_af2pred.pdb,MLPPVVPPPLP,0.0223023
APP_binder_11_45_dldesign_0_cycle1_af2pred.pdb,GSLPRLAPRRP,0.00113558
APP_binder_11_460_dldesign_0_cycle1_af2pred.pdb,GLGRLQQLLAE,0.003016511
APP_binder_11_461_dldesign_0_cycle1_af2pred.pdb,SSYALALLLAQ,0.00270247
APP_binder_11_462_dldesign_0_cycle1_af2pred.pdb,VVYTPRVVTLP,0.000668537
APP_binder_11_463_dldesign_0_cycle1_af2pred.pdb,TLLALLQRLLQ,0.004123985
APP_binder_11_464_dldesign_0_cycle1_af2pred.pdb,GSLIVKVPVAP,0.015656602
APP_binder_11_465_dldesign_0_cycle1_af2pred.pdb,GHVHVDVAPDL,0.004077515
APP_binder_11_466_dldesign_0_cycle1_af2pred.pdb,GFTPRTVENRP,0.000282203
APP_binder_11_467_dldesign_0_cycle1_af2pred.pdb,PVVYTPRRVLP,0.000149869
APP_binder_11_468_dldesign_0_cycle1_af2pred.pdb,SLKVAYAPLLP,0.000765318
APP_binder_11_469_dldesign_0_cycle1_af2pred.pdb,RVLPQPRQPLL,1.28E-05
APP_binder_11_46_dldesign_0_cycle1_af2pred.pdb,GLSTRSVPALP,0.078558065
APP_binder_11_470_dldesign_0_cycle1_af2pred.pdb,EVLEELPNVPP,3.79E-05
APP_binder_11_471_dldesign_0_cycle1_af2pred.pdb,APVVNYTPKSV,0.003417744
APP_binder_11_472_dldesign_0_cycle1_af2pred.pdb,SLLPTLAYPPP,0.000275741
APP_binder_11_473_dldesign_0_cycle1_af2pred.pdb,MAPPVPASLLE,4.78E-05
APP_binder_11_474_dldesign_0_cycle1_af2pred.pdb,SLAELLQKLLR,0.004929577
APP_binder_11_475_dldesign_0_cycle1_af2pred.pdb,LQLSDVDLELD,0.005030156
APP_binder_11_476_dldesign_0_cycle1_af2pred.pdb,TTLRSTPNRLP,0.008604383
APP_binder_11_477_dldesign_0_cycle1_af2pred.pdb,DEDIEPGELVR,0.001048522
APP_binder_11_478_dldesign_0_cycle1_af2pred.pdb,GLVLVEGPPAA,0.000112284
APP_binder_11_479_dldesign_0_cycle1_af2pred.pdb,GRALLRLLASS,0.00060824
APP_binder_11_47_dldesign_0_cycle1_af2pred.pdb,SAAKLAQLLAE,0.000921769
APP_binder_11_480_dldesign_0_cycle1_af2pred.pdb,EEELNYVVLPP,6.17E-05
APP_binder_11_481_dldesign_0_cycle1_af2pred.pdb,DADALHRALLA,0.000748214
APP_binder_11_482_dldesign_0_cycle1_af2pred.pdb,GSYTPRRPGPR,0.001539548
APP_binder_11_483_dldesign_0_cycle1_af2pred.pdb,VRVSSSYPVAL,9.06E-06
APP_binder_11_484_dldesign_0_cycle1_af2pred.pdb,VVLVKNPLTSE,0.002417325
APP_binder_11_485_dldesign_0_cycle1_af2pred.pdb,SSQTVRHRKAP,2.14E-05
APP_binder_11_486_dldesign_0_cycle1_af2pred.pdb,APRRRKVALAP,0.009814686
APP_binder_11_487_dldesign_0_cycle1_af2pred.pdb,MLHSEELPPDE,0.003234582
APP_binder_11_488_dldesign_0_cycle1_af2pred.pdb,GVPVPRPPRVY,0.005869053
APP_binder_11_489_dldesign_0_cycle1_af2pred.pdb,SLPPIEEEIPA,0.003327458
APP_binder_11_48_dldesign_0_cycle1_af2pred.pdb,GLLPRPVRFAP,0.059299663
APP_binder_11_490_dldesign_0_cycle1_af2pred.pdb,GLPPELQEEES,0.000152213
APP_binder_11_491_dldesign_0_cycle1_af2pred.pdb,GTSLLAELLAS,0.002669694
APP_binder_11_492_dldesign_0_cycle1_af2pred.pdb,SLPVPRQVQKP,0.001383427
APP_binder_11_493_dldesign_0_cycle1_af2pred.pdb,LVSNPPTVVLR,0.001255589
APP_binder_11_494_dldesign_0_cycle1_af2pred.pdb,SPLLDALLLQE,0.000827335
APP_binder_11_495_dldesign_0_cycle1_af2pred.pdb,SVRIRSPLVYE,0.001930438
APP_binder_11_496_dldesign_0_cycle1_af2pred.pdb,SSVPYTLRPPL,0.007855982
APP_binder_11_497_dldesign_0_cycle1_af2pred.pdb,SVVVYRPAVLP,0.010273916
APP_binder_11_498_dldesign_0_cycle1_af2pred.pdb,SRRLLALLQQL,0.006846342
APP_binder_11_499_dldesign_0_cycle1_af2pred.pdb,SLSLYQPRPVE,0.002340766
APP_binder_11_49_dldesign_0_cycle1_af2pred.pdb,GVRLSKEEADL,4.99E-05
APP_binder_11_4_dldesign_0_cycle1_af2pred.pdb,GGIPPRPVVLE,0.003828516
APP_binder_11_500_dldesign_0_cycle1_af2pred.pdb,MSLPRLPDDDE,1.30E-05
APP_binder_11_501_dldesign_0_cycle1_af2pred.pdb,MKLPRKESLAP,0.000558793
APP_binder_11_502_dldesign_0_cycle1_af2pred.pdb,GVSTLRSVPPP,0.000740149
APP_binder_11_503_dldesign_0_cycle1_af2pred.pdb,MVLEEKPVYDS,0.000175039
APP_binder_11_504_dldesign_0_cycle1_af2pred.pdb,GSVPRRPPPLP,0.001710857
APP_binder_11_505_dldesign_0_cycle1_af2pred.pdb,AALARLLQRLS,0.00020137
APP_binder_11_506_dldesign_0_cycle1_af2pred.pdb,EEPVPRRYVPP,0.000220853
APP_binder_11_507_dldesign_0_cycle1_af2pred.pdb,ANVTSRELLAA,0.001087003
APP_binder_11_508_dldesign_0_cycle1_af2pred.pdb,LPLERLLKLLR,0.000924794
APP_binder_11_509_dldesign_0_cycle1_af2pred.pdb,ALDELLAARLA,0.002994818
APP_binder_11_50_dldesign_0_cycle1_af2pred.pdb,LLARLQRLLQL,0.00155117
APP_binder_11_510_dldesign_0_cycle1_af2pred.pdb,SLPVLRPPRRF,0.001209842
APP_binder_11_511_dldesign_0_cycle1_af2pred.pdb,GALPRLLLRAS,0.006466522
APP_binder_11_512_dldesign_0_cycle1_af2pred.pdb,LLELLKLLERL,1.81E-05
APP_binder_11_513_dldesign_0_cycle1_af2pred.pdb,LINDNEDEEEE,0.001211481
APP_binder_11_514_dldesign_0_cycle1_af2pred.pdb,SPYLELSALLK,0.00600202
APP_binder_11_515_dldesign_0_cycle1_af2pred.pdb,VSLARVLAREE,0.000497088
APP_binder_11_516_dldesign_0_cycle1_af2pred.pdb,GVNYTPRVILP,6.61E-05
APP_binder_11_517_dldesign_0_cycle1_af2pred.pdb,SYPARRPPPLP,0.006805008
APP_binder_11_518_dldesign_0_cycle1_af2pred.pdb,ANTTVRLYKPP,0.000267037
APP_binder_11_519_dldesign_0_cycle1_af2pred.pdb,GSGAVLRRYVP,0.000871571
APP_binder_11_51_dldesign_0_cycle1_af2pred.pdb,SVPTVRPQRVA,5.35E-05
APP_binder_11_520_dldesign_0_cycle1_af2pred.pdb,GALRALRQLLD,0.001457703
APP_binder_11_521_dldesign_0_cycle1_af2pred.pdb,PLATPVPAPAL,0.000105605
APP_binder_11_522_dldesign_0_cycle1_af2pred.pdb,GVPVPRRPPPR,0.00115514
APP_binder_11_523_dldesign_0_cycle1_af2pred.pdb,VDNPLVLPPLL,5.04E-05
APP_binder_11_524_dldesign_0_cycle1_af2pred.pdb,EVVEPVPRLPP,2.26E-05
APP_binder_11_525_dldesign_0_cycle1_af2pred.pdb,GRPRHVLQPAP,0.001347009
APP_binder_11_526_dldesign_0_cycle1_af2pred.pdb,HMNVTLRPTRR,5.23E-05
APP_binder_11_527_dldesign_0_cycle1_af2pred.pdb,GPLVSSEVPKV,0.000697468
APP_binder_11_528_dldesign_0_cycle1_af2pred.pdb,VPVTREELLAA,0.000242466
APP_binder_11_529_dldesign_0_cycle1_af2pred.pdb,PVGNYTLVQLP,0.000229673
APP_binder_11_52_dldesign_0_cycle1_af2pred.pdb,SHFEELPPAEP,0.001340637
APP_binder_11_530_dldesign_0_cycle1_af2pred.pdb,SLLPQPRVPLL,0.000777961
APP_binder_11_531_dldesign_0_cycle1_af2pred.pdb,SEVILPRRAPL,0.000382208
APP_binder_11_532_dldesign_0_cycle1_af2pred.pdb,SLPTVRRAPPR,7.09E-05
APP_binder_11_533_dldesign_0_cycle1_af2pred.pdb,EPEYVEYPYVP,0.000180548
APP_binder_11_534_dldesign_0_cycle1_af2pred.pdb,SLELRRLLSLL,0.003169514
APP_binder_11_535_dldesign_0_cycle1_af2pred.pdb,LSPEELRRAPP,0.000220823
APP_binder_11_536_dldesign_0_cycle1_af2pred.pdb,GARPRSVGELP,5.78E-05
APP_binder_11_537_dldesign_0_cycle1_af2pred.pdb,GVNVASPEELA,0.000188343
APP_binder_11_538_dldesign_0_cycle1_af2pred.pdb,GEKRTIPDLLS,0.000518009
APP_binder_11_539_dldesign_0_cycle1_af2pred.pdb,SQPLHHYRLLP,0.007262224
APP_binder_11_53_dldesign_0_cycle1_af2pred.pdb,GLSALLNKLLQ,3.15E-05
APP_binder_11_540_dldesign_0_cycle1_af2pred.pdb,SYEEVEVPKLP,0.010522863
APP_binder_11_541_dldesign_0_cycle1_af2pred.pdb,SRLLADKLASS,0.004198557
APP_binder_11_542_dldesign_0_cycle1_af2pred.pdb,SLPVPRRVLAP,0.000673086
APP_binder_11_543_dldesign_0_cycle1_af2pred.pdb,ALSARELAALP,0.000405436
APP_binder_11_544_dldesign_0_cycle1_af2pred.pdb,SFTYRHRKAPP,0.001419074
APP_binder_11_545_dldesign_0_cycle1_af2pred.pdb,QLLEDLLANLA,0.000202442
APP_binder_11_546_dldesign_0_cycle1_af2pred.pdb,PLLTLYPLEYG,0.00243078
APP_binder_11_547_dldesign_0_cycle1_af2pred.pdb,PLPPPPRPVEP,0.000257739
APP_binder_11_548_dldesign_0_cycle1_af2pred.pdb,PPPPVLRQVLP,0.000209985
APP_binder_11_549_dldesign_0_cycle1_af2pred.pdb,PVDVPTLRQIR,0.000194913
APP_binder_11_54_dldesign_0_cycle1_af2pred.pdb,SLPTLRRVLGP,2.13E-05
APP_binder_11_550_dldesign_0_cycle1_af2pred.pdb,LQAKLDQLLAE,5.65E-05
APP_binder_11_551_dldesign_0_cycle1_af2pred.pdb,GPLVSAEVEVD,1.52E-05
APP_binder_11_552_dldesign_0_cycle1_af2pred.pdb,FVPPTLRPPLP,0.002887686
APP_binder_11_553_dldesign_0_cycle1_af2pred.pdb,ALRDLLDDLLE,0.000705193
APP_binder_11_554_dldesign_0_cycle1_af2pred.pdb,DLNELRRLLRL,0.000908667
APP_binder_11_555_dldesign_0_cycle1_af2pred.pdb,MERDSVEELPP,0.000167894
APP_binder_11_556_dldesign_0_cycle1_af2pred.pdb,SVLRRVLPSEL,0.00016281
APP_binder_11_557_dldesign_0_cycle1_af2pred.pdb,SLLRLLLLLRS,0.000132808
APP_binder_11_558_dldesign_0_cycle1_af2pred.pdb,NPKLAEYLALR,0.000160656
APP_binder_11_559_dldesign_0_cycle1_af2pred.pdb,GPVTFNYVAAP,0.001845932
APP_binder_11_55_dldesign_0_cycle1_af2pred.pdb,GSVVERPVVLP,0.000411826
APP_binder_11_560_dldesign_0_cycle1_af2pred.pdb,VRPPVTLAPLP,0.201026231
APP_binder_11_561_dldesign_0_cycle1_af2pred.pdb,GVPVPRRVLAP,0.001305092
APP_binder_11_562_dldesign_0_cycle1_af2pred.pdb,EPELRELLAEL,0.000608947
APP_binder_11_563_dldesign_0_cycle1_af2pred.pdb,MSYPHAALRAP,0.003000922
APP_binder_11_564_dldesign_0_cycle1_af2pred.pdb,DPSLDAKLAAA,0.000691805
APP_binder_11_565_dldesign_0_cycle1_af2pred.pdb,SVPVPRRPAPP,0.000189036
APP_binder_11_566_dldesign_0_cycle1_af2pred.pdb,GVPVPRRPRPP,0.024749309
APP_binder_11_567_dldesign_0_cycle1_af2pred.pdb,PVRDLEDLLEE,0.000187611
APP_binder_11_568_dldesign_0_cycle1_af2pred.pdb,SFTLKSRAPPT,0.000478118
APP_binder_11_569_dldesign_0_cycle1_af2pred.pdb,GSATVLPSVAP,0.000258263
APP_binder_11_56_dldesign_0_cycle1_af2pred.pdb,HNAVYVYDEDP,0.000879082
APP_binder_11_570_dldesign_0_cycle1_af2pred.pdb,SLPVLRQVLPP,0.000808381
APP_binder_11_571_dldesign_0_cycle1_af2pred.pdb,SVLSKLLADLL,0.000387069
APP_binder_11_572_dldesign_0_cycle1_af2pred.pdb,GLPNIFDVAPE,0.441149652
APP_binder_11_573_dldesign_0_cycle1_af2pred.pdb,EVLPPRLLRTG,6.31E-05
APP_binder_11_574_dldesign_0_cycle1_af2pred.pdb,SNLLRQLLQQL,0.006019386
APP_binder_11_575_dldesign_0_cycle1_af2pred.pdb,SAPLGERLVLP,0.000716182
APP_binder_11_576_dldesign_0_cycle1_af2pred.pdb,RVVPRRVKVPA,0.000372344
APP_binder_11_577_dldesign_0_cycle1_af2pred.pdb,SVLELKSVPGG,0.00432602
APP_binder_11_578_dldesign_0_cycle1_af2pred.pdb,SMLEVQYESAP,0.00263197
APP_binder_11_579_dldesign_0_cycle1_af2pred.pdb,AAPQPVAVVRT,0.004200693
APP_binder_11_57_dldesign_0_cycle1_af2pred.pdb,LVLPLLRSVPA,8.81E-05
APP_binder_11_580_dldesign_0_cycle1_af2pred.pdb,RVVLFLPPDLP,0.005202895
APP_binder_11_581_dldesign_0_cycle1_af2pred.pdb,SLLRQLLLDSS,0.000235271
APP_binder_11_582_dldesign_0_cycle1_af2pred.pdb,KPPVIRHDVDD,0.003023156
APP_binder_11_583_dldesign_0_cycle1_af2pred.pdb,GEVVESERPPA,7.46E-05
APP_binder_11_584_dldesign_0_cycle1_af2pred.pdb,GEVVLSEREAP,1.44E-05
APP_binder_11_585_dldesign_0_cycle1_af2pred.pdb,GSHLVLPPNPP,0.000120237
APP_binder_11_586_dldesign_0_cycle1_af2pred.pdb,GVVVEVEVLPA,0.002387863
APP_binder_11_587_dldesign_0_cycle1_af2pred.pdb,VLPEPEYYSPP,0.001693396
APP_binder_11_588_dldesign_0_cycle1_af2pred.pdb,STPRPRSLLVY,8.72E-05
APP_binder_11_589_dldesign_0_cycle1_af2pred.pdb,SLPVLKQVKNP,0.002211875
APP_binder_11_58_dldesign_0_cycle1_af2pred.pdb,SSRIIRVAAPP,0.002769353
APP_binder_11_590_dldesign_0_cycle1_af2pred.pdb,SLPVLRRPPPP,0.000116708
APP_binder_11_591_dldesign_0_cycle1_af2pred.pdb,PNVPVPLPALP,0.000434471
APP_binder_11_592_dldesign_0_cycle1_af2pred.pdb,DPLARLLALLS,0.001031148
APP_binder_11_593_dldesign_0_cycle1_af2pred.pdb,TRRPPVKLLPA,0.360935777
APP_binder_11_594_dldesign_0_cycle1_af2pred.pdb,PVPVLRPAVRP,0.000259713
APP_binder_11_595_dldesign_0_cycle1_af2pred.pdb,PVYTLRVPPPP,0.00034358
APP_binder_11_596_dldesign_0_cycle1_af2pred.pdb,GVRVNKPVPLL,0.004642236
APP_binder_11_597_dldesign_0_cycle1_af2pred.pdb,DLSKEELAELL,5.78E-06
APP_binder_11_598_dldesign_0_cycle1_af2pred.pdb,GEFVVHHRKAL,2.85E-05
APP_binder_11_599_dldesign_0_cycle1_af2pred.pdb,GTHVLEVADPP,0.004143179
APP_binder_11_59_dldesign_0_cycle1_af2pred.pdb,STLTELPPRPN,0.002879392
APP_binder_11_5_dldesign_0_cycle1_af2pred.pdb,SVPKALSVQPP,0.001722255
APP_binder_11_600_dldesign_0_cycle1_af2pred.pdb,SLARMLARRLA,0.002006056
APP_binder_11_601_dldesign_0_cycle1_af2pred.pdb,SLPTVAPLKLP,0.001691036
APP_binder_11_602_dldesign_0_cycle1_af2pred.pdb,SALQRRLDQLA,0.00020012
APP_binder_11_603_dldesign_0_cycle1_af2pred.pdb,PRPSHILPASA,0.039432116
APP_binder_11_604_dldesign_0_cycle1_af2pred.pdb,GVPVPRRAEPA,0.002846043
APP_binder_11_605_dldesign_0_cycle1_af2pred.pdb,SVPVPRLPVLP,2.51E-05
APP_binder_11_606_dldesign_0_cycle1_af2pred.pdb,PIQYPSASEDE,0.001019461
APP_binder_11_607_dldesign_0_cycle1_af2pred.pdb,DDLYALLRGLP,0.00063522
APP_binder_11_608_dldesign_0_cycle1_af2pred.pdb,HVYVPNYVLEA,0.000123295
APP_binder_11_609_dldesign_0_cycle1_af2pred.pdb,MTPPVKAPAPL,0.000456018
APP_binder_11_60_dldesign_0_cycle1_af2pred.pdb,HAARIAANRVA,0.001806612
APP_binder_11_610_dldesign_0_cycle1_af2pred.pdb,STNYVRVPAPA,0.000123598
APP_binder_11_611_dldesign_0_cycle1_af2pred.pdb,STPVKMDPALQ,0.000148809
APP_binder_11_612_dldesign_0_cycle1_af2pred.pdb,ALPPPPRRQLT,0.009854248
APP_binder_11_613_dldesign_0_cycle1_af2pred.pdb,PPVSRVSNRVL,0.006758106
APP_binder_11_614_dldesign_0_cycle1_af2pred.pdb,GLADALLAALL,0.000537605
APP_binder_11_615_dldesign_0_cycle1_af2pred.pdb,SSTLVPPLVLP,0.003436502
APP_binder_11_616_dldesign_0_cycle1_af2pred.pdb,GSSVAVRVPLA,0.000965845
APP_binder_11_617_dldesign_0_cycle1_af2pred.pdb,MTLEEYEELLA,6.10E-05
APP_binder_11_618_dldesign_0_cycle1_af2pred.pdb,EEPVLRRVLPP,2.27E-05
APP_binder_11_619_dldesign_0_cycle1_af2pred.pdb,GPLITEADVLS,1.74E-05
APP_binder_11_61_dldesign_0_cycle1_af2pred.pdb,GLRYVLEVDVL,0.006072161
APP_binder_11_620_dldesign_0_cycle1_af2pred.pdb,AAETAARIAAQ,0.004814589
APP_binder_11_621_dldesign_0_cycle1_af2pred.pdb,SEPEVKTRQPP,0.000848119
APP_binder_11_622_dldesign_0_cycle1_af2pred.pdb,SLEDLVEELLE,0.000508782
APP_binder_11_623_dldesign_0_cycle1_af2pred.pdb,PSAPSPLEVTE,0.000157156
APP_binder_11_624_dldesign_0_cycle1_af2pred.pdb,GVAVPAPPPVR,0.000193607
APP_binder_11_625_dldesign_0_cycle1_af2pred.pdb,PAVPVRVPAAS,7.99E-06
APP_binder_11_626_dldesign_0_cycle1_af2pred.pdb,GETPVVHVPLP,0.000300432
APP_binder_11_627_dldesign_0_cycle1_af2pred.pdb,DDALLQNLLQS,0.002661735
APP_binder_11_628_dldesign_0_cycle1_af2pred.pdb,GPAVTREELLE,8.40E-05
APP_binder_11_629_dldesign_0_cycle1_af2pred.pdb,SRSGLPEPAPP,0.000191017
APP_binder_11_62_dldesign_0_cycle1_af2pred.pdb,GPGVPRRASYP,4.89E-05
APP_binder_11_630_dldesign_0_cycle1_af2pred.pdb,GTVYRPKPVLP,8.76E-05
APP_binder_11_631_dldesign_0_cycle1_af2pred.pdb,DEAELYALARL,0.001060031
APP_binder_11_632_dldesign_0_cycle1_af2pred.pdb,AGVKIKVYDLS,0.000107281
APP_binder_11_633_dldesign_0_cycle1_af2pred.pdb,GVSSSELDLSA,0.001134501
APP_binder_11_634_dldesign_0_cycle1_af2pred.pdb,GVLVARRVRPP,0.003951676
APP_binder_11_635_dldesign_0_cycle1_af2pred.pdb,GSSLLRHLLLQ,7.23E-05
APP_binder_11_636_dldesign_0_cycle1_af2pred.pdb,DPAVVPAVPLP,0.036217619
APP_binder_11_637_dldesign_0_cycle1_af2pred.pdb,SGPTFYSPPVY,0.000572833
APP_binder_11_638_dldesign_0_cycle1_af2pred.pdb,RSRLALRLGIR,0.001123628
APP_binder_11_639_dldesign_0_cycle1_af2pred.pdb,GLAPHYRASEL,0.000737637
APP_binder_11_63_dldesign_0_cycle1_af2pred.pdb,SSGPVYVDASA,0.001257094
APP_binder_11_640_dldesign_0_cycle1_af2pred.pdb,SEVITSEPTLP,0.00291717
APP_binder_11_641_dldesign_0_cycle1_af2pred.pdb,GSLPVLRAPRP,0.000431424
APP_binder_11_642_dldesign_0_cycle1_af2pred.pdb,GSSSTLRRRLP,0.000175984
APP_binder_11_643_dldesign_0_cycle1_af2pred.pdb,EDKPLFQRRPP,0.000141781
APP_binder_11_644_dldesign_0_cycle1_af2pred.pdb,EEPPPLRSLPN,0.001173294
APP_binder_11_645_dldesign_0_cycle1_af2pred.pdb,MVPVYEPDVLL,0.000868891
APP_binder_11_646_dldesign_0_cycle1_af2pred.pdb,SSLAPQVERLA,0.001753762
APP_binder_11_647_dldesign_0_cycle1_af2pred.pdb,GKGVELPNVQP,0.001698123
APP_binder_11_648_dldesign_0_cycle1_af2pred.pdb,GDPEGVVLPLP,4.48E-05
APP_binder_11_649_dldesign_0_cycle1_af2pred.pdb,SRPPVRVPRLL,0.000406273
APP_binder_11_64_dldesign_0_cycle1_af2pred.pdb,PLPQRLVTRPP,0.000213734
APP_binder_11_650_dldesign_0_cycle1_af2pred.pdb,SRLAQLAALLA,0.000681467
APP_binder_11_651_dldesign_0_cycle1_af2pred.pdb,DVLVTQEELLG,0.009562193
APP_binder_11_652_dldesign_0_cycle1_af2pred.pdb,GGVVRRPPPPP,0.00100507
APP_binder_11_653_dldesign_0_cycle1_af2pred.pdb,SLLLRRLLSKL,0.002280695
APP_binder_11_654_dldesign_0_cycle1_af2pred.pdb,SLPTLTPGRRP,9.74E-05
APP_binder_11_655_dldesign_0_cycle1_af2pred.pdb,SVPVFRQLPRR,0.00335151
APP_binder_11_656_dldesign_0_cycle1_af2pred.pdb,LALRRLLQKLR,1.61E-05
APP_binder_11_657_dldesign_0_cycle1_af2pred.pdb,SLEEELLALLR,0.001656924
APP_binder_11_658_dldesign_0_cycle1_af2pred.pdb,NPWRLLQRLLQ,0.000959085
APP_binder_11_659_dldesign_0_cycle1_af2pred.pdb,PAPSHFVQLPE,0.00160424
APP_binder_11_65_dldesign_0_cycle1_af2pred.pdb,PPPPVPIVPRE,0.005792961
APP_binder_11_660_dldesign_0_cycle1_af2pred.pdb,ELPVLRSVPAP,0.000388582
APP_binder_11_661_dldesign_0_cycle1_af2pred.pdb,SVLSSYHHRKA,0.003349537
APP_binder_11_662_dldesign_0_cycle1_af2pred.pdb,SSSSSEVEAEP,0.001259599
APP_binder_11_663_dldesign_0_cycle1_af2pred.pdb,GPKPRQKSNGP,0.001018139
APP_binder_11_664_dldesign_0_cycle1_af2pred.pdb,DEALKRLLRRL,0.008172203
APP_binder_11_665_dldesign_0_cycle1_af2pred.pdb,SVSLSERERPA,4.09E-05
APP_binder_11_666_dldesign_0_cycle1_af2pred.pdb,GQLASAEKVTR,0.003445322
APP_binder_11_667_dldesign_0_cycle1_af2pred.pdb,STLKSLPVPPP,0.011244014
APP_binder_11_668_dldesign_0_cycle1_af2pred.pdb,SLPTLRTSSPP,6.17E-05
APP_binder_11_669_dldesign_0_cycle1_af2pred.pdb,SEPLLSEKPPR,0.000427796
APP_binder_11_66_dldesign_0_cycle1_af2pred.pdb,VTLRRWTRPLL,0.003782265
APP_binder_11_670_dldesign_0_cycle1_af2pred.pdb,DELLELLRRPP,0.000585979
APP_binder_11_671_dldesign_0_cycle1_af2pred.pdb,LEDELLQLLRE,0.002670333
APP_binder_11_672_dldesign_0_cycle1_af2pred.pdb,GPGAVFRPPVE,0.001000942
APP_binder_11_673_dldesign_0_cycle1_af2pred.pdb,GSSSVTLKSVP,0.001312834
APP_binder_11_674_dldesign_0_cycle1_af2pred.pdb,LTKEEREALLA,0.000198442
APP_binder_11_675_dldesign_0_cycle1_af2pred.pdb,MSRPRILADAG,0.000112484
APP_binder_11_676_dldesign_0_cycle1_af2pred.pdb,ATAAALAALAA,6.31E-05
APP_binder_11_677_dldesign_0_cycle1_af2pred.pdb,GLLDLRALLSE,0.003068672
APP_binder_11_678_dldesign_0_cycle1_af2pred.pdb,ERLLLLLLERL,0.001684518
APP_binder_11_679_dldesign_0_cycle1_af2pred.pdb,SLMAAARAAQA,0.001179127
APP_binder_11_67_dldesign_0_cycle1_af2pred.pdb,EVVLTPTTPRP,2.66E-05
APP_binder_11_680_dldesign_0_cycle1_af2pred.pdb,DDLALLRNLLA,0.001299007
APP_binder_11_681_dldesign_0_cycle1_af2pred.pdb,SRLLQRLLALL,0.036760803
APP_binder_11_682_dldesign_0_cycle1_af2pred.pdb,SLPVPRRLPPR,0.001677872
APP_binder_11_683_dldesign_0_cycle1_af2pred.pdb,SSVRSVRLKAP,0.003782927
APP_binder_11_684_dldesign_0_cycle1_af2pred.pdb,SSLPPRRPVPP,0.003396488
APP_binder_11_685_dldesign_0_cycle1_af2pred.pdb,PRAPGPPRRLP,0.061002482
APP_binder_11_686_dldesign_0_cycle1_af2pred.pdb,ARVLVQADALP,9.60E-06
APP_binder_11_687_dldesign_0_cycle1_af2pred.pdb,PLPASAKLVQR,0.00139325
APP_binder_11_688_dldesign_0_cycle1_af2pred.pdb,GPSVRRPLVLP,0.000463398
APP_binder_11_689_dldesign_0_cycle1_af2pred.pdb,VVPRRAVPRLP,0.005489929
APP_binder_11_68_dldesign_0_cycle1_af2pred.pdb,SLVLAPRLPPP,0.002573166
APP_binder_11_690_dldesign_0_cycle1_af2pred.pdb,SALRLALLLES,3.63E-05
APP_binder_11_691_dldesign_0_cycle1_af2pred.pdb,VEPVKAPPLVL,0.001073749
APP_binder_11_692_dldesign_0_cycle1_af2pred.pdb,GPPLPRPLLLP,0.016044542
APP_binder_11_693_dldesign_0_cycle1_af2pred.pdb,SSEVVPVEKEL,0.000979289
APP_binder_11_694_dldesign_0_cycle1_af2pred.pdb,PPPLRVVQRPP,0.055313129
APP_binder_11_695_dldesign_0_cycle1_af2pred.pdb,SKPAVLRSVQA,0.002702548
APP_binder_11_696_dldesign_0_cycle1_af2pred.pdb,SSPLRSEEREA,0.000338811
APP_binder_11_697_dldesign_0_cycle1_af2pred.pdb,SSLLLLPRASA,0.000135537
APP_binder_11_698_dldesign_0_cycle1_af2pred.pdb,PENVLTKEEVL,0.000875097
APP_binder_11_699_dldesign_0_cycle1_af2pred.pdb,GPLVVNPSAVD,1.23E-05
APP_binder_11_69_dldesign_0_cycle1_af2pred.pdb,GFHLRPVYPLE,0.052049961
APP_binder_11_6_dldesign_0_cycle1_af2pred.pdb,PVPPRLRRPLP,0.001248863
APP_binder_11_700_dldesign_0_cycle1_af2pred.pdb,GEETPLEYVPP,0.00078009
APP_binder_11_701_dldesign_0_cycle1_af2pred.pdb,GVTLSQLPVRE,0.002040544
APP_binder_11_702_dldesign_0_cycle1_af2pred.pdb,GSRLRSPTDVD,0.002717783
APP_binder_11_703_dldesign_0_cycle1_af2pred.pdb,MSSPLIPEVPL,4.75E-05
APP_binder_11_704_dldesign_0_cycle1_af2pred.pdb,GVYTLRPGRRA,7.12E-05
APP_binder_11_705_dldesign_0_cycle1_af2pred.pdb,RELRDLLRTLS,0.000702688
APP_binder_11_706_dldesign_0_cycle1_af2pred.pdb,GSVLRPPRRAP,0.000207948
APP_binder_11_707_dldesign_0_cycle1_af2pred.pdb,EVNVLTPRRPP,0.000648451
APP_binder_11_708_dldesign_0_cycle1_af2pred.pdb,KRQKRRYVKVS,0.047618382
APP_binder_11_709_dldesign_0_cycle1_af2pred.pdb,GPVPVPTRGGP,0.000625005
APP_binder_11_70_dldesign_0_cycle1_af2pred.pdb,AKPVKVDVAPL,0.000372794
APP_binder_11_710_dldesign_0_cycle1_af2pred.pdb,GELVFEEREAP,0.000680327
APP_binder_11_711_dldesign_0_cycle1_af2pred.pdb,GFTPRSVPPRP,0.007070609
APP_binder_11_712_dldesign_0_cycle1_af2pred.pdb,DLEELLNLLRQ,0.000339011
APP_binder_11_713_dldesign_0_cycle1_af2pred.pdb,LLPVGPRRAAP,0.000121537
APP_binder_11_714_dldesign_0_cycle1_af2pred.pdb,VARSRSADVPL,0.000485395
APP_binder_11_715_dldesign_0_cycle1_af2pred.pdb,GEVPVPRRVPP,4.86E-05
APP_binder_11_716_dldesign_0_cycle1_af2pred.pdb,AYEPPQDADVD,0.003789085
APP_binder_11_717_dldesign_0_cycle1_af2pred.pdb,PPPPLAIRRVP,0.003976443
APP_binder_11_718_dldesign_0_cycle1_af2pred.pdb,EELPLLVQRPP,2.03E-05
APP_binder_11_719_dldesign_0_cycle1_af2pred.pdb,GVGTPRPPVRY,0.000156417
APP_binder_11_71_dldesign_0_cycle1_af2pred.pdb,SLPALPQAALP,0.000942886
APP_binder_11_720_dldesign_0_cycle1_af2pred.pdb,SVLTLRVPKPP,0.000529312
APP_binder_11_721_dldesign_0_cycle1_af2pred.pdb,PPRLPVPPILP,0.696135283
APP_binder_11_722_dldesign_0_cycle1_af2pred.pdb,SVVPRVATVPP,7.12E-05
APP_binder_11_723_dldesign_0_cycle1_af2pred.pdb,APPPVYTPRRP,0.00670652
APP_binder_11_724_dldesign_0_cycle1_af2pred.pdb,GVPPPSPLVLT,2.44E-05
APP_binder_11_725_dldesign_0_cycle1_af2pred.pdb,GGVAKPLLSEE,0.000439558
APP_binder_11_726_dldesign_0_cycle1_af2pred.pdb,PEKPLVLPQPL,0.000584239
APP_binder_11_727_dldesign_0_cycle1_af2pred.pdb,GPVIVPRSISD,0.008327541
APP_binder_11_728_dldesign_0_cycle1_af2pred.pdb,SPVYTPTHAPP,0.002470189
APP_binder_11_729_dldesign_0_cycle1_af2pred.pdb,GAEPVELPVLP,0.000126592
APP_binder_11_72_dldesign_0_cycle1_af2pred.pdb,PPPPPLRVFPP,1.19E-05
APP_binder_11_730_dldesign_0_cycle1_af2pred.pdb,AEPNFVLQPAL,0.001123191
APP_binder_11_731_dldesign_0_cycle1_af2pred.pdb,PVYVPSPPVYP,0.000479341
APP_binder_11_732_dldesign_0_cycle1_af2pred.pdb,GPPRPSLSELP,0.000158486
APP_binder_11_733_dldesign_0_cycle1_af2pred.pdb,SLPVLRPGRPP,0.000912817
APP_binder_11_734_dldesign_0_cycle1_af2pred.pdb,GLLKALLARLA,6.50E-05
APP_binder_11_735_dldesign_0_cycle1_af2pred.pdb,SLPKPRRYVPP,0.000458681
APP_binder_11_736_dldesign_0_cycle1_af2pred.pdb,SLPVVTLRPPL,3.92E-05
APP_binder_11_737_dldesign_0_cycle1_af2pred.pdb,PVKTRTVSFSP,0.002690296
APP_binder_11_738_dldesign_0_cycle1_af2pred.pdb,MEPRSVPALPP,0.007366728
APP_binder_11_739_dldesign_0_cycle1_af2pred.pdb,PLKTDREILLG,0.000814182
APP_binder_11_73_dldesign_0_cycle1_af2pred.pdb,GGSVEVPVESV,0.001076142
APP_binder_11_740_dldesign_0_cycle1_af2pred.pdb,SPALLAALAIA,0.001497699
APP_binder_11_741_dldesign_0_cycle1_af2pred.pdb,SVPTLRSPLSL,0.000421932
APP_binder_11_742_dldesign_0_cycle1_af2pred.pdb,GSSAPRLRSRP,0.00334414
APP_binder_11_743_dldesign_0_cycle1_af2pred.pdb,GSVVSGESLAE,0.149094105
APP_binder_11_744_dldesign_0_cycle1_af2pred.pdb,GVTTVQLPPRT,0.000516154
APP_binder_11_745_dldesign_0_cycle1_af2pred.pdb,MTTPVKELSLP,0.00024269
APP_binder_11_746_dldesign_0_cycle1_af2pred.pdb,LYPRGVAVPAP,0.015251464
APP_binder_11_747_dldesign_0_cycle1_af2pred.pdb,EHFEELDVPAP,0.002026875
APP_binder_11_748_dldesign_0_cycle1_af2pred.pdb,DLPLLVQLEPR,0.003869996
APP_binder_11_749_dldesign_0_cycle1_af2pred.pdb,SIPRILEVALP,8.59E-05
APP_binder_11_74_dldesign_0_cycle1_af2pred.pdb,SSLELLEELLE,0.000947966
APP_binder_11_750_dldesign_0_cycle1_af2pred.pdb,YVLPRYVLALP,0.00638107
APP_binder_11_751_dldesign_0_cycle1_af2pred.pdb,PRPTGPLSSSE,2.68E-05
APP_binder_11_752_dldesign_0_cycle1_af2pred.pdb,GPPLVRRPPPR,0.057679597
APP_binder_11_753_dldesign_0_cycle1_af2pred.pdb,EVLPVVRRTPP,0.000822672
APP_binder_11_754_dldesign_0_cycle1_af2pred.pdb,SRLLALLATLP,0.001998729
APP_binder_11_755_dldesign_0_cycle1_af2pred.pdb,GSVLRYASYYP,0.000544582
APP_binder_11_756_dldesign_0_cycle1_af2pred.pdb,FIRTEPVKVAL,0.000282203
APP_binder_11_757_dldesign_0_cycle1_af2pred.pdb,SLLSEEERLLS,1.85E-05
APP_binder_11_758_dldesign_0_cycle1_af2pred.pdb,LPLLLRRLLEE,0.005000159
APP_binder_11_759_dldesign_0_cycle1_af2pred.pdb,SYRGTRIPAPP,0.231016204
APP_binder_11_75_dldesign_0_cycle1_af2pred.pdb,GPVPPRLRSVP,0.003063821
APP_binder_11_760_dldesign_0_cycle1_af2pred.pdb,VLARKLAAELA,0.002239699
APP_binder_11_761_dldesign_0_cycle1_af2pred.pdb,MVYTPRQVKAP,0.000315531
APP_binder_11_762_dldesign_0_cycle1_af2pred.pdb,GGVATPAPPIP,0.008119544
APP_binder_11_763_dldesign_0_cycle1_af2pred.pdb,PRVVVEAPEDL,9.34E-06
APP_binder_11_764_dldesign_0_cycle1_af2pred.pdb,PLFSPDVDDDD,0.002306328
APP_binder_11_765_dldesign_0_cycle1_af2pred.pdb,GKLSLNHRKAP,0.00407158
APP_binder_11_766_dldesign_0_cycle1_af2pred.pdb,SLLDRLLALLG,0.00063471
APP_binder_11_767_dldesign_0_cycle1_af2pred.pdb,EVLVEYPPRPP,0.007141977
APP_binder_11_768_dldesign_0_cycle1_af2pred.pdb,EVLTEGVESDE,7.31E-05
APP_binder_11_769_dldesign_0_cycle1_af2pred.pdb,DSGLLERLLAL,0.005892103
APP_binder_11_76_dldesign_0_cycle1_af2pred.pdb,SSVTLNRLPAP,0.000341515
APP_binder_11_770_dldesign_0_cycle1_af2pred.pdb,GTRAEYLALEA,0.003598986
APP_binder_11_771_dldesign_0_cycle1_af2pred.pdb,SSLPFRPPQLP,0.001681737
APP_binder_11_772_dldesign_0_cycle1_af2pred.pdb,GVVSYTLKAVP,0.107647732
APP_binder_11_773_dldesign_0_cycle1_af2pred.pdb,SPGPAVLRSVG,0.000161813
APP_binder_11_774_dldesign_0_cycle1_af2pred.pdb,GRTPPVAVPAP,0.000178698
APP_binder_11_775_dldesign_0_cycle1_af2pred.pdb,GTLLSLLAQLL,0.058618303
APP_binder_11_776_dldesign_0_cycle1_af2pred.pdb,SALLSRLLSLL,0.002165547
APP_binder_11_777_dldesign_0_cycle1_af2pred.pdb,GSSVKLLAPVL,0.001384003
APP_binder_11_778_dldesign_0_cycle1_af2pred.pdb,RLLRALARNLA,0.000216351
APP_binder_11_779_dldesign_0_cycle1_af2pred.pdb,GAARHLPADLS,2.41E-05
APP_binder_11_77_dldesign_0_cycle1_af2pred.pdb,ALVSLSQEELE,8.44E-05
APP_binder_11_780_dldesign_0_cycle1_af2pred.pdb,TDPLVDLAEEA,0.005689225
APP_binder_11_781_dldesign_0_cycle1_af2pred.pdb,EVEPVLRRRPP,0.000558606
APP_binder_11_782_dldesign_0_cycle1_af2pred.pdb,SRRGVHRPLLP,0.022832846
APP_binder_11_783_dldesign_0_cycle1_af2pred.pdb,EVPVEYVPRKE,1.33E-05
APP_binder_11_784_dldesign_0_cycle1_af2pred.pdb,GVQPPVPKESV,0.040689263
APP_binder_11_785_dldesign_0_cycle1_af2pred.pdb,SYPRGVPIPAP,0.02603735
APP_binder_11_786_dldesign_0_cycle1_af2pred.pdb,DLSELKRLLDS,0.000803516
APP_binder_11_787_dldesign_0_cycle1_af2pred.pdb,PFVPKEFISRE,0.008363979
APP_binder_11_788_dldesign_0_cycle1_af2pred.pdb,SVPKYSARILP,0.000619186
APP_binder_11_789_dldesign_0_cycle1_af2pred.pdb,PPPPPALPTFD,2.12E-05
APP_binder_11_78_dldesign_0_cycle1_af2pred.pdb,MHSEELPPAVP,7.45E-05
APP_binder_11_790_dldesign_0_cycle1_af2pred.pdb,LRRSRARRLAP,0.045884304
APP_binder_11_791_dldesign_0_cycle1_af2pred.pdb,DSLRALLAKLA,0.001834407
APP_binder_11_792_dldesign_0_cycle1_af2pred.pdb,LNRLLRRLLDG,0.002236506
APP_binder_11_793_dldesign_0_cycle1_af2pred.pdb,GSVLSTDLLDE,0.01290486
APP_binder_11_794_dldesign_0_cycle1_af2pred.pdb,GSRLLEELLEA,0.002382785
APP_binder_11_795_dldesign_0_cycle1_af2pred.pdb,SLLEELLELLL,0.000119606
APP_binder_11_796_dldesign_0_cycle1_af2pred.pdb,TEPVPAPSVLP,0.000424673
APP_binder_11_797_dldesign_0_cycle1_af2pred.pdb,GLSTLLLLLSS,0.0004348
APP_binder_11_798_dldesign_0_cycle1_af2pred.pdb,SVDDNIDLPPK,0.001552548
APP_binder_11_799_dldesign_0_cycle1_af2pred.pdb,ELEELLELLKR,0.000404535
APP_binder_11_79_dldesign_0_cycle1_af2pred.pdb,GYTLAPPVVPP,3.98E-05
APP_binder_11_7_dldesign_0_cycle1_af2pred.pdb,PLPNLDVSLPP,0.000871251
APP_binder_11_800_dldesign_0_cycle1_af2pred.pdb,GVPGVPLPLPP,0.000275094
APP_binder_11_801_dldesign_0_cycle1_af2pred.pdb,SSRPVRVPAPP,0.00352854
APP_binder_11_802_dldesign_0_cycle1_af2pred.pdb,PLVLRPDSVEP,0.000979142
APP_binder_11_803_dldesign_0_cycle1_af2pred.pdb,NSPPVRPPLLP,0.004762787
APP_binder_11_804_dldesign_0_cycle1_af2pred.pdb,SLLDLKDALLS,0.001355572
APP_binder_11_805_dldesign_0_cycle1_af2pred.pdb,SLVLRHVKVPL,0.003307888
APP_binder_11_806_dldesign_0_cycle1_af2pred.pdb,GKATLLFEAVL,8.04E-05
APP_binder_11_807_dldesign_0_cycle1_af2pred.pdb,GKPNYVLEVAP,1.52E-05
APP_binder_11_808_dldesign_0_cycle1_af2pred.pdb,PVKYTPRSPLE,0.000652895
APP_binder_11_809_dldesign_0_cycle1_af2pred.pdb,GSVLRSVPNPP,0.001210512
APP_binder_11_80_dldesign_0_cycle1_af2pred.pdb,APTAVPAPPAP,0.017457563
APP_binder_11_810_dldesign_0_cycle1_af2pred.pdb,PRGVPLPAVAP,0.002630434
APP_binder_11_811_dldesign_0_cycle1_af2pred.pdb,GGVPRQLPNPP,0.012392572
APP_binder_11_812_dldesign_0_cycle1_af2pred.pdb,QVLESLLRQLL,0.000124006
APP_binder_11_813_dldesign_0_cycle1_af2pred.pdb,GRSVPVLAPAA,0.002352419
APP_binder_11_814_dldesign_0_cycle1_af2pred.pdb,SSPPPVPRRAP,0.001911596
APP_binder_11_815_dldesign_0_cycle1_af2pred.pdb,SVVVYTPSPPR,0.008206556
APP_binder_11_816_dldesign_0_cycle1_af2pred.pdb,SIRTSPVRVAA,0.004782267
APP_binder_11_817_dldesign_0_cycle1_af2pred.pdb,SSSLLALLQAL,0.000579872
APP_binder_11_818_dldesign_0_cycle1_af2pred.pdb,ELVVEYEERLP,5.06E-05
APP_binder_11_819_dldesign_0_cycle1_af2pred.pdb,GVTVRPPRRPP,0.664084613
APP_binder_11_81_dldesign_0_cycle1_af2pred.pdb,LRPKTLLERLA,0.000484834
APP_binder_11_820_dldesign_0_cycle1_af2pred.pdb,GLSRLDNLLEQ,5.38E-05
APP_binder_11_821_dldesign_0_cycle1_af2pred.pdb,RPRLPIVDQDD,0.030952241
APP_binder_11_822_dldesign_0_cycle1_af2pred.pdb,LSFSEREYVAP,0.000367775
APP_binder_11_823_dldesign_0_cycle1_af2pred.pdb,GSVFRSVPNRP,0.000467479
APP_binder_11_824_dldesign_0_cycle1_af2pred.pdb,RNWEAPVDAED,1.06E-05
APP_binder_11_825_dldesign_0_cycle1_af2pred.pdb,SVSTLRRVLAP,0.000681042
APP_binder_11_826_dldesign_0_cycle1_af2pred.pdb,GLLPNLPLVYS,2.14E-05
APP_binder_11_827_dldesign_0_cycle1_af2pred.pdb,PLPVPVTPRRP,9.65E-05
APP_binder_11_828_dldesign_0_cycle1_af2pred.pdb,GLLPQVDLVFD,0.000567772
APP_binder_11_829_dldesign_0_cycle1_af2pred.pdb,APSLVPAPSLP,0.006870986
APP_binder_11_82_dldesign_0_cycle1_af2pred.pdb,SLSSGERAGPE,0.000906414
APP_binder_11_830_dldesign_0_cycle1_af2pred.pdb,STRAVRVKVPL,0.000168319
APP_binder_11_831_dldesign_0_cycle1_af2pred.pdb,SAPLLRRVPPR,0.000792401
APP_binder_11_832_dldesign_0_cycle1_af2pred.pdb,VALTREELLAA,0.003933677
APP_binder_11_833_dldesign_0_cycle1_af2pred.pdb,SLSRLQELDKL,0.000710975
APP_binder_11_834_dldesign_0_cycle1_af2pred.pdb,GLHFSEKPVLP,0.000297353
APP_binder_11_835_dldesign_0_cycle1_af2pred.pdb,GSVLRPTTRYP,6.98E-05
APP_binder_11_836_dldesign_0_cycle1_af2pred.pdb,GRLANLLLALG,0.000292227
APP_binder_11_837_dldesign_0_cycle1_af2pred.pdb,GPRSVPLPLPT,0.005817606
APP_binder_11_838_dldesign_0_cycle1_af2pred.pdb,SVPKAVTVKPP,0.000145524
APP_binder_11_839_dldesign_0_cycle1_af2pred.pdb,GSTRHRPAPAL,0.000507796
APP_binder_11_83_dldesign_0_cycle1_af2pred.pdb,SLPVPRVYVPP,2.69E-05
APP_binder_11_840_dldesign_0_cycle1_af2pred.pdb,PAVPALPASLL,0.000460267
APP_binder_11_841_dldesign_0_cycle1_af2pred.pdb,SSLSVPKEFVP,0.000680148
APP_binder_11_842_dldesign_0_cycle1_af2pred.pdb,ARALALLKVLS,0.000630757
APP_binder_11_843_dldesign_0_cycle1_af2pred.pdb,GVHFEERYVPA,0.01035009
APP_binder_11_844_dldesign_0_cycle1_af2pred.pdb,GPVVSSESEKP,0.000555798
APP_binder_11_845_dldesign_0_cycle1_af2pred.pdb,SLPVARRVPPP,4.53E-05
APP_binder_11_846_dldesign_0_cycle1_af2pred.pdb,SSVLAQKPELP,0.003262921
APP_binder_11_847_dldesign_0_cycle1_af2pred.pdb,SLPTVRRGAAP,3.94E-05
APP_binder_11_848_dldesign_0_cycle1_af2pred.pdb,SPELRELLKNA,0.00739737
APP_binder_11_849_dldesign_0_cycle1_af2pred.pdb,PPRRLPPPLQP,0.640858889
APP_binder_11_84_dldesign_0_cycle1_af2pred.pdb,GVGTLVSPVLP,0.000683885
APP_binder_11_850_dldesign_0_cycle1_af2pred.pdb,VPQRSVHVPAP,4.77E-05
APP_binder_11_851_dldesign_0_cycle1_af2pred.pdb,GITQEELLALE,0.008094748
APP_binder_11_852_dldesign_0_cycle1_af2pred.pdb,MVTPLVEYEKE,0.000563253
APP_binder_11_853_dldesign_0_cycle1_af2pred.pdb,SDLSTLRQILP,0.001183379
APP_binder_11_854_dldesign_0_cycle1_af2pred.pdb,DDEDAVYRRVP,0.001911013
APP_binder_11_855_dldesign_0_cycle1_af2pred.pdb,TFIPSVRTYLP,0.000480371
APP_binder_11_856_dldesign_0_cycle1_af2pred.pdb,SVPTWTPQRVE,4.67E-05
APP_binder_11_857_dldesign_0_cycle1_af2pred.pdb,SVYTPRHRPPP,0.001257071
APP_binder_11_858_dldesign_0_cycle1_af2pred.pdb,GKQPLLRPRLP,0.00167322
APP_binder_11_859_dldesign_0_cycle1_af2pred.pdb,SYVRGVAVPAP,0.02358936
APP_binder_11_85_dldesign_0_cycle1_af2pred.pdb,SRPPVFEDALP,0.000206721
APP_binder_11_860_dldesign_0_cycle1_af2pred.pdb,GLLRLLLELLN,0.000191321
APP_binder_11_861_dldesign_0_cycle1_af2pred.pdb,GATHYVRVAAA,0.000257969
APP_binder_11_862_dldesign_0_cycle1_af2pred.pdb,SLLPKVRYPPP,0.005457166
APP_binder_11_863_dldesign_0_cycle1_af2pred.pdb,SVRGVPVPPPP,5.92E-05
APP_binder_11_864_dldesign_0_cycle1_af2pred.pdb,GVNTLRPPIVP,0.002859346
APP_binder_11_865_dldesign_0_cycle1_af2pred.pdb,GVNVLRPPYVP,0.000385127
APP_binder_11_866_dldesign_0_cycle1_af2pred.pdb,GAVLTPQRKAP,0.000431595
APP_binder_11_867_dldesign_0_cycle1_af2pred.pdb,SSVRSITVDRP,0.004871891
APP_binder_11_868_dldesign_0_cycle1_af2pred.pdb,FTRRPPLLLLP,0.000190766
APP_binder_11_869_dldesign_0_cycle1_af2pred.pdb,PLPPPRRSVPP,0.008744422
APP_binder_11_86_dldesign_0_cycle1_af2pred.pdb,SLPKLVTVPPR,0.001873933
APP_binder_11_870_dldesign_0_cycle1_af2pred.pdb,PLPPVGYTPWE,0.0001194
APP_binder_11_871_dldesign_0_cycle1_af2pred.pdb,PLLRTLAQLLP,0.000182522
APP_binder_11_872_dldesign_0_cycle1_af2pred.pdb,GPRRTAVVPDL,0.002313482
APP_binder_11_873_dldesign_0_cycle1_af2pred.pdb,PVVIPSQYLWL,0.0130352
APP_binder_11_874_dldesign_0_cycle1_af2pred.pdb,GKPSKIIKVAP,0.00043083
APP_binder_11_875_dldesign_0_cycle1_af2pred.pdb,ALPPRVVQLPE,0.026705109
APP_binder_11_876_dldesign_0_cycle1_af2pred.pdb,GSAVRVDLPPL,3.84E-05
APP_binder_11_877_dldesign_0_cycle1_af2pred.pdb,GSVLTPQRRAP,1.65E-05
APP_binder_11_878_dldesign_0_cycle1_af2pred.pdb,MSSVPVAPDED,0.000257658
APP_binder_11_879_dldesign_0_cycle1_af2pred.pdb,SELPLLRSVPN,0.000355045
APP_binder_11_87_dldesign_0_cycle1_af2pred.pdb,AALQANLDAAE,9.52E-05
APP_binder_11_880_dldesign_0_cycle1_af2pred.pdb,VVLPNVVFPPL,0.017522847
APP_binder_11_881_dldesign_0_cycle1_af2pred.pdb,SSITVVEYGEP,6.58E-05
APP_binder_11_882_dldesign_0_cycle1_af2pred.pdb,SVPKSVRVLPP,0.002781304
APP_binder_11_883_dldesign_0_cycle1_af2pred.pdb,GLYLKTPQRVF,0.00167081
APP_binder_11_884_dldesign_0_cycle1_af2pred.pdb,GSHLPAPAPLP,0.000194596
APP_binder_11_885_dldesign_0_cycle1_af2pred.pdb,SIDLSRRRPAP,0.001005411
APP_binder_11_886_dldesign_0_cycle1_af2pred.pdb,GLRRLLEALLA,0.000319732
APP_binder_11_887_dldesign_0_cycle1_af2pred.pdb,GVVPEPPKALE,5.03E-05
APP_binder_11_888_dldesign_0_cycle1_af2pred.pdb,KPVVRPVLPVP,0.003523366
APP_binder_11_889_dldesign_0_cycle1_af2pred.pdb,GPPVFVEYPPA,0.001496476
APP_binder_11_88_dldesign_0_cycle1_af2pred.pdb,EPPPVVVERES,0.000795457
APP_binder_11_890_dldesign_0_cycle1_af2pred.pdb,GRLAKLLAELD,0.00010165
APP_binder_11_891_dldesign_0_cycle1_af2pred.pdb,PTLYPLLPRLP,6.63E-05
APP_binder_11_892_dldesign_0_cycle1_af2pred.pdb,GLPPPLVVFVP,0.00022585
APP_binder_11_893_dldesign_0_cycle1_af2pred.pdb,PTVAPNIKPLP,0.000606717
APP_binder_11_894_dldesign_0_cycle1_af2pred.pdb,DPRLDNLLANE,0.000209459
APP_binder_11_895_dldesign_0_cycle1_af2pred.pdb,MVEESEEYRPP,0.001054062
APP_binder_11_896_dldesign_0_cycle1_af2pred.pdb,PSVWVSEEREA,6.10E-06
APP_binder_11_897_dldesign_0_cycle1_af2pred.pdb,GSSFAPSPYAP,0.000104413
APP_binder_11_898_dldesign_0_cycle1_af2pred.pdb,SLPPRLRSVPP,0.002989612
APP_binder_11_899_dldesign_0_cycle1_af2pred.pdb,TVYTVPVRVLP,0.000862324
APP_binder_11_89_dldesign_0_cycle1_af2pred.pdb,LSSQVLALLLK,0.000203814
APP_binder_11_8_dldesign_0_cycle1_af2pred.pdb,LLPIVPHLPEP,0.001546263
APP_binder_11_900_dldesign_0_cycle1_af2pred.pdb,GHQTPVLLKAL,0.00053913
APP_binder_11_901_dldesign_0_cycle1_af2pred.pdb,VRPPLPATLLP,0.041182369
APP_binder_11_902_dldesign_0_cycle1_af2pred.pdb,SHRAPVPLTLP,0.003302941
APP_binder_11_903_dldesign_0_cycle1_af2pred.pdb,VVYHPALEPLP,0.000215647
APP_binder_11_904_dldesign_0_cycle1_af2pred.pdb,SGVPRKPLPPA,0.001545439
APP_binder_11_905_dldesign_0_cycle1_af2pred.pdb,SVPPNYVLEAP,0.00053776
APP_binder_11_906_dldesign_0_cycle1_af2pred.pdb,SVVLVEYENLP,2.41E-05
APP_binder_11_907_dldesign_0_cycle1_af2pred.pdb,VVLPVPVDLPD,0.007996574
APP_binder_11_908_dldesign_0_cycle1_af2pred.pdb,SLVRPPVKALS,0.003164545
APP_binder_11_909_dldesign_0_cycle1_af2pred.pdb,PPVPRRAPIRP,0.024189517
APP_binder_11_90_dldesign_0_cycle1_af2pred.pdb,FVPATPIPLLP,0.000274691
APP_binder_11_910_dldesign_0_cycle1_af2pred.pdb,GHMSSVRLPAP,7.16E-06
APP_binder_11_911_dldesign_0_cycle1_af2pred.pdb,SRPILGPRRLP,0.000841083
APP_binder_11_912_dldesign_0_cycle1_af2pred.pdb,GLSEVEVPRAP,0.000175839
APP_binder_11_913_dldesign_0_cycle1_af2pred.pdb,PLPDDDVYVAP,0.000134919
APP_binder_11_914_dldesign_0_cycle1_af2pred.pdb,PPSTERGVTPD,0.000177671
APP_binder_11_915_dldesign_0_cycle1_af2pred.pdb,SAKTKEDLLLE,0.002674179
APP_binder_11_916_dldesign_0_cycle1_af2pred.pdb,EDLFKPPRHLP,0.000340099
APP_binder_11_917_dldesign_0_cycle1_af2pred.pdb,SLRRLAKLLAE,0.003279646
APP_binder_11_918_dldesign_0_cycle1_af2pred.pdb,SEPHYVEYEKL,0.000209113
APP_binder_11_919_dldesign_0_cycle1_af2pred.pdb,SRLADLLQELA,0.000219516
APP_binder_11_91_dldesign_0_cycle1_af2pred.pdb,SLSSAVWRQRP,0.000872945
APP_binder_11_920_dldesign_0_cycle1_af2pred.pdb,APPPKLRSVEP,0.001284869
APP_binder_11_921_dldesign_0_cycle1_af2pred.pdb,SVASTAVPAVP,0.001397145
APP_binder_11_922_dldesign_0_cycle1_af2pred.pdb,LRPPVKVDVLA,0.001097385
APP_binder_11_923_dldesign_0_cycle1_af2pred.pdb,GVHFVELPPAP,0.002950932
APP_binder_11_924_dldesign_0_cycle1_af2pred.pdb,MQVTPTNYVLE,0.004101516
APP_binder_11_925_dldesign_0_cycle1_af2pred.pdb,PVPPKPRRVPA,0.0001922
APP_binder_11_926_dldesign_0_cycle1_af2pred.pdb,GVRTSFHWWDA,0.055630006
APP_binder_11_927_dldesign_0_cycle1_af2pred.pdb,SLPTLRRVLAP,4.22E-05
APP_binder_11_928_dldesign_0_cycle1_af2pred.pdb,GPVAVPRRALP,0.001374094
APP_binder_11_929_dldesign_0_cycle1_af2pred.pdb,SDLYAALVEAL,0.000375068
APP_binder_11_92_dldesign_0_cycle1_af2pred.pdb,SQISLEIVEYT,9.08E-05
APP_binder_11_930_dldesign_0_cycle1_af2pred.pdb,GGVPAPPPPPP,0.003360196
APP_binder_11_931_dldesign_0_cycle1_af2pred.pdb,GPVLVSPPYTP,0.001737346
APP_binder_11_932_dldesign_0_cycle1_af2pred.pdb,LTPRQLHLLAK,0.000229151
APP_binder_11_933_dldesign_0_cycle1_af2pred.pdb,LTPQQLQNGPA,0.002314159
APP_binder_11_934_dldesign_0_cycle1_af2pred.pdb,GRVLSRSDVLP,3.27E-05
APP_binder_11_935_dldesign_0_cycle1_af2pred.pdb,GPHVRVPADVL,0.000336112
APP_binder_11_936_dldesign_0_cycle1_af2pred.pdb,GVLPKVSPRLS,0.006891427
APP_binder_11_937_dldesign_0_cycle1_af2pred.pdb,PLPVPVEYEPP,0.004836203
APP_binder_11_938_dldesign_0_cycle1_af2pred.pdb,GYLLRPGRRAP,0.01799844
APP_binder_11_939_dldesign_0_cycle1_af2pred.pdb,PPVGTALPLTP,7.38E-05
APP_binder_11_93_dldesign_0_cycle1_af2pred.pdb,MVVEKERPLLP,0.00044239
APP_binder_11_940_dldesign_0_cycle1_af2pred.pdb,PSLENILESLE,5.27E-05
APP_binder_11_941_dldesign_0_cycle1_af2pred.pdb,SSPPRPRRPPP,0.003924716
APP_binder_11_942_dldesign_0_cycle1_af2pred.pdb,GEGVLLPAQLP,0.000970932
APP_binder_11_943_dldesign_0_cycle1_af2pred.pdb,SLPTLRSVPHP,0.000330227
APP_binder_11_944_dldesign_0_cycle1_af2pred.pdb,SLPTLVRAPVR,0.000147039
APP_binder_11_945_dldesign_0_cycle1_af2pred.pdb,SVFKRVSVQAP,0.001630742
APP_binder_11_946_dldesign_0_cycle1_af2pred.pdb,FRRSSPVPLLP,0.028684109
APP_binder_11_947_dldesign_0_cycle1_af2pred.pdb,FTRTPPVRVPA,2.09E-05
APP_binder_11_948_dldesign_0_cycle1_af2pred.pdb,SEPVLVEYPKL,0.000610623
APP_binder_11_949_dldesign_0_cycle1_af2pred.pdb,RAAVLARELAE,2.74E-05
APP_binder_11_94_dldesign_0_cycle1_af2pred.pdb,LVVNLPVLRRP,0.000471711
APP_binder_11_950_dldesign_0_cycle1_af2pred.pdb,VVEVERPPYVP,0.000298309
APP_binder_11_951_dldesign_0_cycle1_af2pred.pdb,GHHHHDSALAP,0.000413941
APP_binder_11_952_dldesign_0_cycle1_af2pred.pdb,NLAVPLPEILL,0.008872668
APP_binder_11_953_dldesign_0_cycle1_af2pred.pdb,GELIFEPEELP,0.000198768
APP_binder_11_954_dldesign_0_cycle1_af2pred.pdb,GPVLSEVEVLP,0.003180711
APP_binder_11_955_dldesign_0_cycle1_af2pred.pdb,GVLVSKEELLA,1.96E-05
APP_binder_11_956_dldesign_0_cycle1_af2pred.pdb,SSLLEKLKLEK,0.000410239
APP_binder_11_957_dldesign_0_cycle1_af2pred.pdb,GEVRRRRPLPP,0.038027443
APP_binder_11_958_dldesign_0_cycle1_af2pred.pdb,MLEEVEREPPP,2.75E-05
APP_binder_11_959_dldesign_0_cycle1_af2pred.pdb,GPVKVIYEPAP,2.50E-05
APP_binder_11_95_dldesign_0_cycle1_af2pred.pdb,GSGSSVLRRVE,0.000662684
APP_binder_11_960_dldesign_0_cycle1_af2pred.pdb,SITPPLPAPAP,0.000156196
APP_binder_11_961_dldesign_0_cycle1_af2pred.pdb,FRPVSVTSALA,0.010542548
APP_binder_11_962_dldesign_0_cycle1_af2pred.pdb,DDLENLLKQLE,0.001192588
APP_binder_11_963_dldesign_0_cycle1_af2pred.pdb,GVPVPRVRVLP,0.005199268
APP_binder_11_964_dldesign_0_cycle1_af2pred.pdb,DLRNKTLILPP,0.000333748
APP_binder_11_965_dldesign_0_cycle1_af2pred.pdb,LSDLITALRSL,0.005140436
APP_binder_11_966_dldesign_0_cycle1_af2pred.pdb,GSGVPRSVPGP,6.86E-05
APP_binder_11_967_dldesign_0_cycle1_af2pred.pdb,GVVLPKVRQVP,0.003936881
APP_binder_11_968_dldesign_0_cycle1_af2pred.pdb,GAVLRPPRVPP,0.004553937
APP_binder_11_969_dldesign_0_cycle1_af2pred.pdb,SVPKAVRASPP,0.00154332
APP_binder_11_96_dldesign_0_cycle1_af2pred.pdb,MVLPVTERPAV,0.000225702
APP_binder_11_970_dldesign_0_cycle1_af2pred.pdb,GSTLRQVPPRP,0.001855568
APP_binder_11_971_dldesign_0_cycle1_af2pred.pdb,GTPVRVPAAVL,9.18E-05
APP_binder_11_972_dldesign_0_cycle1_af2pred.pdb,SRELAKLLEQL,0.006180454
APP_binder_11_973_dldesign_0_cycle1_af2pred.pdb,SLSSSERSSEE,0.000615329
APP_binder_11_974_dldesign_0_cycle1_af2pred.pdb,GVVSRSAPQRK,0.000954579
APP_binder_11_975_dldesign_0_cycle1_af2pred.pdb,SAQRLADLDAE,0.000841867
APP_binder_11_976_dldesign_0_cycle1_af2pred.pdb,GTRTVTEGPPA,0.005989315
APP_binder_11_977_dldesign_0_cycle1_af2pred.pdb,SLALKDALRRA,0.003119358
APP_binder_11_978_dldesign_0_cycle1_af2pred.pdb,GTVTHVKYVAP,0.000414731
APP_binder_11_979_dldesign_0_cycle1_af2pred.pdb,GPMTLKRVVYP,0.001877996
APP_binder_11_97_dldesign_0_cycle1_af2pred.pdb,EEVVYTPRYRP,0.000147494
APP_binder_11_980_dldesign_0_cycle1_af2pred.pdb,PVAVPAVPAVL,5.90E-05
APP_binder_11_981_dldesign_0_cycle1_af2pred.pdb,SVALRALLRSS,0.000584748
APP_binder_11_982_dldesign_0_cycle1_af2pred.pdb,LDELLTLLRRE,0.000263674
APP_binder_11_983_dldesign_0_cycle1_af2pred.pdb,EEVDDLVSARE,0.000712259
APP_binder_11_984_dldesign_0_cycle1_af2pred.pdb,DQLLEQLKALG,0.001437044
APP_binder_11_985_dldesign_0_cycle1_af2pred.pdb,AAASAKPQVYP,0.000646991
APP_binder_11_986_dldesign_0_cycle1_af2pred.pdb,GSVHFVEGPEA,0.002473351
APP_binder_11_987_dldesign_0_cycle1_af2pred.pdb,GPPLPKPVILP,0.007317727
APP_binder_11_988_dldesign_0_cycle1_af2pred.pdb,GVLTPRRILPP,0.000142714
APP_binder_11_989_dldesign_0_cycle1_af2pred.pdb,ELEDDEVPTLP,2.08E-05
APP_binder_11_98_dldesign_0_cycle1_af2pred.pdb,GPVLVYPPPPP,0.007771613
APP_binder_11_990_dldesign_0_cycle1_af2pred.pdb,SLAQLLRRLLQ,5.59E-05
APP_binder_11_991_dldesign_0_cycle1_af2pred.pdb,KRNPPVRVSLP,0.146890476
APP_binder_11_992_dldesign_0_cycle1_af2pred.pdb,EVVKPPTDIPP,2.82E-05
APP_binder_11_993_dldesign_0_cycle1_af2pred.pdb,LSILSRIRKAP,0.001378459
APP_binder_11_994_dldesign_0_cycle1_af2pred.pdb,ELLPTTHVILP,9.47E-05
APP_binder_11_995_dldesign_0_cycle1_af2pred.pdb,DREDLGRALYS,4.75E-05
APP_binder_11_996_dldesign_0_cycle1_af2pred.pdb,RLPRVPEVLPL,1.96E-05
APP_binder_11_997_dldesign_0_cycle1_af2pred.pdb,EVLPKRVRINP,0.000565183
APP_binder_11_998_dldesign_0_cycle1_af2pred.pdb,APPPTLRQVPN,0.000966799
APP_binder_11_999_dldesign_0_cycle1_af2pred.pdb,GVARRAPRPVP,0.007384118
APP_binder_11_99_dldesign_0_cycle1_af2pred.pdb,MEVELRHRPAP,0.00027076
APP_binder_11_9_dldesign_0_cycle1_af2pred.pdb,GSPTLILAEPE,2.07E-05
