Category,Sequence,B3P3
APP_binder_10_0_dldesign_0_cycle1_af2pred.pdb,KPSVPLPEIK,0.000437355
APP_binder_10_100_dldesign_0_cycle1_af2pred.pdb,GSLPPRLVQR,0.00035509
APP_binder_10_101_dldesign_0_cycle1_af2pred.pdb,LRELLRRLLA,0.000155761
APP_binder_10_102_dldesign_0_cycle1_af2pred.pdb,STKPVPYVPP,0.000193799
APP_binder_10_103_dldesign_0_cycle1_af2pred.pdb,GGVPRRLPPP,0.003155271
APP_binder_10_104_dldesign_0_cycle1_af2pred.pdb,SRPVAFVTPP,0.000139441
APP_binder_10_105_dldesign_0_cycle1_af2pred.pdb,EVLVEVEKLP,0.000110996
APP_binder_10_106_dldesign_0_cycle1_af2pred.pdb,SVPVPRPPRR,0.002451468
APP_binder_10_107_dldesign_0_cycle1_af2pred.pdb,SPRGVPLPAP,0.00036195
APP_binder_10_108_dldesign_0_cycle1_af2pred.pdb,GSRTVILAPP,0.000720812
APP_binder_10_109_dldesign_0_cycle1_af2pred.pdb,MELSVRVKEE,0.013341445
APP_binder_10_10_dldesign_0_cycle1_af2pred.pdb,MNPPVYVPAL,0.022816628
APP_binder_10_110_dldesign_0_cycle1_af2pred.pdb,GHVHLPDVPL,0.001264867
APP_binder_10_111_dldesign_0_cycle1_af2pred.pdb,GVPAAPVVVL,0.000176585
APP_binder_10_112_dldesign_0_cycle1_af2pred.pdb,TVYTPRQRNA,5.55E-05
APP_binder_10_113_dldesign_0_cycle1_af2pred.pdb,SPASLDALLL,1.28E-05
APP_binder_10_114_dldesign_0_cycle1_af2pred.pdb,GTNHVLLVAP,0.00017877
APP_binder_10_115_dldesign_0_cycle1_af2pred.pdb,GSVLTLTTPL,0.007098552
APP_binder_10_116_dldesign_0_cycle1_af2pred.pdb,GLHLVEREGL,0.001661648
APP_binder_10_117_dldesign_0_cycle1_af2pred.pdb,RVPSSPSVDL,0.003642273
APP_binder_10_118_dldesign_0_cycle1_af2pred.pdb,PVVNYTLRVP,0.002345476
APP_binder_10_119_dldesign_0_cycle1_af2pred.pdb,SLDLINALRR,0.001288007
APP_binder_10_11_dldesign_0_cycle1_af2pred.pdb,GLSLLLSLLS,0.000379507
APP_binder_10_120_dldesign_0_cycle1_af2pred.pdb,PLPLSRQYRP,0.001733446
APP_binder_10_121_dldesign_0_cycle1_af2pred.pdb,GHPPVRVAAP,0.005857167
APP_binder_10_122_dldesign_0_cycle1_af2pred.pdb,SLPVTREELE,0.000490466
APP_binder_10_123_dldesign_0_cycle1_af2pred.pdb,EPLVYTPRQP,0.000446066
APP_binder_10_124_dldesign_0_cycle1_af2pred.pdb,GPVSSAELPA,0.001660228
APP_binder_10_125_dldesign_0_cycle1_af2pred.pdb,VKPRSIVVKS,0.000772277
APP_binder_10_126_dldesign_0_cycle1_af2pred.pdb,PEVYTPRRLP,0.004177905
APP_binder_10_127_dldesign_0_cycle1_af2pred.pdb,GLVSTRELLA,0.000101503
APP_binder_10_128_dldesign_0_cycle1_af2pred.pdb,GTPVRVPAPP,0.009352314
APP_binder_10_129_dldesign_0_cycle1_af2pred.pdb,GYTPRRPPPP,0.042780694
APP_binder_10_12_dldesign_0_cycle1_af2pred.pdb,SLPVPRSTPP,1.65E-05
APP_binder_10_130_dldesign_0_cycle1_af2pred.pdb,PVLPVPRPPR,0.035952445
APP_binder_10_131_dldesign_0_cycle1_af2pred.pdb,SVPPVPLLLL,0.003309738
APP_binder_10_132_dldesign_0_cycle1_af2pred.pdb,NEKLDLLEEL,0.000167077
APP_binder_10_133_dldesign_0_cycle1_af2pred.pdb,GGRAVPLVAL,0.00167205
APP_binder_10_134_dldesign_0_cycle1_af2pred.pdb,SRSPHYKVPL,0.000155079
APP_binder_10_135_dldesign_0_cycle1_af2pred.pdb,SVPVPRQLLP,3.64E-05
APP_binder_10_136_dldesign_0_cycle1_af2pred.pdb,MKPVLEDAVE,1.20E-05
APP_binder_10_137_dldesign_0_cycle1_af2pred.pdb,SHHVHYTAAP,0.013139241
APP_binder_10_138_dldesign_0_cycle1_af2pred.pdb,GVVEKPPRKA,0.001660163
APP_binder_10_139_dldesign_0_cycle1_af2pred.pdb,PLSSAVRDAA,0.000120854
APP_binder_10_13_dldesign_0_cycle1_af2pred.pdb,SLPLLVRPPP,0.000120928
APP_binder_10_140_dldesign_0_cycle1_af2pred.pdb,SHESPPRPAP,0.000991743
APP_binder_10_141_dldesign_0_cycle1_af2pred.pdb,LSLLAELARA,0.000232239
APP_binder_10_142_dldesign_0_cycle1_af2pred.pdb,SPSINVVPAP,0.000667784
APP_binder_10_143_dldesign_0_cycle1_af2pred.pdb,SLPRLVYPPP,0.00242951
APP_binder_10_144_dldesign_0_cycle1_af2pred.pdb,GFVTAEELLA,0.000641367
APP_binder_10_145_dldesign_0_cycle1_af2pred.pdb,SERRLAALEG,1.61E-05
APP_binder_10_146_dldesign_0_cycle1_af2pred.pdb,GPRIDGGPVL,0.000209374
APP_binder_10_147_dldesign_0_cycle1_af2pred.pdb,MELRHVRVPA,0.046177935
APP_binder_10_148_dldesign_0_cycle1_af2pred.pdb,LVERSVPPRP,0.000127893
APP_binder_10_149_dldesign_0_cycle1_af2pred.pdb,SANAPPRVPP,0.000442388
APP_binder_10_14_dldesign_0_cycle1_af2pred.pdb,SLLPPSVLLP,0.000223251
APP_binder_10_150_dldesign_0_cycle1_af2pred.pdb,GSVHLEEVEA,0.003798087
APP_binder_10_151_dldesign_0_cycle1_af2pred.pdb,PLPVTLRVHP,0.000931398
APP_binder_10_152_dldesign_0_cycle1_af2pred.pdb,SVSVPVVKLL,0.000130212
APP_binder_10_153_dldesign_0_cycle1_af2pred.pdb,LLPLLPPPQP,0.002571787
APP_binder_10_154_dldesign_0_cycle1_af2pred.pdb,GFVLEGPSLP,0.000691288
APP_binder_10_155_dldesign_0_cycle1_af2pred.pdb,GVPRPLIFLP,0.00451161
APP_binder_10_156_dldesign_0_cycle1_af2pred.pdb,GLVLPRLVRR,0.000667082
APP_binder_10_157_dldesign_0_cycle1_af2pred.pdb,PVLAPGADQP,0.000920662
APP_binder_10_158_dldesign_0_cycle1_af2pred.pdb,LVNVNTLIPP,0.000617692
APP_binder_10_159_dldesign_0_cycle1_af2pred.pdb,GPVRVDVPAL,0.002112729
APP_binder_10_15_dldesign_0_cycle1_af2pred.pdb,GVYTLRPPRP,0.00133462
APP_binder_10_160_dldesign_0_cycle1_af2pred.pdb,SESFGERPAP,0.001455368
APP_binder_10_161_dldesign_0_cycle1_af2pred.pdb,SLPELRQILP,0.000109614
APP_binder_10_162_dldesign_0_cycle1_af2pred.pdb,EAVAILEVDE,0.000499827
APP_binder_10_163_dldesign_0_cycle1_af2pred.pdb,EVPKLRSVPP,6.37E-05
APP_binder_10_164_dldesign_0_cycle1_af2pred.pdb,SLPVLRPSRP,0.000157666
APP_binder_10_165_dldesign_0_cycle1_af2pred.pdb,SVDVLTSGRS,0.026260763
APP_binder_10_166_dldesign_0_cycle1_af2pred.pdb,PTPVKVPLAP,0.003257089
APP_binder_10_167_dldesign_0_cycle1_af2pred.pdb,GVPRPRVRPL,0.048564237
APP_binder_10_168_dldesign_0_cycle1_af2pred.pdb,MVPPLLAPAP,1.79E-05
APP_binder_10_169_dldesign_0_cycle1_af2pred.pdb,GVATPRVAPP,0.02321424
APP_binder_10_16_dldesign_0_cycle1_af2pred.pdb,VEVVEPVLRR,2.22E-05
APP_binder_10_170_dldesign_0_cycle1_af2pred.pdb,FIRTEPVREL,2.62E-05
APP_binder_10_171_dldesign_0_cycle1_af2pred.pdb,GSVLKSVSRS,0.003473697
APP_binder_10_172_dldesign_0_cycle1_af2pred.pdb,GVNYTPRRLP,0.000181216
APP_binder_10_173_dldesign_0_cycle1_af2pred.pdb,GVLEERERLP,0.001542966
APP_binder_10_174_dldesign_0_cycle1_af2pred.pdb,APLAVPHLPE,0.005862576
APP_binder_10_175_dldesign_0_cycle1_af2pred.pdb,MRRGVAIKEP,0.002687521
APP_binder_10_176_dldesign_0_cycle1_af2pred.pdb,SLPKVKRVSG,0.001995335
APP_binder_10_177_dldesign_0_cycle1_af2pred.pdb,DPTPLPPVPA,0.000160564
APP_binder_10_178_dldesign_0_cycle1_af2pred.pdb,SQVTPPISVP,6.47E-05
APP_binder_10_179_dldesign_0_cycle1_af2pred.pdb,SLLSTLRQAP,0.01013297
APP_binder_10_17_dldesign_0_cycle1_af2pred.pdb,SYTGIPLAPP,0.000612244
APP_binder_10_180_dldesign_0_cycle1_af2pred.pdb,SVPTLRVKPA,0.000107741
APP_binder_10_181_dldesign_0_cycle1_af2pred.pdb,SVELEPVALP,0.000133045
APP_binder_10_182_dldesign_0_cycle1_af2pred.pdb,GPVVFVEYPP,0.000193144
APP_binder_10_183_dldesign_0_cycle1_af2pred.pdb,SSVLRSVPPP,9.69E-05
APP_binder_10_184_dldesign_0_cycle1_af2pred.pdb,SEPWFTPTRR,0.000115544
APP_binder_10_185_dldesign_0_cycle1_af2pred.pdb,AALLPPRVAP,5.54E-05
APP_binder_10_186_dldesign_0_cycle1_af2pred.pdb,GVAPRVARRP,0.001543902
APP_binder_10_187_dldesign_0_cycle1_af2pred.pdb,TVYTPRPPLG,0.00015573
APP_binder_10_188_dldesign_0_cycle1_af2pred.pdb,PVKVTLRRPP,1.60E-05
APP_binder_10_189_dldesign_0_cycle1_af2pred.pdb,GTPRLAPNPR,0.00021529
APP_binder_10_18_dldesign_0_cycle1_af2pred.pdb,SVPTLRSVNR,1.86E-05
APP_binder_10_190_dldesign_0_cycle1_af2pred.pdb,PSLPVPRRVL,0.002336509
APP_binder_10_191_dldesign_0_cycle1_af2pred.pdb,RTQPRYVLAP,0.034202561
APP_binder_10_192_dldesign_0_cycle1_af2pred.pdb,MTVNHRPLLP,0.000819108
APP_binder_10_193_dldesign_0_cycle1_af2pred.pdb,GPRPPAPPRP,0.018122744
APP_binder_10_194_dldesign_0_cycle1_af2pred.pdb,SVDVVLPKRP,0.006864669
APP_binder_10_195_dldesign_0_cycle1_af2pred.pdb,PTRSVPAQPL,3.41E-05
APP_binder_10_196_dldesign_0_cycle1_af2pred.pdb,GLTPAVLRLP,5.23E-05
APP_binder_10_197_dldesign_0_cycle1_af2pred.pdb,SGRLQQLLRL,0.061337337
APP_binder_10_198_dldesign_0_cycle1_af2pred.pdb,VKGVALPLLP,0.003354661
APP_binder_10_199_dldesign_0_cycle1_af2pred.pdb,GAVPVRPLPR,0.000831461
APP_binder_10_19_dldesign_0_cycle1_af2pred.pdb,LVLPPATLAR,4.39E-05
APP_binder_10_1_dldesign_0_cycle1_af2pred.pdb,SPWEESEVLP,0.000636257
APP_binder_10_200_dldesign_0_cycle1_af2pred.pdb,PPLPVVDYDN,0.00029845
APP_binder_10_201_dldesign_0_cycle1_af2pred.pdb,GSVLAPPVVY,0.007393824
APP_binder_10_202_dldesign_0_cycle1_af2pred.pdb,LRKPPVKVSL,0.006236902
APP_binder_10_203_dldesign_0_cycle1_af2pred.pdb,PRPRLPPDFE,0.007902686
APP_binder_10_204_dldesign_0_cycle1_af2pred.pdb,PVVSLPLVAP,0.00041378
APP_binder_10_205_dldesign_0_cycle1_af2pred.pdb,GLRRLLQALP,0.00254332
APP_binder_10_206_dldesign_0_cycle1_af2pred.pdb,GSVLATRDLL,0.004599191
APP_binder_10_207_dldesign_0_cycle1_af2pred.pdb,GSTPRYASPP,0.001117235
APP_binder_10_208_dldesign_0_cycle1_af2pred.pdb,PVVYTPRAEP,0.000601717
APP_binder_10_209_dldesign_0_cycle1_af2pred.pdb,PTPKYASSSL,0.000748244
APP_binder_10_20_dldesign_0_cycle1_af2pred.pdb,PVRKVPLTLP,0.002053234
APP_binder_10_210_dldesign_0_cycle1_af2pred.pdb,DLDELRNLLA,0.001210583
APP_binder_10_211_dldesign_0_cycle1_af2pred.pdb,DLPLVVTVTP,0.000178719
APP_binder_10_212_dldesign_0_cycle1_af2pred.pdb,GRPAPPIVPP,0.419721663
APP_binder_10_213_dldesign_0_cycle1_af2pred.pdb,MKPAVRIVEE,0.001076088
APP_binder_10_214_dldesign_0_cycle1_af2pred.pdb,SPPSLPAVPP,0.00013229
APP_binder_10_215_dldesign_0_cycle1_af2pred.pdb,PLLPVAKSVR,0.007647166
APP_binder_10_216_dldesign_0_cycle1_af2pred.pdb,GRSPPVPVAA,0.000123012
APP_binder_10_217_dldesign_0_cycle1_af2pred.pdb,SASSTVVLPP,0.000153965
APP_binder_10_218_dldesign_0_cycle1_af2pred.pdb,PVVPLKVRQA,0.001320828
APP_binder_10_219_dldesign_0_cycle1_af2pred.pdb,SFIRSAPVKE,5.63E-05
APP_binder_10_21_dldesign_0_cycle1_af2pred.pdb,GAVPRRYVPP,0.003689596
APP_binder_10_220_dldesign_0_cycle1_af2pred.pdb,GGVPRTVPPP,0.000919666
APP_binder_10_221_dldesign_0_cycle1_af2pred.pdb,VLSPDDVLVR,0.000155339
APP_binder_10_222_dldesign_0_cycle1_af2pred.pdb,SRALALPLLP,0.000579965
APP_binder_10_223_dldesign_0_cycle1_af2pred.pdb,ALPPRLSSLP,0.000710346
APP_binder_10_224_dldesign_0_cycle1_af2pred.pdb,SLNFTVRPPR,2.48E-05
APP_binder_10_225_dldesign_0_cycle1_af2pred.pdb,MESERILDLP,0.001245573
APP_binder_10_226_dldesign_0_cycle1_af2pred.pdb,PIIRVPPPAL,0.124015108
APP_binder_10_227_dldesign_0_cycle1_af2pred.pdb,GTVYTLRPPL,0.000550404
APP_binder_10_228_dldesign_0_cycle1_af2pred.pdb,PVPPLVRPGR,0.002755508
APP_binder_10_229_dldesign_0_cycle1_af2pred.pdb,GSVFRRVSDL,0.002563049
APP_binder_10_22_dldesign_0_cycle1_af2pred.pdb,EPRHVKVSLD,9.63E-05
APP_binder_10_230_dldesign_0_cycle1_af2pred.pdb,SSVLRRTPPR,0.000159675
APP_binder_10_231_dldesign_0_cycle1_af2pred.pdb,SHAPLVLVPL,0.009627229
APP_binder_10_232_dldesign_0_cycle1_af2pred.pdb,GPQPPRVDLS,0.000314995
APP_binder_10_233_dldesign_0_cycle1_af2pred.pdb,GTPLLVSRPP,0.001127129
APP_binder_10_234_dldesign_0_cycle1_af2pred.pdb,GSTPVKLDTP,0.002017732
APP_binder_10_235_dldesign_0_cycle1_af2pred.pdb,LLEELEELLE,2.08E-05
APP_binder_10_236_dldesign_0_cycle1_af2pred.pdb,KPRHVRVSAS,0.00032304
APP_binder_10_237_dldesign_0_cycle1_af2pred.pdb,ERALLTALAL,0.002202438
APP_binder_10_238_dldesign_0_cycle1_af2pred.pdb,SVLLSNQTPT,0.001309066
APP_binder_10_239_dldesign_0_cycle1_af2pred.pdb,GSTLAYPPPR,0.001364897
APP_binder_10_23_dldesign_0_cycle1_af2pred.pdb,GELHFVEYPP,0.000253734
APP_binder_10_240_dldesign_0_cycle1_af2pred.pdb,GVAVVNAPPA,0.000306983
APP_binder_10_241_dldesign_0_cycle1_af2pred.pdb,VNTRIVKVAA,2.75E-05
APP_binder_10_242_dldesign_0_cycle1_af2pred.pdb,AAPPLLRRPP,0.000276187
APP_binder_10_243_dldesign_0_cycle1_af2pred.pdb,PPPPVPIVYP,0.55445379
APP_binder_10_244_dldesign_0_cycle1_af2pred.pdb,MHHVHVPDVL,0.003277728
APP_binder_10_245_dldesign_0_cycle1_af2pred.pdb,EAPVLVQGEE,2.42E-05
APP_binder_10_246_dldesign_0_cycle1_af2pred.pdb,LRFPRPPYYA,0.759878218
APP_binder_10_247_dldesign_0_cycle1_af2pred.pdb,GRHRVLLPAP,0.000395686
APP_binder_10_248_dldesign_0_cycle1_af2pred.pdb,SRSVRVKVSL,0.00055134
APP_binder_10_249_dldesign_0_cycle1_af2pred.pdb,SLPTLRSVPN,2.88E-05
APP_binder_10_24_dldesign_0_cycle1_af2pred.pdb,RLADLLSELA,1.14E-05
APP_binder_10_250_dldesign_0_cycle1_af2pred.pdb,KPVPKTELKP,0.003738395
APP_binder_10_251_dldesign_0_cycle1_af2pred.pdb,SHALQEALLS,0.005588304
APP_binder_10_252_dldesign_0_cycle1_af2pred.pdb,SLLSRLLSLL,0.001329001
APP_binder_10_253_dldesign_0_cycle1_af2pred.pdb,SVNVLRPGRR,3.23E-05
APP_binder_10_254_dldesign_0_cycle1_af2pred.pdb,AVNTFPDDDD,0.000108807
APP_binder_10_255_dldesign_0_cycle1_af2pred.pdb,GATQVVLSAD,0.002073137
APP_binder_10_256_dldesign_0_cycle1_af2pred.pdb,SLVYTLRVRL,0.004806717
APP_binder_10_257_dldesign_0_cycle1_af2pred.pdb,VRPPLPLVDL,0.003062071
APP_binder_10_258_dldesign_0_cycle1_af2pred.pdb,DPKLLQQLLN,2.60E-05
APP_binder_10_259_dldesign_0_cycle1_af2pred.pdb,GPSVIRPAPL,2.98E-05
APP_binder_10_25_dldesign_0_cycle1_af2pred.pdb,GTRHVHVPLP,0.003258215
APP_binder_10_260_dldesign_0_cycle1_af2pred.pdb,GVPTATLRAR,1.63E-05
APP_binder_10_261_dldesign_0_cycle1_af2pred.pdb,PVPPLRPPLP,0.001941997
APP_binder_10_262_dldesign_0_cycle1_af2pred.pdb,PENLTPHVHP,0.002545453
APP_binder_10_263_dldesign_0_cycle1_af2pred.pdb,SNRLLPAQPP,0.001906039
APP_binder_10_264_dldesign_0_cycle1_af2pred.pdb,SLPKLRRVLG,8.03E-05
APP_binder_10_265_dldesign_0_cycle1_af2pred.pdb,SVPTNRRPAP,0.000957529
APP_binder_10_266_dldesign_0_cycle1_af2pred.pdb,SLSRLQNLLN,0.000284536
APP_binder_10_267_dldesign_0_cycle1_af2pred.pdb,GPVARPPVRL,8.46E-05
APP_binder_10_268_dldesign_0_cycle1_af2pred.pdb,GGTVAYPVRP,0.010039701
APP_binder_10_269_dldesign_0_cycle1_af2pred.pdb,GSVPRRVEPR,0.000666336
APP_binder_10_26_dldesign_0_cycle1_af2pred.pdb,SLPTLKRILP,0.000223247
APP_binder_10_270_dldesign_0_cycle1_af2pred.pdb,GVAVPAPALP,0.0038544
APP_binder_10_271_dldesign_0_cycle1_af2pred.pdb,HMPLEEALAL,1.19E-05
APP_binder_10_272_dldesign_0_cycle1_af2pred.pdb,SMVSYSEREE,0.000394747
APP_binder_10_273_dldesign_0_cycle1_af2pred.pdb,VVNYTIKSVP,0.001572797
APP_binder_10_274_dldesign_0_cycle1_af2pred.pdb,GSVTSEELLN,0.00176892
APP_binder_10_275_dldesign_0_cycle1_af2pred.pdb,GLPQPVAVSR,0.0010546
APP_binder_10_276_dldesign_0_cycle1_af2pred.pdb,PAPRPLVLPP,0.000431727
APP_binder_10_277_dldesign_0_cycle1_af2pred.pdb,GVHSGEREAE,0.000156339
APP_binder_10_278_dldesign_0_cycle1_af2pred.pdb,GSAVLRSVPN,0.000675338
APP_binder_10_279_dldesign_0_cycle1_af2pred.pdb,SLLVAVPKLP,0.000152169
APP_binder_10_27_dldesign_0_cycle1_af2pred.pdb,GSVLRVKNEP,0.003863911
APP_binder_10_280_dldesign_0_cycle1_af2pred.pdb,PLYNAAVVLP,0.000727624
APP_binder_10_281_dldesign_0_cycle1_af2pred.pdb,YRPEGTIGPL,0.010289117
APP_binder_10_282_dldesign_0_cycle1_af2pred.pdb,EELDYGASLP,4.36E-05
APP_binder_10_283_dldesign_0_cycle1_af2pred.pdb,GATLRLPRPR,0.00019351
APP_binder_10_284_dldesign_0_cycle1_af2pred.pdb,GNTPVSDLLP,0.005678233
APP_binder_10_285_dldesign_0_cycle1_af2pred.pdb,LNAHPRVLWP,1.66E-05
APP_binder_10_286_dldesign_0_cycle1_af2pred.pdb,SNPPVPLLPP,0.002828417
APP_binder_10_287_dldesign_0_cycle1_af2pred.pdb,GHHAPAVPLP,1.86E-05
APP_binder_10_288_dldesign_0_cycle1_af2pred.pdb,GLPVPRRVLP,0.063101813
APP_binder_10_289_dldesign_0_cycle1_af2pred.pdb,GVSFSEGPPA,0.001066696
APP_binder_10_28_dldesign_0_cycle1_af2pred.pdb,PPPVPVTLRP,0.003115387
APP_binder_10_290_dldesign_0_cycle1_af2pred.pdb,SVVVPRQVLP,3.22E-05
APP_binder_10_291_dldesign_0_cycle1_af2pred.pdb,GPITVVKVPA,0.000102174
APP_binder_10_292_dldesign_0_cycle1_af2pred.pdb,ELDEVPRLRP,0.000100922
APP_binder_10_293_dldesign_0_cycle1_af2pred.pdb,SLVRRLPVAR,0.001114321
APP_binder_10_294_dldesign_0_cycle1_af2pred.pdb,GVRVTEPALP,0.000178526
APP_binder_10_295_dldesign_0_cycle1_af2pred.pdb,SLPVKVEALP,0.00034827
APP_binder_10_296_dldesign_0_cycle1_af2pred.pdb,GVLRRVPVLP,0.002612531
APP_binder_10_297_dldesign_0_cycle1_af2pred.pdb,SSQLAKLLAE,0.000743836
APP_binder_10_298_dldesign_0_cycle1_af2pred.pdb,SVEVVTLRPP,3.09E-05
APP_binder_10_299_dldesign_0_cycle1_af2pred.pdb,VSLYELLVLS,0.011267984
APP_binder_10_29_dldesign_0_cycle1_af2pred.pdb,GAVLRPGRRA,0.002753104
APP_binder_10_2_dldesign_0_cycle1_af2pred.pdb,LEDLLTALRR,0.00181408
APP_binder_10_300_dldesign_0_cycle1_af2pred.pdb,GLARLLLELE,0.000832545
APP_binder_10_301_dldesign_0_cycle1_af2pred.pdb,KLAHYLASLA,1.99E-05
APP_binder_10_302_dldesign_0_cycle1_af2pred.pdb,VPLELLALLN,0.004595068
APP_binder_10_303_dldesign_0_cycle1_af2pred.pdb,GVPVLRQPRP,0.001440759
APP_binder_10_304_dldesign_0_cycle1_af2pred.pdb,SHPPLPAPPL,0.000574369
APP_binder_10_305_dldesign_0_cycle1_af2pred.pdb,PEPPKLRRPP,0.001070768
APP_binder_10_306_dldesign_0_cycle1_af2pred.pdb,GRNHRPAVAP,0.001192829
APP_binder_10_307_dldesign_0_cycle1_af2pred.pdb,GLLKTYPLNP,0.013426654
APP_binder_10_308_dldesign_0_cycle1_af2pred.pdb,GSMARPAVPP,3.70E-05
APP_binder_10_309_dldesign_0_cycle1_af2pred.pdb,SVPVPRYYTP,0.000311931
APP_binder_10_30_dldesign_0_cycle1_af2pred.pdb,SLSLLEELLS,0.000518092
APP_binder_10_310_dldesign_0_cycle1_af2pred.pdb,GVNVTLVQAP,0.000402586
APP_binder_10_311_dldesign_0_cycle1_af2pred.pdb,GVSLSERPAP,0.00326701
APP_binder_10_312_dldesign_0_cycle1_af2pred.pdb,PTVHPPLPPL,0.000477165
APP_binder_10_313_dldesign_0_cycle1_af2pred.pdb,PLLSRAERLA,4.43E-05
APP_binder_10_314_dldesign_0_cycle1_af2pred.pdb,GSVLRPPIVY,0.002771543
APP_binder_10_315_dldesign_0_cycle1_af2pred.pdb,GLVSPRLDGP,0.003152255
APP_binder_10_316_dldesign_0_cycle1_af2pred.pdb,PVVTRPAPPL,0.000414699
APP_binder_10_317_dldesign_0_cycle1_af2pred.pdb,GLLVRRVPPP,0.018091597
APP_binder_10_318_dldesign_0_cycle1_af2pred.pdb,GSPKVYGPEP,0.004105407
APP_binder_10_319_dldesign_0_cycle1_af2pred.pdb,PDPLSVKTLV,0.004548626
APP_binder_10_31_dldesign_0_cycle1_af2pred.pdb,MRSVIRPLLP,0.002603308
APP_binder_10_320_dldesign_0_cycle1_af2pred.pdb,GSVSVEDLLA,0.001238077
APP_binder_10_321_dldesign_0_cycle1_af2pred.pdb,SSTELLLAKL,3.33E-05
APP_binder_10_322_dldesign_0_cycle1_af2pred.pdb,GSVFTPRSVP,0.001849351
APP_binder_10_323_dldesign_0_cycle1_af2pred.pdb,GKLRKPVPPP,0.007296627
APP_binder_10_324_dldesign_0_cycle1_af2pred.pdb,TVYTLKSVPE,0.000223115
APP_binder_10_325_dldesign_0_cycle1_af2pred.pdb,MHSAEYENAP,1.47E-05
APP_binder_10_326_dldesign_0_cycle1_af2pred.pdb,GSSHVFEAPA,4.74E-05
APP_binder_10_327_dldesign_0_cycle1_af2pred.pdb,SESLVPPTLP,2.90E-05
APP_binder_10_328_dldesign_0_cycle1_af2pred.pdb,DLDLRILLDE,0.001195329
APP_binder_10_329_dldesign_0_cycle1_af2pred.pdb,GPVLRSVAAP,9.20E-05
APP_binder_10_32_dldesign_0_cycle1_af2pred.pdb,GKPIRVKVPA,0.004304692
APP_binder_10_330_dldesign_0_cycle1_af2pred.pdb,EEPSVVLAVL,0.00075376
APP_binder_10_331_dldesign_0_cycle1_af2pred.pdb,VNVPTVRYAP,0.001217737
APP_binder_10_332_dldesign_0_cycle1_af2pred.pdb,PFDDVSDDDD,9.65E-05
APP_binder_10_333_dldesign_0_cycle1_af2pred.pdb,PVPVVEYPSL,0.001437108
APP_binder_10_334_dldesign_0_cycle1_af2pred.pdb,LPPGLLSALA,0.000111492
APP_binder_10_335_dldesign_0_cycle1_af2pred.pdb,GVYSVPLPAL,0.001717334
APP_binder_10_336_dldesign_0_cycle1_af2pred.pdb,SEPPRLVQRV,1.08E-05
APP_binder_10_337_dldesign_0_cycle1_af2pred.pdb,PLPPRVARRP,0.002727755
APP_binder_10_338_dldesign_0_cycle1_af2pred.pdb,GRATPVPLVP,0.001520801
APP_binder_10_339_dldesign_0_cycle1_af2pred.pdb,SRPRAVPAPT,0.000605963
APP_binder_10_33_dldesign_0_cycle1_af2pred.pdb,SLLPLDDDLA,0.000546223
APP_binder_10_340_dldesign_0_cycle1_af2pred.pdb,SHSKIIKVAN,0.004490579
APP_binder_10_341_dldesign_0_cycle1_af2pred.pdb,GAVWRPTRRY,0.003277633
APP_binder_10_342_dldesign_0_cycle1_af2pred.pdb,AEYESIPRLP,0.000130018
APP_binder_10_343_dldesign_0_cycle1_af2pred.pdb,SNVLRPPRVY,0.000139386
APP_binder_10_344_dldesign_0_cycle1_af2pred.pdb,PRGVPVAPPP,0.000229247
APP_binder_10_345_dldesign_0_cycle1_af2pred.pdb,PLPVLRQRPP,0.008326041
APP_binder_10_346_dldesign_0_cycle1_af2pred.pdb,SSVFRRKLPP,0.000150802
APP_binder_10_347_dldesign_0_cycle1_af2pred.pdb,SLDELKKLLN,0.00317847
APP_binder_10_348_dldesign_0_cycle1_af2pred.pdb,SPTLVVTEPL,5.67E-05
APP_binder_10_349_dldesign_0_cycle1_af2pred.pdb,PVPKTPQRVY,0.000889596
APP_binder_10_34_dldesign_0_cycle1_af2pred.pdb,PPKVIRVPAP,0.001055119
APP_binder_10_350_dldesign_0_cycle1_af2pred.pdb,PAPPRRLRVP,0.001554077
APP_binder_10_351_dldesign_0_cycle1_af2pred.pdb,GLNYVLAVAP,4.15E-05
APP_binder_10_352_dldesign_0_cycle1_af2pred.pdb,SPPRHVKVPL,0.004469692
APP_binder_10_353_dldesign_0_cycle1_af2pred.pdb,SRSVPIKVPA,0.000203571
APP_binder_10_354_dldesign_0_cycle1_af2pred.pdb,LSPGELLLAL,4.08E-05
APP_binder_10_355_dldesign_0_cycle1_af2pred.pdb,SLARTLALSA,0.001022501
APP_binder_10_356_dldesign_0_cycle1_af2pred.pdb,TVYTVARLPP,0.00026115
APP_binder_10_357_dldesign_0_cycle1_af2pred.pdb,GLAPIVKVPA,0.004397412
APP_binder_10_358_dldesign_0_cycle1_af2pred.pdb,PAAARAASRP,1.54E-05
APP_binder_10_359_dldesign_0_cycle1_af2pred.pdb,SLPVLRSVQP,2.89E-05
APP_binder_10_35_dldesign_0_cycle1_af2pred.pdb,GSYRRLPLPP,0.002508902
APP_binder_10_360_dldesign_0_cycle1_af2pred.pdb,LVVTEVDLVA,0.001185854
APP_binder_10_361_dldesign_0_cycle1_af2pred.pdb,PVLVPKVVLP,0.002537228
APP_binder_10_362_dldesign_0_cycle1_af2pred.pdb,PLPNVTLVAP,0.001609906
APP_binder_10_363_dldesign_0_cycle1_af2pred.pdb,GSATPTHYHE,0.002832124
APP_binder_10_364_dldesign_0_cycle1_af2pred.pdb,GSVPAPLPLP,0.003266036
APP_binder_10_365_dldesign_0_cycle1_af2pred.pdb,GTPAPRYVPP,0.014773983
APP_binder_10_366_dldesign_0_cycle1_af2pred.pdb,GSMELDVPRL,0.000291234
APP_binder_10_367_dldesign_0_cycle1_af2pred.pdb,PSVHLPLVLP,0.000115634
APP_binder_10_368_dldesign_0_cycle1_af2pred.pdb,GFTLVTAPPP,0.001278143
APP_binder_10_369_dldesign_0_cycle1_af2pred.pdb,TVYTPRKPRL,1.25E-05
APP_binder_10_36_dldesign_0_cycle1_af2pred.pdb,GVVVELPDAP,0.000548157
APP_binder_10_370_dldesign_0_cycle1_af2pred.pdb,LVPLTREERE,0.005210563
APP_binder_10_371_dldesign_0_cycle1_af2pred.pdb,LLPGPAPLPL,0.000466423
APP_binder_10_372_dldesign_0_cycle1_af2pred.pdb,GMGVRLPALP,2.44E-05
APP_binder_10_373_dldesign_0_cycle1_af2pred.pdb,GGTVAPPVVP,0.00056081
APP_binder_10_374_dldesign_0_cycle1_af2pred.pdb,GPSVRIKASA,0.000162173
APP_binder_10_375_dldesign_0_cycle1_af2pred.pdb,SLPKSVSVPQ,0.002305416
APP_binder_10_376_dldesign_0_cycle1_af2pred.pdb,GGLHYREVPP,0.002404999
APP_binder_10_377_dldesign_0_cycle1_af2pred.pdb,EEEPVLKQVP,1.73E-05
APP_binder_10_378_dldesign_0_cycle1_af2pred.pdb,MKATAIKVAA,5.02E-05
APP_binder_10_379_dldesign_0_cycle1_af2pred.pdb,MVYTARRPLP,6.44E-05
APP_binder_10_37_dldesign_0_cycle1_af2pred.pdb,VTLAYPKPVV,0.000682454
APP_binder_10_380_dldesign_0_cycle1_af2pred.pdb,SLPVPRYRTP,0.0004112
APP_binder_10_381_dldesign_0_cycle1_af2pred.pdb,PEPLLRRVEP,0.002428925
APP_binder_10_382_dldesign_0_cycle1_af2pred.pdb,GPVPRYYTPP,0.002005895
APP_binder_10_383_dldesign_0_cycle1_af2pred.pdb,SLLPFNPLLL,0.001049746
APP_binder_10_384_dldesign_0_cycle1_af2pred.pdb,YKSKRIKVPL,0.003786457
APP_binder_10_385_dldesign_0_cycle1_af2pred.pdb,SLPLLRRVNP,0.000137894
APP_binder_10_386_dldesign_0_cycle1_af2pred.pdb,AAALAARRAP,6.77E-05
APP_binder_10_387_dldesign_0_cycle1_af2pred.pdb,GFTPAVALPE,0.000259369
APP_binder_10_388_dldesign_0_cycle1_af2pred.pdb,MELKSLLADL,0.015702404
APP_binder_10_389_dldesign_0_cycle1_af2pred.pdb,SVPVPTVRPP,0.000456866
APP_binder_10_38_dldesign_0_cycle1_af2pred.pdb,GVPTVRVVTP,0.007302505
APP_binder_10_390_dldesign_0_cycle1_af2pred.pdb,GPHIHVPLLP,0.001841635
APP_binder_10_391_dldesign_0_cycle1_af2pred.pdb,GPRALPLPAP,0.00016727
APP_binder_10_392_dldesign_0_cycle1_af2pred.pdb,GVGVLRTPRR,8.05E-05
APP_binder_10_393_dldesign_0_cycle1_af2pred.pdb,APPPVLRRYR,0.012546293
APP_binder_10_394_dldesign_0_cycle1_af2pred.pdb,AVVRPPPPPP,4.30E-05
APP_binder_10_395_dldesign_0_cycle1_af2pred.pdb,LRLGVRGPLS,0.000200281
APP_binder_10_396_dldesign_0_cycle1_af2pred.pdb,GSVPRYAVPD,0.003497382
APP_binder_10_397_dldesign_0_cycle1_af2pred.pdb,PATLRRAPPR,0.000804262
APP_binder_10_398_dldesign_0_cycle1_af2pred.pdb,GSSPVPLPAL,0.000658474
APP_binder_10_399_dldesign_0_cycle1_af2pred.pdb,SLLAKLLANE,0.001037213
APP_binder_10_39_dldesign_0_cycle1_af2pred.pdb,LLLTGTPKRP,0.00044758
APP_binder_10_3_dldesign_0_cycle1_af2pred.pdb,SYTLKRALPP,0.000443161
APP_binder_10_400_dldesign_0_cycle1_af2pred.pdb,HLEELPPRPP,0.000583534
APP_binder_10_401_dldesign_0_cycle1_af2pred.pdb,AVVPTVRPRL,0.004102053
APP_binder_10_402_dldesign_0_cycle1_af2pred.pdb,MSSVNYKAPP,0.000183703
APP_binder_10_403_dldesign_0_cycle1_af2pred.pdb,GGVPRRPPPR,0.006629268
APP_binder_10_404_dldesign_0_cycle1_af2pred.pdb,SDEAIIRPRR,0.001296259
APP_binder_10_405_dldesign_0_cycle1_af2pred.pdb,GVVSGESLAP,0.017216735
APP_binder_10_406_dldesign_0_cycle1_af2pred.pdb,RPRHYKVALA,4.48E-05
APP_binder_10_407_dldesign_0_cycle1_af2pred.pdb,GGSVLLSLLG,0.000815011
APP_binder_10_408_dldesign_0_cycle1_af2pred.pdb,GLGKRLPASL,0.000697559
APP_binder_10_409_dldesign_0_cycle1_af2pred.pdb,SSLPTLALPV,0.000114562
APP_binder_10_40_dldesign_0_cycle1_af2pred.pdb,GLLPVVDAEP,0.003565631
APP_binder_10_410_dldesign_0_cycle1_af2pred.pdb,TVYTLARKPP,1.99E-05
APP_binder_10_411_dldesign_0_cycle1_af2pred.pdb,PPRVRLPTDS,0.000720975
APP_binder_10_412_dldesign_0_cycle1_af2pred.pdb,MRLPVTEYEP,0.00420309
APP_binder_10_413_dldesign_0_cycle1_af2pred.pdb,SHSGERYLPP,1.65E-05
APP_binder_10_414_dldesign_0_cycle1_af2pred.pdb,GLVPLKVQTL,0.000816431
APP_binder_10_415_dldesign_0_cycle1_af2pred.pdb,GPAPRVAVAA,2.33E-05
APP_binder_10_416_dldesign_0_cycle1_af2pred.pdb,SAALRNLLAA,0.000338356
APP_binder_10_417_dldesign_0_cycle1_af2pred.pdb,SGLLLQLLAR,0.001582145
APP_binder_10_418_dldesign_0_cycle1_af2pred.pdb,GVPVVRRVLP,2.63E-05
APP_binder_10_419_dldesign_0_cycle1_af2pred.pdb,SLPLLRSVPP,3.57E-05
APP_binder_10_41_dldesign_0_cycle1_af2pred.pdb,GAVARRRLPP,0.000122982
APP_binder_10_420_dldesign_0_cycle1_af2pred.pdb,SEHSYEGPPA,0.000681853
APP_binder_10_421_dldesign_0_cycle1_af2pred.pdb,MNHVKLDLPP,1.37E-05
APP_binder_10_422_dldesign_0_cycle1_af2pred.pdb,GSVWRPPRVF,7.44E-05
APP_binder_10_423_dldesign_0_cycle1_af2pred.pdb,FIRSPRVFEP,0.001059676
APP_binder_10_424_dldesign_0_cycle1_af2pred.pdb,GTVFTLRHLP,0.000755675
APP_binder_10_425_dldesign_0_cycle1_af2pred.pdb,GVYTLRVATP,0.000113358
APP_binder_10_426_dldesign_0_cycle1_af2pred.pdb,EEVEVIEVEP,7.31E-05
APP_binder_10_427_dldesign_0_cycle1_af2pred.pdb,VKIKYVKKPK,6.40E-05
APP_binder_10_428_dldesign_0_cycle1_af2pred.pdb,GGSTIVPLLP,0.000276356
APP_binder_10_429_dldesign_0_cycle1_af2pred.pdb,PLPNVRLPGE,0.004729192
APP_binder_10_42_dldesign_0_cycle1_af2pred.pdb,GATPVSAAAA,0.000474106
APP_binder_10_430_dldesign_0_cycle1_af2pred.pdb,SFLTAEESKA,3.51E-05
APP_binder_10_431_dldesign_0_cycle1_af2pred.pdb,GVVYPLRPPL,0.038925305
APP_binder_10_432_dldesign_0_cycle1_af2pred.pdb,EVPPVLRRVP,0.000243522
APP_binder_10_433_dldesign_0_cycle1_af2pred.pdb,GERRYYLEAA,0.000280886
APP_binder_10_434_dldesign_0_cycle1_af2pred.pdb,SRAVAIPVAP,3.37E-05
APP_binder_10_435_dldesign_0_cycle1_af2pred.pdb,STLRSLPRRP,4.59E-05
APP_binder_10_436_dldesign_0_cycle1_af2pred.pdb,GGVPAVYLPR,0.000694586
APP_binder_10_437_dldesign_0_cycle1_af2pred.pdb,EIEVPPSPGS,0.000825704
APP_binder_10_438_dldesign_0_cycle1_af2pred.pdb,GGVPAPPVLP,2.77E-05
APP_binder_10_439_dldesign_0_cycle1_af2pred.pdb,SLVVTVKRKP,0.000538282
APP_binder_10_43_dldesign_0_cycle1_af2pred.pdb,PVSRPVRVAL,0.001949724
APP_binder_10_440_dldesign_0_cycle1_af2pred.pdb,SELITSEREA,1.34E-05
APP_binder_10_441_dldesign_0_cycle1_af2pred.pdb,GLAVHHHALP,7.03E-05
APP_binder_10_442_dldesign_0_cycle1_af2pred.pdb,GTPVYPEPLE,0.005939685
APP_binder_10_443_dldesign_0_cycle1_af2pred.pdb,SLAKAIKVPA,9.51E-05
APP_binder_10_444_dldesign_0_cycle1_af2pred.pdb,APVLTARQVP,0.000579138
APP_binder_10_445_dldesign_0_cycle1_af2pred.pdb,SLLPTRLLPP,0.001628206
APP_binder_10_446_dldesign_0_cycle1_af2pred.pdb,SVPVFTPTRR,0.000751795
APP_binder_10_447_dldesign_0_cycle1_af2pred.pdb,GDTTALALLA,0.00039014
APP_binder_10_448_dldesign_0_cycle1_af2pred.pdb,VTVARYEILP,1.68E-05
APP_binder_10_449_dldesign_0_cycle1_af2pred.pdb,KPVHVFEEPE,9.24E-06
APP_binder_10_44_dldesign_0_cycle1_af2pred.pdb,GVNTVPRSVP,0.000189247
APP_binder_10_450_dldesign_0_cycle1_af2pred.pdb,PSVPVRVDLP,3.54E-05
APP_binder_10_451_dldesign_0_cycle1_af2pred.pdb,EVDVLTPKPP,0.001392854
APP_binder_10_452_dldesign_0_cycle1_af2pred.pdb,GSVLRSVPPP,0.002339705
APP_binder_10_453_dldesign_0_cycle1_af2pred.pdb,GPHGSHTVLP,0.000277453
APP_binder_10_454_dldesign_0_cycle1_af2pred.pdb,RDQSLNRVPN,0.000317871
APP_binder_10_455_dldesign_0_cycle1_af2pred.pdb,MNYTPKTYTP,0.015457571
APP_binder_10_456_dldesign_0_cycle1_af2pred.pdb,AFVDLSGYTA,0.002730525
APP_binder_10_457_dldesign_0_cycle1_af2pred.pdb,SPVFTPTRVE,0.000185201
APP_binder_10_458_dldesign_0_cycle1_af2pred.pdb,SVLDTPLRSV,0.003761951
APP_binder_10_459_dldesign_0_cycle1_af2pred.pdb,GSLGPRLPAP,3.49E-05
APP_binder_10_45_dldesign_0_cycle1_af2pred.pdb,GVPVLRPQRR,0.001473561
APP_binder_10_460_dldesign_0_cycle1_af2pred.pdb,SEPVFQEFEA,0.000196761
APP_binder_10_461_dldesign_0_cycle1_af2pred.pdb,PLPVLRPQRR,0.017817985
APP_binder_10_462_dldesign_0_cycle1_af2pred.pdb,SSPPLLRGRP,3.07E-05
APP_binder_10_463_dldesign_0_cycle1_af2pred.pdb,PPVSLPEEDD,0.00343322
APP_binder_10_464_dldesign_0_cycle1_af2pred.pdb,SRLVKLADLG,0.000333315
APP_binder_10_465_dldesign_0_cycle1_af2pred.pdb,LSPLALAVSS,6.83E-05
APP_binder_10_466_dldesign_0_cycle1_af2pred.pdb,SVPVGTPRQP,0.000921056
APP_binder_10_467_dldesign_0_cycle1_af2pred.pdb,MGVKLPAPAA,2.36E-05
APP_binder_10_468_dldesign_0_cycle1_af2pred.pdb,GVLTPRVVPP,0.073884346
APP_binder_10_469_dldesign_0_cycle1_af2pred.pdb,KRSVRRPLPP,0.014072025
APP_binder_10_46_dldesign_0_cycle1_af2pred.pdb,MTLEEILAAK,0.00020194
APP_binder_10_470_dldesign_0_cycle1_af2pred.pdb,GSLPVRVPAP,0.000668322
APP_binder_10_471_dldesign_0_cycle1_af2pred.pdb,DWQLEQQLLS,0.00037327
APP_binder_10_472_dldesign_0_cycle1_af2pred.pdb,PVYRPAGPSS,0.000459404
APP_binder_10_473_dldesign_0_cycle1_af2pred.pdb,GRADKLAALL,0.000716689
APP_binder_10_474_dldesign_0_cycle1_af2pred.pdb,VVYVPRYVPP,0.002340479
APP_binder_10_475_dldesign_0_cycle1_af2pred.pdb,SLPKLVQLPP,0.000125117
APP_binder_10_476_dldesign_0_cycle1_af2pred.pdb,SKLLNLLKEL,0.000250629
APP_binder_10_477_dldesign_0_cycle1_af2pred.pdb,SVSDAVPTTP,2.80E-05
APP_binder_10_478_dldesign_0_cycle1_af2pred.pdb,PEPVLRQRLP,0.001901484
APP_binder_10_479_dldesign_0_cycle1_af2pred.pdb,GAVLRPPRVY,0.000224661
APP_binder_10_47_dldesign_0_cycle1_af2pred.pdb,PLPAVPRRVP,0.009838315
APP_binder_10_480_dldesign_0_cycle1_af2pred.pdb,LPVSLLQRLR,0.001466689
APP_binder_10_481_dldesign_0_cycle1_af2pred.pdb,KRLPPVPLLP,0.010150247
APP_binder_10_482_dldesign_0_cycle1_af2pred.pdb,SLPKVTPYIP,0.001012055
APP_binder_10_483_dldesign_0_cycle1_af2pred.pdb,MKLGKRLPAP,0.004296906
APP_binder_10_484_dldesign_0_cycle1_af2pred.pdb,SVPVPRRRPP,0.000200965
APP_binder_10_485_dldesign_0_cycle1_af2pred.pdb,PLPSQLLKNL,0.001734869
APP_binder_10_486_dldesign_0_cycle1_af2pred.pdb,MVKKRILPPP,0.000123607
APP_binder_10_487_dldesign_0_cycle1_af2pred.pdb,MVVTPVKVAL,0.001579928
APP_binder_10_488_dldesign_0_cycle1_af2pred.pdb,GSVLARVPPE,0.002855486
APP_binder_10_489_dldesign_0_cycle1_af2pred.pdb,STGLLKRVVF,0.000119967
APP_binder_10_48_dldesign_0_cycle1_af2pred.pdb,PLPVLTLRQP,0.002592644
APP_binder_10_490_dldesign_0_cycle1_af2pred.pdb,SVPVLRQRLP,0.000147035
APP_binder_10_491_dldesign_0_cycle1_af2pred.pdb,SLVSAPQEPD,0.00374933
APP_binder_10_492_dldesign_0_cycle1_af2pred.pdb,GPSVPLPVAA,2.01E-05
APP_binder_10_493_dldesign_0_cycle1_af2pred.pdb,SVTLHHRKAL,0.000172764
APP_binder_10_494_dldesign_0_cycle1_af2pred.pdb,EPRVVPAPAP,0.000463578
APP_binder_10_495_dldesign_0_cycle1_af2pred.pdb,GGVLRSVQPP,0.003226263
APP_binder_10_496_dldesign_0_cycle1_af2pred.pdb,PVVATPVVRP,0.000730028
APP_binder_10_497_dldesign_0_cycle1_af2pred.pdb,VVVPVPRLPP,0.014279584
APP_binder_10_498_dldesign_0_cycle1_af2pred.pdb,GLNFTPRQMP,0.000151295
APP_binder_10_499_dldesign_0_cycle1_af2pred.pdb,YVRPVRNLPP,0.0735716
APP_binder_10_49_dldesign_0_cycle1_af2pred.pdb,SRSKVTYLLD,2.57E-05
APP_binder_10_4_dldesign_0_cycle1_af2pred.pdb,GTVTRPAPPP,0.000490073
APP_binder_10_500_dldesign_0_cycle1_af2pred.pdb,SRPVAYVATA,0.000195014
APP_binder_10_501_dldesign_0_cycle1_af2pred.pdb,ALAALLLNLL,0.00049159
APP_binder_10_502_dldesign_0_cycle1_af2pred.pdb,PVPSPLESRP,1.81E-05
APP_binder_10_503_dldesign_0_cycle1_af2pred.pdb,AALAAALLSA,3.76E-05
APP_binder_10_504_dldesign_0_cycle1_af2pred.pdb,GSLPLYPPPL,1.70E-05
APP_binder_10_505_dldesign_0_cycle1_af2pred.pdb,PVAVTLEEYL,8.13E-05
APP_binder_10_506_dldesign_0_cycle1_af2pred.pdb,RPLLSRRRPA,0.247899011
APP_binder_10_507_dldesign_0_cycle1_af2pred.pdb,GLNLSLRPPL,0.001126302
APP_binder_10_508_dldesign_0_cycle1_af2pred.pdb,SLYPTAQVPE,0.000764283
APP_binder_10_509_dldesign_0_cycle1_af2pred.pdb,SVLRRKVEPP,0.001720929
APP_binder_10_50_dldesign_0_cycle1_af2pred.pdb,PLPKVKVVQR,0.019488798
APP_binder_10_510_dldesign_0_cycle1_af2pred.pdb,VVVGTPRRRP,7.86E-05
APP_binder_10_511_dldesign_0_cycle1_af2pred.pdb,GPIRVVKVPA,9.87E-05
APP_binder_10_512_dldesign_0_cycle1_af2pred.pdb,SLVLEEKPAE,0.001117987
APP_binder_10_513_dldesign_0_cycle1_af2pred.pdb,RPPVVEVDLP,0.00093442
APP_binder_10_514_dldesign_0_cycle1_af2pred.pdb,GHHHHVKVPA,0.001522391
APP_binder_10_515_dldesign_0_cycle1_af2pred.pdb,TVYTPRPPVP,1.77E-05
APP_binder_10_516_dldesign_0_cycle1_af2pred.pdb,SALLRRLLQR,0.000944848
APP_binder_10_517_dldesign_0_cycle1_af2pred.pdb,GFRNVVEPDE,0.008741901
APP_binder_10_518_dldesign_0_cycle1_af2pred.pdb,SLALLQELAP,0.000870354
APP_binder_10_519_dldesign_0_cycle1_af2pred.pdb,GSTLRSVPPP,0.000499844
APP_binder_10_51_dldesign_0_cycle1_af2pred.pdb,MVAPVPAPAP,2.49E-05
APP_binder_10_520_dldesign_0_cycle1_af2pred.pdb,PPVVGPPVLP,0.017226726
APP_binder_10_521_dldesign_0_cycle1_af2pred.pdb,MYTPPLKAPP,0.00052807
APP_binder_10_522_dldesign_0_cycle1_af2pred.pdb,GSHHYLEADL,0.000292456
APP_binder_10_523_dldesign_0_cycle1_af2pred.pdb,GLHSGEREAL,0.000605156
APP_binder_10_524_dldesign_0_cycle1_af2pred.pdb,APVPRTVPAR,3.17E-05
APP_binder_10_525_dldesign_0_cycle1_af2pred.pdb,SLAPRLPAPN,0.001612753
APP_binder_10_526_dldesign_0_cycle1_af2pred.pdb,SLRPPPEVSL,0.000265182
APP_binder_10_527_dldesign_0_cycle1_af2pred.pdb,APVYKRVQVP,0.007038003
APP_binder_10_528_dldesign_0_cycle1_af2pred.pdb,RIDLTVDDLP,0.006453494
APP_binder_10_529_dldesign_0_cycle1_af2pred.pdb,MRAVPAPALP,0.000615364
APP_binder_10_52_dldesign_0_cycle1_af2pred.pdb,SSNVLLVSME,1.81E-05
APP_binder_10_530_dldesign_0_cycle1_af2pred.pdb,GAVPRRYEDL,0.001257783
APP_binder_10_531_dldesign_0_cycle1_af2pred.pdb,SSYRGLPLLP,4.30E-05
APP_binder_10_532_dldesign_0_cycle1_af2pred.pdb,RVFVSLPPRL,0.00068878
APP_binder_10_533_dldesign_0_cycle1_af2pred.pdb,MERSVAIRVP,0.007745551
APP_binder_10_534_dldesign_0_cycle1_af2pred.pdb,PPKPVPPVYS,0.018990753
APP_binder_10_535_dldesign_0_cycle1_af2pred.pdb,APHVRVAAPP,0.00061289
APP_binder_10_536_dldesign_0_cycle1_af2pred.pdb,GESALVVPLP,0.000657244
APP_binder_10_537_dldesign_0_cycle1_af2pred.pdb,ALANRLALLL,1.05E-05
APP_binder_10_538_dldesign_0_cycle1_af2pred.pdb,EPDVTLAPPV,0.00075801
APP_binder_10_539_dldesign_0_cycle1_af2pred.pdb,SSRRHRRLLP,1.82E-05
APP_binder_10_53_dldesign_0_cycle1_af2pred.pdb,ATAVPLPALL,0.000837295
APP_binder_10_540_dldesign_0_cycle1_af2pred.pdb,SVPKLVQILP,6.38E-05
APP_binder_10_541_dldesign_0_cycle1_af2pred.pdb,DLAYLLLLLL,1.29E-05
APP_binder_10_542_dldesign_0_cycle1_af2pred.pdb,GAPRVRVPAP,0.001408573
APP_binder_10_543_dldesign_0_cycle1_af2pred.pdb,GFTLTPVRLP,0.000443859
APP_binder_10_544_dldesign_0_cycle1_af2pred.pdb,SLPTLRQVPP,2.73E-05
APP_binder_10_545_dldesign_0_cycle1_af2pred.pdb,SLPVLRKRLP,0.000622685
APP_binder_10_546_dldesign_0_cycle1_af2pred.pdb,SVPKLRRVLP,8.45E-05
APP_binder_10_547_dldesign_0_cycle1_af2pred.pdb,PVLVPKPRLP,0.012522176
APP_binder_10_548_dldesign_0_cycle1_af2pred.pdb,GKAPYLEDAL,0.003464065
APP_binder_10_549_dldesign_0_cycle1_af2pred.pdb,SSPPTPRRVP,0.000453448
APP_binder_10_54_dldesign_0_cycle1_af2pred.pdb,GSVLRPPVLP,0.002593648
APP_binder_10_550_dldesign_0_cycle1_af2pred.pdb,RPSGTHRLAP,0.000455488
APP_binder_10_551_dldesign_0_cycle1_af2pred.pdb,SNAVLPPALP,0.000218664
APP_binder_10_552_dldesign_0_cycle1_af2pred.pdb,SSRLAPVVPS,5.22E-05
APP_binder_10_553_dldesign_0_cycle1_af2pred.pdb,SELVSGERPA,0.002812671
APP_binder_10_554_dldesign_0_cycle1_af2pred.pdb,NVPVPRRVLP,0.02982546
APP_binder_10_555_dldesign_0_cycle1_af2pred.pdb,SLPVLRPTRR,0.000236912
APP_binder_10_556_dldesign_0_cycle1_af2pred.pdb,SLEVRRPPPR,4.31E-05
APP_binder_10_557_dldesign_0_cycle1_af2pred.pdb,SRAASLAAAP,2.56E-05
APP_binder_10_558_dldesign_0_cycle1_af2pred.pdb,GPHISLAPLP,0.001236307
APP_binder_10_559_dldesign_0_cycle1_af2pred.pdb,GSLPVPRPPV,0.000449351
APP_binder_10_55_dldesign_0_cycle1_af2pred.pdb,PVVPRHRPAP,0.000306625
APP_binder_10_560_dldesign_0_cycle1_af2pred.pdb,KFVFVDDDLP,0.000432908
APP_binder_10_561_dldesign_0_cycle1_af2pred.pdb,GRPPVKLLAP,0.011991907
APP_binder_10_562_dldesign_0_cycle1_af2pred.pdb,EIKVVFEEPD,0.000944977
APP_binder_10_563_dldesign_0_cycle1_af2pred.pdb,GVPPRVRRAP,0.005668516
APP_binder_10_564_dldesign_0_cycle1_af2pred.pdb,GVVTLRQVLP,0.00377357
APP_binder_10_565_dldesign_0_cycle1_af2pred.pdb,SVPLRRRYLP,0.000275674
APP_binder_10_566_dldesign_0_cycle1_af2pred.pdb,GMSKRVKVPN,0.000263882
APP_binder_10_567_dldesign_0_cycle1_af2pred.pdb,GSAVYAVALP,0.000743337
APP_binder_10_568_dldesign_0_cycle1_af2pred.pdb,VVFSPETLAP,0.000337689
APP_binder_10_569_dldesign_0_cycle1_af2pred.pdb,SEVLTPRVVP,0.000222854
APP_binder_10_56_dldesign_0_cycle1_af2pred.pdb,SVRTPLPALP,0.001274128
APP_binder_10_570_dldesign_0_cycle1_af2pred.pdb,GVKYTLTKPR,0.008909931
APP_binder_10_571_dldesign_0_cycle1_af2pred.pdb,SHSTPLISVE,8.66E-05
APP_binder_10_572_dldesign_0_cycle1_af2pred.pdb,RHITLSELLA,0.000867533
APP_binder_10_573_dldesign_0_cycle1_af2pred.pdb,GSVLRSVPEP,0.0034889
APP_binder_10_574_dldesign_0_cycle1_af2pred.pdb,GRVLNLDELD,0.001053531
APP_binder_10_575_dldesign_0_cycle1_af2pred.pdb,SVSYEEVEGE,8.63E-05
APP_binder_10_576_dldesign_0_cycle1_af2pred.pdb,RGTPVRLPPA,0.040374033
APP_binder_10_577_dldesign_0_cycle1_af2pred.pdb,GSTLRVLPPR,0.001523304
APP_binder_10_578_dldesign_0_cycle1_af2pred.pdb,GLLRLLQNLL,0.000345947
APP_binder_10_579_dldesign_0_cycle1_af2pred.pdb,SPYGTAVPLP,0.00092751
APP_binder_10_57_dldesign_0_cycle1_af2pred.pdb,GAPVLVVRLP,0.000121208
APP_binder_10_580_dldesign_0_cycle1_af2pred.pdb,PEVLTPRRPP,3.57E-05
APP_binder_10_581_dldesign_0_cycle1_af2pred.pdb,SRIRVSSLPR,0.000191333
APP_binder_10_582_dldesign_0_cycle1_af2pred.pdb,GVVLRRRLPP,2.17E-05
APP_binder_10_583_dldesign_0_cycle1_af2pred.pdb,GAVPRSVEYR,2.23E-05
APP_binder_10_584_dldesign_0_cycle1_af2pred.pdb,EVNVGTPHVP,0.002379138
APP_binder_10_585_dldesign_0_cycle1_af2pred.pdb,SSPPRLPDSW,0.000106812
APP_binder_10_586_dldesign_0_cycle1_af2pred.pdb,YVPPLTPQRR,3.05E-05
APP_binder_10_587_dldesign_0_cycle1_af2pred.pdb,SKPVRVPAAL,0.000326785
APP_binder_10_588_dldesign_0_cycle1_af2pred.pdb,SLPTLKRVLR,0.000423249
APP_binder_10_589_dldesign_0_cycle1_af2pred.pdb,GSAPVVKLLP,0.002048436
APP_binder_10_58_dldesign_0_cycle1_af2pred.pdb,SRAVPVSAPP,0.000104021
APP_binder_10_590_dldesign_0_cycle1_af2pred.pdb,EPLVYYPGPP,0.019138146
APP_binder_10_591_dldesign_0_cycle1_af2pred.pdb,SVPVVRRARP,0.000708672
APP_binder_10_592_dldesign_0_cycle1_af2pred.pdb,GLPVLRPPLP,0.00031974
APP_binder_10_593_dldesign_0_cycle1_af2pred.pdb,GKPRVFVPLP,0.007219825
APP_binder_10_594_dldesign_0_cycle1_af2pred.pdb,SVNVFRRAKP,0.000116518
APP_binder_10_595_dldesign_0_cycle1_af2pred.pdb,PVKYVRAPPP,0.001495111
APP_binder_10_596_dldesign_0_cycle1_af2pred.pdb,SEYELQDLLL,0.000231167
APP_binder_10_597_dldesign_0_cycle1_af2pred.pdb,ANVTPKRVLA,0.003252343
APP_binder_10_598_dldesign_0_cycle1_af2pred.pdb,PPVLRLPDLE,8.17E-05
APP_binder_10_599_dldesign_0_cycle1_af2pred.pdb,SSRLQQLARL,2.76E-05
APP_binder_10_59_dldesign_0_cycle1_af2pred.pdb,PVPSFVPKRV,0.002596254
APP_binder_10_5_dldesign_0_cycle1_af2pred.pdb,VTVAQVPTGP,7.58E-05
APP_binder_10_600_dldesign_0_cycle1_af2pred.pdb,MAVKVDDVPL,7.23E-05
APP_binder_10_601_dldesign_0_cycle1_af2pred.pdb,YRPPLPARPP,0.407044947
APP_binder_10_602_dldesign_0_cycle1_af2pred.pdb,YTLGPRVRVP,0.020224964
APP_binder_10_603_dldesign_0_cycle1_af2pred.pdb,PFVPNPLLLP,0.00014041
APP_binder_10_604_dldesign_0_cycle1_af2pred.pdb,VRGTAVPAPP,0.0023402
APP_binder_10_605_dldesign_0_cycle1_af2pred.pdb,SVVYVPRPAL,0.004348357
APP_binder_10_606_dldesign_0_cycle1_af2pred.pdb,EPPVLRRPRP,0.001522412
APP_binder_10_607_dldesign_0_cycle1_af2pred.pdb,GPVLTVGRRP,0.001369925
APP_binder_10_608_dldesign_0_cycle1_af2pred.pdb,GLAPVVPASN,0.000217935
APP_binder_10_609_dldesign_0_cycle1_af2pred.pdb,SATPAAPVYP,0.000137741
APP_binder_10_60_dldesign_0_cycle1_af2pred.pdb,GPVWRPPRRP,3.90E-05
APP_binder_10_610_dldesign_0_cycle1_af2pred.pdb,GVTLRPPRVE,0.000315552
APP_binder_10_611_dldesign_0_cycle1_af2pred.pdb,STPLLVSRPQ,7.46E-05
APP_binder_10_612_dldesign_0_cycle1_af2pred.pdb,SLPTLRRRPP,2.81E-05
APP_binder_10_613_dldesign_0_cycle1_af2pred.pdb,GLATPLPLLP,0.002297197
APP_binder_10_614_dldesign_0_cycle1_af2pred.pdb,GEEVVEEESL,0.001114662
APP_binder_10_615_dldesign_0_cycle1_af2pred.pdb,GSVLHVPEQP,0.003495493
APP_binder_10_616_dldesign_0_cycle1_af2pred.pdb,GPSNSSPVPA,0.000868623
APP_binder_10_617_dldesign_0_cycle1_af2pred.pdb,GVLKRRASYP,0.000325114
APP_binder_10_618_dldesign_0_cycle1_af2pred.pdb,PDTSVLRRPP,3.37E-05
APP_binder_10_619_dldesign_0_cycle1_af2pred.pdb,PLLAVPRLPR,0.007626182
APP_binder_10_61_dldesign_0_cycle1_af2pred.pdb,GVVEAIALPE,0.002819244
APP_binder_10_620_dldesign_0_cycle1_af2pred.pdb,SEPPVYASLP,0.000589819
APP_binder_10_621_dldesign_0_cycle1_af2pred.pdb,GTIVYNRVPA,0.000361249
APP_binder_10_622_dldesign_0_cycle1_af2pred.pdb,GAVAVPANAP,0.00043607
APP_binder_10_623_dldesign_0_cycle1_af2pred.pdb,SVELNHRKAP,7.09E-05
APP_binder_10_624_dldesign_0_cycle1_af2pred.pdb,PVYTPRYPPP,0.000274693
APP_binder_10_625_dldesign_0_cycle1_af2pred.pdb,YLPAPDDVLP,6.46E-05
APP_binder_10_626_dldesign_0_cycle1_af2pred.pdb,SLAPHRPLLS,0.000263008
APP_binder_10_627_dldesign_0_cycle1_af2pred.pdb,GPRPRTPPGP,0.001012234
APP_binder_10_628_dldesign_0_cycle1_af2pred.pdb,GVLTEVVVLP,0.001221816
APP_binder_10_629_dldesign_0_cycle1_af2pred.pdb,GSAPLVPLSP,0.000144761
APP_binder_10_62_dldesign_0_cycle1_af2pred.pdb,ASVVTLAQLP,0.00110425
APP_binder_10_630_dldesign_0_cycle1_af2pred.pdb,VPVPNTELLG,0.000388199
APP_binder_10_631_dldesign_0_cycle1_af2pred.pdb,GGVRRKAPAP,5.51E-05
APP_binder_10_632_dldesign_0_cycle1_af2pred.pdb,MPHIVELALP,0.000221525
APP_binder_10_633_dldesign_0_cycle1_af2pred.pdb,SPLVSGEREA,0.000122482
APP_binder_10_634_dldesign_0_cycle1_af2pred.pdb,GLHFEEVPAP,4.32E-05
APP_binder_10_635_dldesign_0_cycle1_af2pred.pdb,PVYLTDPELE,0.000770028
APP_binder_10_636_dldesign_0_cycle1_af2pred.pdb,SLREVTEEPP,0.00027986
APP_binder_10_637_dldesign_0_cycle1_af2pred.pdb,AVNYTLRQRP,0.002195846
APP_binder_10_638_dldesign_0_cycle1_af2pred.pdb,LLKALLQKLL,0.000431802
APP_binder_10_639_dldesign_0_cycle1_af2pred.pdb,SVPKLRRVLP,0.0002397
APP_binder_10_63_dldesign_0_cycle1_af2pred.pdb,PLVVRVPPLP,0.003198532
APP_binder_10_640_dldesign_0_cycle1_af2pred.pdb,SEPVLRQVPP,0.000322485
APP_binder_10_641_dldesign_0_cycle1_af2pred.pdb,MRAPIVHVPL,0.080294117
APP_binder_10_642_dldesign_0_cycle1_af2pred.pdb,GTTLALPLPL,0.000638938
APP_binder_10_643_dldesign_0_cycle1_af2pred.pdb,PNPPDDDDDD,4.79E-05
APP_binder_10_644_dldesign_0_cycle1_af2pred.pdb,SGVPRPPRVF,0.048211388
APP_binder_10_645_dldesign_0_cycle1_af2pred.pdb,EVYEDVPPIP,0.004743436
APP_binder_10_646_dldesign_0_cycle1_af2pred.pdb,GPSVRLKLLP,0.000168642
APP_binder_10_647_dldesign_0_cycle1_af2pred.pdb,DNSWRRRPAP,0.001436999
APP_binder_10_648_dldesign_0_cycle1_af2pred.pdb,GSPVYVPAPL,0.00027836
APP_binder_10_649_dldesign_0_cycle1_af2pred.pdb,GGVPRRRPPP,0.009393603
APP_binder_10_64_dldesign_0_cycle1_af2pred.pdb,GVPVPRSVSF,0.014809256
APP_binder_10_650_dldesign_0_cycle1_af2pred.pdb,MRPPVKVVLP,4.76E-05
APP_binder_10_651_dldesign_0_cycle1_af2pred.pdb,VVRHLPASLL,0.00200568
APP_binder_10_652_dldesign_0_cycle1_af2pred.pdb,RSSVRLPPPP,0.001188966
APP_binder_10_653_dldesign_0_cycle1_af2pred.pdb,PVPPVPARLP,0.000560913
APP_binder_10_654_dldesign_0_cycle1_af2pred.pdb,PVPPVAVLGP,0.001925356
APP_binder_10_655_dldesign_0_cycle1_af2pred.pdb,SLPKVVRLPP,0.000451705
APP_binder_10_656_dldesign_0_cycle1_af2pred.pdb,SIVHYREPAP,0.001362622
APP_binder_10_657_dldesign_0_cycle1_af2pred.pdb,SVVRLLQPAP,0.001497847
APP_binder_10_658_dldesign_0_cycle1_af2pred.pdb,LADYLALLPS,0.001140672
APP_binder_10_659_dldesign_0_cycle1_af2pred.pdb,ASVPVPRRRP,0.001731912
APP_binder_10_65_dldesign_0_cycle1_af2pred.pdb,PVVVYTPATP,0.006425563
APP_binder_10_660_dldesign_0_cycle1_af2pred.pdb,AIRRVVLLPP,0.000730779
APP_binder_10_661_dldesign_0_cycle1_af2pred.pdb,SSPRSVPVPA,0.001774164
APP_binder_10_662_dldesign_0_cycle1_af2pred.pdb,GAVPRPPVVL,0.001882809
APP_binder_10_663_dldesign_0_cycle1_af2pred.pdb,TVYTPRSVPP,0.001784387
APP_binder_10_664_dldesign_0_cycle1_af2pred.pdb,PLPARKPQLE,0.001263193
APP_binder_10_665_dldesign_0_cycle1_af2pred.pdb,PVDVPTLVSR,0.002528214
APP_binder_10_666_dldesign_0_cycle1_af2pred.pdb,VESNAVKLAP,0.000124413
APP_binder_10_667_dldesign_0_cycle1_af2pred.pdb,TLKTVEDLLA,0.003938852
APP_binder_10_668_dldesign_0_cycle1_af2pred.pdb,PVVPLPLPAP,8.46E-05
APP_binder_10_669_dldesign_0_cycle1_af2pred.pdb,GVPTLRQVLP,2.04E-05
APP_binder_10_66_dldesign_0_cycle1_af2pred.pdb,GHGLAIRVPS,0.000395439
APP_binder_10_670_dldesign_0_cycle1_af2pred.pdb,SVTVYTPRSE,0.000209888
APP_binder_10_671_dldesign_0_cycle1_af2pred.pdb,GVVYLPREPP,0.000549593
APP_binder_10_672_dldesign_0_cycle1_af2pred.pdb,SLPKLVQLPQ,0.000299127
APP_binder_10_673_dldesign_0_cycle1_af2pred.pdb,GPVYKVRHLP,0.002179896
APP_binder_10_674_dldesign_0_cycle1_af2pred.pdb,GSHVLEVEPL,1.64E-05
APP_binder_10_675_dldesign_0_cycle1_af2pred.pdb,SLPKLVQAPL,9.80E-05
APP_binder_10_676_dldesign_0_cycle1_af2pred.pdb,SLPTLKRVLP,0.000258183
APP_binder_10_677_dldesign_0_cycle1_af2pred.pdb,AKPAVIVKAP,0.007687517
APP_binder_10_678_dldesign_0_cycle1_af2pred.pdb,GVPMTVESAL,0.01782403
APP_binder_10_679_dldesign_0_cycle1_af2pred.pdb,EVLSEREVLP,0.003032544
APP_binder_10_67_dldesign_0_cycle1_af2pred.pdb,SFAPGLPLLP,1.40E-05
APP_binder_10_680_dldesign_0_cycle1_af2pred.pdb,APPLALAPPR,1.69E-05
APP_binder_10_681_dldesign_0_cycle1_af2pred.pdb,GSTRAVPLSP,0.002502186
APP_binder_10_682_dldesign_0_cycle1_af2pred.pdb,PPPPLVRRRP,0.035320904
APP_binder_10_683_dldesign_0_cycle1_af2pred.pdb,LPPVLRHSVR,0.000198728
APP_binder_10_684_dldesign_0_cycle1_af2pred.pdb,PLPVRPVEPE,0.032419283
APP_binder_10_685_dldesign_0_cycle1_af2pred.pdb,GSSPVVWSAP,3.80E-05
APP_binder_10_686_dldesign_0_cycle1_af2pred.pdb,PAVYEPVLPE,0.003083665
APP_binder_10_687_dldesign_0_cycle1_af2pred.pdb,SHHRKVPAPP,0.018153312
APP_binder_10_688_dldesign_0_cycle1_af2pred.pdb,SNRGVRLPLP,0.002786578
APP_binder_10_689_dldesign_0_cycle1_af2pred.pdb,GSVPRSIADL,0.004084745
APP_binder_10_68_dldesign_0_cycle1_af2pred.pdb,GGVTGSHVLP,0.000114527
APP_binder_10_690_dldesign_0_cycle1_af2pred.pdb,GPPALLLRRP,0.000219402
APP_binder_10_691_dldesign_0_cycle1_af2pred.pdb,VVKYVTKSEL,0.006731273
APP_binder_10_692_dldesign_0_cycle1_af2pred.pdb,EPEVVEREVA,0.001416981
APP_binder_10_693_dldesign_0_cycle1_af2pred.pdb,AVTVQLALPA,0.000530788
APP_binder_10_694_dldesign_0_cycle1_af2pred.pdb,SLLEDLLIGL,0.000704593
APP_binder_10_695_dldesign_0_cycle1_af2pred.pdb,GHHHVASDAL,0.001085681
APP_binder_10_696_dldesign_0_cycle1_af2pred.pdb,SLAPRVPVPA,0.000132656
APP_binder_10_697_dldesign_0_cycle1_af2pred.pdb,VDVPVPVLPP,0.001017768
APP_binder_10_698_dldesign_0_cycle1_af2pred.pdb,SLATRLALRA,0.000300346
APP_binder_10_699_dldesign_0_cycle1_af2pred.pdb,SLPTLIPGRP,8.88E-05
APP_binder_10_69_dldesign_0_cycle1_af2pred.pdb,PVVTSLAPLR,0.000535371
APP_binder_10_6_dldesign_0_cycle1_af2pred.pdb,MVLEELYEAE,0.000120742
APP_binder_10_700_dldesign_0_cycle1_af2pred.pdb,EPVELDTDLE,8.35E-05
APP_binder_10_701_dldesign_0_cycle1_af2pred.pdb,GVDTTVILPL,0.015639985
APP_binder_10_702_dldesign_0_cycle1_af2pred.pdb,DLARLLRLLG,0.000266971
APP_binder_10_703_dldesign_0_cycle1_af2pred.pdb,GWLAPQVTGP,0.006807204
APP_binder_10_704_dldesign_0_cycle1_af2pred.pdb,LALLLKELLQ,3.75E-05
APP_binder_10_705_dldesign_0_cycle1_af2pred.pdb,PPPAVLRPPR,0.00041637
APP_binder_10_706_dldesign_0_cycle1_af2pred.pdb,PEVTTPRRLG,0.000285511
APP_binder_10_707_dldesign_0_cycle1_af2pred.pdb,PLPIKYLALV,0.0166518
APP_binder_10_708_dldesign_0_cycle1_af2pred.pdb,TVYTPRRPPP,3.01E-05
APP_binder_10_709_dldesign_0_cycle1_af2pred.pdb,SLPTPRQVPP,3.62E-05
APP_binder_10_70_dldesign_0_cycle1_af2pred.pdb,SVPPVPVAAP,0.006904964
APP_binder_10_710_dldesign_0_cycle1_af2pred.pdb,GTNHRPAPAL,0.000193071
APP_binder_10_711_dldesign_0_cycle1_af2pred.pdb,SAVPRRPPPR,0.0024545
APP_binder_10_712_dldesign_0_cycle1_af2pred.pdb,RPPRIVVPAD,0.002247098
APP_binder_10_713_dldesign_0_cycle1_af2pred.pdb,PLDLSNAVLE,0.00536085
APP_binder_10_714_dldesign_0_cycle1_af2pred.pdb,PVYTPRRPQP,0.00084373
APP_binder_10_715_dldesign_0_cycle1_af2pred.pdb,GSRPGARLVP,0.001515048
APP_binder_10_716_dldesign_0_cycle1_af2pred.pdb,EEPLLRRVLP,5.70E-05
APP_binder_10_717_dldesign_0_cycle1_af2pred.pdb,SLGVLKSVPS,0.000107455
APP_binder_10_718_dldesign_0_cycle1_af2pred.pdb,GSVLRRPVPP,0.001073288
APP_binder_10_719_dldesign_0_cycle1_af2pred.pdb,SSVLKSVQPP,7.62E-05
APP_binder_10_71_dldesign_0_cycle1_af2pred.pdb,EVPVRLPPLP,1.82E-05
APP_binder_10_720_dldesign_0_cycle1_af2pred.pdb,PNVPVPHVHP,0.006433626
APP_binder_10_721_dldesign_0_cycle1_af2pred.pdb,APAATPATPV,1.22E-05
APP_binder_10_722_dldesign_0_cycle1_af2pred.pdb,SVPTLRARLP,0.000143326
APP_binder_10_723_dldesign_0_cycle1_af2pred.pdb,SVLVNVPELP,0.006305796
APP_binder_10_724_dldesign_0_cycle1_af2pred.pdb,GSVLRRPPPR,0.001958519
APP_binder_10_725_dldesign_0_cycle1_af2pred.pdb,PVSVSLSELY,0.0005921
APP_binder_10_726_dldesign_0_cycle1_af2pred.pdb,GMSAPTVAAA,0.000111988
APP_binder_10_727_dldesign_0_cycle1_af2pred.pdb,KPVLTNVKLP,0.000940071
APP_binder_10_728_dldesign_0_cycle1_af2pred.pdb,EEYRPPWLPP,0.000185019
APP_binder_10_729_dldesign_0_cycle1_af2pred.pdb,PLPPPVVRRP,0.029250389
APP_binder_10_72_dldesign_0_cycle1_af2pred.pdb,GRTHVKVALP,0.0044303
APP_binder_10_730_dldesign_0_cycle1_af2pred.pdb,GSTLRQLPQR,0.000985206
APP_binder_10_731_dldesign_0_cycle1_af2pred.pdb,DVSSNAVLLA,0.006191976
APP_binder_10_732_dldesign_0_cycle1_af2pred.pdb,GSPRPDLDLP,0.000172683
APP_binder_10_733_dldesign_0_cycle1_af2pred.pdb,GSSVIVKVPA,0.000292044
APP_binder_10_734_dldesign_0_cycle1_af2pred.pdb,PVPTTPRQLP,0.00034661
APP_binder_10_735_dldesign_0_cycle1_af2pred.pdb,GSTHHVKVPA,9.61E-06
APP_binder_10_736_dldesign_0_cycle1_af2pred.pdb,GSTAVRPPPP,0.000693812
APP_binder_10_737_dldesign_0_cycle1_af2pred.pdb,SSSPVVVRAP,0.001029933
APP_binder_10_738_dldesign_0_cycle1_af2pred.pdb,GVVEVERPKV,6.71E-05
APP_binder_10_739_dldesign_0_cycle1_af2pred.pdb,VNYHLRTPLN,0.001864556
APP_binder_10_73_dldesign_0_cycle1_af2pred.pdb,GVPTVRRVTP,0.005123005
APP_binder_10_740_dldesign_0_cycle1_af2pred.pdb,ASGVAVPLLP,0.000672306
APP_binder_10_741_dldesign_0_cycle1_af2pred.pdb,PVLLPSNLEP,0.000125088
APP_binder_10_742_dldesign_0_cycle1_af2pred.pdb,SLLDERPALP,0.000560175
APP_binder_10_743_dldesign_0_cycle1_af2pred.pdb,GYVAPRPPPV,0.000660692
APP_binder_10_744_dldesign_0_cycle1_af2pred.pdb,PAPPLLVQRP,0.000291695
APP_binder_10_745_dldesign_0_cycle1_af2pred.pdb,EVPVLRSVQP,5.77E-05
APP_binder_10_746_dldesign_0_cycle1_af2pred.pdb,PPVLAYPAPP,0.000234591
APP_binder_10_747_dldesign_0_cycle1_af2pred.pdb,MERYYRREAA,0.003651894
APP_binder_10_748_dldesign_0_cycle1_af2pred.pdb,GSTPVKVGPL,0.003054448
APP_binder_10_749_dldesign_0_cycle1_af2pred.pdb,PVLVPKSDLE,0.000885914
APP_binder_10_74_dldesign_0_cycle1_af2pred.pdb,SLPPRLVRRP,2.55E-05
APP_binder_10_750_dldesign_0_cycle1_af2pred.pdb,PRPRVLPPVP,0.035704073
APP_binder_10_751_dldesign_0_cycle1_af2pred.pdb,GVPRHRPALP,0.00392388
APP_binder_10_752_dldesign_0_cycle1_af2pred.pdb,PRSVALPLSP,0.001274913
APP_binder_10_753_dldesign_0_cycle1_af2pred.pdb,SLPKLVQRPP,0.000173841
APP_binder_10_754_dldesign_0_cycle1_af2pred.pdb,SRSLAARLAS,0.000744367
APP_binder_10_755_dldesign_0_cycle1_af2pred.pdb,EPPLEVVLPP,2.83E-05
APP_binder_10_756_dldesign_0_cycle1_af2pred.pdb,SVVVEGEREA,0.000450224
APP_binder_10_757_dldesign_0_cycle1_af2pred.pdb,SLGVPRPTSR,0.000727881
APP_binder_10_758_dldesign_0_cycle1_af2pred.pdb,RDYSKNARRG,0.001948466
APP_binder_10_759_dldesign_0_cycle1_af2pred.pdb,GVTSVRRPAP,0.002419746
APP_binder_10_75_dldesign_0_cycle1_af2pred.pdb,GLLPRLLRQP,0.009055632
APP_binder_10_760_dldesign_0_cycle1_af2pred.pdb,SSSPRPLVDL,1.02E-05
APP_binder_10_761_dldesign_0_cycle1_af2pred.pdb,GSVLATELLG,0.003956749
APP_binder_10_762_dldesign_0_cycle1_af2pred.pdb,SVLPITERLA,0.000174473
APP_binder_10_763_dldesign_0_cycle1_af2pred.pdb,DSASELANLA,0.00099045
APP_binder_10_764_dldesign_0_cycle1_af2pred.pdb,IRTPPVKVDL,0.01007266
APP_binder_10_765_dldesign_0_cycle1_af2pred.pdb,SHVVYEADPL,0.002991605
APP_binder_10_766_dldesign_0_cycle1_af2pred.pdb,MYVKVDALPP,8.11E-05
APP_binder_10_767_dldesign_0_cycle1_af2pred.pdb,GVLRSVPEPP,0.009399883
APP_binder_10_768_dldesign_0_cycle1_af2pred.pdb,SYVPRGPPEP,0.002785775
APP_binder_10_769_dldesign_0_cycle1_af2pred.pdb,GVNYPVAVLP,0.03619859
APP_binder_10_76_dldesign_0_cycle1_af2pred.pdb,LDNDLELMLE,0.000196725
APP_binder_10_770_dldesign_0_cycle1_af2pred.pdb,SLLPADLLLP,0.00016421
APP_binder_10_771_dldesign_0_cycle1_af2pred.pdb,PSVPLPLPAP,4.28E-05
APP_binder_10_772_dldesign_0_cycle1_af2pred.pdb,SLAYLLRLLS,0.002127232
APP_binder_10_773_dldesign_0_cycle1_af2pred.pdb,PAPRAIPAPP,0.000524764
APP_binder_10_774_dldesign_0_cycle1_af2pred.pdb,GSLPVPATPV,0.000178977
APP_binder_10_775_dldesign_0_cycle1_af2pred.pdb,PVNYTLHPPV,0.002265781
APP_binder_10_776_dldesign_0_cycle1_af2pred.pdb,GSVPRYLPPR,0.00215978
APP_binder_10_777_dldesign_0_cycle1_af2pred.pdb,SSLPVARRLP,0.00024557
APP_binder_10_778_dldesign_0_cycle1_af2pred.pdb,METRYVLEAP,2.14E-05
APP_binder_10_779_dldesign_0_cycle1_af2pred.pdb,SEYVAVEIEL,3.18E-05
APP_binder_10_77_dldesign_0_cycle1_af2pred.pdb,GVPVLRPPRR,0.000428115
APP_binder_10_780_dldesign_0_cycle1_af2pred.pdb,APDESLAAWR,0.001466085
APP_binder_10_781_dldesign_0_cycle1_af2pred.pdb,FSRAPRIFEE,0.000289791
APP_binder_10_782_dldesign_0_cycle1_af2pred.pdb,DEVPWLARAP,0.000392458
APP_binder_10_783_dldesign_0_cycle1_af2pred.pdb,VKPPEIVIAE,0.000156383
APP_binder_10_784_dldesign_0_cycle1_af2pred.pdb,VVYTPRYRPP,0.000790642
APP_binder_10_785_dldesign_0_cycle1_af2pred.pdb,GLPSPPNAPE,0.003631953
APP_binder_10_786_dldesign_0_cycle1_af2pred.pdb,SHPSRVPAPP,0.008637015
APP_binder_10_787_dldesign_0_cycle1_af2pred.pdb,GSVPRRVPPP,0.000632685
APP_binder_10_788_dldesign_0_cycle1_af2pred.pdb,GPSVRLPELP,0.000215735
APP_binder_10_789_dldesign_0_cycle1_af2pred.pdb,FTRAAPLPAP,0.000167809
APP_binder_10_78_dldesign_0_cycle1_af2pred.pdb,SSSLLAKLLD,1.35E-05
APP_binder_10_790_dldesign_0_cycle1_af2pred.pdb,LPVIPTKSLP,0.0040995
APP_binder_10_791_dldesign_0_cycle1_af2pred.pdb,PLRNSPQLFS,0.003425025
APP_binder_10_792_dldesign_0_cycle1_af2pred.pdb,SVLPPLPLLP,9.83E-05
APP_binder_10_793_dldesign_0_cycle1_af2pred.pdb,GVAVPRYVTP,0.074903876
APP_binder_10_794_dldesign_0_cycle1_af2pred.pdb,GTLLTPLEDL,0.002709131
APP_binder_10_795_dldesign_0_cycle1_af2pred.pdb,SFTLRKPVSP,0.00030344
APP_binder_10_796_dldesign_0_cycle1_af2pred.pdb,DLAELLRRLA,8.87E-06
APP_binder_10_797_dldesign_0_cycle1_af2pred.pdb,GVGVPRRVLP,0.001122203
APP_binder_10_798_dldesign_0_cycle1_af2pred.pdb,MKEKERPKAP,0.000293776
APP_binder_10_799_dldesign_0_cycle1_af2pred.pdb,VLPRKPPEPL,6.74E-05
APP_binder_10_79_dldesign_0_cycle1_af2pred.pdb,GAVAVKVAAA,0.000626025
APP_binder_10_7_dldesign_0_cycle1_af2pred.pdb,GNDELLELLE,2.37E-05
APP_binder_10_800_dldesign_0_cycle1_af2pred.pdb,GLALALALLL,0.00047178
APP_binder_10_801_dldesign_0_cycle1_af2pred.pdb,GVPESHQILE,0.000616542
APP_binder_10_802_dldesign_0_cycle1_af2pred.pdb,RVNTARPLLP,0.000323675
APP_binder_10_803_dldesign_0_cycle1_af2pred.pdb,VVYTPAPRVL,0.000183385
APP_binder_10_804_dldesign_0_cycle1_af2pred.pdb,SLPELRQVLP,0.00033133
APP_binder_10_805_dldesign_0_cycle1_af2pred.pdb,APALAAALWY,2.00E-05
APP_binder_10_806_dldesign_0_cycle1_af2pred.pdb,GGFRLPVEPP,0.004223227
APP_binder_10_807_dldesign_0_cycle1_af2pred.pdb,GSVAVPVALP,0.007305715
APP_binder_10_808_dldesign_0_cycle1_af2pred.pdb,APPNAKPKPP,0.168081522
APP_binder_10_809_dldesign_0_cycle1_af2pred.pdb,DLARLRALLE,1.02E-05
APP_binder_10_80_dldesign_0_cycle1_af2pred.pdb,GVVGTPTVRL,0.002040138
APP_binder_10_810_dldesign_0_cycle1_af2pred.pdb,SSNSVPASPP,0.000136887
APP_binder_10_811_dldesign_0_cycle1_af2pred.pdb,ARPPVAVKAL,0.000474847
APP_binder_10_812_dldesign_0_cycle1_af2pred.pdb,GLGTPVPLLG,0.005821721
APP_binder_10_813_dldesign_0_cycle1_af2pred.pdb,SSSSGEREAE,7.93E-05
APP_binder_10_814_dldesign_0_cycle1_af2pred.pdb,GELISSESEA,0.014630886
APP_binder_10_815_dldesign_0_cycle1_af2pred.pdb,GSTLALPPLS,0.003990083
APP_binder_10_816_dldesign_0_cycle1_af2pred.pdb,SLPKLRQVLP,1.93E-05
APP_binder_10_817_dldesign_0_cycle1_af2pred.pdb,GSRGPAIKAP,0.000472461
APP_binder_10_818_dldesign_0_cycle1_af2pred.pdb,SLPNQPPPLP,0.001463057
APP_binder_10_819_dldesign_0_cycle1_af2pred.pdb,PPVPVYEVAP,0.00191563
APP_binder_10_81_dldesign_0_cycle1_af2pred.pdb,SSPPVARRAP,0.000514587
APP_binder_10_820_dldesign_0_cycle1_af2pred.pdb,SLVPRPPIVY,0.000241997
APP_binder_10_821_dldesign_0_cycle1_af2pred.pdb,SVNQTVYVPP,0.008551934
APP_binder_10_822_dldesign_0_cycle1_af2pred.pdb,APVATWRPPR,0.003062809
APP_binder_10_823_dldesign_0_cycle1_af2pred.pdb,PEVLTPTVTP,0.000196819
APP_binder_10_824_dldesign_0_cycle1_af2pred.pdb,PVPQPPEPVP,0.002270948
APP_binder_10_825_dldesign_0_cycle1_af2pred.pdb,GLPVNLPELP,0.0037164
APP_binder_10_826_dldesign_0_cycle1_af2pred.pdb,ATHVLQSDLD,0.002321888
APP_binder_10_827_dldesign_0_cycle1_af2pred.pdb,GSLGARVRVP,0.000272571
APP_binder_10_828_dldesign_0_cycle1_af2pred.pdb,GSRPPQLPLG,0.005240542
APP_binder_10_829_dldesign_0_cycle1_af2pred.pdb,LLSSLERELA,0.00018795
APP_binder_10_82_dldesign_0_cycle1_af2pred.pdb,GAVPAVRLPP,0.00038104
APP_binder_10_830_dldesign_0_cycle1_af2pred.pdb,SLPLALRKTP,0.000222198
APP_binder_10_831_dldesign_0_cycle1_af2pred.pdb,SVVVPRRRPA,4.64E-05
APP_binder_10_832_dldesign_0_cycle1_af2pred.pdb,SNLLQQLLRE,0.000101604
APP_binder_10_833_dldesign_0_cycle1_af2pred.pdb,AEPVVEGPPA,0.000136282
APP_binder_10_834_dldesign_0_cycle1_af2pred.pdb,GSVLRQIPPP,0.005367454
APP_binder_10_835_dldesign_0_cycle1_af2pred.pdb,TVLTPRRVLP,0.004432357
APP_binder_10_836_dldesign_0_cycle1_af2pred.pdb,SVPTLRVWGP,0.000260597
APP_binder_10_837_dldesign_0_cycle1_af2pred.pdb,FTLVEPVPPP,0.00048375
APP_binder_10_838_dldesign_0_cycle1_af2pred.pdb,SLSSFTLAQV,0.000907189
APP_binder_10_839_dldesign_0_cycle1_af2pred.pdb,GPLRHVLVPA,0.000424382
APP_binder_10_83_dldesign_0_cycle1_af2pred.pdb,PSLLLLDLLE,1.22E-05
APP_binder_10_840_dldesign_0_cycle1_af2pred.pdb,GRELSRLQSP,0.000157896
APP_binder_10_841_dldesign_0_cycle1_af2pred.pdb,PPPPVVRVAR,0.016967153
APP_binder_10_842_dldesign_0_cycle1_af2pred.pdb,SVELNYVLEE,0.000422645
APP_binder_10_843_dldesign_0_cycle1_af2pred.pdb,GGKPVQRPPP,3.01E-05
APP_binder_10_844_dldesign_0_cycle1_af2pred.pdb,ALANRLLHLL,0.002238478
APP_binder_10_845_dldesign_0_cycle1_af2pred.pdb,AAALWALWQG,0.00176843
APP_binder_10_846_dldesign_0_cycle1_af2pred.pdb,SMRSVPLPLP,0.012499077
APP_binder_10_847_dldesign_0_cycle1_af2pred.pdb,AVAVPALPLP,0.00347596
APP_binder_10_848_dldesign_0_cycle1_af2pred.pdb,AVPVLDLALP,2.19E-05
APP_binder_10_849_dldesign_0_cycle1_af2pred.pdb,SLPLPTTPKR,0.000119578
APP_binder_10_84_dldesign_0_cycle1_af2pred.pdb,VVYSHAERVE,0.001297412
APP_binder_10_850_dldesign_0_cycle1_af2pred.pdb,GLSPLVVVTP,0.001192667
APP_binder_10_851_dldesign_0_cycle1_af2pred.pdb,SDLLQDLLNA,7.98E-05
APP_binder_10_852_dldesign_0_cycle1_af2pred.pdb,GSTLKLASLP,0.003166812
APP_binder_10_853_dldesign_0_cycle1_af2pred.pdb,SVVPLRTLPP,7.07E-05
APP_binder_10_854_dldesign_0_cycle1_af2pred.pdb,PLPPQFPEVE,0.00633248
APP_binder_10_855_dldesign_0_cycle1_af2pred.pdb,SGSSPLPVRP,0.000473729
APP_binder_10_856_dldesign_0_cycle1_af2pred.pdb,APPAVLKQKS,1.12E-05
APP_binder_10_857_dldesign_0_cycle1_af2pred.pdb,ELVLPVLRRR,0.00013061
APP_binder_10_858_dldesign_0_cycle1_af2pred.pdb,SPTPVPAPAL,0.001482662
APP_binder_10_859_dldesign_0_cycle1_af2pred.pdb,GGLSLPVNLR,0.001686813
APP_binder_10_85_dldesign_0_cycle1_af2pred.pdb,SSPPRVVRRP,0.001770298
APP_binder_10_860_dldesign_0_cycle1_af2pred.pdb,GSSVRYPELP,0.001849565
APP_binder_10_861_dldesign_0_cycle1_af2pred.pdb,FRRSEPRPLP,0.000976003
APP_binder_10_862_dldesign_0_cycle1_af2pred.pdb,SGAVTPTVPP,0.024369827
APP_binder_10_863_dldesign_0_cycle1_af2pred.pdb,PRGTPLPALP,9.74E-05
APP_binder_10_864_dldesign_0_cycle1_af2pred.pdb,GLNVTLRYPP,7.24E-05
APP_binder_10_865_dldesign_0_cycle1_af2pred.pdb,SATPVLPPPR,0.000237936
APP_binder_10_866_dldesign_0_cycle1_af2pred.pdb,LPPPKPVVPT,0.008913886
APP_binder_10_867_dldesign_0_cycle1_af2pred.pdb,YDPSLAVLAP,0.002530953
APP_binder_10_868_dldesign_0_cycle1_af2pred.pdb,GSSALRLRVP,3.19E-05
APP_binder_10_869_dldesign_0_cycle1_af2pred.pdb,PPVPRRVPPP,0.03831264
APP_binder_10_86_dldesign_0_cycle1_af2pred.pdb,MSVRIPVPDL,0.000419182
APP_binder_10_870_dldesign_0_cycle1_af2pred.pdb,DLRNLLARLA,0.000101373
APP_binder_10_871_dldesign_0_cycle1_af2pred.pdb,RAVAGVAQKP,0.000243134
APP_binder_10_872_dldesign_0_cycle1_af2pred.pdb,SVTNHVLEAP,0.000752892
APP_binder_10_873_dldesign_0_cycle1_af2pred.pdb,MHLSEVPTLP,0.001089677
APP_binder_10_874_dldesign_0_cycle1_af2pred.pdb,GARPAGPGES,0.00010561
APP_binder_10_875_dldesign_0_cycle1_af2pred.pdb,PLPTATLKVV,0.001842475
APP_binder_10_876_dldesign_0_cycle1_af2pred.pdb,GVVTHILAPA,0.009847249
APP_binder_10_877_dldesign_0_cycle1_af2pred.pdb,GVVPRRPLPP,0.001404653
APP_binder_10_878_dldesign_0_cycle1_af2pred.pdb,TVYTLKQGPP,0.000131498
APP_binder_10_879_dldesign_0_cycle1_af2pred.pdb,GPPVLVYAPP,0.00098375
APP_binder_10_87_dldesign_0_cycle1_af2pred.pdb,PVYRRKADLA,7.90E-05
APP_binder_10_880_dldesign_0_cycle1_af2pred.pdb,GTPKPPVKPP,0.000472783
APP_binder_10_881_dldesign_0_cycle1_af2pred.pdb,SLPVPRPPVS,0.007934658
APP_binder_10_882_dldesign_0_cycle1_af2pred.pdb,GVPSSLLKAA,0.012772199
APP_binder_10_883_dldesign_0_cycle1_af2pred.pdb,SVPVPTVRLR,0.016889026
APP_binder_10_884_dldesign_0_cycle1_af2pred.pdb,PVNTVPAPPR,0.006006125
APP_binder_10_885_dldesign_0_cycle1_af2pred.pdb,SLSYSELLLP,0.011414666
APP_binder_10_886_dldesign_0_cycle1_af2pred.pdb,GAVPRRPPVR,0.005013666
APP_binder_10_887_dldesign_0_cycle1_af2pred.pdb,SLPVPRRPPP,0.006458759
APP_binder_10_888_dldesign_0_cycle1_af2pred.pdb,PLLPVLRLPP,0.002499102
APP_binder_10_889_dldesign_0_cycle1_af2pred.pdb,PLPAVPAPPP,0.00100966
APP_binder_10_88_dldesign_0_cycle1_af2pred.pdb,GAVTVRRPPP,0.009662644
APP_binder_10_890_dldesign_0_cycle1_af2pred.pdb,GFAPRKLYPP,0.100743778
APP_binder_10_891_dldesign_0_cycle1_af2pred.pdb,GGVPRRPPRG,0.003086423
APP_binder_10_892_dldesign_0_cycle1_af2pred.pdb,PLVPLEPLLP,0.003445768
APP_binder_10_893_dldesign_0_cycle1_af2pred.pdb,LSSEELAELL,0.02011909
APP_binder_10_894_dldesign_0_cycle1_af2pred.pdb,GLGERIKVPA,0.007472667
APP_binder_10_895_dldesign_0_cycle1_af2pred.pdb,MRATPVPAPP,0.005337894
APP_binder_10_896_dldesign_0_cycle1_af2pred.pdb,RLTLPVDVPA,0.012677099
APP_binder_10_897_dldesign_0_cycle1_af2pred.pdb,AGPIRRVLEP,0.000487903
APP_binder_10_898_dldesign_0_cycle1_af2pred.pdb,GPLISGEVEA,0.001295761
APP_binder_10_899_dldesign_0_cycle1_af2pred.pdb,PPPPKAVSLD,0.000204706
APP_binder_10_89_dldesign_0_cycle1_af2pred.pdb,SLKLRSVQAP,0.000464488
APP_binder_10_8_dldesign_0_cycle1_af2pred.pdb,PPVPLPLLPP,0.009940513
APP_binder_10_900_dldesign_0_cycle1_af2pred.pdb,GGVPVKLDVP,0.000565441
APP_binder_10_901_dldesign_0_cycle1_af2pred.pdb,MAPVAVAAAA,0.000822362
APP_binder_10_902_dldesign_0_cycle1_af2pred.pdb,LVPSHYRPRL,0.000262074
APP_binder_10_903_dldesign_0_cycle1_af2pred.pdb,SHSSPGVLAP,9.34E-05
APP_binder_10_904_dldesign_0_cycle1_af2pred.pdb,MELTEFETLP,0.013084462
APP_binder_10_905_dldesign_0_cycle1_af2pred.pdb,PPVYTLRLRP,1.75E-05
APP_binder_10_906_dldesign_0_cycle1_af2pred.pdb,GGVPRRVLAP,0.000381384
APP_binder_10_907_dldesign_0_cycle1_af2pred.pdb,GHPPVRVGPP,0.003149146
APP_binder_10_908_dldesign_0_cycle1_af2pred.pdb,VQVITPSQYA,0.005555959
APP_binder_10_909_dldesign_0_cycle1_af2pred.pdb,SLPVPRRVLP,4.53E-05
APP_binder_10_90_dldesign_0_cycle1_af2pred.pdb,PVPAPREVVP,0.010268763
APP_binder_10_910_dldesign_0_cycle1_af2pred.pdb,EPVTSEVPAK,0.001264087
APP_binder_10_911_dldesign_0_cycle1_af2pred.pdb,PSSPVRLPAL,5.08E-05
APP_binder_10_912_dldesign_0_cycle1_af2pred.pdb,ESEPVLVQLP,0.000318759
APP_binder_10_913_dldesign_0_cycle1_af2pred.pdb,GLDPTTLKRP,0.000820345
APP_binder_10_914_dldesign_0_cycle1_af2pred.pdb,SVPVPAPRVL,2.11E-05
APP_binder_10_915_dldesign_0_cycle1_af2pred.pdb,SVPLGERIYE,0.001688604
APP_binder_10_916_dldesign_0_cycle1_af2pred.pdb,PNVPVTERDV,0.001090496
APP_binder_10_917_dldesign_0_cycle1_af2pred.pdb,GTPRYYLEPP,0.000643191
APP_binder_10_918_dldesign_0_cycle1_af2pred.pdb,SVNVDLESVE,0.001184206
APP_binder_10_919_dldesign_0_cycle1_af2pred.pdb,YTPPKPSPLR,0.000687614
APP_binder_10_91_dldesign_0_cycle1_af2pred.pdb,PPKPQVDVLP,0.001001556
APP_binder_10_920_dldesign_0_cycle1_af2pred.pdb,GATPRYPVPP,0.014550134
APP_binder_10_921_dldesign_0_cycle1_af2pred.pdb,GPPYVPLPRP,0.05987443
APP_binder_10_922_dldesign_0_cycle1_af2pred.pdb,SSPRYVVLPA,0.000511048
APP_binder_10_923_dldesign_0_cycle1_af2pred.pdb,SSVALPAPPA,3.41E-05
APP_binder_10_924_dldesign_0_cycle1_af2pred.pdb,SRPNVVLPLP,0.014965858
APP_binder_10_925_dldesign_0_cycle1_af2pred.pdb,RLRVPAAAPP,0.026624709
APP_binder_10_926_dldesign_0_cycle1_af2pred.pdb,PVLVPRPALP,0.008003295
APP_binder_10_927_dldesign_0_cycle1_af2pred.pdb,GLVPLLVRQV,0.001610404
APP_binder_10_928_dldesign_0_cycle1_af2pred.pdb,GTAVLEVAVP,0.000246677
APP_binder_10_929_dldesign_0_cycle1_af2pred.pdb,RVVVLEDAES,2.49E-05
APP_binder_10_92_dldesign_0_cycle1_af2pred.pdb,FVPPRVARAP,0.018539326
APP_binder_10_930_dldesign_0_cycle1_af2pred.pdb,GSVPRSVPPP,0.000450451
APP_binder_10_931_dldesign_0_cycle1_af2pred.pdb,STLKRVLPPA,0.013943213
APP_binder_10_932_dldesign_0_cycle1_af2pred.pdb,GSTLHSGEGP,0.001586704
APP_binder_10_933_dldesign_0_cycle1_af2pred.pdb,GVSTLRQVLP,0.000147601
APP_binder_10_934_dldesign_0_cycle1_af2pred.pdb,APTLRVRPLL,1.61E-05
APP_binder_10_935_dldesign_0_cycle1_af2pred.pdb,LTPEELELLE,0.000120457
APP_binder_10_936_dldesign_0_cycle1_af2pred.pdb,GSAPLPLIAP,1.81E-05
APP_binder_10_937_dldesign_0_cycle1_af2pred.pdb,SSTPVKVALP,6.06E-05
APP_binder_10_938_dldesign_0_cycle1_af2pred.pdb,SLPKVRSVPP,0.000629489
APP_binder_10_939_dldesign_0_cycle1_af2pred.pdb,PVVYKRRVRP,0.001866018
APP_binder_10_93_dldesign_0_cycle1_af2pred.pdb,FSRSEPILVP,3.12E-05
APP_binder_10_940_dldesign_0_cycle1_af2pred.pdb,EKVRPKLVLP,3.75E-05
APP_binder_10_941_dldesign_0_cycle1_af2pred.pdb,ALPITERELE,3.03E-05
APP_binder_10_942_dldesign_0_cycle1_af2pred.pdb,GVKVRVRPPR,0.002823704
APP_binder_10_943_dldesign_0_cycle1_af2pred.pdb,PLAPVVPVPA,0.012654332
APP_binder_10_944_dldesign_0_cycle1_af2pred.pdb,GVRAIKVPAL,1.33E-05
APP_binder_10_945_dldesign_0_cycle1_af2pred.pdb,PPRPLYNPPS,0.00065367
APP_binder_10_946_dldesign_0_cycle1_af2pred.pdb,SVSTLKTLSD,0.000194622
APP_binder_10_947_dldesign_0_cycle1_af2pred.pdb,GLVPWTPLEP,3.75E-05
APP_binder_10_948_dldesign_0_cycle1_af2pred.pdb,SLAPVVPVAA,9.99E-05
APP_binder_10_949_dldesign_0_cycle1_af2pred.pdb,GTPRQAPPSP,0.002632633
APP_binder_10_94_dldesign_0_cycle1_af2pred.pdb,SSVLAPRVLP,0.001402261
APP_binder_10_950_dldesign_0_cycle1_af2pred.pdb,PRHVVLPALP,3.26E-05
APP_binder_10_951_dldesign_0_cycle1_af2pred.pdb,ATEPIALPEP,0.001821052
APP_binder_10_952_dldesign_0_cycle1_af2pred.pdb,PLVMRPSPPP,0.007895662
APP_binder_10_953_dldesign_0_cycle1_af2pred.pdb,APVTTVKVVT,0.003056386
APP_binder_10_954_dldesign_0_cycle1_af2pred.pdb,PRRIVLLLPE,0.001024087
APP_binder_10_955_dldesign_0_cycle1_af2pred.pdb,GLPVLRQNLP,0.000123412
APP_binder_10_956_dldesign_0_cycle1_af2pred.pdb,GLLPPVPRRP,0.014281854
APP_binder_10_957_dldesign_0_cycle1_af2pred.pdb,GGVNIFEEPE,5.28E-05
APP_binder_10_958_dldesign_0_cycle1_af2pred.pdb,PDVPVPRRRP,4.65E-05
APP_binder_10_959_dldesign_0_cycle1_af2pred.pdb,GEPRAVPAPP,2.75E-05
APP_binder_10_95_dldesign_0_cycle1_af2pred.pdb,SHLHFEERPP,0.001636294
APP_binder_10_960_dldesign_0_cycle1_af2pred.pdb,TVYTPTVPLP,9.07E-05
APP_binder_10_961_dldesign_0_cycle1_af2pred.pdb,SLPKVVTAPP,0.000229266
APP_binder_10_962_dldesign_0_cycle1_af2pred.pdb,LPPVFRLPPP,0.002327766
APP_binder_10_963_dldesign_0_cycle1_af2pred.pdb,SAPSNPASAE,0.000183385
APP_binder_10_964_dldesign_0_cycle1_af2pred.pdb,SHLVRPLDLP,0.012893252
APP_binder_10_965_dldesign_0_cycle1_af2pred.pdb,MAIVHVHEAP,0.000259383
APP_binder_10_966_dldesign_0_cycle1_af2pred.pdb,SVVATPRVRP,0.000324381
APP_binder_10_967_dldesign_0_cycle1_af2pred.pdb,SPAVLRVNLP,2.38E-05
APP_binder_10_968_dldesign_0_cycle1_af2pred.pdb,SLPRVTPRRP,0.000270587
APP_binder_10_969_dldesign_0_cycle1_af2pred.pdb,EPEAVFRQAP,0.002604285
APP_binder_10_96_dldesign_0_cycle1_af2pred.pdb,SSWVSGERPA,0.000998756
APP_binder_10_970_dldesign_0_cycle1_af2pred.pdb,SLPTLAYPPP,6.42E-05
APP_binder_10_971_dldesign_0_cycle1_af2pred.pdb,GPHHHHEVAE,0.001009592
APP_binder_10_972_dldesign_0_cycle1_af2pred.pdb,GAVTREELLE,3.60E-05
APP_binder_10_973_dldesign_0_cycle1_af2pred.pdb,GPRGVPVPEP,5.95E-05
APP_binder_10_974_dldesign_0_cycle1_af2pred.pdb,APPRQLPPLP,9.95E-05
APP_binder_10_975_dldesign_0_cycle1_af2pred.pdb,ELEELLEKAA,0.000372731
APP_binder_10_976_dldesign_0_cycle1_af2pred.pdb,SSPRYILEDA,0.000289049
APP_binder_10_977_dldesign_0_cycle1_af2pred.pdb,GVLPLEDVLP,0.001048024
APP_binder_10_978_dldesign_0_cycle1_af2pred.pdb,MSFSEEERPP,0.000750347
APP_binder_10_979_dldesign_0_cycle1_af2pred.pdb,TPVHVKVAAP,0.000565363
APP_binder_10_97_dldesign_0_cycle1_af2pred.pdb,VNAVPAPRVL,0.001989543
APP_binder_10_980_dldesign_0_cycle1_af2pred.pdb,APVFTLRLPR,2.01E-05
APP_binder_10_981_dldesign_0_cycle1_af2pred.pdb,FTRSHIVLED,0.001250883
APP_binder_10_982_dldesign_0_cycle1_af2pred.pdb,PVAPRRPLLP,0.004693768
APP_binder_10_983_dldesign_0_cycle1_af2pred.pdb,GPQLREVELP,0.004194013
APP_binder_10_984_dldesign_0_cycle1_af2pred.pdb,SLPLLVSTPP,2.63E-05
APP_binder_10_985_dldesign_0_cycle1_af2pred.pdb,SPVVKAPDAP,1.14E-05
APP_binder_10_986_dldesign_0_cycle1_af2pred.pdb,SLPKRVSLPN,0.000622359
APP_binder_10_987_dldesign_0_cycle1_af2pred.pdb,MHLVEYPVVP,0.23857674
APP_binder_10_988_dldesign_0_cycle1_af2pred.pdb,GPRRIILAPP,0.00119759
APP_binder_10_989_dldesign_0_cycle1_af2pred.pdb,PHVHVSNAPP,0.001303501
APP_binder_10_98_dldesign_0_cycle1_af2pred.pdb,GRPLTEDALP,0.003561605
APP_binder_10_990_dldesign_0_cycle1_af2pred.pdb,GLPNITLRLP,0.009235537
APP_binder_10_991_dldesign_0_cycle1_af2pred.pdb,GGVPRRPPPR,0.005949363
APP_binder_10_992_dldesign_0_cycle1_af2pred.pdb,SEHFEEYPEP,0.000132326
APP_binder_10_993_dldesign_0_cycle1_af2pred.pdb,RAPVYEPVAL,0.000559456
APP_binder_10_994_dldesign_0_cycle1_af2pred.pdb,SSVWRPPRRV,6.75E-05
APP_binder_10_995_dldesign_0_cycle1_af2pred.pdb,STHYSEVPVL,0.000261261
APP_binder_10_996_dldesign_0_cycle1_af2pred.pdb,EEVVYPLLLP,0.000115469
APP_binder_10_997_dldesign_0_cycle1_af2pred.pdb,SESVHLPALP,0.00012084
APP_binder_10_998_dldesign_0_cycle1_af2pred.pdb,SVHIFEPAAP,0.000119786
APP_binder_10_999_dldesign_0_cycle1_af2pred.pdb,ALAIRVSVPR,0.003898162
APP_binder_10_99_dldesign_0_cycle1_af2pred.pdb,PVYGSHRPAP,0.000512367
APP_binder_10_9_dldesign_0_cycle1_af2pred.pdb,PLVLTPRPPR,0.002910324
