Category,Sequence,B3P3
APP_binder_15_0_dldesign_0_cycle1_af2pred.pdb,PAPPVPRRPPPRWLP,0.915741324
APP_binder_15_100_dldesign_0_cycle1_af2pred.pdb,GVQEIRAAELAAVLA,3.43E-05
APP_binder_15_101_dldesign_0_cycle1_af2pred.pdb,PAADAAQQADLDDAA,6.77E-05
APP_binder_15_102_dldesign_0_cycle1_af2pred.pdb,GSVVELVELPPQSAP,3.48E-05
APP_binder_15_103_dldesign_0_cycle1_af2pred.pdb,SRAAALASQLAAKAP,0.000827672
APP_binder_15_104_dldesign_0_cycle1_af2pred.pdb,SMALKELEVALDQAD,0.000184194
APP_binder_15_105_dldesign_0_cycle1_af2pred.pdb,GLNALDNLLADDALE,0.000315363
APP_binder_15_106_dldesign_0_cycle1_af2pred.pdb,DNADLQALRLARRLA,0.000301331
APP_binder_15_107_dldesign_0_cycle1_af2pred.pdb,GREENLARLLAAAAA,0.000165556
APP_binder_15_108_dldesign_0_cycle1_af2pred.pdb,SRLANLLALLLDDLL,0.000191636
APP_binder_15_109_dldesign_0_cycle1_af2pred.pdb,GLPQEELDDIEDDLD,0.000411006
APP_binder_15_10_dldesign_0_cycle1_af2pred.pdb,GLALLQRLLNALLRL,0.001458765
APP_binder_15_110_dldesign_0_cycle1_af2pred.pdb,SLLDISLDAYLEYRL,0.00024656
APP_binder_15_111_dldesign_0_cycle1_af2pred.pdb,GAEAAARAAALAAAL,0.000894036
APP_binder_15_112_dldesign_0_cycle1_af2pred.pdb,SLVSKEYPPAPPLPL,0.001097046
APP_binder_15_113_dldesign_0_cycle1_af2pred.pdb,SLSTLLQQLLNDALD,0.000178475
APP_binder_15_114_dldesign_0_cycle1_af2pred.pdb,SNEARRLAYLNLLYP,0.006522906
APP_binder_15_115_dldesign_0_cycle1_af2pred.pdb,DVVLVPKEVYDLLED,0.000269496
APP_binder_15_116_dldesign_0_cycle1_af2pred.pdb,SEAERLLAARLADEL,0.000571939
APP_binder_15_117_dldesign_0_cycle1_af2pred.pdb,DDEDDDDDEEEEEEG,0.000104354
APP_binder_15_118_dldesign_0_cycle1_af2pred.pdb,SALLRRLALLLRNTG,0.00078565
APP_binder_15_119_dldesign_0_cycle1_af2pred.pdb,GLTRLLALDKRLDDE,0.000439378
APP_binder_15_11_dldesign_0_cycle1_af2pred.pdb,SLSRLLTLQQQLDRE,0.001128699
APP_binder_15_120_dldesign_0_cycle1_af2pred.pdb,SLYVTLRALQQLLAQ,2.88E-05
APP_binder_15_121_dldesign_0_cycle1_af2pred.pdb,DLVDDDLDDDDDDDE,0.000198463
APP_binder_15_122_dldesign_0_cycle1_af2pred.pdb,GLSALLEELLRELLD,7.97E-05
APP_binder_15_123_dldesign_0_cycle1_af2pred.pdb,GANRLASLDAQLDAD,0.000142364
APP_binder_15_124_dldesign_0_cycle1_af2pred.pdb,SELLRLLNELLRLLD,0.000456405
APP_binder_15_125_dldesign_0_cycle1_af2pred.pdb,GSLLRELQRLDQLLD,3.64E-05
APP_binder_15_126_dldesign_0_cycle1_af2pred.pdb,PHITEAELAALLAAA,1.37E-05
APP_binder_15_127_dldesign_0_cycle1_af2pred.pdb,DLLDLLRELQRLLAD,0.000255614
APP_binder_15_128_dldesign_0_cycle1_af2pred.pdb,DTLDQADDEDDDDDD,0.000285297
APP_binder_15_129_dldesign_0_cycle1_af2pred.pdb,SLSALARAERAAALA,5.11E-05
APP_binder_15_12_dldesign_0_cycle1_af2pred.pdb,GASRLIADDQDDDDD,0.000450496
APP_binder_15_130_dldesign_0_cycle1_af2pred.pdb,SLLQRLLNLLQRLLE,1.80E-05
APP_binder_15_131_dldesign_0_cycle1_af2pred.pdb,GLQKRADFRALLAAA,1.13E-05
APP_binder_15_132_dldesign_0_cycle1_af2pred.pdb,PLPPIVSTPKEVVLP,0.000267838
APP_binder_15_133_dldesign_0_cycle1_af2pred.pdb,DLDSLLLLLLELLSS,0.000100539
APP_binder_15_134_dldesign_0_cycle1_af2pred.pdb,GLTLEEVEDDLDDAE,1.68E-05
APP_binder_15_135_dldesign_0_cycle1_af2pred.pdb,SSLEQLLRRLDLLAE,3.16E-05
APP_binder_15_136_dldesign_0_cycle1_af2pred.pdb,SLEVELARRAAAAAA,0.001053281
APP_binder_15_137_dldesign_0_cycle1_af2pred.pdb,LRAAQLQARLDDDAE,9.08E-06
APP_binder_15_138_dldesign_0_cycle1_af2pred.pdb,GLAADLRALSRLDEE,2.56E-05
APP_binder_15_139_dldesign_0_cycle1_af2pred.pdb,LELQRLLARLDLLLE,0.000113865
APP_binder_15_13_dldesign_0_cycle1_af2pred.pdb,DDDNEDWLELRELRR,9.76E-05
APP_binder_15_140_dldesign_0_cycle1_af2pred.pdb,LLELLERLQRLLSAL,0.008540926
APP_binder_15_141_dldesign_0_cycle1_af2pred.pdb,SALDRRQAALDLLLA,1.90E-05
APP_binder_15_142_dldesign_0_cycle1_af2pred.pdb,AQAAFVQAQADDQAA,0.001444496
APP_binder_15_143_dldesign_0_cycle1_af2pred.pdb,SPLLRRLLQRLLLEA,0.003078212
APP_binder_15_144_dldesign_0_cycle1_af2pred.pdb,MLSRRLSPEERALLL,0.000124209
APP_binder_15_145_dldesign_0_cycle1_af2pred.pdb,SPQLDALLRRALRRP,0.000336362
APP_binder_15_146_dldesign_0_cycle1_af2pred.pdb,ARALERLLRRLLRNA,0.013646345
APP_binder_15_147_dldesign_0_cycle1_af2pred.pdb,MRQEDRLAAYLAAKA,2.73E-05
APP_binder_15_148_dldesign_0_cycle1_af2pred.pdb,GLAAAAAAALAARLA,6.85E-05
APP_binder_15_149_dldesign_0_cycle1_af2pred.pdb,SALQRRLDQRLALLA,0.001316351
APP_binder_15_14_dldesign_0_cycle1_af2pred.pdb,MSEEDRLEARLEALL,0.000180593
APP_binder_15_150_dldesign_0_cycle1_af2pred.pdb,SNALERVELIRLRRE,0.000279588
APP_binder_15_151_dldesign_0_cycle1_af2pred.pdb,PAAQLAARRALAAAA,0.000784071
APP_binder_15_152_dldesign_0_cycle1_af2pred.pdb,LDRNLARLLALLARQ,0.000382403
APP_binder_15_153_dldesign_0_cycle1_af2pred.pdb,GALAEALARLLQQLL,0.000238013
APP_binder_15_154_dldesign_0_cycle1_af2pred.pdb,MDVVETPLEEVEPPE,0.000624882
APP_binder_15_155_dldesign_0_cycle1_af2pred.pdb,LRALAAASRLRSLLD,0.003131133
APP_binder_15_156_dldesign_0_cycle1_af2pred.pdb,SRALLRALSLADNDA,0.000143109
APP_binder_15_157_dldesign_0_cycle1_af2pred.pdb,GERRAVPLQEDDDLD,0.000177162
APP_binder_15_158_dldesign_0_cycle1_af2pred.pdb,GVSPVELVEEEVDAD,0.000404147
APP_binder_15_159_dldesign_0_cycle1_af2pred.pdb,RLSKLLTKLLQLADE,0.004606512
APP_binder_15_15_dldesign_0_cycle1_af2pred.pdb,AAYHARILARKLAQE,0.005508242
APP_binder_15_160_dldesign_0_cycle1_af2pred.pdb,TNAAIRAAARARQLA,0.000998103
APP_binder_15_161_dldesign_0_cycle1_af2pred.pdb,SVLPVRRPPRVRRLP,0.175864264
APP_binder_15_162_dldesign_0_cycle1_af2pred.pdb,AAALREALKNALAAA,0.001569487
APP_binder_15_163_dldesign_0_cycle1_af2pred.pdb,SLSARLSRRLSALLD,1.20E-05
APP_binder_15_164_dldesign_0_cycle1_af2pred.pdb,ALAALDDDDEDLLEE,0.00094035
APP_binder_15_165_dldesign_0_cycle1_af2pred.pdb,DDEQLERELARLLRR,0.002150989
APP_binder_15_166_dldesign_0_cycle1_af2pred.pdb,DDDDDDELELQQLLS,0.001148505
APP_binder_15_167_dldesign_0_cycle1_af2pred.pdb,SDLLSELRRLARLLA,0.000131153
APP_binder_15_168_dldesign_0_cycle1_af2pred.pdb,DEALDEELLRILLRR,0.002062318
APP_binder_15_169_dldesign_0_cycle1_af2pred.pdb,GEALLNALINLLSLL,0.002629646
APP_binder_15_16_dldesign_0_cycle1_af2pred.pdb,DLSSAELYALLRAPP,4.43E-05
APP_binder_15_170_dldesign_0_cycle1_af2pred.pdb,MLVVPPPTPELLALA,0.00030771
APP_binder_15_171_dldesign_0_cycle1_af2pred.pdb,SIALRRALVLLEALA,0.000638529
APP_binder_15_172_dldesign_0_cycle1_af2pred.pdb,SEPTLVELPPRDAEP,0.000688671
APP_binder_15_173_dldesign_0_cycle1_af2pred.pdb,GSFNEQARLDQLLDD,2.34E-05
APP_binder_15_174_dldesign_0_cycle1_af2pred.pdb,SLTTEENVDDLDDDA,0.001368512
APP_binder_15_175_dldesign_0_cycle1_af2pred.pdb,SSYTLNHVHVPAAVL,0.000656996
APP_binder_15_176_dldesign_0_cycle1_af2pred.pdb,SDLLEELYILLRKLA,9.23E-06
APP_binder_15_177_dldesign_0_cycle1_af2pred.pdb,SRQETLDQQLDSLAD,0.000619226
APP_binder_15_178_dldesign_0_cycle1_af2pred.pdb,APPVRISREEILALR,0.002480981
APP_binder_15_179_dldesign_0_cycle1_af2pred.pdb,GLAADLRDDLLDELE,0.003083052
APP_binder_15_17_dldesign_0_cycle1_af2pred.pdb,GSRLLDLLADDALDA,0.000851027
APP_binder_15_180_dldesign_0_cycle1_af2pred.pdb,SLLENLLQALRRLLR,0.000163991
APP_binder_15_181_dldesign_0_cycle1_af2pred.pdb,PPPSEPVPREVIGEP,0.000591545
APP_binder_15_182_dldesign_0_cycle1_af2pred.pdb,RRALAAASRLLSELD,0.000190201
APP_binder_15_183_dldesign_0_cycle1_af2pred.pdb,SALLDALDEQLLKRL,0.000386944
APP_binder_15_184_dldesign_0_cycle1_af2pred.pdb,TPLEEQLANRLAALL,3.53E-05
APP_binder_15_185_dldesign_0_cycle1_af2pred.pdb,NRSALLSALAAALAA,4.75E-05
APP_binder_15_186_dldesign_0_cycle1_af2pred.pdb,SSLDQADDVLDDALL,0.00049318
APP_binder_15_187_dldesign_0_cycle1_af2pred.pdb,SSVRLADLLQDLLNQ,0.002670913
APP_binder_15_188_dldesign_0_cycle1_af2pred.pdb,HIPPIKAPPLDVVTA,0.001864995
APP_binder_15_189_dldesign_0_cycle1_af2pred.pdb,SLAAIEALVAAARAR,0.001614063
APP_binder_15_18_dldesign_0_cycle1_af2pred.pdb,AAARRLANRLDDLAA,0.000131937
APP_binder_15_190_dldesign_0_cycle1_af2pred.pdb,SARLEALDRNLDDAA,0.000352047
APP_binder_15_191_dldesign_0_cycle1_af2pred.pdb,SAAELARVLARLLAQ,0.000143552
APP_binder_15_192_dldesign_0_cycle1_af2pred.pdb,ALADLVDLINDLVNG,7.16E-06
APP_binder_15_193_dldesign_0_cycle1_af2pred.pdb,GLDLPVYRPGKRWWL,1.02E-05
APP_binder_15_194_dldesign_0_cycle1_af2pred.pdb,DDDRLLSALLYELLQ,0.000172633
APP_binder_15_195_dldesign_0_cycle1_af2pred.pdb,QRLADILQNLDQLLG,0.002575436
APP_binder_15_196_dldesign_0_cycle1_af2pred.pdb,LRALEELLRDLLNSL,0.000868103
APP_binder_15_197_dldesign_0_cycle1_af2pred.pdb,MMPEERLRLAELLAA,0.001032912
APP_binder_15_198_dldesign_0_cycle1_af2pred.pdb,PNLALSAAKRAAIEA,0.000287773
APP_binder_15_199_dldesign_0_cycle1_af2pred.pdb,GKLITLEEYLALLDA,0.014298375
APP_binder_15_19_dldesign_0_cycle1_af2pred.pdb,GQVPRRVPLPLPVVL,0.000852019
APP_binder_15_1_dldesign_0_cycle1_af2pred.pdb,LMSLEELLLLEELLS,1.52E-05
APP_binder_15_200_dldesign_0_cycle1_af2pred.pdb,GLARRLAWLDAQAAA,0.000401102
APP_binder_15_201_dldesign_0_cycle1_af2pred.pdb,SLEDLLRDLARLLAS,0.000634801
APP_binder_15_202_dldesign_0_cycle1_af2pred.pdb,GAAELARVRARELAT,2.43E-05
APP_binder_15_203_dldesign_0_cycle1_af2pred.pdb,DDDDDDLRELLRRLL,4.17E-05
APP_binder_15_204_dldesign_0_cycle1_af2pred.pdb,SALRRALIRAREAAA,0.000613746
APP_binder_15_205_dldesign_0_cycle1_af2pred.pdb,DPERLRILLRLLALE,0.000799417
APP_binder_15_206_dldesign_0_cycle1_af2pred.pdb,RLESLDRIDDEDDDD,6.20E-05
APP_binder_15_207_dldesign_0_cycle1_af2pred.pdb,EEDDEDDEDDRDLLE,0.003841672
APP_binder_15_208_dldesign_0_cycle1_af2pred.pdb,SLEELAELLAELYES,0.000434863
APP_binder_15_209_dldesign_0_cycle1_af2pred.pdb,SVLAKILALLDDDAA,0.000433133
APP_binder_15_20_dldesign_0_cycle1_af2pred.pdb,EVDLPNIKRPPPRVY,0.001355264
APP_binder_15_210_dldesign_0_cycle1_af2pred.pdb,SELLRLKRLLQKLLD,0.012410211
APP_binder_15_211_dldesign_0_cycle1_af2pred.pdb,ALAALDELLDELEEE,2.60E-05
APP_binder_15_212_dldesign_0_cycle1_af2pred.pdb,SRPVDLEATLARLLP,0.000123164
APP_binder_15_213_dldesign_0_cycle1_af2pred.pdb,SLPKVVTVSSPTAPP,0.000377025
APP_binder_15_214_dldesign_0_cycle1_af2pred.pdb,SLLELLNQARVLALL,0.0001969
APP_binder_15_215_dldesign_0_cycle1_af2pred.pdb,LLERLLRLLRDLLAL,0.003169896
APP_binder_15_216_dldesign_0_cycle1_af2pred.pdb,LDDQLAALLRRALLR,0.001682624
APP_binder_15_217_dldesign_0_cycle1_af2pred.pdb,SVHHHHVPAPPVVLL,0.018177465
APP_binder_15_218_dldesign_0_cycle1_af2pred.pdb,MSPLLQRLLRLLERL,6.61E-05
APP_binder_15_219_dldesign_0_cycle1_af2pred.pdb,VDIDALMAAKKLAAA,0.000193927
APP_binder_15_21_dldesign_0_cycle1_af2pred.pdb,DLDDLLAEALAKNLE,8.13E-06
APP_binder_15_220_dldesign_0_cycle1_af2pred.pdb,GLAQQLDDEDDDDDD,0.000150146
APP_binder_15_221_dldesign_0_cycle1_af2pred.pdb,SLAQKLLDDLDDLLD,0.000416702
APP_binder_15_222_dldesign_0_cycle1_af2pred.pdb,GALAAALLAELAASR,1.63E-05
APP_binder_15_223_dldesign_0_cycle1_af2pred.pdb,GLAKRAAQLADLLAA,0.000676723
APP_binder_15_224_dldesign_0_cycle1_af2pred.pdb,AAAARLLRRLAKQLA,0.000990987
APP_binder_15_225_dldesign_0_cycle1_af2pred.pdb,KLPAPVVPNDDEEFE,5.52E-05
APP_binder_15_226_dldesign_0_cycle1_af2pred.pdb,GSSLLQLLRELKRLL,0.000530816
APP_binder_15_227_dldesign_0_cycle1_af2pred.pdb,DDLNDENDDLADLRA,1.56E-05
APP_binder_15_228_dldesign_0_cycle1_af2pred.pdb,LPEDVLNLLRNLLAK,0.00477388
APP_binder_15_229_dldesign_0_cycle1_af2pred.pdb,LSDLLRELRAALSRA,7.13E-05
APP_binder_15_22_dldesign_0_cycle1_af2pred.pdb,GSLSDLDRRLAELLA,0.000228098
APP_binder_15_230_dldesign_0_cycle1_af2pred.pdb,SGGLQALDDDAAAAA,3.60E-05
APP_binder_15_231_dldesign_0_cycle1_af2pred.pdb,ALANMLARQALTAAR,1.54E-05
APP_binder_15_232_dldesign_0_cycle1_af2pred.pdb,YEELLLRRKLLRALL,0.042986061
APP_binder_15_233_dldesign_0_cycle1_af2pred.pdb,ARALDLLNQVLADLD,1.27E-05
APP_binder_15_234_dldesign_0_cycle1_af2pred.pdb,GHIVVDDTLEDLLLS,5.44E-05
APP_binder_15_235_dldesign_0_cycle1_af2pred.pdb,DDDRDDLQELLAELL,5.26E-05
APP_binder_15_236_dldesign_0_cycle1_af2pred.pdb,YLARVLAHRLASLLP,0.001652721
APP_binder_15_237_dldesign_0_cycle1_af2pred.pdb,AAALRAQRLAQLLAD,0.00211724
APP_binder_15_238_dldesign_0_cycle1_af2pred.pdb,SSLLRSLLRRLLRSL,0.001909479
APP_binder_15_239_dldesign_0_cycle1_af2pred.pdb,NLAVRLADLLNQLDA,7.54E-05
APP_binder_15_23_dldesign_0_cycle1_af2pred.pdb,SRAALAALALARAAA,4.60E-05
APP_binder_15_240_dldesign_0_cycle1_af2pred.pdb,LPQEEIDALTALRKL,2.82E-05
APP_binder_15_241_dldesign_0_cycle1_af2pred.pdb,GVVNYTPRTTPPPVP,0.004526201
APP_binder_15_242_dldesign_0_cycle1_af2pred.pdb,DLAVLLADLARDLDD,0.000317972
APP_binder_15_243_dldesign_0_cycle1_af2pred.pdb,SGLDERLLARLDALA,0.000191254
APP_binder_15_244_dldesign_0_cycle1_af2pred.pdb,EELEDDLNALLNALL,6.32E-06
APP_binder_15_245_dldesign_0_cycle1_af2pred.pdb,AAALAAANRAAKLAA,0.001481783
APP_binder_15_246_dldesign_0_cycle1_af2pred.pdb,MEEDRLQQEDLEAAA,0.004437632
APP_binder_15_247_dldesign_0_cycle1_af2pred.pdb,DLDDLLRALRNLLAL,5.81E-05
APP_binder_15_248_dldesign_0_cycle1_af2pred.pdb,ALALALAAALAQALA,7.10E-06
APP_binder_15_249_dldesign_0_cycle1_af2pred.pdb,SLLELDALDDADLAE,0.001510388
APP_binder_15_24_dldesign_0_cycle1_af2pred.pdb,PVVLPPYRPPRRPPP,0.865014315
APP_binder_15_250_dldesign_0_cycle1_af2pred.pdb,DLDDLRDALLRALAA,0.000132385
APP_binder_15_251_dldesign_0_cycle1_af2pred.pdb,MAATRARQLDQDLAA,0.001051426
APP_binder_15_252_dldesign_0_cycle1_af2pred.pdb,DLDTLLKLLLDLLLN,0.000794256
APP_binder_15_253_dldesign_0_cycle1_af2pred.pdb,DRDPMTLEELLEEEA,2.77E-05
APP_binder_15_254_dldesign_0_cycle1_af2pred.pdb,GLELLLRRLRQLLFS,0.004441243
APP_binder_15_255_dldesign_0_cycle1_af2pred.pdb,MSLAEKEALTALKLA,0.000326578
APP_binder_15_256_dldesign_0_cycle1_af2pred.pdb,GAALEELLAALAAAA,7.84E-05
APP_binder_15_257_dldesign_0_cycle1_af2pred.pdb,SLLLRELLKNALAAA,0.000383883
APP_binder_15_258_dldesign_0_cycle1_af2pred.pdb,AAARADARLAAALAA,7.68E-05
APP_binder_15_259_dldesign_0_cycle1_af2pred.pdb,SSTLLSHLDSLDDAA,0.000105082
APP_binder_15_25_dldesign_0_cycle1_af2pred.pdb,SLASLLARALRRLLR,0.000132534
APP_binder_15_260_dldesign_0_cycle1_af2pred.pdb,APPLRVARPRRRYTL,0.879413962
APP_binder_15_261_dldesign_0_cycle1_af2pred.pdb,SSVLDRLLLRRLLRP,0.000329391
APP_binder_15_262_dldesign_0_cycle1_af2pred.pdb,SSLLLSLQKRLDALA,4.29E-05
APP_binder_15_263_dldesign_0_cycle1_af2pred.pdb,RRALRELAELLKELA,0.001260247
APP_binder_15_264_dldesign_0_cycle1_af2pred.pdb,ESKWELSERPAVPAP,0.000160145
APP_binder_15_265_dldesign_0_cycle1_af2pred.pdb,QEALLAALAELLRLS,0.000575185
APP_binder_15_266_dldesign_0_cycle1_af2pred.pdb,SVVAYVATVPPAPPP,0.003663148
APP_binder_15_267_dldesign_0_cycle1_af2pred.pdb,EDDEDDLTELLRLLG,3.22E-05
APP_binder_15_268_dldesign_0_cycle1_af2pred.pdb,SSLELLKKLAAVAAS,0.000490464
APP_binder_15_269_dldesign_0_cycle1_af2pred.pdb,ATPRYAVMRSEEELL,0.00117786
APP_binder_15_26_dldesign_0_cycle1_af2pred.pdb,SLAAQLAAYLAASLP,0.002018943
APP_binder_15_270_dldesign_0_cycle1_af2pred.pdb,GSLLELLQKYTLKLP,0.000128056
APP_binder_15_271_dldesign_0_cycle1_af2pred.pdb,SSPPSLSEEERPLVL,5.66E-06
APP_binder_15_272_dldesign_0_cycle1_af2pred.pdb,SLADLLRLLLKELAN,4.04E-05
APP_binder_15_273_dldesign_0_cycle1_af2pred.pdb,GGADQRAAHLAARAA,0.000993182
APP_binder_15_274_dldesign_0_cycle1_af2pred.pdb,SLLRLLKLLQILDED,0.000211126
APP_binder_15_275_dldesign_0_cycle1_af2pred.pdb,SLATLLAQLAALLAS,1.30E-05
APP_binder_15_276_dldesign_0_cycle1_af2pred.pdb,MALSPEETALLTALL,0.000940836
APP_binder_15_277_dldesign_0_cycle1_af2pred.pdb,LSARELHNLALLLAL,0.000120241
APP_binder_15_278_dldesign_0_cycle1_af2pred.pdb,SENLLRILAAKLASE,0.002038535
APP_binder_15_279_dldesign_0_cycle1_af2pred.pdb,MSKRYTIPLEEQLLL,2.43E-05
APP_binder_15_27_dldesign_0_cycle1_af2pred.pdb,SLRELLRLFRELARL,0.0004663
APP_binder_15_280_dldesign_0_cycle1_af2pred.pdb,DELLRLLLQLEQALR,0.00025693
APP_binder_15_281_dldesign_0_cycle1_af2pred.pdb,SLADLLAALKALLAS,7.72E-05
APP_binder_15_282_dldesign_0_cycle1_af2pred.pdb,PPAVPRTVEDLLAEE,0.001859942
APP_binder_15_283_dldesign_0_cycle1_af2pred.pdb,GSLLRLLRLLDDLLS,0.000523275
APP_binder_15_284_dldesign_0_cycle1_af2pred.pdb,SSAALTRALLSLLLG,5.26E-05
APP_binder_15_285_dldesign_0_cycle1_af2pred.pdb,AAARLAEVLALNLAS,0.000100355
APP_binder_15_286_dldesign_0_cycle1_af2pred.pdb,SLAQLLRYLAQRAAL,0.000381681
APP_binder_15_287_dldesign_0_cycle1_af2pred.pdb,LSPQLLRLLLDLLDE,0.000229345
APP_binder_15_288_dldesign_0_cycle1_af2pred.pdb,SLALRILAKKLAEDL,0.002967973
APP_binder_15_289_dldesign_0_cycle1_af2pred.pdb,GLAQRLADLLAQLLS,0.000253013
APP_binder_15_28_dldesign_0_cycle1_af2pred.pdb,SQAEYLLKQLAAALA,0.000182553
APP_binder_15_290_dldesign_0_cycle1_af2pred.pdb,SLALLLQRLKRLLDL,0.001592444
APP_binder_15_291_dldesign_0_cycle1_af2pred.pdb,SLRDLADDDDAAALA,0.001722624
APP_binder_15_292_dldesign_0_cycle1_af2pred.pdb,SLEELLEDRVDDEEE,0.003153717
APP_binder_15_293_dldesign_0_cycle1_af2pred.pdb,GLEEEEKKLLEELLK,0.000474254
APP_binder_15_294_dldesign_0_cycle1_af2pred.pdb,SAAEALARYLAQRAA,8.93E-06
APP_binder_15_295_dldesign_0_cycle1_af2pred.pdb,EEVLTKEELDDDLDE,5.58E-05
APP_binder_15_296_dldesign_0_cycle1_af2pred.pdb,RLPPPTEPDDDDDDP,3.24E-05
APP_binder_15_297_dldesign_0_cycle1_af2pred.pdb,SAAERARVAAALAAD,0.0001661
APP_binder_15_298_dldesign_0_cycle1_af2pred.pdb,SSGLLRRLLDKLARL,0.000482413
APP_binder_15_299_dldesign_0_cycle1_af2pred.pdb,LLEDLARLLRELLSS,4.34E-05
APP_binder_15_29_dldesign_0_cycle1_af2pred.pdb,RALLRELNKLKSLDD,0.00034988
APP_binder_15_2_dldesign_0_cycle1_af2pred.pdb,GAAERRALYDLLQAL,3.05E-05
APP_binder_15_300_dldesign_0_cycle1_af2pred.pdb,EFVPPVARRVVYEPP,0.000320933
APP_binder_15_301_dldesign_0_cycle1_af2pred.pdb,PALYALARLLELLES,2.82E-05
APP_binder_15_302_dldesign_0_cycle1_af2pred.pdb,SISAQAAALRAALAA,0.000130337
APP_binder_15_303_dldesign_0_cycle1_af2pred.pdb,SLLRSLLRKLKHELA,0.000272028
APP_binder_15_304_dldesign_0_cycle1_af2pred.pdb,SPAAAAEAINARAAA,0.001163096
APP_binder_15_305_dldesign_0_cycle1_af2pred.pdb,SLAKQLERLALLLAR,1.57E-05
APP_binder_15_306_dldesign_0_cycle1_af2pred.pdb,DDNDDDDDLDDLLDP,1.66E-05
APP_binder_15_307_dldesign_0_cycle1_af2pred.pdb,AAAAAQRAANRAAAA,3.04E-05
APP_binder_15_308_dldesign_0_cycle1_af2pred.pdb,GTAYTSPEAAAAAAA,0.000159266
APP_binder_15_309_dldesign_0_cycle1_af2pred.pdb,DLADLLRPKVPDDVL,0.000176065
APP_binder_15_30_dldesign_0_cycle1_af2pred.pdb,PPPGPVYHHLPAVDL,0.001170885
APP_binder_15_310_dldesign_0_cycle1_af2pred.pdb,GLLEQLLARLDRLDA,0.000999574
APP_binder_15_311_dldesign_0_cycle1_af2pred.pdb,RAAFLARILAKKLAN,0.000225661
APP_binder_15_312_dldesign_0_cycle1_af2pred.pdb,MVVLDPDIDDDLEEE,0.000207282
APP_binder_15_313_dldesign_0_cycle1_af2pred.pdb,SRDLAEALRAARLAA,0.001011707
APP_binder_15_314_dldesign_0_cycle1_af2pred.pdb,ALPVPPKVRSVPERP,0.001617353
APP_binder_15_315_dldesign_0_cycle1_af2pred.pdb,GSLAALIAAANAAAA,1.85E-05
APP_binder_15_316_dldesign_0_cycle1_af2pred.pdb,SLLEKLLSRLDQLLL,0.000234648
APP_binder_15_317_dldesign_0_cycle1_af2pred.pdb,MTREELLLLQDLLDD,6.63E-05
APP_binder_15_318_dldesign_0_cycle1_af2pred.pdb,PELRRLLRQLAALLG,9.38E-06
APP_binder_15_319_dldesign_0_cycle1_af2pred.pdb,EEEQLERELLRLLRR,3.86E-05
APP_binder_15_31_dldesign_0_cycle1_af2pred.pdb,STLSQLLKYLLQRLL,0.000113583
APP_binder_15_320_dldesign_0_cycle1_af2pred.pdb,SDLRVLLRDLDDALD,0.000643105
APP_binder_15_321_dldesign_0_cycle1_af2pred.pdb,SSRLLTLLSQLLADL,5.84E-05
APP_binder_15_322_dldesign_0_cycle1_af2pred.pdb,MSLEELLLQQLLLSL,2.23E-05
APP_binder_15_323_dldesign_0_cycle1_af2pred.pdb,DLAALLKRLLAALDS,0.000345779
APP_binder_15_324_dldesign_0_cycle1_af2pred.pdb,LPQLLKRLDELLAEL,0.001128437
APP_binder_15_325_dldesign_0_cycle1_af2pred.pdb,DAELQQLLQALRLAS,5.59E-05
APP_binder_15_326_dldesign_0_cycle1_af2pred.pdb,DEPVLVTKEERDDLL,0.000818393
APP_binder_15_327_dldesign_0_cycle1_af2pred.pdb,DEQLDQQLAQALYTG,9.54E-05
APP_binder_15_328_dldesign_0_cycle1_af2pred.pdb,RSLRAALRNLLAELD,0.000426274
APP_binder_15_329_dldesign_0_cycle1_af2pred.pdb,VPEYLKKVKHLPAQP,0.000405203
APP_binder_15_32_dldesign_0_cycle1_af2pred.pdb,SVKRSIVKEVDVVLP,0.000938923
APP_binder_15_330_dldesign_0_cycle1_af2pred.pdb,SEAVRLALDLRRLLR,0.00100354
APP_binder_15_331_dldesign_0_cycle1_af2pred.pdb,SLARLSRLLQLLDDL,0.000354281
APP_binder_15_332_dldesign_0_cycle1_af2pred.pdb,SAQLLRVLARKLARE,5.82E-05
APP_binder_15_333_dldesign_0_cycle1_af2pred.pdb,LSLEELLDELLARAA,0.00191949
APP_binder_15_334_dldesign_0_cycle1_af2pred.pdb,LVVAGSTPSRAFRPP,5.22E-05
APP_binder_15_335_dldesign_0_cycle1_af2pred.pdb,GLEEQLLQKLLRLLS,0.000351186
APP_binder_15_336_dldesign_0_cycle1_af2pred.pdb,SLLDQLLARLLSRLG,4.85E-05
APP_binder_15_337_dldesign_0_cycle1_af2pred.pdb,SDLGRLQTLLRELLR,0.001281402
APP_binder_15_338_dldesign_0_cycle1_af2pred.pdb,SEEDDYILEKLDLLE,0.002109422
APP_binder_15_339_dldesign_0_cycle1_af2pred.pdb,SSGELDRLLYLLGRL,5.95E-06
APP_binder_15_33_dldesign_0_cycle1_af2pred.pdb,DDDQLLNRLLQLLRR,0.000369917
APP_binder_15_340_dldesign_0_cycle1_af2pred.pdb,NRYELLRQLLLDALA,0.000480303
APP_binder_15_341_dldesign_0_cycle1_af2pred.pdb,NPTLDAQLDQLDDDD,4.78E-05
APP_binder_15_342_dldesign_0_cycle1_af2pred.pdb,SLSDILLQRLLSRFL,0.001351727
APP_binder_15_343_dldesign_0_cycle1_af2pred.pdb,SLLAQLARRLALLAA,0.000303624
APP_binder_15_344_dldesign_0_cycle1_af2pred.pdb,GAELLYSTLTRLRQS,0.004782127
APP_binder_15_345_dldesign_0_cycle1_af2pred.pdb,GDLDDTDDDDDDDDA,0.000242352
APP_binder_15_346_dldesign_0_cycle1_af2pred.pdb,GLLERLSRLLAELLK,0.006954121
APP_binder_15_347_dldesign_0_cycle1_af2pred.pdb,ELLRILQRVLDSELD,0.000469721
APP_binder_15_348_dldesign_0_cycle1_af2pred.pdb,SLLRLLRRLQRLLDE,0.007848262
APP_binder_15_349_dldesign_0_cycle1_af2pred.pdb,SDDLLDLLEELRRLA,0.000341635
APP_binder_15_34_dldesign_0_cycle1_af2pred.pdb,DDTLPPSAVLADVAP,1.54E-05
APP_binder_15_350_dldesign_0_cycle1_af2pred.pdb,SPLLERLRQLLRELA,8.19E-05
APP_binder_15_351_dldesign_0_cycle1_af2pred.pdb,LARLLAALQRLLEEL,0.000791974
APP_binder_15_352_dldesign_0_cycle1_af2pred.pdb,DPALLVPRSKIYKAP,0.000260777
APP_binder_15_353_dldesign_0_cycle1_af2pred.pdb,SLLERLLRRLLAELA,6.68E-05
APP_binder_15_354_dldesign_0_cycle1_af2pred.pdb,LSSLLRQLLQALLLD,0.000226623
APP_binder_15_355_dldesign_0_cycle1_af2pred.pdb,GVSHQALTLLRQKLL,0.000587831
APP_binder_15_356_dldesign_0_cycle1_af2pred.pdb,AAGQDQRLAALLAWQ,0.000119251
APP_binder_15_357_dldesign_0_cycle1_af2pred.pdb,SLRELRLQKYLDDLA,1.58E-05
APP_binder_15_358_dldesign_0_cycle1_af2pred.pdb,SLSLLQQILQDLDAL,5.07E-05
APP_binder_15_359_dldesign_0_cycle1_af2pred.pdb,SEEYDDKVEDDEDDD,0.000564603
APP_binder_15_35_dldesign_0_cycle1_af2pred.pdb,SVPPEVVAALRRAAA,0.000256649
APP_binder_15_360_dldesign_0_cycle1_af2pred.pdb,SGLAKYAAFRAALAA,0.000446477
APP_binder_15_361_dldesign_0_cycle1_af2pred.pdb,SALLRRLLQKLLDDL,0.00171011
APP_binder_15_362_dldesign_0_cycle1_af2pred.pdb,VEELGKLLKELAKLP,0.000755989
APP_binder_15_363_dldesign_0_cycle1_af2pred.pdb,EDEQDLLDELKRLLS,1.21E-05
APP_binder_15_364_dldesign_0_cycle1_af2pred.pdb,ALSEHELKLAALLAA,1.10E-05
APP_binder_15_365_dldesign_0_cycle1_af2pred.pdb,SVDLQRLLAAALAAA,0.000164548
APP_binder_15_366_dldesign_0_cycle1_af2pred.pdb,MAYPPLSLEEVLALR,0.000539723
APP_binder_15_367_dldesign_0_cycle1_af2pred.pdb,GARILARKLANEDDD,7.68E-06
APP_binder_15_368_dldesign_0_cycle1_af2pred.pdb,ARPHIRVPSSLLATR,0.000427423
APP_binder_15_369_dldesign_0_cycle1_af2pred.pdb,MTEEEKALLNALLSS,0.000447488
APP_binder_15_36_dldesign_0_cycle1_af2pred.pdb,GLSLLLRGLLRRLLL,2.76E-05
APP_binder_15_370_dldesign_0_cycle1_af2pred.pdb,SLADLNDDIDDDDAD,0.001627082
APP_binder_15_371_dldesign_0_cycle1_af2pred.pdb,LSLEELLRRLAQLAP,0.00174134
APP_binder_15_372_dldesign_0_cycle1_af2pred.pdb,PIVPPQSYLDRLAAE,3.37E-05
APP_binder_15_373_dldesign_0_cycle1_af2pred.pdb,SLALRRLLNRLLAAA,0.002390056
APP_binder_15_374_dldesign_0_cycle1_af2pred.pdb,GLLRALRDDLQEDDD,0.000450122
APP_binder_15_375_dldesign_0_cycle1_af2pred.pdb,RKVNLDKYLARLLRR,0.000318757
APP_binder_15_376_dldesign_0_cycle1_af2pred.pdb,GVVSTPYVRPVPDVL,0.001845839
APP_binder_15_377_dldesign_0_cycle1_af2pred.pdb,MPKAELRKLNRDASL,0.000277871
APP_binder_15_378_dldesign_0_cycle1_af2pred.pdb,RLLTLLQVLDNLDAD,0.000693902
APP_binder_15_379_dldesign_0_cycle1_af2pred.pdb,DPEDQYDLLLALLAP,2.25E-05
APP_binder_15_37_dldesign_0_cycle1_af2pred.pdb,SLLALLKSQEWLDYL,7.19E-05
APP_binder_15_380_dldesign_0_cycle1_af2pred.pdb,RQATLDAADDEDDDA,0.001537655
APP_binder_15_381_dldesign_0_cycle1_af2pred.pdb,SELLRRRLAQLLQEL,0.000327615
APP_binder_15_382_dldesign_0_cycle1_af2pred.pdb,SSLLRLARRLARLLK,0.001005904
APP_binder_15_383_dldesign_0_cycle1_af2pred.pdb,GSQPVKVDAPPPLPL,6.09E-05
APP_binder_15_384_dldesign_0_cycle1_af2pred.pdb,SSISSKPATPRQRLP,9.28E-06
APP_binder_15_385_dldesign_0_cycle1_af2pred.pdb,AAAALRAARAALRAG,0.001188218
APP_binder_15_386_dldesign_0_cycle1_af2pred.pdb,SARLLAERLAVLDAE,0.000153766
APP_binder_15_387_dldesign_0_cycle1_af2pred.pdb,APYVPVPPQHVLAPP,0.008544813
APP_binder_15_388_dldesign_0_cycle1_af2pred.pdb,GLELYDDRDDDDDLD,0.00022002
APP_binder_15_389_dldesign_0_cycle1_af2pred.pdb,GNELDDLDDLLAELE,5.89E-05
APP_binder_15_38_dldesign_0_cycle1_af2pred.pdb,MSLAELLARRAAEEA,0.000471308
APP_binder_15_390_dldesign_0_cycle1_af2pred.pdb,SHLLLNLLADLLDAL,0.00200799
APP_binder_15_391_dldesign_0_cycle1_af2pred.pdb,DDLLEELNRLLYLLS,3.00E-05
APP_binder_15_392_dldesign_0_cycle1_af2pred.pdb,PLPGAWSARLRRLLE,0.000117911
APP_binder_15_393_dldesign_0_cycle1_af2pred.pdb,KTWRELLDDLDDALA,1.42E-05
APP_binder_15_394_dldesign_0_cycle1_af2pred.pdb,SERLEIEQRVLDHEL,0.001797343
APP_binder_15_395_dldesign_0_cycle1_af2pred.pdb,SSHRLAALLDELDDA,0.001240316
APP_binder_15_396_dldesign_0_cycle1_af2pred.pdb,GANALANRLLDDLLE,0.000269317
APP_binder_15_397_dldesign_0_cycle1_af2pred.pdb,SLADILQSQLDRLLA,0.000285824
APP_binder_15_398_dldesign_0_cycle1_af2pred.pdb,GARIAARRAAVAAAG,1.23E-05
APP_binder_15_399_dldesign_0_cycle1_af2pred.pdb,ALAELLRLLRDLAEA,2.73E-06
APP_binder_15_39_dldesign_0_cycle1_af2pred.pdb,ANAELDDDLEEAALE,0.00018464
APP_binder_15_3_dldesign_0_cycle1_af2pred.pdb,SRELLLKLQQLELDE,4.50E-05
APP_binder_15_400_dldesign_0_cycle1_af2pred.pdb,GVLIKVDVDDVDLLP,3.38E-05
APP_binder_15_401_dldesign_0_cycle1_af2pred.pdb,SVPVLRPPRRYRLVR,0.046690259
APP_binder_15_402_dldesign_0_cycle1_af2pred.pdb,GANQDKLDAQLAADG,0.000211758
APP_binder_15_403_dldesign_0_cycle1_af2pred.pdb,LLARLLAKLLNLLDD,0.000443403
APP_binder_15_404_dldesign_0_cycle1_af2pred.pdb,SALQRRLDQLADLLA,0.000424175
APP_binder_15_405_dldesign_0_cycle1_af2pred.pdb,TPLAVLLALADAAAA,0.000688662
APP_binder_15_406_dldesign_0_cycle1_af2pred.pdb,SAALARYLAWNAAVA,0.000596216
APP_binder_15_407_dldesign_0_cycle1_af2pred.pdb,SSQPIYVDVDDDILL,6.21E-05
APP_binder_15_408_dldesign_0_cycle1_af2pred.pdb,SLARRLARLARLAAR,0.000451393
APP_binder_15_409_dldesign_0_cycle1_af2pred.pdb,SLEELLREELLEEEE,0.000588946
APP_binder_15_40_dldesign_0_cycle1_af2pred.pdb,GRLDLRLALNALLKA,2.01E-05
APP_binder_15_410_dldesign_0_cycle1_af2pred.pdb,ADAAVVAAKLAAQDL,0.002000426
APP_binder_15_411_dldesign_0_cycle1_af2pred.pdb,SAAILAAAAARRAHP,0.000356225
APP_binder_15_412_dldesign_0_cycle1_af2pred.pdb,GSLTLDLPVLPRLPP,2.14E-05
APP_binder_15_413_dldesign_0_cycle1_af2pred.pdb,LLELLLRRDLQALAA,0.000378155
APP_binder_15_414_dldesign_0_cycle1_af2pred.pdb,NLAQRLADLLQQLDL,0.000116842
APP_binder_15_415_dldesign_0_cycle1_af2pred.pdb,SSQRLLDLLQSLLNL,0.00112446
APP_binder_15_416_dldesign_0_cycle1_af2pred.pdb,AEAARRAAALAQELA,0.000417303
APP_binder_15_417_dldesign_0_cycle1_af2pred.pdb,SLAERLRALLRRLAR,5.33E-05
APP_binder_15_418_dldesign_0_cycle1_af2pred.pdb,AVAESLLDNLLDELD,0.000511379
APP_binder_15_419_dldesign_0_cycle1_af2pred.pdb,RLARLLAALLLAKLL,0.00126184
APP_binder_15_41_dldesign_0_cycle1_af2pred.pdb,SLSLLLALKRALQRA,0.000448037
APP_binder_15_420_dldesign_0_cycle1_af2pred.pdb,LLDDLLELRTLLNRL,0.000203118
APP_binder_15_421_dldesign_0_cycle1_af2pred.pdb,SLARRLQALLRRLLA,7.39E-06
APP_binder_15_422_dldesign_0_cycle1_af2pred.pdb,GAAEAAAQQALQALR,0.001143774
APP_binder_15_423_dldesign_0_cycle1_af2pred.pdb,MLAADLAASLDKLAA,8.25E-05
APP_binder_15_424_dldesign_0_cycle1_af2pred.pdb,DDEDDDLDDLLLALG,3.32E-05
APP_binder_15_425_dldesign_0_cycle1_af2pred.pdb,DDLEDLRTELRKLLN,0.000113406
APP_binder_15_426_dldesign_0_cycle1_af2pred.pdb,SALTDEEYLDDQALA,2.81E-05
APP_binder_15_427_dldesign_0_cycle1_af2pred.pdb,LRNLLRRLLRLLAED,0.039787922
APP_binder_15_428_dldesign_0_cycle1_af2pred.pdb,SSQLEALLRRLARLA,0.000363856
APP_binder_15_429_dldesign_0_cycle1_af2pred.pdb,SLATRLAQLDDDLAA,7.32E-05
APP_binder_15_42_dldesign_0_cycle1_af2pred.pdb,GLLERLEITELLEEE,0.000123293
APP_binder_15_430_dldesign_0_cycle1_af2pred.pdb,SALDELLAARLARLL,0.000654607
APP_binder_15_431_dldesign_0_cycle1_af2pred.pdb,SELYTFEREVDDDDE,0.000101961
APP_binder_15_432_dldesign_0_cycle1_af2pred.pdb,PLPLVLRPVELPELP,7.11E-05
APP_binder_15_433_dldesign_0_cycle1_af2pred.pdb,SPQLLLQQLQRLLQQ,0.003431832
APP_binder_15_434_dldesign_0_cycle1_af2pred.pdb,RRLELDLKALLAELE,3.67E-05
APP_binder_15_435_dldesign_0_cycle1_af2pred.pdb,SASTLLQEALAAAEA,5.33E-05
APP_binder_15_436_dldesign_0_cycle1_af2pred.pdb,SSLEIELRRLLKELA,1.61E-05
APP_binder_15_437_dldesign_0_cycle1_af2pred.pdb,LVVDSEEDEDLDDLL,1.73E-05
APP_binder_15_438_dldesign_0_cycle1_af2pred.pdb,SLDDQLLKRLLARLP,0.001386962
APP_binder_15_439_dldesign_0_cycle1_af2pred.pdb,SLADLLSLLAQLDDL,6.22E-05
APP_binder_15_43_dldesign_0_cycle1_af2pred.pdb,SDLDDRRDARLLARL,0.000175356
APP_binder_15_440_dldesign_0_cycle1_af2pred.pdb,SLRRLLALLSRLASL,0.000535633
APP_binder_15_441_dldesign_0_cycle1_af2pred.pdb,SGSVVEDPLLSELRK,0.002371296
APP_binder_15_442_dldesign_0_cycle1_af2pred.pdb,MDPSEKTAEEVLAEE,3.00E-05
APP_binder_15_443_dldesign_0_cycle1_af2pred.pdb,GFEVQVQVVRPPTAP,8.52E-05
APP_binder_15_444_dldesign_0_cycle1_af2pred.pdb,GSLPVPIPESKRIKY,0.000462398
APP_binder_15_445_dldesign_0_cycle1_af2pred.pdb,QAARLALQLLRKLAG,0.00064487
APP_binder_15_446_dldesign_0_cycle1_af2pred.pdb,SPNDDYLDRLDLLLA,9.78E-05
APP_binder_15_447_dldesign_0_cycle1_af2pred.pdb,GLLRLQRLLNKLDDL,1.86E-05
APP_binder_15_448_dldesign_0_cycle1_af2pred.pdb,DDDDDLDDLLDALAA,7.19E-06
APP_binder_15_449_dldesign_0_cycle1_af2pred.pdb,EEERILAARLASELA,0.002070786
APP_binder_15_44_dldesign_0_cycle1_af2pred.pdb,SLLAERHKLTTELLS,7.35E-06
APP_binder_15_450_dldesign_0_cycle1_af2pred.pdb,AEDVQAAHAALLALR,1.15E-05
APP_binder_15_451_dldesign_0_cycle1_af2pred.pdb,ARALTLALQDDNDAD,0.000766509
APP_binder_15_452_dldesign_0_cycle1_af2pred.pdb,SDLLDQLLDQLDDEL,0.001065269
APP_binder_15_453_dldesign_0_cycle1_af2pred.pdb,EENLDDNEDDDDDDD,0.000116786
APP_binder_15_454_dldesign_0_cycle1_af2pred.pdb,GSATLVPDVLADLLA,0.000517905
APP_binder_15_455_dldesign_0_cycle1_af2pred.pdb,AERELLRLQRLDRQA,6.18E-05
APP_binder_15_456_dldesign_0_cycle1_af2pred.pdb,VDPALARALDRLLAA,0.000271858
APP_binder_15_457_dldesign_0_cycle1_af2pred.pdb,GPKLAYPPDILSLYE,0.002998836
APP_binder_15_458_dldesign_0_cycle1_af2pred.pdb,GSLLAQRLAALAAAR,5.57E-05
APP_binder_15_459_dldesign_0_cycle1_af2pred.pdb,MEAQLLADELLNLLN,0.000116059
APP_binder_15_45_dldesign_0_cycle1_af2pred.pdb,SALARLRRLAQLLAE,0.000862935
APP_binder_15_460_dldesign_0_cycle1_af2pred.pdb,GEESLDDEEDDDALE,0.000524543
APP_binder_15_461_dldesign_0_cycle1_af2pred.pdb,GDLEPLTPEEQLLAR,0.000561603
APP_binder_15_462_dldesign_0_cycle1_af2pred.pdb,DDDEELDNRLLAALA,5.53E-05
APP_binder_15_463_dldesign_0_cycle1_af2pred.pdb,SLRDLRRLLRRLLEA,6.74E-05
APP_binder_15_464_dldesign_0_cycle1_af2pred.pdb,SLLRRLLRRLARLLA,0.005951924
APP_binder_15_465_dldesign_0_cycle1_af2pred.pdb,STLDQELDKLDDAAD,0.002545603
APP_binder_15_466_dldesign_0_cycle1_af2pred.pdb,MSNEELDLLQNLLEL,0.000200815
APP_binder_15_467_dldesign_0_cycle1_af2pred.pdb,LTPEELDALYAARHA,1.20E-05
APP_binder_15_468_dldesign_0_cycle1_af2pred.pdb,AADLLLAERLALLKS,0.000295763
APP_binder_15_469_dldesign_0_cycle1_af2pred.pdb,SLLRLLARALLSALS,0.00014694
APP_binder_15_46_dldesign_0_cycle1_af2pred.pdb,LSRLLDDLDDEEEEP,0.00014283
APP_binder_15_470_dldesign_0_cycle1_af2pred.pdb,SARRLAALLAKDLAA,6.66E-05
APP_binder_15_471_dldesign_0_cycle1_af2pred.pdb,GVAVSKEQLLDDLLA,0.000350495
APP_binder_15_472_dldesign_0_cycle1_af2pred.pdb,MSLEELKLLSRLLRL,0.000202934
APP_binder_15_473_dldesign_0_cycle1_af2pred.pdb,MRAEEELRLLLRRLA,8.21E-05
APP_binder_15_474_dldesign_0_cycle1_af2pred.pdb,AAAVRAARLARILDD,0.001066554
APP_binder_15_475_dldesign_0_cycle1_af2pred.pdb,MHNHVRLVALLNLPP,0.000327064
APP_binder_15_476_dldesign_0_cycle1_af2pred.pdb,LSEEDLHALQQALLA,0.001084374
APP_binder_15_477_dldesign_0_cycle1_af2pred.pdb,GSDLVALLRELLERR,2.30E-05
APP_binder_15_478_dldesign_0_cycle1_af2pred.pdb,SNLLEPVVYTPKSVS,0.000343941
APP_binder_15_479_dldesign_0_cycle1_af2pred.pdb,RAAAVLAQLLDDLAA,0.000174703
APP_binder_15_47_dldesign_0_cycle1_af2pred.pdb,GLRELLKLDYLDDVL,0.003257632
APP_binder_15_480_dldesign_0_cycle1_af2pred.pdb,DDDDDDEDDLAELRE,0.000114986
APP_binder_15_481_dldesign_0_cycle1_af2pred.pdb,SLDAYDDDDDDDADD,0.00220955
APP_binder_15_482_dldesign_0_cycle1_af2pred.pdb,DLTPEELQRLAARLG,0.000596139
APP_binder_15_483_dldesign_0_cycle1_af2pred.pdb,SLLRELLKQLAALLA,0.000250674
APP_binder_15_484_dldesign_0_cycle1_af2pred.pdb,SSLEESLLEKLEEEL,0.003429803
APP_binder_15_485_dldesign_0_cycle1_af2pred.pdb,DLSQLLRRLLQLLLE,3.01E-05
APP_binder_15_486_dldesign_0_cycle1_af2pred.pdb,LAALLDALRLALKNP,2.74E-05
APP_binder_15_487_dldesign_0_cycle1_af2pred.pdb,DDLERLLQQALQAAP,0.000161888
APP_binder_15_488_dldesign_0_cycle1_af2pred.pdb,TRLLIKLDNLLDDLD,0.004383076
APP_binder_15_489_dldesign_0_cycle1_af2pred.pdb,SPLDLRRLLYNLLSS,8.24E-05
APP_binder_15_48_dldesign_0_cycle1_af2pred.pdb,SSAAYRLAQLLAELA,0.000508339
APP_binder_15_490_dldesign_0_cycle1_af2pred.pdb,GQAERTLKELLELLE,9.53E-05
APP_binder_15_491_dldesign_0_cycle1_af2pred.pdb,SLEDLEALLSALRGA,0.002474178
APP_binder_15_492_dldesign_0_cycle1_af2pred.pdb,GEAHRLANLLLNLLD,7.54E-05
APP_binder_15_493_dldesign_0_cycle1_af2pred.pdb,STPYKLTEFEKPDAL,0.003740324
APP_binder_15_494_dldesign_0_cycle1_af2pred.pdb,GARRLARRLANLLRS,0.001985791
APP_binder_15_495_dldesign_0_cycle1_af2pred.pdb,LSRLLALLKELDEAL,0.000370257
APP_binder_15_496_dldesign_0_cycle1_af2pred.pdb,SARRLAMRLRTLDLE,0.000168027
APP_binder_15_497_dldesign_0_cycle1_af2pred.pdb,SQLLRAQEQALLQRL,0.000127853
APP_binder_15_498_dldesign_0_cycle1_af2pred.pdb,SSLADLLRRLLLALQ,8.59E-05
APP_binder_15_499_dldesign_0_cycle1_af2pred.pdb,SAAELARALASALIS,4.05E-05
APP_binder_15_49_dldesign_0_cycle1_af2pred.pdb,PDPDEIPASELLDEE,0.000121278
APP_binder_15_4_dldesign_0_cycle1_af2pred.pdb,DLAILLANLDRLDAA,0.005291357
APP_binder_15_500_dldesign_0_cycle1_af2pred.pdb,DLNLLAQQLLSSTSL,8.73E-05
APP_binder_15_501_dldesign_0_cycle1_af2pred.pdb,ARLLTLLRQADNLAA,0.001699015
APP_binder_15_502_dldesign_0_cycle1_af2pred.pdb,SERLRLLAKRLASLL,0.002864525
APP_binder_15_503_dldesign_0_cycle1_af2pred.pdb,DEDDRELARLLARLL,0.000161652
APP_binder_15_504_dldesign_0_cycle1_af2pred.pdb,SSRLSVLAQLAAKAA,7.51E-05
APP_binder_15_505_dldesign_0_cycle1_af2pred.pdb,LSELLEALARQLAEA,0.004487432
APP_binder_15_506_dldesign_0_cycle1_af2pred.pdb,DPRLLAALLRDLENA,0.000463352
APP_binder_15_507_dldesign_0_cycle1_af2pred.pdb,DDEDDLAALLAALLG,0.000209461
APP_binder_15_508_dldesign_0_cycle1_af2pred.pdb,RLLELLKRRLLKQLE,0.007687981
APP_binder_15_509_dldesign_0_cycle1_af2pred.pdb,SLSNLDNLLDDLDDE,0.000607438
APP_binder_15_50_dldesign_0_cycle1_af2pred.pdb,VSSAELDDDDDDAAA,0.001025066
APP_binder_15_510_dldesign_0_cycle1_af2pred.pdb,GPAEELAELAEELAA,2.95E-05
APP_binder_15_511_dldesign_0_cycle1_af2pred.pdb,ARALDRLQDLDQLAA,0.000592002
APP_binder_15_512_dldesign_0_cycle1_af2pred.pdb,GAEAELAAALAAALA,0.000407903
APP_binder_15_513_dldesign_0_cycle1_af2pred.pdb,MRERIRLRLLLRKLL,0.000903031
APP_binder_15_514_dldesign_0_cycle1_af2pred.pdb,DNLLRRLASLLDDLA,0.000194797
APP_binder_15_515_dldesign_0_cycle1_af2pred.pdb,SLRRLLKLLSRLLAS,0.002669098
APP_binder_15_516_dldesign_0_cycle1_af2pred.pdb,VLTQEEAELLDDLLE,1.82E-05
APP_binder_15_517_dldesign_0_cycle1_af2pred.pdb,GLARLLRRLQQLLDD,0.002869967
APP_binder_15_518_dldesign_0_cycle1_af2pred.pdb,AAAVDALLRLLRRLR,0.000422216
APP_binder_15_519_dldesign_0_cycle1_af2pred.pdb,DDDVADLAALLNALR,3.80E-05
APP_binder_15_51_dldesign_0_cycle1_af2pred.pdb,GLEILLRRLAALLSS,0.002485197
APP_binder_15_520_dldesign_0_cycle1_af2pred.pdb,ELSEQEDLALDALLS,0.0009128
APP_binder_15_521_dldesign_0_cycle1_af2pred.pdb,LPLSLLDRLLAKTLP,3.97E-05
APP_binder_15_522_dldesign_0_cycle1_af2pred.pdb,LDLEELEDDVEDALA,1.85E-05
APP_binder_15_523_dldesign_0_cycle1_af2pred.pdb,SKLLTLLEILKRSLS,2.06E-05
APP_binder_15_524_dldesign_0_cycle1_af2pred.pdb,ASAEELAKSALKKLA,0.001326502
APP_binder_15_525_dldesign_0_cycle1_af2pred.pdb,APPTIVESERESLLP,0.00033732
APP_binder_15_526_dldesign_0_cycle1_af2pred.pdb,GLANLLDLLDDEADA,0.000947274
APP_binder_15_527_dldesign_0_cycle1_af2pred.pdb,GAAKRLDDELDDDLE,0.001305198
APP_binder_15_528_dldesign_0_cycle1_af2pred.pdb,MRASELARRLLRLLR,1.45E-05
APP_binder_15_529_dldesign_0_cycle1_af2pred.pdb,DARDDYVDAQLDALA,0.003256255
APP_binder_15_52_dldesign_0_cycle1_af2pred.pdb,SRLLAARQAQLDRNA,2.28E-05
APP_binder_15_530_dldesign_0_cycle1_af2pred.pdb,TRAAMLAQQAAREAD,0.00064843
APP_binder_15_531_dldesign_0_cycle1_af2pred.pdb,LDDLLDALLNALRRR,0.000802022
APP_binder_15_532_dldesign_0_cycle1_af2pred.pdb,SSWLLSEVERPPALP,0.00030701
APP_binder_15_533_dldesign_0_cycle1_af2pred.pdb,PLLPAPVYHPQPPRL,0.002637571
APP_binder_15_534_dldesign_0_cycle1_af2pred.pdb,MDLLLKILLNELDNA,9.52E-05
APP_binder_15_535_dldesign_0_cycle1_af2pred.pdb,SSEDLMLLRRLLRLL,0.007645786
APP_binder_15_536_dldesign_0_cycle1_af2pred.pdb,PRSPTLVEVPGPPLP,0.000189998
APP_binder_15_537_dldesign_0_cycle1_af2pred.pdb,SLRLQRLLLDLDDLA,0.000341788
APP_binder_15_538_dldesign_0_cycle1_af2pred.pdb,GVSAEVRVVKVPAPL,0.000194264
APP_binder_15_539_dldesign_0_cycle1_af2pred.pdb,MRVLSPSQLAALLDE,0.000355909
APP_binder_15_53_dldesign_0_cycle1_af2pred.pdb,MDLADALAQLLLQLL,7.64E-05
APP_binder_15_540_dldesign_0_cycle1_af2pred.pdb,NVLEADRLASLDALA,4.99E-05
APP_binder_15_541_dldesign_0_cycle1_af2pred.pdb,SDDRDDVEDDDDDDE,0.002799941
APP_binder_15_542_dldesign_0_cycle1_af2pred.pdb,VDPEVNAALRLAARL,0.002010127
APP_binder_15_543_dldesign_0_cycle1_af2pred.pdb,SVPYEGEYPVLPAAE,0.000760757
APP_binder_15_544_dldesign_0_cycle1_af2pred.pdb,GAEYDDRLDDDDDDD,0.001719729
APP_binder_15_545_dldesign_0_cycle1_af2pred.pdb,SPELELLQQRLDQEL,0.000937101
APP_binder_15_546_dldesign_0_cycle1_af2pred.pdb,GLVSLLAQLRRLSLL,0.006156289
APP_binder_15_547_dldesign_0_cycle1_af2pred.pdb,GSAVLERLLADLLDE,0.000127316
APP_binder_15_548_dldesign_0_cycle1_af2pred.pdb,LLPIVLRNLEDALLA,1.80E-05
APP_binder_15_549_dldesign_0_cycle1_af2pred.pdb,SSLAELQKLLDDLLS,1.27E-05
APP_binder_15_54_dldesign_0_cycle1_af2pred.pdb,FVPQPRPAPLPVVLP,0.000699901
APP_binder_15_550_dldesign_0_cycle1_af2pred.pdb,GVVLEPWKYEELPAP,0.000792536
APP_binder_15_551_dldesign_0_cycle1_af2pred.pdb,SEQLLAALQQTADLL,0.000263982
APP_binder_15_552_dldesign_0_cycle1_af2pred.pdb,DLEDLLGLLQRLRAL,0.002383214
APP_binder_15_553_dldesign_0_cycle1_af2pred.pdb,SLLALLSRLLNKLDQ,6.20E-05
APP_binder_15_554_dldesign_0_cycle1_af2pred.pdb,GLRLERLLQLLDDLL,2.23E-05
APP_binder_15_555_dldesign_0_cycle1_af2pred.pdb,SLDERDDRDDDELAA,0.000547456
APP_binder_15_556_dldesign_0_cycle1_af2pred.pdb,SLLRLLLRLLADLLA,4.56E-05
APP_binder_15_557_dldesign_0_cycle1_af2pred.pdb,MSASELDYNALLLLG,0.001022886
APP_binder_15_558_dldesign_0_cycle1_af2pred.pdb,GSVTLVEVERPPSLP,0.001284222
APP_binder_15_559_dldesign_0_cycle1_af2pred.pdb,SARRLAALAQQALAD,6.71E-05
APP_binder_15_55_dldesign_0_cycle1_af2pred.pdb,SLAARLARLLADLAA,4.02E-05
APP_binder_15_560_dldesign_0_cycle1_af2pred.pdb,ADDLDDDLDDLLDDL,0.000271558
APP_binder_15_561_dldesign_0_cycle1_af2pred.pdb,SALLRRLLQKLDLLA,0.001090963
APP_binder_15_562_dldesign_0_cycle1_af2pred.pdb,VPLSLRRLAKNAASL,0.000422343
APP_binder_15_563_dldesign_0_cycle1_af2pred.pdb,LERLLKHLERLLKQL,0.001960188
APP_binder_15_564_dldesign_0_cycle1_af2pred.pdb,DDALDEALAQQALQA,0.002444171
APP_binder_15_565_dldesign_0_cycle1_af2pred.pdb,GLARRLARLLGQLLD,3.83E-05
APP_binder_15_566_dldesign_0_cycle1_af2pred.pdb,SEALRLELDLRAIKT,0.002033499
APP_binder_15_567_dldesign_0_cycle1_af2pred.pdb,MTPEEIAKRLANKLA,2.10E-05
APP_binder_15_568_dldesign_0_cycle1_af2pred.pdb,SMLARYLAQRAALLA,9.19E-05
APP_binder_15_569_dldesign_0_cycle1_af2pred.pdb,ARALTLAQELDNLDD,2.57E-05
APP_binder_15_56_dldesign_0_cycle1_af2pred.pdb,SLALTLRALLREDLQ,3.11E-05
APP_binder_15_570_dldesign_0_cycle1_af2pred.pdb,SDLEDLKRLLRRLLA,0.000313745
APP_binder_15_571_dldesign_0_cycle1_af2pred.pdb,SLAALRGALRRALNA,0.000311465
APP_binder_15_572_dldesign_0_cycle1_af2pred.pdb,SSIELKILLDELDEL,0.000116081
APP_binder_15_573_dldesign_0_cycle1_af2pred.pdb,DDDDDDLQDLLAALQ,0.000358228
APP_binder_15_574_dldesign_0_cycle1_af2pred.pdb,DDLLDDLAELRRLAA,3.45E-05
APP_binder_15_575_dldesign_0_cycle1_af2pred.pdb,GLAWRLQQLDDLLAA,0.002049035
APP_binder_15_576_dldesign_0_cycle1_af2pred.pdb,GSLLLRRLASALAAA,0.000256386
APP_binder_15_577_dldesign_0_cycle1_af2pred.pdb,GLNRLLDRLQELDLL,0.000840253
APP_binder_15_578_dldesign_0_cycle1_af2pred.pdb,ELSPKVLAARARLLA,5.46E-05
APP_binder_15_579_dldesign_0_cycle1_af2pred.pdb,DDEQDLADLLRELRR,0.000196583
APP_binder_15_57_dldesign_0_cycle1_af2pred.pdb,SNLLSLLDNLDDAAA,0.001631161
APP_binder_15_580_dldesign_0_cycle1_af2pred.pdb,SARLEALDDWLDDAA,0.004841726
APP_binder_15_581_dldesign_0_cycle1_af2pred.pdb,SLARRLAKLLEELLS,0.000519337
APP_binder_15_582_dldesign_0_cycle1_af2pred.pdb,RPLTPLEKLLDDLLE,4.55E-05
APP_binder_15_583_dldesign_0_cycle1_af2pred.pdb,SLAELLELLRLLDEL,0.000257315
APP_binder_15_584_dldesign_0_cycle1_af2pred.pdb,GSSVRNPLVGEEEPP,0.000500196
APP_binder_15_585_dldesign_0_cycle1_af2pred.pdb,SLSPEEQQALQDADA,9.98E-06
APP_binder_15_586_dldesign_0_cycle1_af2pred.pdb,DAADQNALRALRLAL,0.001176907
APP_binder_15_587_dldesign_0_cycle1_af2pred.pdb,DEQALQQLADALLRA,1.66E-05
APP_binder_15_588_dldesign_0_cycle1_af2pred.pdb,LEERRLAAELARDLA,0.00033548
APP_binder_15_589_dldesign_0_cycle1_af2pred.pdb,SLARLAALAAAAAAA,0.001051737
APP_binder_15_58_dldesign_0_cycle1_af2pred.pdb,GLLDLLRRDLLDAAA,7.21E-05
APP_binder_15_590_dldesign_0_cycle1_af2pred.pdb,AERLLRRLARRLAGL,0.001389353
APP_binder_15_591_dldesign_0_cycle1_af2pred.pdb,DPALANARLLAKLLA,0.000566649
APP_binder_15_592_dldesign_0_cycle1_af2pred.pdb,SDLDDLINDLVADDA,0.000536868
APP_binder_15_593_dldesign_0_cycle1_af2pred.pdb,MDLLTKLKRILEQEA,5.69E-05
APP_binder_15_594_dldesign_0_cycle1_af2pred.pdb,SNFLLDLLQQALLDG,0.000183121
APP_binder_15_595_dldesign_0_cycle1_af2pred.pdb,LLAALLAAAARAAPA,3.69E-05
APP_binder_15_596_dldesign_0_cycle1_af2pred.pdb,MPVRPPRPPQVSDAD,0.010085772
APP_binder_15_597_dldesign_0_cycle1_af2pred.pdb,SLARLLRRLLRRLLA,0.024410889
APP_binder_15_598_dldesign_0_cycle1_af2pred.pdb,GLFEDLRLDRQDKAD,0.00016222
APP_binder_15_599_dldesign_0_cycle1_af2pred.pdb,APVPKSVKLAAEAAA,4.79E-05
APP_binder_15_59_dldesign_0_cycle1_af2pred.pdb,LSLLLELLRSLLRKL,1.39E-05
APP_binder_15_5_dldesign_0_cycle1_af2pred.pdb,SQRLLDNLDSLDLLD,0.000287826
APP_binder_15_600_dldesign_0_cycle1_af2pred.pdb,SRVRLRKLLQDALDA,0.002325088
APP_binder_15_601_dldesign_0_cycle1_af2pred.pdb,AAALAAQAADRLAAA,7.59E-06
APP_binder_15_602_dldesign_0_cycle1_af2pred.pdb,MSDELLDAQLADLLG,0.000100051
APP_binder_15_603_dldesign_0_cycle1_af2pred.pdb,PSRLLVLDRDDDDAA,1.29E-05
APP_binder_15_604_dldesign_0_cycle1_af2pred.pdb,SGLLRYLLQRALLLG,0.04087485
APP_binder_15_605_dldesign_0_cycle1_af2pred.pdb,HMEDIAAAREDAAEA,1.03E-05
APP_binder_15_606_dldesign_0_cycle1_af2pred.pdb,DDDDLAEEEVAEYLA,3.04E-05
APP_binder_15_607_dldesign_0_cycle1_af2pred.pdb,MEDVQAAILARRLAR,7.24E-05
APP_binder_15_608_dldesign_0_cycle1_af2pred.pdb,SALLRTLDRRLALAA,0.001965891
APP_binder_15_609_dldesign_0_cycle1_af2pred.pdb,DDDVADRRLLLLLAR,7.52E-06
APP_binder_15_60_dldesign_0_cycle1_af2pred.pdb,SRAALAAEIAAAKAA,0.000734071
APP_binder_15_610_dldesign_0_cycle1_af2pred.pdb,LTAADILNALRAALR,0.000361046
APP_binder_15_611_dldesign_0_cycle1_af2pred.pdb,AAAARLARRLAATAA,0.000257698
APP_binder_15_612_dldesign_0_cycle1_af2pred.pdb,NLSRLLVLDDLDDAA,0.00102431
APP_binder_15_613_dldesign_0_cycle1_af2pred.pdb,GVTFGPEILRLPDLD,0.001430038
APP_binder_15_614_dldesign_0_cycle1_af2pred.pdb,SPITLRVLLNALDDA,2.75E-05
APP_binder_15_615_dldesign_0_cycle1_af2pred.pdb,SLPVPRQPRRHVRVP,0.005358458
APP_binder_15_616_dldesign_0_cycle1_af2pred.pdb,EEQLLEVRLRALLTE,0.000170998
APP_binder_15_617_dldesign_0_cycle1_af2pred.pdb,SLAKRLAQRAALLAA,1.84E-05
APP_binder_15_618_dldesign_0_cycle1_af2pred.pdb,GSYTVKSVTPRPLTP,0.001866143
APP_binder_15_619_dldesign_0_cycle1_af2pred.pdb,LLEQLLKALLRQLLL,1.50E-05
APP_binder_15_61_dldesign_0_cycle1_af2pred.pdb,NLLARLQALLDALLE,2.33E-05
APP_binder_15_620_dldesign_0_cycle1_af2pred.pdb,SLSVRLAMLLQQLDD,7.02E-05
APP_binder_15_621_dldesign_0_cycle1_af2pred.pdb,MRSAELLARAAAWNA,0.000715582
APP_binder_15_622_dldesign_0_cycle1_af2pred.pdb,SAQLLAELQQQLDLE,4.59E-05
APP_binder_15_623_dldesign_0_cycle1_af2pred.pdb,LLALLDELLAALAAA,0.000571687
APP_binder_15_624_dldesign_0_cycle1_af2pred.pdb,LSAEELRRRARRARA,0.001115905
APP_binder_15_625_dldesign_0_cycle1_af2pred.pdb,SNSLAERLAQILEEL,0.000119741
APP_binder_15_626_dldesign_0_cycle1_af2pred.pdb,GVDVRPATPAERAAL,1.85E-05
APP_binder_15_627_dldesign_0_cycle1_af2pred.pdb,SSELRRLLQLLDDLA,0.00010061
APP_binder_15_628_dldesign_0_cycle1_af2pred.pdb,SRRAEEAARLAAAAA,2.94E-05
APP_binder_15_629_dldesign_0_cycle1_af2pred.pdb,LEEAEDDLDDEDLDD,2.94E-05
APP_binder_15_62_dldesign_0_cycle1_af2pred.pdb,SLLSRLQQDDNDLDA,6.09E-05
APP_binder_15_630_dldesign_0_cycle1_af2pred.pdb,DDDLEELRRLLYKLS,1.08E-05
APP_binder_15_631_dldesign_0_cycle1_af2pred.pdb,SMEEQRLLARLLRLL,0.001218816
APP_binder_15_632_dldesign_0_cycle1_af2pred.pdb,PVPLKLVTLEELLLA,0.000115986
APP_binder_15_633_dldesign_0_cycle1_af2pred.pdb,MVRPLAELLASKLAP,0.003706581
APP_binder_15_634_dldesign_0_cycle1_af2pred.pdb,AELLDLLQALDEDLD,6.28E-06
APP_binder_15_635_dldesign_0_cycle1_af2pred.pdb,SPALLSRLLNLLDEL,1.56E-05
APP_binder_15_636_dldesign_0_cycle1_af2pred.pdb,GLDRLLAQLLDLLLG,5.95E-05
APP_binder_15_637_dldesign_0_cycle1_af2pred.pdb,SSAISLAKYQALLDA,0.001934959
APP_binder_15_638_dldesign_0_cycle1_af2pred.pdb,SARLLHRLLVRLLSE,0.000402945
APP_binder_15_639_dldesign_0_cycle1_af2pred.pdb,LLGLLKRLLARLLAG,0.012008619
APP_binder_15_63_dldesign_0_cycle1_af2pred.pdb,MEEEEEEEEDDLDDA,8.98E-05
APP_binder_15_640_dldesign_0_cycle1_af2pred.pdb,SASLLEERLRNALQE,0.000705463
APP_binder_15_641_dldesign_0_cycle1_af2pred.pdb,SPRKMTAEEQALLDA,0.000286538
APP_binder_15_642_dldesign_0_cycle1_af2pred.pdb,DTAAELAARAAARAA,0.000433171
APP_binder_15_643_dldesign_0_cycle1_af2pred.pdb,VPLADRRLLQRLLEG,0.000184223
APP_binder_15_644_dldesign_0_cycle1_af2pred.pdb,SDADDLDRLLARRLG,0.000712927
APP_binder_15_645_dldesign_0_cycle1_af2pred.pdb,ALAAYLAAQLAAQAA,0.000553915
APP_binder_15_646_dldesign_0_cycle1_af2pred.pdb,GDLLKELTLARLLAK,0.001173971
APP_binder_15_647_dldesign_0_cycle1_af2pred.pdb,SSEVLAELLAELLRD,0.001325804
APP_binder_15_648_dldesign_0_cycle1_af2pred.pdb,GLADLLRRLARVLAS,0.00124472
APP_binder_15_649_dldesign_0_cycle1_af2pred.pdb,AAAAADAAAAAAAAA,9.73E-05
APP_binder_15_64_dldesign_0_cycle1_af2pred.pdb,PSLKHLELLEALLAR,0.00031426
APP_binder_15_650_dldesign_0_cycle1_af2pred.pdb,ALGALLQLLAALLAA,0.000625143
APP_binder_15_651_dldesign_0_cycle1_af2pred.pdb,LASRLAMLDQLDDNA,0.000633058
APP_binder_15_652_dldesign_0_cycle1_af2pred.pdb,DPALADLDDLLAELA,2.00E-05
APP_binder_15_653_dldesign_0_cycle1_af2pred.pdb,DSPEELARRAARQAA,0.000787858
APP_binder_15_654_dldesign_0_cycle1_af2pred.pdb,DLDDDDDEDLERLLA,0.000187739
APP_binder_15_655_dldesign_0_cycle1_af2pred.pdb,SPALLLRTPPLPAPA,1.07E-05
APP_binder_15_656_dldesign_0_cycle1_af2pred.pdb,GDYLDARLDELADEL,1.97E-05
APP_binder_15_657_dldesign_0_cycle1_af2pred.pdb,MEYQARLRLARLLRE,0.005861757
APP_binder_15_658_dldesign_0_cycle1_af2pred.pdb,GLEADDEDDDDDDDE,0.000460971
APP_binder_15_659_dldesign_0_cycle1_af2pred.pdb,PTPAVIAAAAAAAAA,9.33E-05
APP_binder_15_65_dldesign_0_cycle1_af2pred.pdb,SIADRNLDEQLDDEL,7.79E-05
APP_binder_15_660_dldesign_0_cycle1_af2pred.pdb,LVSYAERLARQAALA,0.001482426
APP_binder_15_661_dldesign_0_cycle1_af2pred.pdb,AAAQQLLQALYRALR,0.000846018
APP_binder_15_662_dldesign_0_cycle1_af2pred.pdb,SRADAVLRSLDLLAS,7.95E-05
APP_binder_15_663_dldesign_0_cycle1_af2pred.pdb,AAAQALREAVLAAIE,0.000462431
APP_binder_15_664_dldesign_0_cycle1_af2pred.pdb,GLADLLAQLLRDLAA,0.000364481
APP_binder_15_665_dldesign_0_cycle1_af2pred.pdb,DDDDDDDDLLDLLIA,0.000135157
APP_binder_15_666_dldesign_0_cycle1_af2pred.pdb,LTSQVSERYPAPALP,2.33E-05
APP_binder_15_667_dldesign_0_cycle1_af2pred.pdb,GPVYPSGLTLAELLA,0.000392897
APP_binder_15_668_dldesign_0_cycle1_af2pred.pdb,GLAALLRRAKQLALR,1.40E-05
APP_binder_15_669_dldesign_0_cycle1_af2pred.pdb,SLPVWRPSNEELQAA,0.000731418
APP_binder_15_66_dldesign_0_cycle1_af2pred.pdb,GALTKEERDDDLDDA,0.000725633
APP_binder_15_670_dldesign_0_cycle1_af2pred.pdb,MEEARLEALEDELDA,0.00074683
APP_binder_15_671_dldesign_0_cycle1_af2pred.pdb,AKTLNPLALEVLANE,0.00021932
APP_binder_15_672_dldesign_0_cycle1_af2pred.pdb,ELAELREESRDDDLE,0.000226448
APP_binder_15_673_dldesign_0_cycle1_af2pred.pdb,PEPKPLEEQLALRLA,0.000146863
APP_binder_15_674_dldesign_0_cycle1_af2pred.pdb,SLAEIRAAELAAVLA,0.000332489
APP_binder_15_675_dldesign_0_cycle1_af2pred.pdb,DNLLKRLLQRLLQAP,0.000616049
APP_binder_15_676_dldesign_0_cycle1_af2pred.pdb,DDLEDDQDDLNELLK,5.39E-05
APP_binder_15_677_dldesign_0_cycle1_af2pred.pdb,SSSPRLDDLLDELLE,0.000144071
APP_binder_15_678_dldesign_0_cycle1_af2pred.pdb,NLSLLSQDDQDDDAA,0.00071656
APP_binder_15_679_dldesign_0_cycle1_af2pred.pdb,LADRNAAARLALLLA,2.84E-05
APP_binder_15_67_dldesign_0_cycle1_af2pred.pdb,GLAKWLAARLLRELA,0.001270388
APP_binder_15_680_dldesign_0_cycle1_af2pred.pdb,AAASRLQNLLQELDA,6.54E-05
APP_binder_15_681_dldesign_0_cycle1_af2pred.pdb,PPLSTLLARAALAAP,0.000418446
APP_binder_15_682_dldesign_0_cycle1_af2pred.pdb,SALAALKALVAALLA,1.15E-05
APP_binder_15_683_dldesign_0_cycle1_af2pred.pdb,SRLARRLASLDSYLA,3.07E-05
APP_binder_15_684_dldesign_0_cycle1_af2pred.pdb,MEEDEDDQDDQDLDD,0.00133563
APP_binder_15_685_dldesign_0_cycle1_af2pred.pdb,SLEEVLARYLARAFA,9.58E-05
APP_binder_15_686_dldesign_0_cycle1_af2pred.pdb,EDVEARALAAQAAQD,0.000137984
APP_binder_15_687_dldesign_0_cycle1_af2pred.pdb,NVVPKEYIERPTVLP,0.008525354
APP_binder_15_688_dldesign_0_cycle1_af2pred.pdb,GRQAVLDAELDKALA,0.000209735
APP_binder_15_689_dldesign_0_cycle1_af2pred.pdb,SSSFISQELARLLSS,0.000278697
APP_binder_15_68_dldesign_0_cycle1_af2pred.pdb,VSFTKEELLDLLDDA,0.000541394
APP_binder_15_690_dldesign_0_cycle1_af2pred.pdb,MLLGILQQLDQDLDD,1.99E-05
APP_binder_15_691_dldesign_0_cycle1_af2pred.pdb,GELTEVEREPYVDLP,0.000234518
APP_binder_15_692_dldesign_0_cycle1_af2pred.pdb,DPRLDKLLDELDDLD,3.02E-05
APP_binder_15_693_dldesign_0_cycle1_af2pred.pdb,SVPVYTTRVVPNRLP,0.000281773
APP_binder_15_694_dldesign_0_cycle1_af2pred.pdb,SLIRLLDLLQSLLNG,0.00134232
APP_binder_15_695_dldesign_0_cycle1_af2pred.pdb,SLLEQLAKQLAARAP,0.000526909
APP_binder_15_696_dldesign_0_cycle1_af2pred.pdb,LRARLALRRLDLLLA,4.41E-05
APP_binder_15_697_dldesign_0_cycle1_af2pred.pdb,MLAARLQSLDQDLAA,0.000292497
APP_binder_15_698_dldesign_0_cycle1_af2pred.pdb,SASLARAEARKAAVA,0.000202502
APP_binder_15_699_dldesign_0_cycle1_af2pred.pdb,SVLNLAANHRPLVPP,0.000300877
APP_binder_15_69_dldesign_0_cycle1_af2pred.pdb,YVRRPQNFDYDVAPP,0.003875316
APP_binder_15_6_dldesign_0_cycle1_af2pred.pdb,SSLRYLLRSALLAAL,0.001456401
APP_binder_15_700_dldesign_0_cycle1_af2pred.pdb,PPISELKALSYALSA,1.33E-05
APP_binder_15_701_dldesign_0_cycle1_af2pred.pdb,SLELRRLAKQLASLA,0.000377936
APP_binder_15_702_dldesign_0_cycle1_af2pred.pdb,EDLEDDADDDLLELA,0.000992506
APP_binder_15_703_dldesign_0_cycle1_af2pred.pdb,DDALDELLDYLDELL,0.001460282
APP_binder_15_704_dldesign_0_cycle1_af2pred.pdb,SLLTRLANDLADLLA,0.001095359
APP_binder_15_705_dldesign_0_cycle1_af2pred.pdb,QTPQALQAILDDLAS,6.41E-05
APP_binder_15_706_dldesign_0_cycle1_af2pred.pdb,EPLEEQLARILANNL,0.000108019
APP_binder_15_707_dldesign_0_cycle1_af2pred.pdb,PSPPQPVESIEEPLE,9.52E-06
APP_binder_15_708_dldesign_0_cycle1_af2pred.pdb,AELLDKMLDARLLLA,0.000211592
APP_binder_15_709_dldesign_0_cycle1_af2pred.pdb,DDADDLADLLAALLA,5.32E-06
APP_binder_15_70_dldesign_0_cycle1_af2pred.pdb,ALDALLALRAALRAA,0.001712262
APP_binder_15_710_dldesign_0_cycle1_af2pred.pdb,SARRAAALARQAALA,1.49E-05
APP_binder_15_711_dldesign_0_cycle1_af2pred.pdb,SPLARYEATTAAISG,0.001341639
APP_binder_15_712_dldesign_0_cycle1_af2pred.pdb,MTPEERAARLAAALA,0.000379144
APP_binder_15_713_dldesign_0_cycle1_af2pred.pdb,SIAAQVAAARALQAA,0.00011238
APP_binder_15_714_dldesign_0_cycle1_af2pred.pdb,SLEEIEKKRALRAAA,0.003468428
APP_binder_15_715_dldesign_0_cycle1_af2pred.pdb,SQLEKAAAYLALRLA,0.000277782
APP_binder_15_716_dldesign_0_cycle1_af2pred.pdb,SLRLLNELRYLLRKS,2.63E-05
APP_binder_15_717_dldesign_0_cycle1_af2pred.pdb,DRAARAARRLALLLS,0.000150795
APP_binder_15_718_dldesign_0_cycle1_af2pred.pdb,LELRRLLIDLLQDLD,0.000184795
APP_binder_15_719_dldesign_0_cycle1_af2pred.pdb,FVRLPPIRVSVSRLP,0.000161343
APP_binder_15_71_dldesign_0_cycle1_af2pred.pdb,GLGEDDDLDDDLLEE,0.000186642
APP_binder_15_720_dldesign_0_cycle1_af2pred.pdb,DPLLLAQALAEDLAE,0.000237539
APP_binder_15_721_dldesign_0_cycle1_af2pred.pdb,PLLVLDPQAPQVVLP,0.004015315
APP_binder_15_722_dldesign_0_cycle1_af2pred.pdb,AYVLSPEEQQLLNDL,4.87E-05
APP_binder_15_723_dldesign_0_cycle1_af2pred.pdb,SEVEEKRLAQLDLRE,0.000260045
APP_binder_15_724_dldesign_0_cycle1_af2pred.pdb,GAAAAALAELLALLE,5.49E-05
APP_binder_15_725_dldesign_0_cycle1_af2pred.pdb,GDDDLDDLLQALNSP,0.000798393
APP_binder_15_726_dldesign_0_cycle1_af2pred.pdb,LSGRERRLLRALLRA,0.006398443
APP_binder_15_727_dldesign_0_cycle1_af2pred.pdb,DLEELDDELDLDDDD,0.000513518
APP_binder_15_728_dldesign_0_cycle1_af2pred.pdb,MSPLERRRLQRLLLG,0.000158922
APP_binder_15_729_dldesign_0_cycle1_af2pred.pdb,SLLKQLLQQLLRRLL,0.001014386
APP_binder_15_72_dldesign_0_cycle1_af2pred.pdb,SSLLRLQQLLLRLAD,3.26E-05
APP_binder_15_730_dldesign_0_cycle1_af2pred.pdb,GLYRLLRRLAEDLDE,0.009538673
APP_binder_15_731_dldesign_0_cycle1_af2pred.pdb,GLAQYLARLDAKADA,0.001574421
APP_binder_15_732_dldesign_0_cycle1_af2pred.pdb,ALAQLDRQLLDQAAD,1.04E-05
APP_binder_15_733_dldesign_0_cycle1_af2pred.pdb,GPNLLANLLAQLLLD,0.000468541
APP_binder_15_734_dldesign_0_cycle1_af2pred.pdb,GVALTQEELDDLEDE,0.001538832
APP_binder_15_735_dldesign_0_cycle1_af2pred.pdb,MSLVERSILRQLLAA,0.000317478
APP_binder_15_736_dldesign_0_cycle1_af2pred.pdb,VVTTTELLDDDDDAD,0.000109703
APP_binder_15_737_dldesign_0_cycle1_af2pred.pdb,PPSPPITSPPILNLP,4.62E-06
APP_binder_15_738_dldesign_0_cycle1_af2pred.pdb,AAAALARALAAALAA,0.000334423
APP_binder_15_739_dldesign_0_cycle1_af2pred.pdb,SLELLLATVRRAPPR,0.000716065
APP_binder_15_73_dldesign_0_cycle1_af2pred.pdb,AELERLLQRLDADLE,2.39E-05
APP_binder_15_740_dldesign_0_cycle1_af2pred.pdb,LPRRLADALADAALA,0.000417729
APP_binder_15_741_dldesign_0_cycle1_af2pred.pdb,SLARQLALGALYSSS,0.000904283
APP_binder_15_742_dldesign_0_cycle1_af2pred.pdb,MEETLDQQDDLDADD,0.0024473
APP_binder_15_743_dldesign_0_cycle1_af2pred.pdb,SLPLLLNRLLQLLDE,0.000103724
APP_binder_15_744_dldesign_0_cycle1_af2pred.pdb,SLPPIVHTASVPPRP,0.00049589
APP_binder_15_745_dldesign_0_cycle1_af2pred.pdb,SLARRLAAALAGALA,0.00059407
APP_binder_15_746_dldesign_0_cycle1_af2pred.pdb,MAATLAQQIDNVADA,0.000186049
APP_binder_15_747_dldesign_0_cycle1_af2pred.pdb,DEDDQDDRQDDAEDE,0.001561222
APP_binder_15_748_dldesign_0_cycle1_af2pred.pdb,PLAERLARLLEALLL,0.00055829
APP_binder_15_749_dldesign_0_cycle1_af2pred.pdb,RALLQELLDLLAELE,0.000111577
APP_binder_15_74_dldesign_0_cycle1_af2pred.pdb,SLAEQLAKYLAARLA,0.001736581
APP_binder_15_750_dldesign_0_cycle1_af2pred.pdb,MNDLAALKRLLFFLG,0.002206881
APP_binder_15_751_dldesign_0_cycle1_af2pred.pdb,STLPLTDEEVLALEE,0.000160774
APP_binder_15_752_dldesign_0_cycle1_af2pred.pdb,LETLLKQLLLRLRMH,0.001675688
APP_binder_15_753_dldesign_0_cycle1_af2pred.pdb,SSALLLLQTLLSQLL,7.21E-05
APP_binder_15_754_dldesign_0_cycle1_af2pred.pdb,SRLHTVRPPIKDYLP,0.005843915
APP_binder_15_755_dldesign_0_cycle1_af2pred.pdb,SNEVTPLEVVVTPEP,0.000766177
APP_binder_15_756_dldesign_0_cycle1_af2pred.pdb,GLARLRRLLQRLLDG,0.007857064
APP_binder_15_757_dldesign_0_cycle1_af2pred.pdb,LPRLLEQLLDLLRRL,4.46E-05
APP_binder_15_758_dldesign_0_cycle1_af2pred.pdb,RVLTLPAFVFVPPRP,0.000311132
APP_binder_15_759_dldesign_0_cycle1_af2pred.pdb,GLADDRELLRRLLAA,3.52E-05
APP_binder_15_75_dldesign_0_cycle1_af2pred.pdb,SSAPLPSSELLDLLE,2.55E-05
APP_binder_15_760_dldesign_0_cycle1_af2pred.pdb,LLSLLKLLQRLDQLL,6.73E-05
APP_binder_15_761_dldesign_0_cycle1_af2pred.pdb,SLLAELRALLRELAS,0.000178591
APP_binder_15_762_dldesign_0_cycle1_af2pred.pdb,SLRELLALLDSLLVS,3.51E-05
APP_binder_15_763_dldesign_0_cycle1_af2pred.pdb,RLPLAERLARRAALR,2.12E-05
APP_binder_15_764_dldesign_0_cycle1_af2pred.pdb,SRLARELRRLLARLA,2.63E-05
APP_binder_15_765_dldesign_0_cycle1_af2pred.pdb,AAAQAALDALRKALS,0.000779837
APP_binder_15_766_dldesign_0_cycle1_af2pred.pdb,GADDLAALLAALIRP,0.001575447
APP_binder_15_767_dldesign_0_cycle1_af2pred.pdb,DDALRDLLELLRRLR,5.77E-06
APP_binder_15_768_dldesign_0_cycle1_af2pred.pdb,SLLDQLLRLLARLQQ,0.000266597
APP_binder_15_769_dldesign_0_cycle1_af2pred.pdb,LVLPVLTPRQRPLLP,0.001846941
APP_binder_15_76_dldesign_0_cycle1_af2pred.pdb,GSLLDLLEDALEAAL,0.000497948
APP_binder_15_770_dldesign_0_cycle1_af2pred.pdb,MSSEELKAALLAKLA,0.00053041
APP_binder_15_771_dldesign_0_cycle1_af2pred.pdb,GQRLDNLLDDLADDA,0.000430255
APP_binder_15_772_dldesign_0_cycle1_af2pred.pdb,SSLLQQLLQRLDDDL,0.000299861
APP_binder_15_773_dldesign_0_cycle1_af2pred.pdb,SPELLDYLDDLDDAE,0.000368565
APP_binder_15_774_dldesign_0_cycle1_af2pred.pdb,DEDDLNDLKRLLSLL,0.000969776
APP_binder_15_775_dldesign_0_cycle1_af2pred.pdb,SNYLDARQDVLDLLD,0.000903134
APP_binder_15_776_dldesign_0_cycle1_af2pred.pdb,SSLLKRELLRLLLAL,6.19E-05
APP_binder_15_777_dldesign_0_cycle1_af2pred.pdb,LTPEEKRLANKLADL,0.001010982
APP_binder_15_778_dldesign_0_cycle1_af2pred.pdb,DLEDDLTALRRALTN,0.000520067
APP_binder_15_779_dldesign_0_cycle1_af2pred.pdb,SELERRRLERLDLLA,0.000947355
APP_binder_15_77_dldesign_0_cycle1_af2pred.pdb,SALARLNQLLKKLLD,0.053444464
APP_binder_15_780_dldesign_0_cycle1_af2pred.pdb,AAAALLAQLDDDDLS,0.000480208
APP_binder_15_781_dldesign_0_cycle1_af2pred.pdb,SLARLLRRLAKLAAE,0.000913328
APP_binder_15_782_dldesign_0_cycle1_af2pred.pdb,SPDEDAEDLRDDLLE,0.0002567
APP_binder_15_783_dldesign_0_cycle1_af2pred.pdb,SNRLRRLLNLLKALA,0.002241509
APP_binder_15_784_dldesign_0_cycle1_af2pred.pdb,DLARLLANLDRELDD,6.65E-05
APP_binder_15_785_dldesign_0_cycle1_af2pred.pdb,SLRRLAYLLQKLLQE,0.000632521
APP_binder_15_786_dldesign_0_cycle1_af2pred.pdb,SLAALLARLALLLKQ,0.000162612
APP_binder_15_787_dldesign_0_cycle1_af2pred.pdb,SRLLELLKLLLDALA,8.53E-05
APP_binder_15_788_dldesign_0_cycle1_af2pred.pdb,SLLDELRTDLADDLA,1.21E-05
APP_binder_15_789_dldesign_0_cycle1_af2pred.pdb,SLPVMRAPAVPLVPP,0.001119557
APP_binder_15_78_dldesign_0_cycle1_af2pred.pdb,REDLRRALAAALAAA,0.000666693
APP_binder_15_790_dldesign_0_cycle1_af2pred.pdb,SDYLARVLAKLAALL,9.15E-05
APP_binder_15_791_dldesign_0_cycle1_af2pred.pdb,SEEQQLLQQLLRELR,0.003386481
APP_binder_15_792_dldesign_0_cycle1_af2pred.pdb,DDDDDDDELLEELLE,0.000514815
APP_binder_15_793_dldesign_0_cycle1_af2pred.pdb,EVPPLALSLPNVLPP,0.003243288
APP_binder_15_794_dldesign_0_cycle1_af2pred.pdb,VDPDDLDDLLAKLRN,0.000809668
APP_binder_15_795_dldesign_0_cycle1_af2pred.pdb,SVNVLISKEERLDLL,7.13E-05
APP_binder_15_796_dldesign_0_cycle1_af2pred.pdb,MDQELLDKQDELLDE,8.89E-06
APP_binder_15_797_dldesign_0_cycle1_af2pred.pdb,SLSQLLKWLLARLGR,2.98E-05
APP_binder_15_798_dldesign_0_cycle1_af2pred.pdb,ERLQRLLRRLARLLQ,0.089408606
APP_binder_15_799_dldesign_0_cycle1_af2pred.pdb,DLEDLLRELERLLRR,0.000442288
APP_binder_15_79_dldesign_0_cycle1_af2pred.pdb,SLADKLAKELADLDK,5.20E-05
APP_binder_15_7_dldesign_0_cycle1_af2pred.pdb,ALARLRRDLLLAAEA,9.38E-05
APP_binder_15_800_dldesign_0_cycle1_af2pred.pdb,SSRRLASLLDELLEE,0.000170761
APP_binder_15_801_dldesign_0_cycle1_af2pred.pdb,MDDVLDARALAAALA,0.000319689
APP_binder_15_802_dldesign_0_cycle1_af2pred.pdb,SAAYLAWQAAQAAAA,0.000244171
APP_binder_15_803_dldesign_0_cycle1_af2pred.pdb,DSLAELARRALSALA,0.002234851
APP_binder_15_804_dldesign_0_cycle1_af2pred.pdb,SLPVPVRPPDILALR,0.000937121
APP_binder_15_805_dldesign_0_cycle1_af2pred.pdb,GALAAALRLANALAR,3.07E-05
APP_binder_15_806_dldesign_0_cycle1_af2pred.pdb,GSVTTRELLDDLDDA,0.000181762
APP_binder_15_807_dldesign_0_cycle1_af2pred.pdb,SVTSEEREVVVAALE,1.40E-05
APP_binder_15_808_dldesign_0_cycle1_af2pred.pdb,GPLLQELLDYLKYAP,0.000172791
APP_binder_15_809_dldesign_0_cycle1_af2pred.pdb,VSPALLSRLDQLLAE,0.000538195
APP_binder_15_80_dldesign_0_cycle1_af2pred.pdb,EVLLELSREELADLA,8.43E-06
APP_binder_15_810_dldesign_0_cycle1_af2pred.pdb,SDLDRRLDARLDVLL,0.00010914
APP_binder_15_811_dldesign_0_cycle1_af2pred.pdb,SSLLRALLRKLLQQP,3.44E-05
APP_binder_15_812_dldesign_0_cycle1_af2pred.pdb,SDLLDDLLEALRRAA,0.00016132
APP_binder_15_813_dldesign_0_cycle1_af2pred.pdb,SSELLRRLSKLLAQA,0.004110129
APP_binder_15_814_dldesign_0_cycle1_af2pred.pdb,SRALLRLNQLLSRLL,0.000115719
APP_binder_15_815_dldesign_0_cycle1_af2pred.pdb,LLEAELKELLNELDD,3.36E-05
APP_binder_15_816_dldesign_0_cycle1_af2pred.pdb,GLAPVVDTDVEPLLR,0.000163653
APP_binder_15_817_dldesign_0_cycle1_af2pred.pdb,VNLEKSLLNYLLRRG,0.000880109
APP_binder_15_818_dldesign_0_cycle1_af2pred.pdb,DLASRLARLLRSLLD,0.000143569
APP_binder_15_819_dldesign_0_cycle1_af2pred.pdb,SLAAELAALRAALAA,0.000192388
APP_binder_15_81_dldesign_0_cycle1_af2pred.pdb,EDDLTAARKLAQALA,0.000673648
APP_binder_15_820_dldesign_0_cycle1_af2pred.pdb,GLAALLLKALNLAAQ,0.000586085
APP_binder_15_821_dldesign_0_cycle1_af2pred.pdb,SADRLLATRLALLLS,0.001572776
APP_binder_15_822_dldesign_0_cycle1_af2pred.pdb,GNPEDKKLLQLLDDL,0.002669258
APP_binder_15_823_dldesign_0_cycle1_af2pred.pdb,LRRLLQQQAADDRAA,5.83E-06
APP_binder_15_824_dldesign_0_cycle1_af2pred.pdb,GLPPLPVVPRRVLPP,0.000247141
APP_binder_15_825_dldesign_0_cycle1_af2pred.pdb,AAALAALARYLARRG,0.001330314
APP_binder_15_826_dldesign_0_cycle1_af2pred.pdb,DDLDLLLEELLERLL,0.000149498
APP_binder_15_827_dldesign_0_cycle1_af2pred.pdb,SARLQQLLQRLLLDG,0.001028731
APP_binder_15_828_dldesign_0_cycle1_af2pred.pdb,AREERRLAALAASDA,4.42E-05
APP_binder_15_829_dldesign_0_cycle1_af2pred.pdb,SSLLQHLDQLDDAAA,7.69E-06
APP_binder_15_82_dldesign_0_cycle1_af2pred.pdb,LPVESLENLLLQRLA,0.000698811
APP_binder_15_830_dldesign_0_cycle1_af2pred.pdb,NPANLALEEYLALLE,0.000760599
APP_binder_15_831_dldesign_0_cycle1_af2pred.pdb,GSPESILAGLLARLA,0.000664987
APP_binder_15_832_dldesign_0_cycle1_af2pred.pdb,DKNLLARLIRALRRA,0.013804613
APP_binder_15_833_dldesign_0_cycle1_af2pred.pdb,LTEEELTELRKLLRA,0.000425585
APP_binder_15_834_dldesign_0_cycle1_af2pred.pdb,SLSRDVSDDQDDDED,0.002034126
APP_binder_15_835_dldesign_0_cycle1_af2pred.pdb,MRAERLARRLADELA,0.000184364
APP_binder_15_836_dldesign_0_cycle1_af2pred.pdb,GLNQLLALLLDLLLE,2.73E-05
APP_binder_15_837_dldesign_0_cycle1_af2pred.pdb,LEELSALLRRLLRLP,0.034566786
APP_binder_15_838_dldesign_0_cycle1_af2pred.pdb,DEAARQALLRELRAA,0.001962464
APP_binder_15_839_dldesign_0_cycle1_af2pred.pdb,SSGAAVRAALRALRE,0.001036417
APP_binder_15_83_dldesign_0_cycle1_af2pred.pdb,ARLLALLQKLLQELD,0.00023058
APP_binder_15_840_dldesign_0_cycle1_af2pred.pdb,GLAASLLTRLLARLG,0.000580844
APP_binder_15_841_dldesign_0_cycle1_af2pred.pdb,SSDALDDALLAALLE,0.00059355
APP_binder_15_842_dldesign_0_cycle1_af2pred.pdb,SLLADRLANLLKLAP,0.000685284
APP_binder_15_843_dldesign_0_cycle1_af2pred.pdb,ANAAVRAADLAQQLA,0.000650984
APP_binder_15_844_dldesign_0_cycle1_af2pred.pdb,SPASLRKLLRDLDAA,8.83E-05
APP_binder_15_845_dldesign_0_cycle1_af2pred.pdb,GLLARLLKNDLAAAG,0.000175844
APP_binder_15_846_dldesign_0_cycle1_af2pred.pdb,EDELDDLLELLLALS,0.000532037
APP_binder_15_847_dldesign_0_cycle1_af2pred.pdb,GAARLAALAALLAAA,0.00025679
APP_binder_15_848_dldesign_0_cycle1_af2pred.pdb,AVVTTPRRPEPSLEP,5.93E-05
APP_binder_15_849_dldesign_0_cycle1_af2pred.pdb,AAARAAAAAAVADDA,0.000409337
APP_binder_15_84_dldesign_0_cycle1_af2pred.pdb,MSDDTLDLLDLRRLL,0.000240293
APP_binder_15_850_dldesign_0_cycle1_af2pred.pdb,PVLPPSAHRRVDLPP,0.002270586
APP_binder_15_851_dldesign_0_cycle1_af2pred.pdb,SITAALAAAAALQRA,0.000496284
APP_binder_15_852_dldesign_0_cycle1_af2pred.pdb,DLADDLQDDDDDDDD,0.000198333
APP_binder_15_853_dldesign_0_cycle1_af2pred.pdb,GAAEREALRALLAAR,0.000159583
APP_binder_15_854_dldesign_0_cycle1_af2pred.pdb,ALAELLAQLARRAAA,0.00260425
APP_binder_15_855_dldesign_0_cycle1_af2pred.pdb,MTPELADLLARLAST,0.000293912
APP_binder_15_856_dldesign_0_cycle1_af2pred.pdb,APVLFDPALLLLLTP,3.20E-05
APP_binder_15_857_dldesign_0_cycle1_af2pred.pdb,AARLAAQAALRRLLL,0.002702211
APP_binder_15_858_dldesign_0_cycle1_af2pred.pdb,GLRIDQDDIDDLLAL,3.58E-05
APP_binder_15_859_dldesign_0_cycle1_af2pred.pdb,DDDDEDDLLDLINSS,0.000226632
APP_binder_15_85_dldesign_0_cycle1_af2pred.pdb,DEALDQQLLILLRTA,0.000907444
APP_binder_15_860_dldesign_0_cycle1_af2pred.pdb,LLSGLLRSLLQRLLR,7.40E-05
APP_binder_15_861_dldesign_0_cycle1_af2pred.pdb,SEQELARALRAAALA,5.30E-05
APP_binder_15_862_dldesign_0_cycle1_af2pred.pdb,SLSSLLRRLLRLLAR,1.41E-05
APP_binder_15_863_dldesign_0_cycle1_af2pred.pdb,SDDKQLLAELLSSLH,3.35E-05
APP_binder_15_864_dldesign_0_cycle1_af2pred.pdb,ARELVDDLDDDDLDA,0.001608937
APP_binder_15_865_dldesign_0_cycle1_af2pred.pdb,GGAVTTWRKPRRAPP,0.002237161
APP_binder_15_866_dldesign_0_cycle1_af2pred.pdb,SGLLKQALARLLLLG,0.00343278
APP_binder_15_867_dldesign_0_cycle1_af2pred.pdb,DDALLQRLLAALERG,0.000355934
APP_binder_15_868_dldesign_0_cycle1_af2pred.pdb,SAAEQVRLQQLLDDL,0.00038841
APP_binder_15_869_dldesign_0_cycle1_af2pred.pdb,AAALDQADKRLLQRL,0.002618799
APP_binder_15_86_dldesign_0_cycle1_af2pred.pdb,LEDDITALRKALRAA,0.003113743
APP_binder_15_870_dldesign_0_cycle1_af2pred.pdb,SAVEERRLAALLSEL,1.50E-05
APP_binder_15_871_dldesign_0_cycle1_af2pred.pdb,SRALEQRLADLAAQA,5.14E-05
APP_binder_15_872_dldesign_0_cycle1_af2pred.pdb,GSSNYAPRVRVDVLP,0.000463394
APP_binder_15_873_dldesign_0_cycle1_af2pred.pdb,GLALERLLRDLGLLL,3.05E-05
APP_binder_15_874_dldesign_0_cycle1_af2pred.pdb,LEEVPEEEALARNLA,0.000214379
APP_binder_15_875_dldesign_0_cycle1_af2pred.pdb,DQLDRQLALELLRRA,0.000335398
APP_binder_15_876_dldesign_0_cycle1_af2pred.pdb,SGRALRRLLRELLAA,0.000103515
APP_binder_15_877_dldesign_0_cycle1_af2pred.pdb,NAAAAARRAARALAL,0.000413558
APP_binder_15_878_dldesign_0_cycle1_af2pred.pdb,SLADLIAELLAELLE,3.32E-05
APP_binder_15_879_dldesign_0_cycle1_af2pred.pdb,SIEERLALRQLQGLA,3.21E-05
APP_binder_15_87_dldesign_0_cycle1_af2pred.pdb,SALAELLAAEQAKLG,0.00062407
APP_binder_15_880_dldesign_0_cycle1_af2pred.pdb,AAGLDQRQAFLDALA,0.000105759
APP_binder_15_881_dldesign_0_cycle1_af2pred.pdb,SLAALLALRRLLDES,0.000451646
APP_binder_15_882_dldesign_0_cycle1_af2pred.pdb,LSLLLRSLLQRLLLL,1.96E-05
APP_binder_15_883_dldesign_0_cycle1_af2pred.pdb,SPELRLLLKNLLAAA,1.87E-05
APP_binder_15_884_dldesign_0_cycle1_af2pred.pdb,SSLLLQLARYLLQRL,1.10E-05
APP_binder_15_885_dldesign_0_cycle1_af2pred.pdb,PFRVRVPGPEVLVLP,0.008531396
APP_binder_15_886_dldesign_0_cycle1_af2pred.pdb,SAVRLAMLLQQALLS,0.001284804
APP_binder_15_887_dldesign_0_cycle1_af2pred.pdb,SDKRLLDRLLQSLLE,0.002333022
APP_binder_15_888_dldesign_0_cycle1_af2pred.pdb,SYNLELLELQRLLNE,0.000603505
APP_binder_15_889_dldesign_0_cycle1_af2pred.pdb,SLRRLERLDRIDAAA,0.001044617
APP_binder_15_88_dldesign_0_cycle1_af2pred.pdb,STPVLTEAESVPPRL,0.000509256
APP_binder_15_890_dldesign_0_cycle1_af2pred.pdb,DLLEELLLAPKPPVR,6.56E-06
APP_binder_15_891_dldesign_0_cycle1_af2pred.pdb,MTAEAEAAAAAARAG,0.000590526
APP_binder_15_892_dldesign_0_cycle1_af2pred.pdb,MSDELQNLLNELDAG,4.39E-05
APP_binder_15_893_dldesign_0_cycle1_af2pred.pdb,SLLARLSRLLQLLLE,8.49E-05
APP_binder_15_894_dldesign_0_cycle1_af2pred.pdb,DLLRLLRVLLSRLLS,0.001616649
APP_binder_15_895_dldesign_0_cycle1_af2pred.pdb,SVRAQMLAQQDALLA,3.63E-05
APP_binder_15_896_dldesign_0_cycle1_af2pred.pdb,DEVELRRLLYKLLQS,0.000465828
APP_binder_15_897_dldesign_0_cycle1_af2pred.pdb,SADLDQQLDREDDAL,0.000520869
APP_binder_15_898_dldesign_0_cycle1_af2pred.pdb,SRALADDELDDELDA,3.03E-05
APP_binder_15_899_dldesign_0_cycle1_af2pred.pdb,DDDDLLALKTELLRP,0.000249616
APP_binder_15_89_dldesign_0_cycle1_af2pred.pdb,SGLLKRLLSRLDQLA,0.042842511
APP_binder_15_8_dldesign_0_cycle1_af2pred.pdb,ETVVHFVEGPPVPRL,0.000547658
APP_binder_15_900_dldesign_0_cycle1_af2pred.pdb,SNRLQLLQRRLAALA,0.001155683
APP_binder_15_901_dldesign_0_cycle1_af2pred.pdb,LVNEVDEELLEELEE,0.000485755
APP_binder_15_902_dldesign_0_cycle1_af2pred.pdb,MDDKLLARDLAAALA,4.04E-05
APP_binder_15_903_dldesign_0_cycle1_af2pred.pdb,LEDLKQDLQDDLRDL,1.39E-05
APP_binder_15_904_dldesign_0_cycle1_af2pred.pdb,SAAELLASRLDSLLD,3.79E-05
APP_binder_15_905_dldesign_0_cycle1_af2pred.pdb,SDALKQLAIRLRELL,0.000675195
APP_binder_15_906_dldesign_0_cycle1_af2pred.pdb,LPAAARRAALLAALA,5.44E-06
APP_binder_15_907_dldesign_0_cycle1_af2pred.pdb,GPNAIYEPDVDALLP,0.001613011
APP_binder_15_908_dldesign_0_cycle1_af2pred.pdb,NLEADLDLLDDLADA,0.000947046
APP_binder_15_909_dldesign_0_cycle1_af2pred.pdb,SPLDLQTALLRALLA,7.65E-06
APP_binder_15_90_dldesign_0_cycle1_af2pred.pdb,AARDLARAAYLAAQQ,5.46E-06
APP_binder_15_910_dldesign_0_cycle1_af2pred.pdb,GELRRRLIEELRRLA,0.001943077
APP_binder_15_911_dldesign_0_cycle1_af2pred.pdb,LLRRLAALLLALLLS,0.00145447
APP_binder_15_912_dldesign_0_cycle1_af2pred.pdb,LGVLKALLQKLDDDL,3.24E-05
APP_binder_15_913_dldesign_0_cycle1_af2pred.pdb,SSALKRLLDKLLLDG,0.001432432
APP_binder_15_914_dldesign_0_cycle1_af2pred.pdb,SAAERALRRLLRRLL,0.000557009
APP_binder_15_915_dldesign_0_cycle1_af2pred.pdb,GHMPRHHVHVDDVLP,0.000312726
APP_binder_15_916_dldesign_0_cycle1_af2pred.pdb,SLSLLLRALLEHLAA,1.46E-05
APP_binder_15_917_dldesign_0_cycle1_af2pred.pdb,LARLLETLLTNLLID,0.000912572
APP_binder_15_918_dldesign_0_cycle1_af2pred.pdb,SLGLLLQLLNDDDDA,9.11E-06
APP_binder_15_919_dldesign_0_cycle1_af2pred.pdb,REEILLQLLLKELAQ,0.001955456
APP_binder_15_91_dldesign_0_cycle1_af2pred.pdb,SLLSELLRLLRSLLR,0.001052586
APP_binder_15_920_dldesign_0_cycle1_af2pred.pdb,SSASLLRALLRRLLR,0.000105621
APP_binder_15_921_dldesign_0_cycle1_af2pred.pdb,LSPEELDALRRALQR,3.73E-05
APP_binder_15_922_dldesign_0_cycle1_af2pred.pdb,SLAESLALALAQKLG,2.13E-05
APP_binder_15_923_dldesign_0_cycle1_af2pred.pdb,PEEDRAQQLDNELAA,1.83E-05
APP_binder_15_924_dldesign_0_cycle1_af2pred.pdb,GAAAANAASQAAAAA,0.000672819
APP_binder_15_925_dldesign_0_cycle1_af2pred.pdb,GPLLAALAAAAAAAA,1.61E-05
APP_binder_15_926_dldesign_0_cycle1_af2pred.pdb,RLSLLLRKALLNAAS,2.06E-05
APP_binder_15_927_dldesign_0_cycle1_af2pred.pdb,GALLNALLRRLLLAG,0.013334504
APP_binder_15_928_dldesign_0_cycle1_af2pred.pdb,SRLARELISALIRAP,0.003739426
APP_binder_15_929_dldesign_0_cycle1_af2pred.pdb,SGLLRQLDARLAALA,0.000194744
APP_binder_15_92_dldesign_0_cycle1_af2pred.pdb,SPLLQLLQALIRLLQ,2.88E-05
APP_binder_15_930_dldesign_0_cycle1_af2pred.pdb,SEANRLLRLLGRLLS,0.000376013
APP_binder_15_931_dldesign_0_cycle1_af2pred.pdb,ALAARLARLAALAAA,0.000105775
APP_binder_15_932_dldesign_0_cycle1_af2pred.pdb,GVRHRKLTPEEELLL,0.004702363
APP_binder_15_933_dldesign_0_cycle1_af2pred.pdb,APAAYLAALAALLAA,0.001532393
APP_binder_15_934_dldesign_0_cycle1_af2pred.pdb,SLKSLLQELDDLLDA,0.000275765
APP_binder_15_935_dldesign_0_cycle1_af2pred.pdb,LDDLLEELLALLRRE,0.000549602
APP_binder_15_936_dldesign_0_cycle1_af2pred.pdb,GLDQQLLQLLRRLLP,8.62E-05
APP_binder_15_937_dldesign_0_cycle1_af2pred.pdb,STFALRLRPEALAEL,1.60E-05
APP_binder_15_938_dldesign_0_cycle1_af2pred.pdb,SAAPRSAAPAGPVVE,0.000292928
APP_binder_15_939_dldesign_0_cycle1_af2pred.pdb,LSLARLLQRLLQELL,3.82E-05
APP_binder_15_93_dldesign_0_cycle1_af2pred.pdb,GLEEDREESEDRYLA,6.95E-06
APP_binder_15_940_dldesign_0_cycle1_af2pred.pdb,MTAEELATALAAALA,9.50E-06
APP_binder_15_941_dldesign_0_cycle1_af2pred.pdb,SLLDLLLERLLRALK,1.83E-05
APP_binder_15_942_dldesign_0_cycle1_af2pred.pdb,DLARLLKLALQRALP,0.001300469
APP_binder_15_943_dldesign_0_cycle1_af2pred.pdb,GVPVPAPRVVYLFGP,0.00546932
APP_binder_15_944_dldesign_0_cycle1_af2pred.pdb,DDAALLESLLAELLE,8.18E-05
APP_binder_15_945_dldesign_0_cycle1_af2pred.pdb,RAETLDDADDDDDAD,0.001726864
APP_binder_15_946_dldesign_0_cycle1_af2pred.pdb,DSARILAARLAELDR,0.000813829
APP_binder_15_947_dldesign_0_cycle1_af2pred.pdb,DVLLDLKELLLKLAA,0.000161349
APP_binder_15_948_dldesign_0_cycle1_af2pred.pdb,ALRALRRALRAAKRA,0.000243952
APP_binder_15_949_dldesign_0_cycle1_af2pred.pdb,SPEALARLSRALALA,0.002204424
APP_binder_15_94_dldesign_0_cycle1_af2pred.pdb,SLTLLLLDDADDDAA,8.70E-05
APP_binder_15_950_dldesign_0_cycle1_af2pred.pdb,GSRLLRRLLRLLSAS,4.49E-05
APP_binder_15_951_dldesign_0_cycle1_af2pred.pdb,GLFPRPRVVLPEVLP,0.006119378
APP_binder_15_952_dldesign_0_cycle1_af2pred.pdb,SGSLRKAAKLLELLD,0.00040193
APP_binder_15_953_dldesign_0_cycle1_af2pred.pdb,EVPVLRSVQRKPLPP,0.000369268
APP_binder_15_954_dldesign_0_cycle1_af2pred.pdb,MLLARLRRLLLELLS,0.000158582
APP_binder_15_955_dldesign_0_cycle1_af2pred.pdb,YEEYLEEKLDLQDLL,0.000544375
APP_binder_15_956_dldesign_0_cycle1_af2pred.pdb,SDVPVLRQVKDPSLL,0.001130837
APP_binder_15_957_dldesign_0_cycle1_af2pred.pdb,DVAVTEEELDDLLDE,0.023961348
APP_binder_15_958_dldesign_0_cycle1_af2pred.pdb,GSSADLAADLADLLA,1.32E-05
APP_binder_15_959_dldesign_0_cycle1_af2pred.pdb,AAALAAQALAADLAA,4.64E-06
APP_binder_15_95_dldesign_0_cycle1_af2pred.pdb,SALLDAADDDDDDDD,0.000137026
APP_binder_15_960_dldesign_0_cycle1_af2pred.pdb,HLARYLARLLAQLLP,0.000163459
APP_binder_15_961_dldesign_0_cycle1_af2pred.pdb,PTTVVVVTEPTPPLT,0.000212147
APP_binder_15_962_dldesign_0_cycle1_af2pred.pdb,AAKALRAAALAASLA,0.000519835
APP_binder_15_963_dldesign_0_cycle1_af2pred.pdb,SLYEDLYQELQDLLN,0.000604603
APP_binder_15_964_dldesign_0_cycle1_af2pred.pdb,SSLSRQRSLAYALAP,0.006552459
APP_binder_15_965_dldesign_0_cycle1_af2pred.pdb,GSLLKSLLARLLHRL,0.000769719
APP_binder_15_966_dldesign_0_cycle1_af2pred.pdb,SAALLQLYQELDDLA,3.93E-05
APP_binder_15_967_dldesign_0_cycle1_af2pred.pdb,DLEELLRKLLYNLLS,0.000414507
APP_binder_15_968_dldesign_0_cycle1_af2pred.pdb,SAALLNALQRALQDA,0.002054203
APP_binder_15_969_dldesign_0_cycle1_af2pred.pdb,SLNDLRNLLALLTRA,0.000383686
APP_binder_15_96_dldesign_0_cycle1_af2pred.pdb,PLLPVDVSVEDDDEE,0.000845476
APP_binder_15_970_dldesign_0_cycle1_af2pred.pdb,DSLPLDRLQQELLDG,0.000473906
APP_binder_15_971_dldesign_0_cycle1_af2pred.pdb,GEYPLLPAGVLVTRP,6.07E-05
APP_binder_15_972_dldesign_0_cycle1_af2pred.pdb,SEALRLLLDLKSLLL,0.001928137
APP_binder_15_973_dldesign_0_cycle1_af2pred.pdb,VVSKPVHVSAEDLVE,1.39E-05
APP_binder_15_974_dldesign_0_cycle1_af2pred.pdb,SDLARLERLLERLLN,3.58E-05
APP_binder_15_975_dldesign_0_cycle1_af2pred.pdb,DLGEDRRDDEDDDDD,0.00033082
APP_binder_15_976_dldesign_0_cycle1_af2pred.pdb,VVYVTQEELLDLLDD,0.000728375
APP_binder_15_977_dldesign_0_cycle1_af2pred.pdb,SQAALLAAQDAALAA,0.000681366
APP_binder_15_978_dldesign_0_cycle1_af2pred.pdb,ADDKALEQALRRALL,0.001822331
APP_binder_15_979_dldesign_0_cycle1_af2pred.pdb,STLTVRSVAPVLRLP,8.40E-05
APP_binder_15_97_dldesign_0_cycle1_af2pred.pdb,SAEDSAALSALLAAA,0.008266757
APP_binder_15_980_dldesign_0_cycle1_af2pred.pdb,SALLQQLLDDLLAAA,8.54E-06
APP_binder_15_981_dldesign_0_cycle1_af2pred.pdb,SLLARLRRLLQLLDD,0.000158979
APP_binder_15_982_dldesign_0_cycle1_af2pred.pdb,PSVNTEDRPVPVYPP,0.001625021
APP_binder_15_983_dldesign_0_cycle1_af2pred.pdb,SLPKVAQVPNTGPKL,0.000216619
APP_binder_15_984_dldesign_0_cycle1_af2pred.pdb,DSALLRALRRLLRRL,0.004512913
APP_binder_15_985_dldesign_0_cycle1_af2pred.pdb,GPVLSEASDEVTELR,0.000295513
APP_binder_15_986_dldesign_0_cycle1_af2pred.pdb,PVVLGERIPVSAPVL,0.001224096
APP_binder_15_987_dldesign_0_cycle1_af2pred.pdb,MPLSEILALAKALQA,0.000884979
APP_binder_15_988_dldesign_0_cycle1_af2pred.pdb,VLAPPSVKPVPPLPY,0.003472236
APP_binder_15_989_dldesign_0_cycle1_af2pred.pdb,RDLATLLAILAQRLA,0.001730849
APP_binder_15_98_dldesign_0_cycle1_af2pred.pdb,APSRAEKLAEQDDLD,0.000401503
APP_binder_15_990_dldesign_0_cycle1_af2pred.pdb,SLALLQALKRLLDGL,0.001172869
APP_binder_15_991_dldesign_0_cycle1_af2pred.pdb,SRAAYLQKLADLAAS,1.84E-05
APP_binder_15_992_dldesign_0_cycle1_af2pred.pdb,GLIEDLNDDIDDDDD,0.000144875
APP_binder_15_993_dldesign_0_cycle1_af2pred.pdb,SQLLLDLLQSLLNGP,3.92E-05
APP_binder_15_994_dldesign_0_cycle1_af2pred.pdb,PLAAALALKAAAAAA,0.000530824
APP_binder_15_995_dldesign_0_cycle1_af2pred.pdb,SLSAALRAATLAKLA,2.43E-05
APP_binder_15_996_dldesign_0_cycle1_af2pred.pdb,SRERLRALARALATE,0.002024017
APP_binder_15_997_dldesign_0_cycle1_af2pred.pdb,SLLRLQRALQLLLDE,0.000964541
APP_binder_15_998_dldesign_0_cycle1_af2pred.pdb,LLEDLQQQLDVDDAA,3.41E-05
APP_binder_15_999_dldesign_0_cycle1_af2pred.pdb,ATLRQRPPIYYPPGP,0.011097409
APP_binder_15_99_dldesign_0_cycle1_af2pred.pdb,SSLLERLLKQLLLLP,0.000443467
APP_binder_15_9_dldesign_0_cycle1_af2pred.pdb,SAARLARLAKLLDQL,0.001978063
