Category,Sequence,B3P3
APP_binder_08_0_dldesign_0_cycle1_af2pred.pdb,AVAVPVDE,0.030194137
APP_binder_08_100_dldesign_0_cycle1_af2pred.pdb,SLPVARRP,0.042986985
APP_binder_08_101_dldesign_0_cycle1_af2pred.pdb,SAGVPARP,0.052706588
APP_binder_08_102_dldesign_0_cycle1_af2pred.pdb,PRPLPQRD,0.063522935
APP_binder_08_103_dldesign_0_cycle1_af2pred.pdb,SSLYPRKR,0.048151288
APP_binder_08_104_dldesign_0_cycle1_af2pred.pdb,GVPVPRRL,0.292343348
APP_binder_08_105_dldesign_0_cycle1_af2pred.pdb,SSLYVEVD,0.044375744
APP_binder_08_106_dldesign_0_cycle1_af2pred.pdb,GAPVKVAP,0.00496049
APP_binder_08_107_dldesign_0_cycle1_af2pred.pdb,GVTVARPP,0.026730856
APP_binder_08_108_dldesign_0_cycle1_af2pred.pdb,AKPVKAPA,0.015255301
APP_binder_08_109_dldesign_0_cycle1_af2pred.pdb,SVPTVRPA,0.031297173
APP_binder_08_10_dldesign_0_cycle1_af2pred.pdb,GAVPRQLP,0.022172255
APP_binder_08_110_dldesign_0_cycle1_af2pred.pdb,GVPVPRRP,0.313925505
APP_binder_08_111_dldesign_0_cycle1_af2pred.pdb,SRLLLKEL,0.054950889
APP_binder_08_112_dldesign_0_cycle1_af2pred.pdb,RPPPVRAP,0.717342854
APP_binder_08_113_dldesign_0_cycle1_af2pred.pdb,PPVLRLPP,0.053304389
APP_binder_08_114_dldesign_0_cycle1_af2pred.pdb,EPPALRRP,0.043608382
APP_binder_08_115_dldesign_0_cycle1_af2pred.pdb,GSVFRRLP,0.012161664
APP_binder_08_116_dldesign_0_cycle1_af2pred.pdb,MVAPIKVP,0.008421337
APP_binder_08_117_dldesign_0_cycle1_af2pred.pdb,GAVPRPPL,0.004113412
APP_binder_08_118_dldesign_0_cycle1_af2pred.pdb,APVLRQLP,0.023420667
APP_binder_08_119_dldesign_0_cycle1_af2pred.pdb,GAHHVRVP,4.60E-05
APP_binder_08_11_dldesign_0_cycle1_af2pred.pdb,APTVSREA,0.004639796
APP_binder_08_120_dldesign_0_cycle1_af2pred.pdb,GFTPKRVP,0.003416548
APP_binder_08_121_dldesign_0_cycle1_af2pred.pdb,SVNHLHLP,0.003317463
APP_binder_08_122_dldesign_0_cycle1_af2pred.pdb,GSTLRRRP,0.006644332
APP_binder_08_123_dldesign_0_cycle1_af2pred.pdb,HMRYYLEA,0.009648588
APP_binder_08_124_dldesign_0_cycle1_af2pred.pdb,GSTPLPAL,0.009947268
APP_binder_08_125_dldesign_0_cycle1_af2pred.pdb,GTPVKVSA,0.002388237
APP_binder_08_126_dldesign_0_cycle1_af2pred.pdb,MAVLAGPA,0.005750914
APP_binder_08_127_dldesign_0_cycle1_af2pred.pdb,EVPVLKSV,0.004245856
APP_binder_08_128_dldesign_0_cycle1_af2pred.pdb,SLPTLRLR,0.010948638
APP_binder_08_129_dldesign_0_cycle1_af2pred.pdb,MTPVYVSL,0.000257571
APP_binder_08_12_dldesign_0_cycle1_af2pred.pdb,MRNYVLAA,0.009442147
APP_binder_08_130_dldesign_0_cycle1_af2pred.pdb,GSVLRRAP,0.061237279
APP_binder_08_131_dldesign_0_cycle1_af2pred.pdb,SLPTLTPR,0.073347323
APP_binder_08_132_dldesign_0_cycle1_af2pred.pdb,PRPPYVPP,0.92521137
APP_binder_08_133_dldesign_0_cycle1_af2pred.pdb,GGVPRRVP,0.025553757
APP_binder_08_134_dldesign_0_cycle1_af2pred.pdb,PPVPHLPP,0.005098522
APP_binder_08_135_dldesign_0_cycle1_af2pred.pdb,PTALPLPP,0.040935997
APP_binder_08_136_dldesign_0_cycle1_af2pred.pdb,VVYTPKRP,0.029066069
APP_binder_08_137_dldesign_0_cycle1_af2pred.pdb,SLPKVVTL,0.054071162
APP_binder_08_138_dldesign_0_cycle1_af2pred.pdb,SVPVRLLP,0.033939704
APP_binder_08_139_dldesign_0_cycle1_af2pred.pdb,PSAIKLPA,0.051079001
APP_binder_08_13_dldesign_0_cycle1_af2pred.pdb,SLPTLRLP,0.059622746
APP_binder_08_140_dldesign_0_cycle1_af2pred.pdb,GQLPALPP,0.052068874
APP_binder_08_141_dldesign_0_cycle1_af2pred.pdb,AVPLPAPP,0.006867731
APP_binder_08_142_dldesign_0_cycle1_af2pred.pdb,GVPVLRRP,0.010733888
APP_binder_08_143_dldesign_0_cycle1_af2pred.pdb,VRPAAPLP,0.040191144
APP_binder_08_144_dldesign_0_cycle1_af2pred.pdb,GHRHVPAP,0.024045717
APP_binder_08_145_dldesign_0_cycle1_af2pred.pdb,GATLRQIL,0.026966624
APP_binder_08_146_dldesign_0_cycle1_af2pred.pdb,PTVAPPPA,0.004554671
APP_binder_08_147_dldesign_0_cycle1_af2pred.pdb,SSVPVPKR,0.001301139
APP_binder_08_148_dldesign_0_cycle1_af2pred.pdb,SIVRVKAL,0.010488327
APP_binder_08_149_dldesign_0_cycle1_af2pred.pdb,SLEERLLA,0.01314719
APP_binder_08_14_dldesign_0_cycle1_af2pred.pdb,VTLASVPP,0.006488464
APP_binder_08_150_dldesign_0_cycle1_af2pred.pdb,SVRPGVPE,0.000121689
APP_binder_08_151_dldesign_0_cycle1_af2pred.pdb,GSVNFRAP,0.001181091
APP_binder_08_152_dldesign_0_cycle1_af2pred.pdb,GGTLVQLP,0.003036631
APP_binder_08_153_dldesign_0_cycle1_af2pred.pdb,SSPPVLKR,0.008407628
APP_binder_08_154_dldesign_0_cycle1_af2pred.pdb,SEPVLVAA,0.006787829
APP_binder_08_155_dldesign_0_cycle1_af2pred.pdb,SVEPVEVL,0.004257697
APP_binder_08_156_dldesign_0_cycle1_af2pred.pdb,PPPPKVRR,0.00602045
APP_binder_08_157_dldesign_0_cycle1_af2pred.pdb,GGVLRVPP,0.001838991
APP_binder_08_158_dldesign_0_cycle1_af2pred.pdb,TVLTPKRV,0.001406293
APP_binder_08_159_dldesign_0_cycle1_af2pred.pdb,PSAVRVAA,0.001889655
APP_binder_08_15_dldesign_0_cycle1_af2pred.pdb,SGTLRKPR,0.030823311
APP_binder_08_160_dldesign_0_cycle1_af2pred.pdb,GSTLARVP,0.006470142
APP_binder_08_161_dldesign_0_cycle1_af2pred.pdb,GATILPEP,0.018227927
APP_binder_08_162_dldesign_0_cycle1_af2pred.pdb,PGVARQLP,0.033278137
APP_binder_08_163_dldesign_0_cycle1_af2pred.pdb,GVYTPRRP,0.026734428
APP_binder_08_164_dldesign_0_cycle1_af2pred.pdb,SKDLSLAA,0.031420816
APP_binder_08_165_dldesign_0_cycle1_af2pred.pdb,GVTTKVAT,0.030628465
APP_binder_08_166_dldesign_0_cycle1_af2pred.pdb,GTPRPLLP,0.004217443
APP_binder_08_167_dldesign_0_cycle1_af2pred.pdb,GEVVEVEA,0.061718568
APP_binder_08_168_dldesign_0_cycle1_af2pred.pdb,APVWTTHS,0.053335756
APP_binder_08_169_dldesign_0_cycle1_af2pred.pdb,GVSTLAYP,0.012607764
APP_binder_08_16_dldesign_0_cycle1_af2pred.pdb,SAVPYVPP,0.090131298
APP_binder_08_170_dldesign_0_cycle1_af2pred.pdb,MYVRVPAP,0.02561754
APP_binder_08_171_dldesign_0_cycle1_af2pred.pdb,GSVLAVLP,0.02640507
APP_binder_08_172_dldesign_0_cycle1_af2pred.pdb,SLPTLRYR,0.044403568
APP_binder_08_173_dldesign_0_cycle1_af2pred.pdb,PEVYTVAR,0.010504023
APP_binder_08_174_dldesign_0_cycle1_af2pred.pdb,NIPPLVSP,0.011725212
APP_binder_08_175_dldesign_0_cycle1_af2pred.pdb,GRGVRRPA,0.029240254
APP_binder_08_176_dldesign_0_cycle1_af2pred.pdb,GSVLRRLP,0.049278162
APP_binder_08_177_dldesign_0_cycle1_af2pred.pdb,GPRSVPAP,0.057404667
APP_binder_08_178_dldesign_0_cycle1_af2pred.pdb,VTVRHPQP,0.004123973
APP_binder_08_179_dldesign_0_cycle1_af2pred.pdb,SVLVVHLP,0.004951238
APP_binder_08_17_dldesign_0_cycle1_af2pred.pdb,HMGPVVYE,0.008892144
APP_binder_08_180_dldesign_0_cycle1_af2pred.pdb,PTAVKVAA,0.00332603
APP_binder_08_181_dldesign_0_cycle1_af2pred.pdb,SLPVLRPG,0.004073064
APP_binder_08_182_dldesign_0_cycle1_af2pred.pdb,VRPGLKVA,0.000971248
APP_binder_08_183_dldesign_0_cycle1_af2pred.pdb,GARVVLDD,0.000214514
APP_binder_08_184_dldesign_0_cycle1_af2pred.pdb,GTVYTPKR,0.000526486
APP_binder_08_185_dldesign_0_cycle1_af2pred.pdb,EIVHVKAL,0.005206862
APP_binder_08_186_dldesign_0_cycle1_af2pred.pdb,TITVLPLL,0.008252159
APP_binder_08_187_dldesign_0_cycle1_af2pred.pdb,TTLKTYTP,0.004856153
APP_binder_08_188_dldesign_0_cycle1_af2pred.pdb,SLPTLRQL,0.006824389
APP_binder_08_189_dldesign_0_cycle1_af2pred.pdb,GVPRRPGD,0.000495751
APP_binder_08_18_dldesign_0_cycle1_af2pred.pdb,GVSFTERP,0.003356532
APP_binder_08_190_dldesign_0_cycle1_af2pred.pdb,PLNLTLTP,0.004425091
APP_binder_08_191_dldesign_0_cycle1_af2pred.pdb,SFTLRPRL,0.011135451
APP_binder_08_192_dldesign_0_cycle1_af2pred.pdb,ELRYILEE,0.018595243
APP_binder_08_193_dldesign_0_cycle1_af2pred.pdb,GPRNPSAE,0.008060475
APP_binder_08_194_dldesign_0_cycle1_af2pred.pdb,PVLNEVPR,0.010802455
APP_binder_08_195_dldesign_0_cycle1_af2pred.pdb,PVPVPLLE,0.040926762
APP_binder_08_196_dldesign_0_cycle1_af2pred.pdb,GSVPRVVT,0.013624259
APP_binder_08_197_dldesign_0_cycle1_af2pred.pdb,GYTLKQKP,0.007448773
APP_binder_08_198_dldesign_0_cycle1_af2pred.pdb,GVVYTPRT,0.000856172
APP_binder_08_199_dldesign_0_cycle1_af2pred.pdb,MVYTVRPA,0.014341475
APP_binder_08_19_dldesign_0_cycle1_af2pred.pdb,GTVVLPAP,0.000289741
APP_binder_08_1_dldesign_0_cycle1_af2pred.pdb,SAVPRRRP,0.014733315
APP_binder_08_200_dldesign_0_cycle1_af2pred.pdb,GSSTLASV,0.012752628
APP_binder_08_201_dldesign_0_cycle1_af2pred.pdb,APVLRQAP,0.03840654
APP_binder_08_202_dldesign_0_cycle1_af2pred.pdb,SLPTLRRP,0.024643175
APP_binder_08_203_dldesign_0_cycle1_af2pred.pdb,GSTVVLVP,0.031670824
APP_binder_08_204_dldesign_0_cycle1_af2pred.pdb,GPAILEPE,0.015112124
APP_binder_08_205_dldesign_0_cycle1_af2pred.pdb,GVPRYASP,0.002713319
APP_binder_08_206_dldesign_0_cycle1_af2pred.pdb,PRAVKAPP,0.007704505
APP_binder_08_207_dldesign_0_cycle1_af2pred.pdb,DLPLLVQR,0.004169352
APP_binder_08_208_dldesign_0_cycle1_af2pred.pdb,GERELPAA,0.00844173
APP_binder_08_209_dldesign_0_cycle1_af2pred.pdb,GPKPVLLP,0.010246161
APP_binder_08_20_dldesign_0_cycle1_af2pred.pdb,SPVALPAP,0.000199573
APP_binder_08_210_dldesign_0_cycle1_af2pred.pdb,PEVLVARR,0.002043835
APP_binder_08_211_dldesign_0_cycle1_af2pred.pdb,MTAPVYVA,0.004082015
APP_binder_08_212_dldesign_0_cycle1_af2pred.pdb,GSSAVPAL,0.000542214
APP_binder_08_213_dldesign_0_cycle1_af2pred.pdb,SVPLLVQR,0.001656473
APP_binder_08_214_dldesign_0_cycle1_af2pred.pdb,GVYVPRRP,0.000155791
APP_binder_08_215_dldesign_0_cycle1_af2pred.pdb,SLPALRRV,0.004726293
APP_binder_08_216_dldesign_0_cycle1_af2pred.pdb,SSTLPVRP,0.012391539
APP_binder_08_217_dldesign_0_cycle1_af2pred.pdb,SYTVKNVN,0.000432063
APP_binder_08_218_dldesign_0_cycle1_af2pred.pdb,APTLRPAL,0.014930255
APP_binder_08_219_dldesign_0_cycle1_af2pred.pdb,PHVKVAAP,8.38E-05
APP_binder_08_21_dldesign_0_cycle1_af2pred.pdb,GVSVPRYR,0.048549224
APP_binder_08_220_dldesign_0_cycle1_af2pred.pdb,LPQSLAEE,0.004296496
APP_binder_08_221_dldesign_0_cycle1_af2pred.pdb,STPVRVSP,0.00082708
APP_binder_08_222_dldesign_0_cycle1_af2pred.pdb,GSVTLVAP,0.007208217
APP_binder_08_223_dldesign_0_cycle1_af2pred.pdb,GYTLRQLP,0.007612622
APP_binder_08_224_dldesign_0_cycle1_af2pred.pdb,GHVKVDLP,0.022198075
APP_binder_08_225_dldesign_0_cycle1_af2pred.pdb,TVYTPKSV,0.005951198
APP_binder_08_226_dldesign_0_cycle1_af2pred.pdb,SATPRQLP,0.016011488
APP_binder_08_227_dldesign_0_cycle1_af2pred.pdb,MVFTPRRP,0.014214309
APP_binder_08_228_dldesign_0_cycle1_af2pred.pdb,GERRARPA,0.022772949
APP_binder_08_229_dldesign_0_cycle1_af2pred.pdb,SVPVLKRV,0.008636321
APP_binder_08_22_dldesign_0_cycle1_af2pred.pdb,GPRRVLAA,0.010200012
APP_binder_08_230_dldesign_0_cycle1_af2pred.pdb,ATLRSVPP,0.00767175
APP_binder_08_231_dldesign_0_cycle1_af2pred.pdb,PIAVPPPP,0.007618897
APP_binder_08_232_dldesign_0_cycle1_af2pred.pdb,PLRYVLVP,0.004870031
APP_binder_08_233_dldesign_0_cycle1_af2pred.pdb,GVPVLRVR,0.00193613
APP_binder_08_234_dldesign_0_cycle1_af2pred.pdb,PTQHLFEP,0.012610275
APP_binder_08_235_dldesign_0_cycle1_af2pred.pdb,MSGVPVAL,0.022993667
APP_binder_08_236_dldesign_0_cycle1_af2pred.pdb,VKPRIVLT,0.003867309
APP_binder_08_237_dldesign_0_cycle1_af2pred.pdb,GVTLAQLP,0.001910945
APP_binder_08_238_dldesign_0_cycle1_af2pred.pdb,SLPTVKRR,0.093547732
APP_binder_08_239_dldesign_0_cycle1_af2pred.pdb,GSVLRSVP,0.106968842
APP_binder_08_23_dldesign_0_cycle1_af2pred.pdb,MTRRHRKA,0.078723118
APP_binder_08_240_dldesign_0_cycle1_af2pred.pdb,PAIYLPAL,0.083066188
APP_binder_08_241_dldesign_0_cycle1_af2pred.pdb,GVVPRRRP,0.048091248
APP_binder_08_242_dldesign_0_cycle1_af2pred.pdb,GPTLRRRP,0.068998449
APP_binder_08_243_dldesign_0_cycle1_af2pred.pdb,PVYVPAHP,0.064490855
APP_binder_08_244_dldesign_0_cycle1_af2pred.pdb,SRAVRVPA,0.089114353
APP_binder_08_245_dldesign_0_cycle1_af2pred.pdb,PLPRVATP,0.066047519
APP_binder_08_246_dldesign_0_cycle1_af2pred.pdb,SLAIPVPA,0.093134187
APP_binder_08_247_dldesign_0_cycle1_af2pred.pdb,RPPVLVPA,0.027081231
APP_binder_08_248_dldesign_0_cycle1_af2pred.pdb,SVNTWTPP,0.058207687
APP_binder_08_249_dldesign_0_cycle1_af2pred.pdb,GNHVPLPL,0.065785706
APP_binder_08_24_dldesign_0_cycle1_af2pred.pdb,SVLTLKQR,0.080556206
APP_binder_08_250_dldesign_0_cycle1_af2pred.pdb,GSVLRSRG,0.097927347
APP_binder_08_251_dldesign_0_cycle1_af2pred.pdb,SVNTLKRV,0.075593084
APP_binder_08_252_dldesign_0_cycle1_af2pred.pdb,GVSVAQAP,0.01964597
APP_binder_08_253_dldesign_0_cycle1_af2pred.pdb,PTSVPASP,0.0047415
APP_binder_08_254_dldesign_0_cycle1_af2pred.pdb,MAVPLPAP,0.006179535
APP_binder_08_255_dldesign_0_cycle1_af2pred.pdb,STSGLPAL,0.014000339
APP_binder_08_256_dldesign_0_cycle1_af2pred.pdb,SLPVLKRA,0.016207393
APP_binder_08_257_dldesign_0_cycle1_af2pred.pdb,LPPAELAP,0.025243118
APP_binder_08_258_dldesign_0_cycle1_af2pred.pdb,SLILKELP,0.013721697
APP_binder_08_259_dldesign_0_cycle1_af2pred.pdb,HMRHVPAP,0.0087499
APP_binder_08_25_dldesign_0_cycle1_af2pred.pdb,TLYPLAVS,0.002538872
APP_binder_08_260_dldesign_0_cycle1_af2pred.pdb,GSVLASRP,0.019056549
APP_binder_08_261_dldesign_0_cycle1_af2pred.pdb,MFVEVSPP,0.015335611
APP_binder_08_262_dldesign_0_cycle1_af2pred.pdb,SVVSGERP,0.066229656
APP_binder_08_263_dldesign_0_cycle1_af2pred.pdb,PRPPRPPP,0.728281498
APP_binder_08_264_dldesign_0_cycle1_af2pred.pdb,DLATLLNL,0.025156317
APP_binder_08_265_dldesign_0_cycle1_af2pred.pdb,ARHVPALP,0.015979454
APP_binder_08_266_dldesign_0_cycle1_af2pred.pdb,PVKVASPS,0.004828155
APP_binder_08_267_dldesign_0_cycle1_af2pred.pdb,PVNLVPPP,0.000499562
APP_binder_08_268_dldesign_0_cycle1_af2pred.pdb,VVVPRRVT,0.000100537
APP_binder_08_269_dldesign_0_cycle1_af2pred.pdb,GKPPVRVP,0.005290799
APP_binder_08_26_dldesign_0_cycle1_af2pred.pdb,GVPVFRRV,0.00026916
APP_binder_08_270_dldesign_0_cycle1_af2pred.pdb,RPPVYVAP,0.014836074
APP_binder_08_271_dldesign_0_cycle1_af2pred.pdb,PAVPAPPP,0.003614224
APP_binder_08_272_dldesign_0_cycle1_af2pred.pdb,VVLTPRRP,0.013945248
APP_binder_08_273_dldesign_0_cycle1_af2pred.pdb,EVLTARHP,0.016589658
APP_binder_08_274_dldesign_0_cycle1_af2pred.pdb,GSVLRSVP,0.029697413
APP_binder_08_275_dldesign_0_cycle1_af2pred.pdb,GGVPRPPR,0.002137343
APP_binder_08_276_dldesign_0_cycle1_af2pred.pdb,PTAVKVDV,0.015415354
APP_binder_08_277_dldesign_0_cycle1_af2pred.pdb,DAPQLLLP,0.02128154
APP_binder_08_278_dldesign_0_cycle1_af2pred.pdb,GRPIKAPP,0.0080768
APP_binder_08_279_dldesign_0_cycle1_af2pred.pdb,GVTLAAPP,0.004454424
APP_binder_08_27_dldesign_0_cycle1_af2pred.pdb,GVLVPRLP,0.000432036
APP_binder_08_280_dldesign_0_cycle1_af2pred.pdb,ELPEVRSA,0.016771913
APP_binder_08_281_dldesign_0_cycle1_af2pred.pdb,GFVLRRVP,0.014274147
APP_binder_08_282_dldesign_0_cycle1_af2pred.pdb,GAVALPAP,0.009305284
APP_binder_08_283_dldesign_0_cycle1_af2pred.pdb,SQQHVVEA,0.023705445
APP_binder_08_284_dldesign_0_cycle1_af2pred.pdb,GLHLSAAP,0.024788186
APP_binder_08_285_dldesign_0_cycle1_af2pred.pdb,SSRLYVPP,0.006289563
APP_binder_08_286_dldesign_0_cycle1_af2pred.pdb,AKPVKVAA,0.004177316
APP_binder_08_287_dldesign_0_cycle1_af2pred.pdb,PPPPRLAY,0.017784478
APP_binder_08_288_dldesign_0_cycle1_af2pred.pdb,GVLAPRLP,0.004583119
APP_binder_08_289_dldesign_0_cycle1_af2pred.pdb,GHHMTSSP,0.007289517
APP_binder_08_28_dldesign_0_cycle1_af2pred.pdb,AEPVYVPA,0.010207942
APP_binder_08_290_dldesign_0_cycle1_af2pred.pdb,PQAPLILE,0.013066469
APP_binder_08_291_dldesign_0_cycle1_af2pred.pdb,GPRYVKVA,0.000413439
APP_binder_08_292_dldesign_0_cycle1_af2pred.pdb,GGVALPLP,6.75E-05
APP_binder_08_293_dldesign_0_cycle1_af2pred.pdb,PVPAPRVT,0.024983905
APP_binder_08_294_dldesign_0_cycle1_af2pred.pdb,SGGPVKVP,0.003801694
APP_binder_08_295_dldesign_0_cycle1_af2pred.pdb,APVLRSVP,0.023068598
APP_binder_08_296_dldesign_0_cycle1_af2pred.pdb,SVVVPRQV,0.001826123
APP_binder_08_297_dldesign_0_cycle1_af2pred.pdb,STKPVRVA,0.004497196
APP_binder_08_298_dldesign_0_cycle1_af2pred.pdb,GVGTLVSR,0.001478072
APP_binder_08_299_dldesign_0_cycle1_af2pred.pdb,GRVRLQLP,0.014989939
APP_binder_08_29_dldesign_0_cycle1_af2pred.pdb,SSSVVVPA,0.004436797
APP_binder_08_2_dldesign_0_cycle1_af2pred.pdb,SLPLLVQR,0.010594463
APP_binder_08_300_dldesign_0_cycle1_af2pred.pdb,SSNYVLAA,0.010659611
APP_binder_08_301_dldesign_0_cycle1_af2pred.pdb,PAVLRFAP,0.004884237
APP_binder_08_302_dldesign_0_cycle1_af2pred.pdb,PLVPRSAS,0.004885785
APP_binder_08_303_dldesign_0_cycle1_af2pred.pdb,SLPKVAHV,0.007286599
APP_binder_08_304_dldesign_0_cycle1_af2pred.pdb,GGVPIQRP,0.006804332
APP_binder_08_305_dldesign_0_cycle1_af2pred.pdb,GPVVARPP,0.000660789
APP_binder_08_306_dldesign_0_cycle1_af2pred.pdb,GVVTPRHP,0.006703388
APP_binder_08_307_dldesign_0_cycle1_af2pred.pdb,PAVPLLPP,0.000393175
APP_binder_08_308_dldesign_0_cycle1_af2pred.pdb,GGTLRRVP,0.000121826
APP_binder_08_309_dldesign_0_cycle1_af2pred.pdb,ATAIKVSE,0.020267874
APP_binder_08_30_dldesign_0_cycle1_af2pred.pdb,GTPLVAQA,0.000709122
APP_binder_08_310_dldesign_0_cycle1_af2pred.pdb,GSVLKTAE,0.01385645
APP_binder_08_311_dldesign_0_cycle1_af2pred.pdb,RVLPPVLP,0.00342605
APP_binder_08_312_dldesign_0_cycle1_af2pred.pdb,PTAVPLLP,0.00430697
APP_binder_08_313_dldesign_0_cycle1_af2pred.pdb,GVLRLRLP,0.003297359
APP_binder_08_314_dldesign_0_cycle1_af2pred.pdb,SATLRPTS,0.007469182
APP_binder_08_315_dldesign_0_cycle1_af2pred.pdb,GGVLKSVN,5.30E-05
APP_binder_08_316_dldesign_0_cycle1_af2pred.pdb,SAVPRQVP,0.003375117
APP_binder_08_317_dldesign_0_cycle1_af2pred.pdb,VVYTPHVR,0.001062588
APP_binder_08_318_dldesign_0_cycle1_af2pred.pdb,PVVLRQVP,0.00145907
APP_binder_08_319_dldesign_0_cycle1_af2pred.pdb,GHGLAVPE,0.005300505
APP_binder_08_31_dldesign_0_cycle1_af2pred.pdb,ELRYVKVP,0.003192904
APP_binder_08_320_dldesign_0_cycle1_af2pred.pdb,EVPVFRRP,0.001872916
APP_binder_08_321_dldesign_0_cycle1_af2pred.pdb,SAVLRPSS,0.005042783
APP_binder_08_322_dldesign_0_cycle1_af2pred.pdb,GAVPAPPP,0.002495496
APP_binder_08_323_dldesign_0_cycle1_af2pred.pdb,SLPVYTLK,0.002929852
APP_binder_08_324_dldesign_0_cycle1_af2pred.pdb,SLPLLVAP,0.005316648
APP_binder_08_325_dldesign_0_cycle1_af2pred.pdb,AVALPYLP,0.011138034
APP_binder_08_326_dldesign_0_cycle1_af2pred.pdb,STLTPTRR,0.006755521
APP_binder_08_327_dldesign_0_cycle1_af2pred.pdb,GSVLRPRL,0.005757935
APP_binder_08_328_dldesign_0_cycle1_af2pred.pdb,SLPTLKSV,0.008448834
APP_binder_08_329_dldesign_0_cycle1_af2pred.pdb,GSTLRLPR,0.003783858
APP_binder_08_32_dldesign_0_cycle1_af2pred.pdb,SLPLLRRV,0.004973388
APP_binder_08_330_dldesign_0_cycle1_af2pred.pdb,KRLLQLLR,0.007886872
APP_binder_08_331_dldesign_0_cycle1_af2pred.pdb,GVTASELL,0.000999694
APP_binder_08_332_dldesign_0_cycle1_af2pred.pdb,SLPLLRPP,0.004031268
APP_binder_08_333_dldesign_0_cycle1_af2pred.pdb,PAVHVLEA,0.000498285
APP_binder_08_334_dldesign_0_cycle1_af2pred.pdb,HHNHHHVP,0.000111944
APP_binder_08_335_dldesign_0_cycle1_af2pred.pdb,FTPRKVYE,0.001856343
APP_binder_08_336_dldesign_0_cycle1_af2pred.pdb,RPRVVKAP,0.000256254
APP_binder_08_337_dldesign_0_cycle1_af2pred.pdb,MHSKIIKA,0.006092749
APP_binder_08_338_dldesign_0_cycle1_af2pred.pdb,SRLLRELA,0.006428174
APP_binder_08_339_dldesign_0_cycle1_af2pred.pdb,GVGTPHLR,4.90E-05
APP_binder_08_33_dldesign_0_cycle1_af2pred.pdb,GVPVPKLP,0.318464875
APP_binder_08_340_dldesign_0_cycle1_af2pred.pdb,GSLLVSLP,2.35E-05
APP_binder_08_341_dldesign_0_cycle1_af2pred.pdb,EVPWLRTP,0.000604132
APP_binder_08_342_dldesign_0_cycle1_af2pred.pdb,MSPAKPLP,0.00314345
APP_binder_08_343_dldesign_0_cycle1_af2pred.pdb,SLPLLVSP,0.005136809
APP_binder_08_344_dldesign_0_cycle1_af2pred.pdb,GVVALPAP,0.001908515
APP_binder_08_345_dldesign_0_cycle1_af2pred.pdb,PVNVVPKL,0.027324533
APP_binder_08_346_dldesign_0_cycle1_af2pred.pdb,SPVPRLRP,0.073054262
APP_binder_08_347_dldesign_0_cycle1_af2pred.pdb,PHVHPDAS,0.03141984
APP_binder_08_348_dldesign_0_cycle1_af2pred.pdb,GVLKRVLP,0.036073096
APP_binder_08_349_dldesign_0_cycle1_af2pred.pdb,AEPVYGDP,0.060777579
APP_binder_08_34_dldesign_0_cycle1_af2pred.pdb,SVPRLRPR,0.052658584
APP_binder_08_350_dldesign_0_cycle1_af2pred.pdb,GVPHHHLP,0.025661467
APP_binder_08_351_dldesign_0_cycle1_af2pred.pdb,SGTPIVYP,0.017372504
APP_binder_08_352_dldesign_0_cycle1_af2pred.pdb,AVPVKVAA,0.051828604
APP_binder_08_353_dldesign_0_cycle1_af2pred.pdb,SLPKLRVR,0.075885899
APP_binder_08_354_dldesign_0_cycle1_af2pred.pdb,SPVYHYHE,0.006294412
APP_binder_08_355_dldesign_0_cycle1_af2pred.pdb,GSVLRNTE,0.084766433
APP_binder_08_356_dldesign_0_cycle1_af2pred.pdb,GFTLRRRP,0.048995245
APP_binder_08_357_dldesign_0_cycle1_af2pred.pdb,GTVVHLPE,0.031751517
APP_binder_08_358_dldesign_0_cycle1_af2pred.pdb,GAPRLKAL,0.042725436
APP_binder_08_359_dldesign_0_cycle1_af2pred.pdb,GSVLGVRP,0.037784092
APP_binder_08_35_dldesign_0_cycle1_af2pred.pdb,GSVLRRAP,0.079619743
APP_binder_08_360_dldesign_0_cycle1_af2pred.pdb,PLLALLLA,0.101720139
APP_binder_08_361_dldesign_0_cycle1_af2pred.pdb,GPRVVPAP,0.003595183
APP_binder_08_362_dldesign_0_cycle1_af2pred.pdb,SVLVELPP,0.063554324
APP_binder_08_363_dldesign_0_cycle1_af2pred.pdb,GSAPVRVA,0.07579729
APP_binder_08_364_dldesign_0_cycle1_af2pred.pdb,PHVKVADP,0.073989891
APP_binder_08_365_dldesign_0_cycle1_af2pred.pdb,ATALPELK,0.103262395
APP_binder_08_366_dldesign_0_cycle1_af2pred.pdb,SLGVPVPA,0.08203131
APP_binder_08_367_dldesign_0_cycle1_af2pred.pdb,PLTGLPAL,0.105175838
APP_binder_08_368_dldesign_0_cycle1_af2pred.pdb,PAVPAPAL,0.077579774
APP_binder_08_369_dldesign_0_cycle1_af2pred.pdb,GVPRRLPP,0.042420961
APP_binder_08_36_dldesign_0_cycle1_af2pred.pdb,GSVLRPQR,0.102473512
APP_binder_08_370_dldesign_0_cycle1_af2pred.pdb,SPPIYGPP,0.079376236
APP_binder_08_371_dldesign_0_cycle1_af2pred.pdb,PVALPASP,0.071606085
APP_binder_08_372_dldesign_0_cycle1_af2pred.pdb,GVPRRVLP,0.05198352
APP_binder_08_373_dldesign_0_cycle1_af2pred.pdb,LRQLPELD,0.105850108
APP_binder_08_374_dldesign_0_cycle1_af2pred.pdb,PLPDVVLA,0.055185206
APP_binder_08_375_dldesign_0_cycle1_af2pred.pdb,SLPPVYLP,0.088378973
APP_binder_08_376_dldesign_0_cycle1_af2pred.pdb,PLPVARQV,0.000208448
APP_binder_08_377_dldesign_0_cycle1_af2pred.pdb,EPVILKAP,0.007960655
APP_binder_08_378_dldesign_0_cycle1_af2pred.pdb,SHHVKAPA,0.001008307
APP_binder_08_379_dldesign_0_cycle1_af2pred.pdb,TPRHLPEP,0.000759727
APP_binder_08_37_dldesign_0_cycle1_af2pred.pdb,GANHVLAA,0.002008925
APP_binder_08_380_dldesign_0_cycle1_af2pred.pdb,KITHVKVP,0.006923012
APP_binder_08_381_dldesign_0_cycle1_af2pred.pdb,GSVPRVRP,0.003688896
APP_binder_08_382_dldesign_0_cycle1_af2pred.pdb,SSVFRRLP,0.00536567
APP_binder_08_383_dldesign_0_cycle1_af2pred.pdb,HGHIVYVP,0.000483071
APP_binder_08_384_dldesign_0_cycle1_af2pred.pdb,GSTLRQRP,0.007804818
APP_binder_08_385_dldesign_0_cycle1_af2pred.pdb,APPVRVPA,0.003591215
APP_binder_08_386_dldesign_0_cycle1_af2pred.pdb,PPVLRPIS,0.002927077
APP_binder_08_387_dldesign_0_cycle1_af2pred.pdb,EVLTPTVA,0.003607717
APP_binder_08_388_dldesign_0_cycle1_af2pred.pdb,GLLTNSAP,0.007081599
APP_binder_08_389_dldesign_0_cycle1_af2pred.pdb,GSAPRLKA,0.010940806
APP_binder_08_38_dldesign_0_cycle1_af2pred.pdb,TTYTPRRP,0.000441829
APP_binder_08_390_dldesign_0_cycle1_af2pred.pdb,SEVPLVTP,0.007246071
APP_binder_08_391_dldesign_0_cycle1_af2pred.pdb,SRPHILEV,0.00090153
APP_binder_08_392_dldesign_0_cycle1_af2pred.pdb,ATRVRVPN,0.000506122
APP_binder_08_393_dldesign_0_cycle1_af2pred.pdb,GVTLRLPP,0.000426806
APP_binder_08_394_dldesign_0_cycle1_af2pred.pdb,PRHRPALP,0.008461205
APP_binder_08_395_dldesign_0_cycle1_af2pred.pdb,GSTLVTRP,0.020104006
APP_binder_08_396_dldesign_0_cycle1_af2pred.pdb,EVLEKPPQ,0.008266876
APP_binder_08_397_dldesign_0_cycle1_af2pred.pdb,GLSRLLSL,0.016349455
APP_binder_08_398_dldesign_0_cycle1_af2pred.pdb,MHHVKVAL,0.003015052
APP_binder_08_399_dldesign_0_cycle1_af2pred.pdb,GTRHVLLA,0.000298447
APP_binder_08_39_dldesign_0_cycle1_af2pred.pdb,PFVPRPLP,0.038996134
APP_binder_08_3_dldesign_0_cycle1_af2pred.pdb,GVPLPLSP,0.006171403
APP_binder_08_400_dldesign_0_cycle1_af2pred.pdb,GAPRFVRE,0.000791966
APP_binder_08_401_dldesign_0_cycle1_af2pred.pdb,GSVPLVLP,0.000633067
APP_binder_08_402_dldesign_0_cycle1_af2pred.pdb,SATPVVVE,0.000588092
APP_binder_08_403_dldesign_0_cycle1_af2pred.pdb,STNHVPAP,0.004927151
APP_binder_08_404_dldesign_0_cycle1_af2pred.pdb,SMQILLAP,0.00495524
APP_binder_08_405_dldesign_0_cycle1_af2pred.pdb,SSVLRSVP,0.008228969
APP_binder_08_406_dldesign_0_cycle1_af2pred.pdb,SVPTLASA,0.049745589
APP_binder_08_407_dldesign_0_cycle1_af2pred.pdb,PAISSAAL,0.051691785
APP_binder_08_408_dldesign_0_cycle1_af2pred.pdb,GSTPRRPP,0.055102542
APP_binder_08_409_dldesign_0_cycle1_af2pred.pdb,RPPILAPP,0.13020438
APP_binder_08_40_dldesign_0_cycle1_af2pred.pdb,GAVPRRVP,0.013694968
APP_binder_08_410_dldesign_0_cycle1_af2pred.pdb,PITVLLAP,0.074858963
APP_binder_08_411_dldesign_0_cycle1_af2pred.pdb,GSYTLRAP,0.040930886
APP_binder_08_412_dldesign_0_cycle1_af2pred.pdb,PPNYVLLA,0.034817744
APP_binder_08_413_dldesign_0_cycle1_af2pred.pdb,GPRVRPRR,0.005244355
APP_binder_08_414_dldesign_0_cycle1_af2pred.pdb,LLKELLRL,0.067590714
APP_binder_08_415_dldesign_0_cycle1_af2pred.pdb,GPTLVQLP,0.0308518
APP_binder_08_416_dldesign_0_cycle1_af2pred.pdb,GPALLRPA,0.039425857
APP_binder_08_417_dldesign_0_cycle1_af2pred.pdb,PVPLLRSR,0.006658556
APP_binder_08_418_dldesign_0_cycle1_af2pred.pdb,PSPLELLL,0.059602868
APP_binder_08_419_dldesign_0_cycle1_af2pred.pdb,GSVLRLPR,0.059255064
APP_binder_08_41_dldesign_0_cycle1_af2pred.pdb,SEPLVVTR,0.065453671
APP_binder_08_420_dldesign_0_cycle1_af2pred.pdb,PQVNPVRP,0.021209188
APP_binder_08_421_dldesign_0_cycle1_af2pred.pdb,GAVPRRRP,0.003774419
APP_binder_08_422_dldesign_0_cycle1_af2pred.pdb,PSSHLPAP,0.003802341
APP_binder_08_423_dldesign_0_cycle1_af2pred.pdb,ELDNNYLS,0.007880953
APP_binder_08_424_dldesign_0_cycle1_af2pred.pdb,SKLRYISD,0.00034859
APP_binder_08_425_dldesign_0_cycle1_af2pred.pdb,SSVLARPP,0.004025154
APP_binder_08_426_dldesign_0_cycle1_af2pred.pdb,SSWWRSPS,0.00413319
APP_binder_08_427_dldesign_0_cycle1_af2pred.pdb,VVLPPQEP,0.007681365
APP_binder_08_428_dldesign_0_cycle1_af2pred.pdb,LSSSAVPA,0.009161018
APP_binder_08_429_dldesign_0_cycle1_af2pred.pdb,MSSLLLPE,0.003459145
APP_binder_08_42_dldesign_0_cycle1_af2pred.pdb,TVYTPRRP,0.000178508
APP_binder_08_430_dldesign_0_cycle1_af2pred.pdb,LRHVKLEA,0.002281754
APP_binder_08_431_dldesign_0_cycle1_af2pred.pdb,GAVPAVRL,0.016763693
APP_binder_08_432_dldesign_0_cycle1_af2pred.pdb,GPRHVVVP,0.002116099
APP_binder_08_433_dldesign_0_cycle1_af2pred.pdb,SLPVLEPP,0.005568653
APP_binder_08_434_dldesign_0_cycle1_af2pred.pdb,GSTLVQRP,0.00226146
APP_binder_08_435_dldesign_0_cycle1_af2pred.pdb,APATRRAP,0.002748121
APP_binder_08_436_dldesign_0_cycle1_af2pred.pdb,GVPLPALP,0.318161249
APP_binder_08_437_dldesign_0_cycle1_af2pred.pdb,SVVTLKRP,0.010188378
APP_binder_08_438_dldesign_0_cycle1_af2pred.pdb,GGTPRPPL,0.014584124
APP_binder_08_439_dldesign_0_cycle1_af2pred.pdb,PLKVARPP,0.030038923
APP_binder_08_43_dldesign_0_cycle1_af2pred.pdb,SWLRPTRP,0.002373278
APP_binder_08_440_dldesign_0_cycle1_af2pred.pdb,APLAVKHP,0.025200423
APP_binder_08_441_dldesign_0_cycle1_af2pred.pdb,STPIKVSN,0.018228699
APP_binder_08_442_dldesign_0_cycle1_af2pred.pdb,PVIARPPP,0.015709646
APP_binder_08_443_dldesign_0_cycle1_af2pred.pdb,STPIPAPA,0.016916391
APP_binder_08_444_dldesign_0_cycle1_af2pred.pdb,SVPATPLP,0.008205616
APP_binder_08_445_dldesign_0_cycle1_af2pred.pdb,PPVPLPEP,0.00015668
APP_binder_08_446_dldesign_0_cycle1_af2pred.pdb,RPPVLLPP,0.007416686
APP_binder_08_447_dldesign_0_cycle1_af2pred.pdb,GGRAVKAP,0.019904159
APP_binder_08_448_dldesign_0_cycle1_af2pred.pdb,GSTRVRVP,0.037180755
APP_binder_08_449_dldesign_0_cycle1_af2pred.pdb,SLPVAVAP,0.025590057
APP_binder_08_44_dldesign_0_cycle1_af2pred.pdb,STLRSVPP,0.01668698
APP_binder_08_450_dldesign_0_cycle1_af2pred.pdb,PSVPRPLP,0.017508052
APP_binder_08_451_dldesign_0_cycle1_af2pred.pdb,TVYTPRSV,0.013089768
APP_binder_08_452_dldesign_0_cycle1_af2pred.pdb,GSTLVYPP,0.00338468
APP_binder_08_453_dldesign_0_cycle1_af2pred.pdb,PVVRLKEL,0.0120419
APP_binder_08_454_dldesign_0_cycle1_af2pred.pdb,SATPRYQP,0.012098671
APP_binder_08_455_dldesign_0_cycle1_af2pred.pdb,GSVRYFEA,0.008662399
APP_binder_08_456_dldesign_0_cycle1_af2pred.pdb,VEFEELEE,0.006234916
APP_binder_08_457_dldesign_0_cycle1_af2pred.pdb,STLKLAHL,0.013234884
APP_binder_08_458_dldesign_0_cycle1_af2pred.pdb,AAPPLLRR,0.019489493
APP_binder_08_459_dldesign_0_cycle1_af2pred.pdb,MTRVKVAE,0.010961635
APP_binder_08_45_dldesign_0_cycle1_af2pred.pdb,GVTLRRPP,0.001159805
APP_binder_08_460_dldesign_0_cycle1_af2pred.pdb,STLRSVQP,0.008668935
APP_binder_08_461_dldesign_0_cycle1_af2pred.pdb,PPVPLPAL,0.003764603
APP_binder_08_462_dldesign_0_cycle1_af2pred.pdb,PVYRPKPL,7.76E-05
APP_binder_08_463_dldesign_0_cycle1_af2pred.pdb,LNHVHVAS,0.011074387
APP_binder_08_464_dldesign_0_cycle1_af2pred.pdb,PRHVHVAA,0.010749907
APP_binder_08_465_dldesign_0_cycle1_af2pred.pdb,GPRTVRLP,0.00053267
APP_binder_08_466_dldesign_0_cycle1_af2pred.pdb,SVPKAVRP,0.002696223
APP_binder_08_467_dldesign_0_cycle1_af2pred.pdb,APVWRPQR,0.009218794
APP_binder_08_468_dldesign_0_cycle1_af2pred.pdb,SVVTLKSV,0.001602684
APP_binder_08_469_dldesign_0_cycle1_af2pred.pdb,HHSHDVPA,0.010637552
APP_binder_08_46_dldesign_0_cycle1_af2pred.pdb,GAVPRRPP,0.000132518
APP_binder_08_470_dldesign_0_cycle1_af2pred.pdb,GVLRLPRP,0.004976373
APP_binder_08_471_dldesign_0_cycle1_af2pred.pdb,GVPVPLPP,0.581934631
APP_binder_08_472_dldesign_0_cycle1_af2pred.pdb,GPLRRVLA,0.004040946
APP_binder_08_473_dldesign_0_cycle1_af2pred.pdb,PPHIFEPP,0.007732585
APP_binder_08_474_dldesign_0_cycle1_af2pred.pdb,TSVLVDLP,0.006261969
APP_binder_08_475_dldesign_0_cycle1_af2pred.pdb,MATRLPAP,0.01045018
APP_binder_08_476_dldesign_0_cycle1_af2pred.pdb,GEVVEVEV,0.030861713
APP_binder_08_477_dldesign_0_cycle1_af2pred.pdb,MPHVPVAA,0.00248218
APP_binder_08_478_dldesign_0_cycle1_af2pred.pdb,GETHYYRE,0.036573067
APP_binder_08_479_dldesign_0_cycle1_af2pred.pdb,SVPVLVSA,0.005290817
APP_binder_08_47_dldesign_0_cycle1_af2pred.pdb,SLPTLRLP,0.014778789
APP_binder_08_480_dldesign_0_cycle1_af2pred.pdb,GVPVLRSL,5.80E-05
APP_binder_08_481_dldesign_0_cycle1_af2pred.pdb,VVLRSALD,0.00623536
APP_binder_08_482_dldesign_0_cycle1_af2pred.pdb,GVTFKRVG,0.000246389
APP_binder_08_483_dldesign_0_cycle1_af2pred.pdb,MPHVKLAA,0.048022103
APP_binder_08_484_dldesign_0_cycle1_af2pred.pdb,VVSVPRRV,0.043060008
APP_binder_08_485_dldesign_0_cycle1_af2pred.pdb,GTLKSVPP,0.032092445
APP_binder_08_486_dldesign_0_cycle1_af2pred.pdb,GSGVAVPV,0.052422039
APP_binder_08_487_dldesign_0_cycle1_af2pred.pdb,GGVFRRKP,0.037517525
APP_binder_08_488_dldesign_0_cycle1_af2pred.pdb,PVVLLPPN,0.047537476
APP_binder_08_489_dldesign_0_cycle1_af2pred.pdb,GSTFRPPL,0.058339041
APP_binder_08_48_dldesign_0_cycle1_af2pred.pdb,SLPKLRSR,0.066980943
APP_binder_08_490_dldesign_0_cycle1_af2pred.pdb,SLPVPRQP,0.05482937
APP_binder_08_491_dldesign_0_cycle1_af2pred.pdb,APVVLPHS,0.000166136
APP_binder_08_492_dldesign_0_cycle1_af2pred.pdb,LPNVPNYE,0.017154241
APP_binder_08_493_dldesign_0_cycle1_af2pred.pdb,EVNVLRQA,0.050340332
APP_binder_08_494_dldesign_0_cycle1_af2pred.pdb,VDLTPHVP,0.081678018
APP_binder_08_495_dldesign_0_cycle1_af2pred.pdb,GLGERVRE,0.074228361
APP_binder_08_496_dldesign_0_cycle1_af2pred.pdb,APPVPLLP,0.020016991
APP_binder_08_497_dldesign_0_cycle1_af2pred.pdb,GSVPRRPP,0.063934028
APP_binder_08_498_dldesign_0_cycle1_af2pred.pdb,MVHLPAPP,0.056395158
APP_binder_08_499_dldesign_0_cycle1_af2pred.pdb,SAVPRYRP,0.012652368
APP_binder_08_49_dldesign_0_cycle1_af2pred.pdb,SLPVATPP,0.022395739
APP_binder_08_4_dldesign_0_cycle1_af2pred.pdb,TVYTPKLP,0.011728587
APP_binder_08_500_dldesign_0_cycle1_af2pred.pdb,MHFEELET,0.025666011
APP_binder_08_501_dldesign_0_cycle1_af2pred.pdb,PSTPTPLD,0.046918929
APP_binder_08_502_dldesign_0_cycle1_af2pred.pdb,VTVKSKLL,0.018733202
APP_binder_08_503_dldesign_0_cycle1_af2pred.pdb,APVVTLAR,0.022243861
APP_binder_08_504_dldesign_0_cycle1_af2pred.pdb,GAVPRRLP,0.000984208
APP_binder_08_505_dldesign_0_cycle1_af2pred.pdb,SAVLRRPP,0.023457125
APP_binder_08_506_dldesign_0_cycle1_af2pred.pdb,GHHVHAAL,0.0167553
APP_binder_08_507_dldesign_0_cycle1_af2pred.pdb,MLVEYPEA,0.000268735
APP_binder_08_508_dldesign_0_cycle1_af2pred.pdb,GPVLVRRT,0.013535696
APP_binder_08_509_dldesign_0_cycle1_af2pred.pdb,GSVLRPRR,0.024864674
APP_binder_08_50_dldesign_0_cycle1_af2pred.pdb,KVVFGLGG,0.013755752
APP_binder_08_510_dldesign_0_cycle1_af2pred.pdb,GVAVPRRP,0.031815529
APP_binder_08_511_dldesign_0_cycle1_af2pred.pdb,GVPVWTKP,0.010775357
APP_binder_08_512_dldesign_0_cycle1_af2pred.pdb,SATLVLPP,0.01747282
APP_binder_08_513_dldesign_0_cycle1_af2pred.pdb,GTAPILEA,0.00310579
APP_binder_08_514_dldesign_0_cycle1_af2pred.pdb,EEYTLRPE,0.005766417
APP_binder_08_515_dldesign_0_cycle1_af2pred.pdb,TVLRRRPP,0.000556165
APP_binder_08_516_dldesign_0_cycle1_af2pred.pdb,GLSAKLKR,0.01109487
APP_binder_08_517_dldesign_0_cycle1_af2pred.pdb,AVALPALP,0.01842434
APP_binder_08_518_dldesign_0_cycle1_af2pred.pdb,ELPTVKSV,0.010977976
APP_binder_08_519_dldesign_0_cycle1_af2pred.pdb,GSQPILAP,0.010849789
APP_binder_08_51_dldesign_0_cycle1_af2pred.pdb,SPVLRSVP,0.013150143
APP_binder_08_520_dldesign_0_cycle1_af2pred.pdb,GPVYLRKR,0.001018485
APP_binder_08_521_dldesign_0_cycle1_af2pred.pdb,PLPLAVRP,0.003406627
APP_binder_08_522_dldesign_0_cycle1_af2pred.pdb,EEPVLRRV,0.008783925
APP_binder_08_523_dldesign_0_cycle1_af2pred.pdb,PLSLDPAE,0.010990107
APP_binder_08_524_dldesign_0_cycle1_af2pred.pdb,GGVPRRPP,0.001430057
APP_binder_08_525_dldesign_0_cycle1_af2pred.pdb,LPVKYTRR,0.020685917
APP_binder_08_526_dldesign_0_cycle1_af2pred.pdb,APLHYKVA,0.00677104
APP_binder_08_527_dldesign_0_cycle1_af2pred.pdb,PALPRPPR,0.010776501
APP_binder_08_528_dldesign_0_cycle1_af2pred.pdb,HMVYTLKR,0.015343229
APP_binder_08_529_dldesign_0_cycle1_af2pred.pdb,SAKPAKPL,0.074943811
APP_binder_08_52_dldesign_0_cycle1_af2pred.pdb,GAVWTPPR,0.031354316
APP_binder_08_530_dldesign_0_cycle1_af2pred.pdb,GAPILALP,0.038565196
APP_binder_08_531_dldesign_0_cycle1_af2pred.pdb,KPRVRPAP,0.022031816
APP_binder_08_532_dldesign_0_cycle1_af2pred.pdb,GSRLRPRR,0.060455278
APP_binder_08_533_dldesign_0_cycle1_af2pred.pdb,APPVLRQR,0.05080048
APP_binder_08_534_dldesign_0_cycle1_af2pred.pdb,GPRHVLAP,0.045818225
APP_binder_08_535_dldesign_0_cycle1_af2pred.pdb,SLPVLRRP,0.075217903
APP_binder_08_536_dldesign_0_cycle1_af2pred.pdb,GLTLQFPE,0.069519505
APP_binder_08_537_dldesign_0_cycle1_af2pred.pdb,GVLRRAPL,0.057696726
APP_binder_08_538_dldesign_0_cycle1_af2pred.pdb,GSVLRPPL,0.088548332
APP_binder_08_539_dldesign_0_cycle1_af2pred.pdb,SMHVKVAA,0.078262195
APP_binder_08_53_dldesign_0_cycle1_af2pred.pdb,GTVVVPAP,0.030524796
APP_binder_08_540_dldesign_0_cycle1_af2pred.pdb,TVYTPKRP,0.050946902
APP_binder_08_541_dldesign_0_cycle1_af2pred.pdb,GAVPRRPP,0.029360194
APP_binder_08_542_dldesign_0_cycle1_af2pred.pdb,SLPKVRSV,0.076002993
APP_binder_08_543_dldesign_0_cycle1_af2pred.pdb,SVVLTPRP,0.04592419
APP_binder_08_544_dldesign_0_cycle1_af2pred.pdb,GGVPRRVP,0.000816923
APP_binder_08_545_dldesign_0_cycle1_af2pred.pdb,EVPYFRQR,0.000170597
APP_binder_08_546_dldesign_0_cycle1_af2pred.pdb,MSPPVKLP,0.012392583
APP_binder_08_547_dldesign_0_cycle1_af2pred.pdb,SGVLRRLP,0.017427452
APP_binder_08_548_dldesign_0_cycle1_af2pred.pdb,LNPAVRVE,0.004487962
APP_binder_08_549_dldesign_0_cycle1_af2pred.pdb,PQVQLLEP,0.015941471
APP_binder_08_54_dldesign_0_cycle1_af2pred.pdb,SAVPAVPP,0.001205294
APP_binder_08_550_dldesign_0_cycle1_af2pred.pdb,GVLVRALP,0.003849368
APP_binder_08_551_dldesign_0_cycle1_af2pred.pdb,SVYTVRRR,0.007485262
APP_binder_08_552_dldesign_0_cycle1_af2pred.pdb,GGVLVRRR,0.000106219
APP_binder_08_553_dldesign_0_cycle1_af2pred.pdb,SLYLLPLP,0.008986066
APP_binder_08_554_dldesign_0_cycle1_af2pred.pdb,GSTLRLPR,0.01026688
APP_binder_08_555_dldesign_0_cycle1_af2pred.pdb,EEYRKRPP,0.006840597
APP_binder_08_556_dldesign_0_cycle1_af2pred.pdb,ERRHVLAP,0.01317777
APP_binder_08_557_dldesign_0_cycle1_af2pred.pdb,GSAVPVAP,0.001184756
APP_binder_08_558_dldesign_0_cycle1_af2pred.pdb,GEAVEVEL,0.01941674
APP_binder_08_559_dldesign_0_cycle1_af2pred.pdb,GSVRRPAP,0.016758172
APP_binder_08_55_dldesign_0_cycle1_af2pred.pdb,PVLVPRRP,0.018857971
APP_binder_08_560_dldesign_0_cycle1_af2pred.pdb,GGTPVYLP,0.012054552
APP_binder_08_561_dldesign_0_cycle1_af2pred.pdb,GSVALPLL,0.057004765
APP_binder_08_562_dldesign_0_cycle1_af2pred.pdb,SLPLLVAP,0.059898574
APP_binder_08_563_dldesign_0_cycle1_af2pred.pdb,GPRRRPLL,0.025778765
APP_binder_08_564_dldesign_0_cycle1_af2pred.pdb,GVQIFEEE,0.004058592
APP_binder_08_565_dldesign_0_cycle1_af2pred.pdb,GGVPRRLP,0.033333611
APP_binder_08_566_dldesign_0_cycle1_af2pred.pdb,SLSLLQQL,0.06469398
APP_binder_08_567_dldesign_0_cycle1_af2pred.pdb,GPLVEYES,0.009093357
APP_binder_08_568_dldesign_0_cycle1_af2pred.pdb,GPAVPLPP,0.001300402
APP_binder_08_569_dldesign_0_cycle1_af2pred.pdb,FEPPKVLR,0.060650703
APP_binder_08_56_dldesign_0_cycle1_af2pred.pdb,GLLELLAS,0.069785632
APP_binder_08_570_dldesign_0_cycle1_af2pred.pdb,GPNYYLAP,0.046179518
APP_binder_08_571_dldesign_0_cycle1_af2pred.pdb,GSPVKVAS,0.034941204
APP_binder_08_572_dldesign_0_cycle1_af2pred.pdb,PRHVVLPP,0.049673885
APP_binder_08_573_dldesign_0_cycle1_af2pred.pdb,GVAIKVPN,0.008686379
APP_binder_08_574_dldesign_0_cycle1_af2pred.pdb,SLPVARQR,0.052987918
APP_binder_08_575_dldesign_0_cycle1_af2pred.pdb,PPPLLVQR,0.018176243
APP_binder_08_576_dldesign_0_cycle1_af2pred.pdb,AGTLRPPR,0.339615881
APP_binder_08_577_dldesign_0_cycle1_af2pred.pdb,GSALPELP,0.029279957
APP_binder_08_578_dldesign_0_cycle1_af2pred.pdb,GFTLRGRP,0.010101414
APP_binder_08_579_dldesign_0_cycle1_af2pred.pdb,MNSVKVAP,0.004979431
APP_binder_08_57_dldesign_0_cycle1_af2pred.pdb,SLPKLLSV,0.024894627
APP_binder_08_580_dldesign_0_cycle1_af2pred.pdb,SVNTLAYP,0.012184384
APP_binder_08_581_dldesign_0_cycle1_af2pred.pdb,SALALRRA,0.020967528
APP_binder_08_582_dldesign_0_cycle1_af2pred.pdb,APPVLLKP,0.00760045
APP_binder_08_583_dldesign_0_cycle1_af2pred.pdb,PRPAVPEP,0.000185559
APP_binder_08_584_dldesign_0_cycle1_af2pred.pdb,GSSVLTTE,0.011057242
APP_binder_08_585_dldesign_0_cycle1_af2pred.pdb,MVHLKAVP,0.017311301
APP_binder_08_586_dldesign_0_cycle1_af2pred.pdb,LPVGVPVP,9.08E-05
APP_binder_08_587_dldesign_0_cycle1_af2pred.pdb,VVNYTLKR,0.000415092
APP_binder_08_588_dldesign_0_cycle1_af2pred.pdb,PVKYTKLP,0.008944795
APP_binder_08_589_dldesign_0_cycle1_af2pred.pdb,GFVLRRRP,0.01327349
APP_binder_08_58_dldesign_0_cycle1_af2pred.pdb,PHVKVDVL,0.017293097
APP_binder_08_590_dldesign_0_cycle1_af2pred.pdb,SVAVPRTL,0.012981336
APP_binder_08_591_dldesign_0_cycle1_af2pred.pdb,GETFGYAG,0.025296064
APP_binder_08_592_dldesign_0_cycle1_af2pred.pdb,YVPQFRPP,0.005786535
APP_binder_08_593_dldesign_0_cycle1_af2pred.pdb,PPLPLLIR,0.014024075
APP_binder_08_594_dldesign_0_cycle1_af2pred.pdb,GKPQVKVP,0.002561928
APP_binder_08_595_dldesign_0_cycle1_af2pred.pdb,SVAVPRRP,0.013050062
APP_binder_08_596_dldesign_0_cycle1_af2pred.pdb,GAPVEIEL,0.001355887
APP_binder_08_597_dldesign_0_cycle1_af2pred.pdb,GYTPKRVP,0.001957664
APP_binder_08_598_dldesign_0_cycle1_af2pred.pdb,MEPIVLVP,0.000112266
APP_binder_08_599_dldesign_0_cycle1_af2pred.pdb,YSDATLKR,0.001668866
APP_binder_08_59_dldesign_0_cycle1_af2pred.pdb,PAVPLLEP,0.008486081
APP_binder_08_5_dldesign_0_cycle1_af2pred.pdb,PVPRRPPP,0.000973701
APP_binder_08_600_dldesign_0_cycle1_af2pred.pdb,ELNVLRSV,0.015002205
APP_binder_08_601_dldesign_0_cycle1_af2pred.pdb,PFPLKSTP,0.003598137
APP_binder_08_602_dldesign_0_cycle1_af2pred.pdb,GYTVKRLP,0.000801279
APP_binder_08_603_dldesign_0_cycle1_af2pred.pdb,GSTLARVP,0.010768394
APP_binder_08_604_dldesign_0_cycle1_af2pred.pdb,GTTLASPP,0.001023932
APP_binder_08_605_dldesign_0_cycle1_af2pred.pdb,SVSPGVPA,0.001353753
APP_binder_08_606_dldesign_0_cycle1_af2pred.pdb,SKPLPLPP,0.005024345
APP_binder_08_607_dldesign_0_cycle1_af2pred.pdb,GAHHYLEA,0.069126807
APP_binder_08_608_dldesign_0_cycle1_af2pred.pdb,GPPLLVRL,0.002399719
APP_binder_08_609_dldesign_0_cycle1_af2pred.pdb,GTVLRRLP,0.00078758
APP_binder_08_60_dldesign_0_cycle1_af2pred.pdb,GGNHVLLL,0.001018586
APP_binder_08_610_dldesign_0_cycle1_af2pred.pdb,AERVVVPS,0.01623207
APP_binder_08_611_dldesign_0_cycle1_af2pred.pdb,RNILVKAP,0.000555372
APP_binder_08_612_dldesign_0_cycle1_af2pred.pdb,GSVAIKVP,0.018216172
APP_binder_08_613_dldesign_0_cycle1_af2pred.pdb,GVAVPLVP,0.079079345
APP_binder_08_614_dldesign_0_cycle1_af2pred.pdb,SSLAVATP,0.00589153
APP_binder_08_615_dldesign_0_cycle1_af2pred.pdb,ELNHVLAP,0.011489996
APP_binder_08_616_dldesign_0_cycle1_af2pred.pdb,AEPVKVAN,0.006057624
APP_binder_08_617_dldesign_0_cycle1_af2pred.pdb,SYVNKLVR,0.011805582
APP_binder_08_618_dldesign_0_cycle1_af2pred.pdb,GGTVATLP,0.005352501
APP_binder_08_619_dldesign_0_cycle1_af2pred.pdb,GGVLRRLP,0.006482501
APP_binder_08_61_dldesign_0_cycle1_af2pred.pdb,SLPVAKSV,0.011577453
APP_binder_08_620_dldesign_0_cycle1_af2pred.pdb,SLPTLKSR,0.010176001
APP_binder_08_621_dldesign_0_cycle1_af2pred.pdb,GSVPRSLP,0.008211818
APP_binder_08_622_dldesign_0_cycle1_af2pred.pdb,TVYTVGSP,0.000123443
APP_binder_08_623_dldesign_0_cycle1_af2pred.pdb,PGAPVYVP,0.003606063
APP_binder_08_624_dldesign_0_cycle1_af2pred.pdb,SLFVPEPP,0.002713518
APP_binder_08_625_dldesign_0_cycle1_af2pred.pdb,PPTLVQLP,0.00306484
APP_binder_08_626_dldesign_0_cycle1_af2pred.pdb,GSVLRPTR,0.009098825
APP_binder_08_627_dldesign_0_cycle1_af2pred.pdb,GVSTLLLK,0.000161461
APP_binder_08_628_dldesign_0_cycle1_af2pred.pdb,SVPKLATV,0.00106344
APP_binder_08_629_dldesign_0_cycle1_af2pred.pdb,GATALKEP,0.003506399
APP_binder_08_62_dldesign_0_cycle1_af2pred.pdb,GSHVPLLP,0.002692364
APP_binder_08_630_dldesign_0_cycle1_af2pred.pdb,GSAIPVPA,0.000165663
APP_binder_08_631_dldesign_0_cycle1_af2pred.pdb,GSSPILVP,0.006646705
APP_binder_08_632_dldesign_0_cycle1_af2pred.pdb,SHHVHSLL,0.003380926
APP_binder_08_633_dldesign_0_cycle1_af2pred.pdb,EVPRLARP,0.004236054
APP_binder_08_634_dldesign_0_cycle1_af2pred.pdb,RLPARVVR,0.007792765
APP_binder_08_635_dldesign_0_cycle1_af2pred.pdb,PIAVPALP,0.002116964
APP_binder_08_636_dldesign_0_cycle1_af2pred.pdb,STLKSVNP,0.005760762
APP_binder_08_637_dldesign_0_cycle1_af2pred.pdb,MGVALPLP,0.004407708
APP_binder_08_638_dldesign_0_cycle1_af2pred.pdb,PVLLIRAP,0.001486613
APP_binder_08_639_dldesign_0_cycle1_af2pred.pdb,GYGVAIKV,0.001277652
APP_binder_08_63_dldesign_0_cycle1_af2pred.pdb,PLGVPLPA,0.000491295
APP_binder_08_640_dldesign_0_cycle1_af2pred.pdb,GTNRILLP,0.000113991
APP_binder_08_641_dldesign_0_cycle1_af2pred.pdb,MSHVKVPA,0.002035331
APP_binder_08_642_dldesign_0_cycle1_af2pred.pdb,GAHVRVAA,0.00266653
APP_binder_08_643_dldesign_0_cycle1_af2pred.pdb,EVPVLRRP,0.001462909
APP_binder_08_644_dldesign_0_cycle1_af2pred.pdb,GTLRQRPP,0.000630358
APP_binder_08_645_dldesign_0_cycle1_af2pred.pdb,ELRHRKAP,0.008474006
APP_binder_08_646_dldesign_0_cycle1_af2pred.pdb,RRPPVKLA,0.429760873
APP_binder_08_647_dldesign_0_cycle1_af2pred.pdb,APHVKVAA,0.001202179
APP_binder_08_648_dldesign_0_cycle1_af2pred.pdb,PAVLESEA,0.005590976
APP_binder_08_649_dldesign_0_cycle1_af2pred.pdb,GGVPRYRP,0.000419817
APP_binder_08_64_dldesign_0_cycle1_af2pred.pdb,LAALLASL,0.009901875
APP_binder_08_650_dldesign_0_cycle1_af2pred.pdb,MHHVHVAP,0.001728556
APP_binder_08_651_dldesign_0_cycle1_af2pred.pdb,AVQIPRPP,0.005632629
APP_binder_08_652_dldesign_0_cycle1_af2pred.pdb,SSSPILEA,0.009547747
APP_binder_08_653_dldesign_0_cycle1_af2pred.pdb,GGVLRRPP,0.002395673
APP_binder_08_654_dldesign_0_cycle1_af2pred.pdb,GAVLRRVL,0.003126638
APP_binder_08_655_dldesign_0_cycle1_af2pred.pdb,SRPPVKEL,0.001470587
APP_binder_08_656_dldesign_0_cycle1_af2pred.pdb,GPVAAPRL,0.002899978
APP_binder_08_657_dldesign_0_cycle1_af2pred.pdb,GAVTKEEL,0.006309504
APP_binder_08_658_dldesign_0_cycle1_af2pred.pdb,SSFSEEEE,0.010126477
APP_binder_08_659_dldesign_0_cycle1_af2pred.pdb,IRPGLPAP,0.00644326
APP_binder_08_65_dldesign_0_cycle1_af2pred.pdb,GAVAVKPL,0.001136739
APP_binder_08_660_dldesign_0_cycle1_af2pred.pdb,SLVPRPRR,0.006116963
APP_binder_08_661_dldesign_0_cycle1_af2pred.pdb,GSTLRLPP,0.0098606
APP_binder_08_662_dldesign_0_cycle1_af2pred.pdb,TVLTPHLP,0.004898482
APP_binder_08_663_dldesign_0_cycle1_af2pred.pdb,GVVPRRIS,8.98E-05
APP_binder_08_664_dldesign_0_cycle1_af2pred.pdb,EVYTLARP,0.011327061
APP_binder_08_665_dldesign_0_cycle1_af2pred.pdb,PPVLRSVP,0.012864579
APP_binder_08_666_dldesign_0_cycle1_af2pred.pdb,SRPPVKVP,0.000387666
APP_binder_08_667_dldesign_0_cycle1_af2pred.pdb,SVYTLRPP,0.11550878
APP_binder_08_668_dldesign_0_cycle1_af2pred.pdb,PSPARPAP,0.112542816
APP_binder_08_669_dldesign_0_cycle1_af2pred.pdb,SNLPVYEP,0.081183277
APP_binder_08_66_dldesign_0_cycle1_af2pred.pdb,GRPAVPAP,0.03919366
APP_binder_08_670_dldesign_0_cycle1_af2pred.pdb,GSLPVVKY,0.044290904
APP_binder_08_671_dldesign_0_cycle1_af2pred.pdb,PVPRTALP,0.100191057
APP_binder_08_672_dldesign_0_cycle1_af2pred.pdb,GVLRYALP,0.067028433
APP_binder_08_673_dldesign_0_cycle1_af2pred.pdb,NVSVPRRV,0.019069823
APP_binder_08_674_dldesign_0_cycle1_af2pred.pdb,GPGVRLPA,0.109395996
APP_binder_08_675_dldesign_0_cycle1_af2pred.pdb,VKLPRLPG,0.151434466
APP_binder_08_676_dldesign_0_cycle1_af2pred.pdb,KRGVPRKA,0.099575683
APP_binder_08_677_dldesign_0_cycle1_af2pred.pdb,GSVLRYRP,0.116661981
APP_binder_08_678_dldesign_0_cycle1_af2pred.pdb,GPVLRYAP,0.129843563
APP_binder_08_679_dldesign_0_cycle1_af2pred.pdb,PIAIPVAA,0.079114757
APP_binder_08_67_dldesign_0_cycle1_af2pred.pdb,SVPVLRLP,0.101610124
APP_binder_08_680_dldesign_0_cycle1_af2pred.pdb,SLPVTLPP,0.111756653
APP_binder_08_681_dldesign_0_cycle1_af2pred.pdb,GSSRPKAP,0.105392173
APP_binder_08_682_dldesign_0_cycle1_af2pred.pdb,GSVPLPLL,0.104363419
APP_binder_08_683_dldesign_0_cycle1_af2pred.pdb,MHLPPPVL,0.105862796
APP_binder_08_684_dldesign_0_cycle1_af2pred.pdb,GVVTLAVR,0.081467882
APP_binder_08_685_dldesign_0_cycle1_af2pred.pdb,PVKVTLKR,0.104117401
APP_binder_08_686_dldesign_0_cycle1_af2pred.pdb,PPVPLPAP,0.000301325
APP_binder_08_687_dldesign_0_cycle1_af2pred.pdb,STIRRRPP,0.081604488
APP_binder_08_688_dldesign_0_cycle1_af2pred.pdb,GARLPLLP,0.066058919
APP_binder_08_689_dldesign_0_cycle1_af2pred.pdb,GTRHVLVP,0.054851215
APP_binder_08_68_dldesign_0_cycle1_af2pred.pdb,PPPRQSLL,0.096117057
APP_binder_08_690_dldesign_0_cycle1_af2pred.pdb,GVPRPPLP,0.012298357
APP_binder_08_691_dldesign_0_cycle1_af2pred.pdb,SGSHIFEP,0.11309614
APP_binder_08_692_dldesign_0_cycle1_af2pred.pdb,APPVLRHP,0.06797377
APP_binder_08_693_dldesign_0_cycle1_af2pred.pdb,GSVPRVGG,0.095432125
APP_binder_08_694_dldesign_0_cycle1_af2pred.pdb,VRPGIPVA,0.005498004
APP_binder_08_695_dldesign_0_cycle1_af2pred.pdb,GVRILEPP,0.085552476
APP_binder_08_696_dldesign_0_cycle1_af2pred.pdb,PNLPLVEL,0.103845209
APP_binder_08_697_dldesign_0_cycle1_af2pred.pdb,AKPVRVAA,0.063536428
APP_binder_08_698_dldesign_0_cycle1_af2pred.pdb,ENDAILVD,0.001606383
APP_binder_08_699_dldesign_0_cycle1_af2pred.pdb,SLPKLVTL,0.004257361
APP_binder_08_69_dldesign_0_cycle1_af2pred.pdb,GGVPASPP,0.001013987
APP_binder_08_6_dldesign_0_cycle1_af2pred.pdb,PVVTPKSP,0.000460552
APP_binder_08_700_dldesign_0_cycle1_af2pred.pdb,GAALPAPA,0.001833414
APP_binder_08_701_dldesign_0_cycle1_af2pred.pdb,GGVPRPPR,0.001645322
APP_binder_08_702_dldesign_0_cycle1_af2pred.pdb,GSGSVLRR,0.004324545
APP_binder_08_703_dldesign_0_cycle1_af2pred.pdb,SKPVKVPA,6.73E-05
APP_binder_08_704_dldesign_0_cycle1_af2pred.pdb,SLPVLRLP,0.001466772
APP_binder_08_705_dldesign_0_cycle1_af2pred.pdb,GLAERVTP,0.011953651
APP_binder_08_706_dldesign_0_cycle1_af2pred.pdb,RPRAIVLP,0.004690445
APP_binder_08_707_dldesign_0_cycle1_af2pred.pdb,GTVYTLGY,0.002277437
APP_binder_08_708_dldesign_0_cycle1_af2pred.pdb,SLPTVVAE,0.002362962
APP_binder_08_709_dldesign_0_cycle1_af2pred.pdb,SYPLAPLL,0.000333555
APP_binder_08_70_dldesign_0_cycle1_af2pred.pdb,GSSVIILE,0.000284185
APP_binder_08_710_dldesign_0_cycle1_af2pred.pdb,SVFTPRQR,0.000669678
APP_binder_08_711_dldesign_0_cycle1_af2pred.pdb,PVTVSDVP,0.001950441
APP_binder_08_712_dldesign_0_cycle1_af2pred.pdb,GVVLPRLP,0.00448107
APP_binder_08_713_dldesign_0_cycle1_af2pred.pdb,GSTRIKVP,0.051966973
APP_binder_08_714_dldesign_0_cycle1_af2pred.pdb,GVEIATLP,0.003505581
APP_binder_08_715_dldesign_0_cycle1_af2pred.pdb,APPVLVAL,0.005238031
APP_binder_08_716_dldesign_0_cycle1_af2pred.pdb,GSSRILVS,0.01713578
APP_binder_08_717_dldesign_0_cycle1_af2pred.pdb,PRAVKALP,0.004076081
APP_binder_08_718_dldesign_0_cycle1_af2pred.pdb,GPRRLKAP,0.004299343
APP_binder_08_719_dldesign_0_cycle1_af2pred.pdb,LVLPPVVP,0.011714959
APP_binder_08_71_dldesign_0_cycle1_af2pred.pdb,MELRHVKE,0.004073001
APP_binder_08_720_dldesign_0_cycle1_af2pred.pdb,SSSHYLEA,0.019689091
APP_binder_08_721_dldesign_0_cycle1_af2pred.pdb,PAVLRSRP,0.010401521
APP_binder_08_722_dldesign_0_cycle1_af2pred.pdb,SLTSVSLG,0.008110763
APP_binder_08_723_dldesign_0_cycle1_af2pred.pdb,GPLPVLKR,0.000515873
APP_binder_08_724_dldesign_0_cycle1_af2pred.pdb,SVLRVPLP,0.00264345
APP_binder_08_725_dldesign_0_cycle1_af2pred.pdb,PLRRVKAP,0.008324511
APP_binder_08_726_dldesign_0_cycle1_af2pred.pdb,GVLRRRLP,0.009914249
APP_binder_08_727_dldesign_0_cycle1_af2pred.pdb,GSVLVQRP,0.015070656
APP_binder_08_728_dldesign_0_cycle1_af2pred.pdb,PVYTPTTP,0.005532575
APP_binder_08_729_dldesign_0_cycle1_af2pred.pdb,GPTTVSEL,0.00559653
APP_binder_08_72_dldesign_0_cycle1_af2pred.pdb,SSVLVSPP,0.007208405
APP_binder_08_730_dldesign_0_cycle1_af2pred.pdb,YTPKLVSR,0.001099914
APP_binder_08_731_dldesign_0_cycle1_af2pred.pdb,MRAPLPAP,0.014967409
APP_binder_08_732_dldesign_0_cycle1_af2pred.pdb,AAVPRRVP,0.011056731
APP_binder_08_733_dldesign_0_cycle1_af2pred.pdb,SYPTRSVP,0.000779976
APP_binder_08_734_dldesign_0_cycle1_af2pred.pdb,SYTPRPAR,0.007207414
APP_binder_08_735_dldesign_0_cycle1_af2pred.pdb,VVTTVATR,0.03685705
APP_binder_08_736_dldesign_0_cycle1_af2pred.pdb,SLPVARRR,0.008414228
APP_binder_08_737_dldesign_0_cycle1_af2pred.pdb,GSAIPVPA,0.000138534
APP_binder_08_738_dldesign_0_cycle1_af2pred.pdb,SLPRVVTV,0.013043849
APP_binder_08_739_dldesign_0_cycle1_af2pred.pdb,SVPTLRLP,0.010982975
APP_binder_08_73_dldesign_0_cycle1_af2pred.pdb,SVPVKVAA,0.003577599
APP_binder_08_740_dldesign_0_cycle1_af2pred.pdb,DVYTVKQA,0.001767964
APP_binder_08_741_dldesign_0_cycle1_af2pred.pdb,GATLRYPP,0.000767939
APP_binder_08_742_dldesign_0_cycle1_af2pred.pdb,VLQLPELE,0.019446889
APP_binder_08_743_dldesign_0_cycle1_af2pred.pdb,SLPRLIHP,0.009857359
APP_binder_08_744_dldesign_0_cycle1_af2pred.pdb,SVPVLRAP,0.003264555
APP_binder_08_745_dldesign_0_cycle1_af2pred.pdb,PVLRQRPA,0.001705292
APP_binder_08_746_dldesign_0_cycle1_af2pred.pdb,LNAPNLPD,0.00098582
APP_binder_08_747_dldesign_0_cycle1_af2pred.pdb,SLPVLRRP,0.006399838
APP_binder_08_748_dldesign_0_cycle1_af2pred.pdb,SKPVKVAA,0.002297605
APP_binder_08_749_dldesign_0_cycle1_af2pred.pdb,GGVVRRVL,0.000313123
APP_binder_08_74_dldesign_0_cycle1_af2pred.pdb,QTIKVVYE,0.004524298
APP_binder_08_750_dldesign_0_cycle1_af2pred.pdb,SLPKIARL,0.00936657
APP_binder_08_751_dldesign_0_cycle1_af2pred.pdb,GVLRTPSD,0.000519717
APP_binder_08_752_dldesign_0_cycle1_af2pred.pdb,PTAILLAE,0.005150999
APP_binder_08_753_dldesign_0_cycle1_af2pred.pdb,MTHVKVPN,0.000595012
APP_binder_08_754_dldesign_0_cycle1_af2pred.pdb,SRRLVLLL,0.00552433
APP_binder_08_755_dldesign_0_cycle1_af2pred.pdb,GATPRRRP,8.40E-05
APP_binder_08_756_dldesign_0_cycle1_af2pred.pdb,SVPVPRRP,0.000370813
APP_binder_08_757_dldesign_0_cycle1_af2pred.pdb,GSPVRVLP,0.001900259
APP_binder_08_758_dldesign_0_cycle1_af2pred.pdb,MLHVRLPP,0.000995709
APP_binder_08_759_dldesign_0_cycle1_af2pred.pdb,EEPVLRRP,0.004171649
APP_binder_08_75_dldesign_0_cycle1_af2pred.pdb,RVVPPTDE,0.041850284
APP_binder_08_760_dldesign_0_cycle1_af2pred.pdb,MLKYYTPP,0.008561755
APP_binder_08_761_dldesign_0_cycle1_af2pred.pdb,GLPLVVRP,0.002510278
APP_binder_08_762_dldesign_0_cycle1_af2pred.pdb,APLRRIKA,0.004920754
APP_binder_08_763_dldesign_0_cycle1_af2pred.pdb,HNYVLAPA,0.005409223
APP_binder_08_764_dldesign_0_cycle1_af2pred.pdb,SHNVHPES,0.000760261
APP_binder_08_765_dldesign_0_cycle1_af2pred.pdb,GGVAVPLL,0.002438403
APP_binder_08_766_dldesign_0_cycle1_af2pred.pdb,SEPVAVRP,0.004231398
APP_binder_08_767_dldesign_0_cycle1_af2pred.pdb,EDHDEILP,0.009612981
APP_binder_08_768_dldesign_0_cycle1_af2pred.pdb,GPLVVLLP,0.071485668
APP_binder_08_769_dldesign_0_cycle1_af2pred.pdb,PLPPLLTL,0.004867082
APP_binder_08_76_dldesign_0_cycle1_af2pred.pdb,SAPPLPLP,0.005827521
APP_binder_08_770_dldesign_0_cycle1_af2pred.pdb,PPPPLLRR,0.012105605
APP_binder_08_771_dldesign_0_cycle1_af2pred.pdb,TVYTPRLP,0.002690053
APP_binder_08_772_dldesign_0_cycle1_af2pred.pdb,EIRHVLVP,0.003455808
APP_binder_08_773_dldesign_0_cycle1_af2pred.pdb,SLPKLKLL,0.010219843
APP_binder_08_774_dldesign_0_cycle1_af2pred.pdb,SLPVLRSV,0.015025593
APP_binder_08_775_dldesign_0_cycle1_af2pred.pdb,GVLHLPAV,0.007181478
APP_binder_08_776_dldesign_0_cycle1_af2pred.pdb,GSVLRYPP,0.017964382
APP_binder_08_777_dldesign_0_cycle1_af2pred.pdb,GNVEFRSV,0.000818109
APP_binder_08_778_dldesign_0_cycle1_af2pred.pdb,SLGKRIKA,0.018219365
APP_binder_08_779_dldesign_0_cycle1_af2pred.pdb,SYSTPVPA,0.000276679
APP_binder_08_77_dldesign_0_cycle1_af2pred.pdb,LVFVDVLP,0.007693874
APP_binder_08_780_dldesign_0_cycle1_af2pred.pdb,SPVFRRPP,0.015305661
APP_binder_08_781_dldesign_0_cycle1_af2pred.pdb,AYPLATPP,0.000343921
APP_binder_08_782_dldesign_0_cycle1_af2pred.pdb,MKAVAVPE,0.002548088
APP_binder_08_783_dldesign_0_cycle1_af2pred.pdb,PLVPRRPP,0.069462873
APP_binder_08_784_dldesign_0_cycle1_af2pred.pdb,SVTSLKLL,0.005911145
APP_binder_08_785_dldesign_0_cycle1_af2pred.pdb,SGTVTVKR,0.023186989
APP_binder_08_786_dldesign_0_cycle1_af2pred.pdb,PLSRQRKA,0.012896405
APP_binder_08_787_dldesign_0_cycle1_af2pred.pdb,PPVIDVPP,0.013871506
APP_binder_08_788_dldesign_0_cycle1_af2pred.pdb,SLALPEPP,0.019486517
APP_binder_08_789_dldesign_0_cycle1_af2pred.pdb,SRSVIRKA,0.012598934
APP_binder_08_78_dldesign_0_cycle1_af2pred.pdb,SSLPILEA,0.018570233
APP_binder_08_790_dldesign_0_cycle1_af2pred.pdb,GVTLRSVP,0.00123553
APP_binder_08_791_dldesign_0_cycle1_af2pred.pdb,SLPLLIQR,0.020942962
APP_binder_08_792_dldesign_0_cycle1_af2pred.pdb,GPRHRPLL,0.010002613
APP_binder_08_793_dldesign_0_cycle1_af2pred.pdb,RTPPIVLP,0.885972321
APP_binder_08_794_dldesign_0_cycle1_af2pred.pdb,SLPPPESV,0.020944035
APP_binder_08_795_dldesign_0_cycle1_af2pred.pdb,GSLPVKAP,0.016472945
APP_binder_08_796_dldesign_0_cycle1_af2pred.pdb,PPPLLKSV,0.018683402
APP_binder_08_797_dldesign_0_cycle1_af2pred.pdb,MAVPVPPP,0.047820169
APP_binder_08_798_dldesign_0_cycle1_af2pred.pdb,GVTVRPAP,0.001403133
APP_binder_08_799_dldesign_0_cycle1_af2pred.pdb,GVTLRQLP,0.001647975
APP_binder_08_79_dldesign_0_cycle1_af2pred.pdb,GAARPQPP,0.005336698
APP_binder_08_7_dldesign_0_cycle1_af2pred.pdb,GSVLAQKP,0.031672269
APP_binder_08_800_dldesign_0_cycle1_af2pred.pdb,PTPRQLPL,0.005978641
APP_binder_08_801_dldesign_0_cycle1_af2pred.pdb,SGVPTPPR,0.00148457
APP_binder_08_802_dldesign_0_cycle1_af2pred.pdb,SLPVLISE,0.015520061
APP_binder_08_803_dldesign_0_cycle1_af2pred.pdb,PVVTTVAL,0.017792197
APP_binder_08_804_dldesign_0_cycle1_af2pred.pdb,GLHVHVPA,0.02798892
APP_binder_08_805_dldesign_0_cycle1_af2pred.pdb,PVYTPRSR,0.018312689
APP_binder_08_806_dldesign_0_cycle1_af2pred.pdb,AVLTLKHP,0.032770142
APP_binder_08_807_dldesign_0_cycle1_af2pred.pdb,NVYTPRHL,0.018042207
APP_binder_08_808_dldesign_0_cycle1_af2pred.pdb,GGVAIPAP,0.00062246
APP_binder_08_809_dldesign_0_cycle1_af2pred.pdb,TVYTPRQP,0.017321365
APP_binder_08_80_dldesign_0_cycle1_af2pred.pdb,GSTLTTPL,0.054594245
APP_binder_08_810_dldesign_0_cycle1_af2pred.pdb,SVPVLKAE,0.025472675
APP_binder_08_811_dldesign_0_cycle1_af2pred.pdb,SVYTPRQR,0.02775497
APP_binder_08_812_dldesign_0_cycle1_af2pred.pdb,APPLTLKR,0.026941469
APP_binder_08_813_dldesign_0_cycle1_af2pred.pdb,GFTPKSAE,0.026849501
APP_binder_08_814_dldesign_0_cycle1_af2pred.pdb,VVPAAEQL,0.028858043
APP_binder_08_815_dldesign_0_cycle1_af2pred.pdb,PLPPLLVR,0.024462556
APP_binder_08_816_dldesign_0_cycle1_af2pred.pdb,APHRPAAP,0.029780002
APP_binder_08_817_dldesign_0_cycle1_af2pred.pdb,GSAIPEPP,0.029931795
APP_binder_08_818_dldesign_0_cycle1_af2pred.pdb,SLPVLRLP,0.027323406
APP_binder_08_819_dldesign_0_cycle1_af2pred.pdb,GSVLRRVL,0.044015918
APP_binder_08_81_dldesign_0_cycle1_af2pred.pdb,GANVVVPA,0.007024152
APP_binder_08_820_dldesign_0_cycle1_af2pred.pdb,SYTPRLPP,0.034791172
APP_binder_08_821_dldesign_0_cycle1_af2pred.pdb,PHIDLDDL,0.04216383
APP_binder_08_822_dldesign_0_cycle1_af2pred.pdb,GPVLRRAP,0.041562982
APP_binder_08_823_dldesign_0_cycle1_af2pred.pdb,GVTVASVR,0.004682494
APP_binder_08_824_dldesign_0_cycle1_af2pred.pdb,GGVAVRLP,0.008040098
APP_binder_08_825_dldesign_0_cycle1_af2pred.pdb,DPSRLVLP,0.027119625
APP_binder_08_826_dldesign_0_cycle1_af2pred.pdb,GSSSRVLA,0.03157172
APP_binder_08_827_dldesign_0_cycle1_af2pred.pdb,PPKRVKVP,0.024917414
APP_binder_08_828_dldesign_0_cycle1_af2pred.pdb,GAVAVTLA,0.017994309
APP_binder_08_829_dldesign_0_cycle1_af2pred.pdb,GVPILELP,0.004271597
APP_binder_08_82_dldesign_0_cycle1_af2pred.pdb,PRHVRVAA,0.013407105
APP_binder_08_830_dldesign_0_cycle1_af2pred.pdb,PVNYTLKP,0.004927148
APP_binder_08_831_dldesign_0_cycle1_af2pred.pdb,GVELRSVP,0.022797313
APP_binder_08_832_dldesign_0_cycle1_af2pred.pdb,MAVPAPAL,0.032328721
APP_binder_08_833_dldesign_0_cycle1_af2pred.pdb,GPVTVRSR,0.01574173
APP_binder_08_834_dldesign_0_cycle1_af2pred.pdb,GVALPLLP,0.016963113
APP_binder_08_835_dldesign_0_cycle1_af2pred.pdb,SNVPRVPP,0.000800079
APP_binder_08_836_dldesign_0_cycle1_af2pred.pdb,SSLPPSGL,0.009371196
APP_binder_08_837_dldesign_0_cycle1_af2pred.pdb,HSSERPAP,0.009402445
APP_binder_08_838_dldesign_0_cycle1_af2pred.pdb,GVLKRYVR,0.00774668
APP_binder_08_839_dldesign_0_cycle1_af2pred.pdb,PLVGPPAP,0.003115982
APP_binder_08_83_dldesign_0_cycle1_af2pred.pdb,SVPKLVQR,0.001594086
APP_binder_08_840_dldesign_0_cycle1_af2pred.pdb,SNSYLAAE,0.003675633
APP_binder_08_841_dldesign_0_cycle1_af2pred.pdb,SNPVLEAP,0.00443558
APP_binder_08_842_dldesign_0_cycle1_af2pred.pdb,TVYVPRRR,0.000213998
APP_binder_08_843_dldesign_0_cycle1_af2pred.pdb,GSTLVVVR,0.014460485
APP_binder_08_844_dldesign_0_cycle1_af2pred.pdb,PLPLVLEP,0.002789213
APP_binder_08_845_dldesign_0_cycle1_af2pred.pdb,EVLVELEA,0.004878988
APP_binder_08_846_dldesign_0_cycle1_af2pred.pdb,SELPLLVR,0.00731273
APP_binder_08_847_dldesign_0_cycle1_af2pred.pdb,SYPVALPP,0.001681982
APP_binder_08_848_dldesign_0_cycle1_af2pred.pdb,GSVLRRVR,0.012890308
APP_binder_08_849_dldesign_0_cycle1_af2pred.pdb,GFQPLVLP,0.002235103
APP_binder_08_84_dldesign_0_cycle1_af2pred.pdb,SLPTLRRR,0.012006354
APP_binder_08_850_dldesign_0_cycle1_af2pred.pdb,SVPRRVLP,0.099116378
APP_binder_08_851_dldesign_0_cycle1_af2pred.pdb,GLVPRRYL,0.306554765
APP_binder_08_852_dldesign_0_cycle1_af2pred.pdb,PRPPILEP,0.000349309
APP_binder_08_853_dldesign_0_cycle1_af2pred.pdb,GVYTPRRR,0.099238053
APP_binder_08_854_dldesign_0_cycle1_af2pred.pdb,SLLYELLQ,0.130376503
APP_binder_08_855_dldesign_0_cycle1_af2pred.pdb,GRLYFPHP,0.002746511
APP_binder_08_856_dldesign_0_cycle1_af2pred.pdb,GPRIRVAN,0.056752969
APP_binder_08_857_dldesign_0_cycle1_af2pred.pdb,SLGELQDL,0.125653833
APP_binder_08_858_dldesign_0_cycle1_af2pred.pdb,GERRHVRL,0.161810696
APP_binder_08_859_dldesign_0_cycle1_af2pred.pdb,GRAVPALP,0.06393268
APP_binder_08_85_dldesign_0_cycle1_af2pred.pdb,PAVPASVP,0.106633365
APP_binder_08_860_dldesign_0_cycle1_af2pred.pdb,GVPTPPPV,0.062795773
APP_binder_08_861_dldesign_0_cycle1_af2pred.pdb,SLSSGELP,0.124033891
APP_binder_08_862_dldesign_0_cycle1_af2pred.pdb,RLRADVLP,0.148429826
APP_binder_08_863_dldesign_0_cycle1_af2pred.pdb,RPLLRQLP,0.123296157
APP_binder_08_864_dldesign_0_cycle1_af2pred.pdb,GVTLVQRP,0.076561056
APP_binder_08_865_dldesign_0_cycle1_af2pred.pdb,SLPKLVRP,0.127355233
APP_binder_08_866_dldesign_0_cycle1_af2pred.pdb,GVVLRPPR,0.073704444
APP_binder_08_867_dldesign_0_cycle1_af2pred.pdb,GGVLRTAP,0.069945343
APP_binder_08_868_dldesign_0_cycle1_af2pred.pdb,GVPVPRRL,0.245635897
APP_binder_08_869_dldesign_0_cycle1_af2pred.pdb,MSALPLPT,0.087152623
APP_binder_08_86_dldesign_0_cycle1_af2pred.pdb,GVPVPRHP,0.238575727
APP_binder_08_870_dldesign_0_cycle1_af2pred.pdb,GSVLRRLP,0.099296488
APP_binder_08_871_dldesign_0_cycle1_af2pred.pdb,PVYTPRQV,0.06407506
APP_binder_08_872_dldesign_0_cycle1_af2pred.pdb,PVPNVYPL,0.835371971
APP_binder_08_873_dldesign_0_cycle1_af2pred.pdb,ATHVKVAA,0.089385994
APP_binder_08_874_dldesign_0_cycle1_af2pred.pdb,GPARLARV,0.075607106
APP_binder_08_875_dldesign_0_cycle1_af2pred.pdb,ATPVPVAA,0.019655909
APP_binder_08_876_dldesign_0_cycle1_af2pred.pdb,APPVLASA,0.059742186
APP_binder_08_877_dldesign_0_cycle1_af2pred.pdb,MNHVLAPP,0.059220016
APP_binder_08_878_dldesign_0_cycle1_af2pred.pdb,VRPPVYVP,0.855056822
APP_binder_08_879_dldesign_0_cycle1_af2pred.pdb,GVTLRQFE,0.047037572
APP_binder_08_87_dldesign_0_cycle1_af2pred.pdb,GAVPSVLR,0.054959796
APP_binder_08_880_dldesign_0_cycle1_af2pred.pdb,STLIVPTL,0.067907088
APP_binder_08_881_dldesign_0_cycle1_af2pred.pdb,PSQEELEA,0.014299726
APP_binder_08_882_dldesign_0_cycle1_af2pred.pdb,SVTVRKAP,0.003133199
APP_binder_08_883_dldesign_0_cycle1_af2pred.pdb,SSVAIKVP,0.002431053
APP_binder_08_884_dldesign_0_cycle1_af2pred.pdb,MHHVKAPP,0.000219411
APP_binder_08_885_dldesign_0_cycle1_af2pred.pdb,EEPLLVAP,0.006403596
APP_binder_08_886_dldesign_0_cycle1_af2pred.pdb,TVYTPRPP,0.001525816
APP_binder_08_887_dldesign_0_cycle1_af2pred.pdb,VTLRQRPA,0.000827542
APP_binder_08_888_dldesign_0_cycle1_af2pred.pdb,VVLPQPLP,0.009530472
APP_binder_08_889_dldesign_0_cycle1_af2pred.pdb,GAPKVRYR,0.034731116
APP_binder_08_88_dldesign_0_cycle1_af2pred.pdb,TVYTPRRV,0.002962162
APP_binder_08_890_dldesign_0_cycle1_af2pred.pdb,APPVRVPA,0.003386533
APP_binder_08_891_dldesign_0_cycle1_af2pred.pdb,PVVVTLKR,0.004364754
APP_binder_08_892_dldesign_0_cycle1_af2pred.pdb,GPPTVAQV,0.004843235
APP_binder_08_893_dldesign_0_cycle1_af2pred.pdb,SLPTLKTP,0.011819198
APP_binder_08_894_dldesign_0_cycle1_af2pred.pdb,GLAKRIKA,0.013752457
APP_binder_08_895_dldesign_0_cycle1_af2pred.pdb,PNYVKAPP,0.002403916
APP_binder_08_896_dldesign_0_cycle1_af2pred.pdb,AVPALRHP,0.001306664
APP_binder_08_897_dldesign_0_cycle1_af2pred.pdb,ATPVPALP,0.001042816
APP_binder_08_898_dldesign_0_cycle1_af2pred.pdb,PALALKEP,0.009203198
APP_binder_08_899_dldesign_0_cycle1_af2pred.pdb,SVPPVRVA,0.001056124
APP_binder_08_89_dldesign_0_cycle1_af2pred.pdb,GSVVAVRP,0.200609684
APP_binder_08_8_dldesign_0_cycle1_af2pred.pdb,SLSTIVKE,0.009307377
APP_binder_08_900_dldesign_0_cycle1_af2pred.pdb,SSGTPRQL,0.034494154
APP_binder_08_901_dldesign_0_cycle1_af2pred.pdb,PLPTVRRP,3.92E-05
APP_binder_08_902_dldesign_0_cycle1_af2pred.pdb,SLPVLRAP,0.002557803
APP_binder_08_903_dldesign_0_cycle1_af2pred.pdb,SLPIYAPP,0.001584051
APP_binder_08_904_dldesign_0_cycle1_af2pred.pdb,SLPTVRTA,0.00215577
APP_binder_08_905_dldesign_0_cycle1_af2pred.pdb,MRSVRVLE,0.00620175
APP_binder_08_906_dldesign_0_cycle1_af2pred.pdb,PRVIYDLS,0.019255692
APP_binder_08_907_dldesign_0_cycle1_af2pred.pdb,SSVRLPEP,0.002797746
APP_binder_08_908_dldesign_0_cycle1_af2pred.pdb,GLAKRVKV,0.006624814
APP_binder_08_909_dldesign_0_cycle1_af2pred.pdb,SVPPIPVS,0.001194768
APP_binder_08_90_dldesign_0_cycle1_af2pred.pdb,PLPQVKVP,0.0001836
APP_binder_08_910_dldesign_0_cycle1_af2pred.pdb,PPTVRYPP,0.16938068
APP_binder_08_911_dldesign_0_cycle1_af2pred.pdb,GAVHVKVP,0.050113123
APP_binder_08_912_dldesign_0_cycle1_af2pred.pdb,SPVLRPTE,0.086008698
APP_binder_08_913_dldesign_0_cycle1_af2pred.pdb,YKNVKLAY,0.065766111
APP_binder_08_914_dldesign_0_cycle1_af2pred.pdb,MRHRPASP,0.076567337
APP_binder_08_915_dldesign_0_cycle1_af2pred.pdb,PVPAVPKR,0.024903195
APP_binder_08_916_dldesign_0_cycle1_af2pred.pdb,VRHVLAGP,0.045451041
APP_binder_08_917_dldesign_0_cycle1_af2pred.pdb,VVEHPHLP,0.070891768
APP_binder_08_918_dldesign_0_cycle1_af2pred.pdb,PVPPLLVR,0.07387194
APP_binder_08_919_dldesign_0_cycle1_af2pred.pdb,GSVRLPLP,0.084966704
APP_binder_08_91_dldesign_0_cycle1_af2pred.pdb,MATPVPLL,0.05778452
APP_binder_08_920_dldesign_0_cycle1_af2pred.pdb,APLLVQRP,0.085106596
APP_binder_08_921_dldesign_0_cycle1_af2pred.pdb,TVYTPRRP,0.065363102
APP_binder_08_922_dldesign_0_cycle1_af2pred.pdb,PVYTPRRP,0.071050189
APP_binder_08_923_dldesign_0_cycle1_af2pred.pdb,SVPVPRPR,0.040084559
APP_binder_08_924_dldesign_0_cycle1_af2pred.pdb,GVAVPLLP,0.000778486
APP_binder_08_925_dldesign_0_cycle1_af2pred.pdb,PPVPRRPP,0.077018477
APP_binder_08_926_dldesign_0_cycle1_af2pred.pdb,GVLKSILG,0.000260866
APP_binder_08_927_dldesign_0_cycle1_af2pred.pdb,SLTLKRVT,0.011424687
APP_binder_08_928_dldesign_0_cycle1_af2pred.pdb,APHLPDLP,0.020035513
APP_binder_08_929_dldesign_0_cycle1_af2pred.pdb,SNKPVKAP,0.004535831
APP_binder_08_92_dldesign_0_cycle1_af2pred.pdb,LRPRLLGP,0.006883481
APP_binder_08_930_dldesign_0_cycle1_af2pred.pdb,PLNTTLKL,0.006503444
APP_binder_08_931_dldesign_0_cycle1_af2pred.pdb,GSPVKASP,0.001676642
APP_binder_08_932_dldesign_0_cycle1_af2pred.pdb,SRPPRASP,0.007829227
APP_binder_08_933_dldesign_0_cycle1_af2pred.pdb,AVTTLARP,0.079717889
APP_binder_08_934_dldesign_0_cycle1_af2pred.pdb,GGVAVPAL,0.000111139
APP_binder_08_935_dldesign_0_cycle1_af2pred.pdb,ELPVPKRP,0.007687835
APP_binder_08_936_dldesign_0_cycle1_af2pred.pdb,SGAHVVLL,0.000646568
APP_binder_08_937_dldesign_0_cycle1_af2pred.pdb,GPRPPIVP,0.549159944
APP_binder_08_938_dldesign_0_cycle1_af2pred.pdb,LLEFVELP,0.019804906
APP_binder_08_939_dldesign_0_cycle1_af2pred.pdb,SGVPIFLP,0.000165201
APP_binder_08_93_dldesign_0_cycle1_af2pred.pdb,MTPRRTTA,0.009354331
APP_binder_08_940_dldesign_0_cycle1_af2pred.pdb,DLEALQNA,0.01354831
APP_binder_08_941_dldesign_0_cycle1_af2pred.pdb,SLPLVKAP,0.016407456
APP_binder_08_942_dldesign_0_cycle1_af2pred.pdb,GAPIVVKD,0.066550203
APP_binder_08_943_dldesign_0_cycle1_af2pred.pdb,PPTVARLP,0.000299013
APP_binder_08_944_dldesign_0_cycle1_af2pred.pdb,GPVPRRLP,0.003225897
APP_binder_08_945_dldesign_0_cycle1_af2pred.pdb,MGTPVTPP,0.004863648
APP_binder_08_946_dldesign_0_cycle1_af2pred.pdb,GHHVLLLP,0.007464138
APP_binder_08_947_dldesign_0_cycle1_af2pred.pdb,GAPVAVAA,0.001177712
APP_binder_08_948_dldesign_0_cycle1_af2pred.pdb,GSQILDLP,0.002785524
APP_binder_08_949_dldesign_0_cycle1_af2pred.pdb,SSVPVKEL,0.00333372
APP_binder_08_94_dldesign_0_cycle1_af2pred.pdb,GLGERVTE,0.013587761
APP_binder_08_950_dldesign_0_cycle1_af2pred.pdb,SLPVLRPP,0.005694879
APP_binder_08_951_dldesign_0_cycle1_af2pred.pdb,SVPTVKRG,0.001984054
APP_binder_08_952_dldesign_0_cycle1_af2pred.pdb,PLLPPAPR,0.010560378
APP_binder_08_953_dldesign_0_cycle1_af2pred.pdb,GSVVAVPE,0.165542901
APP_binder_08_954_dldesign_0_cycle1_af2pred.pdb,GNEEEAVD,0.000147621
APP_binder_08_955_dldesign_0_cycle1_af2pred.pdb,SVPLAIRR,0.003714813
APP_binder_08_956_dldesign_0_cycle1_af2pred.pdb,ARAVKAAG,0.007924648
APP_binder_08_957_dldesign_0_cycle1_af2pred.pdb,PPPVELEL,0.00947897
APP_binder_08_958_dldesign_0_cycle1_af2pred.pdb,STPIKVAS,0.001055903
APP_binder_08_959_dldesign_0_cycle1_af2pred.pdb,GSVRLPEP,0.004102974
APP_binder_08_95_dldesign_0_cycle1_af2pred.pdb,AHHVPALP,0.007356361
APP_binder_08_960_dldesign_0_cycle1_af2pred.pdb,GLTPKPAV,0.004398235
APP_binder_08_961_dldesign_0_cycle1_af2pred.pdb,GSHLKLLP,0.004399921
APP_binder_08_962_dldesign_0_cycle1_af2pred.pdb,PHVLAPAA,0.001583951
APP_binder_08_963_dldesign_0_cycle1_af2pred.pdb,GVPVLRPP,0.009932489
APP_binder_08_964_dldesign_0_cycle1_af2pred.pdb,SQPPVLPA,0.005892759
APP_binder_08_965_dldesign_0_cycle1_af2pred.pdb,SVYTPRYA,0.001943646
APP_binder_08_966_dldesign_0_cycle1_af2pred.pdb,VVVYTPKR,0.031379752
APP_binder_08_967_dldesign_0_cycle1_af2pred.pdb,SSVLRRRP,0.002633155
APP_binder_08_968_dldesign_0_cycle1_af2pred.pdb,LRPRTLEP,0.000444732
APP_binder_08_969_dldesign_0_cycle1_af2pred.pdb,SLPTLRLP,0.004864183
APP_binder_08_96_dldesign_0_cycle1_af2pred.pdb,STLKTLPR,0.002327114
APP_binder_08_970_dldesign_0_cycle1_af2pred.pdb,STSPVLVP,0.002541868
APP_binder_08_971_dldesign_0_cycle1_af2pred.pdb,PSVALPAP,0.002488466
APP_binder_08_972_dldesign_0_cycle1_af2pred.pdb,SSSVLVSR,0.001587725
APP_binder_08_973_dldesign_0_cycle1_af2pred.pdb,GPTVKRVP,0.000973014
APP_binder_08_974_dldesign_0_cycle1_af2pred.pdb,PPPPEVKR,0.052591234
APP_binder_08_975_dldesign_0_cycle1_af2pred.pdb,PLPLLTQP,0.031246768
APP_binder_08_976_dldesign_0_cycle1_af2pred.pdb,KRKVIKVP,0.062874287
APP_binder_08_977_dldesign_0_cycle1_af2pred.pdb,GLQKLLQL,0.037302334
APP_binder_08_978_dldesign_0_cycle1_af2pred.pdb,PIALPLLP,0.043359607
APP_binder_08_979_dldesign_0_cycle1_af2pred.pdb,PVVNLAYP,0.033283643
APP_binder_08_97_dldesign_0_cycle1_af2pred.pdb,SSGVAVPA,0.062437955
APP_binder_08_980_dldesign_0_cycle1_af2pred.pdb,SLPKLVQL,0.04567758
APP_binder_08_981_dldesign_0_cycle1_af2pred.pdb,TPVIIYEE,0.374129206
APP_binder_08_982_dldesign_0_cycle1_af2pred.pdb,MTPPLPAP,0.037297145
APP_binder_08_983_dldesign_0_cycle1_af2pred.pdb,PAPLAVPA,0.036346264
APP_binder_08_984_dldesign_0_cycle1_af2pred.pdb,GLPTLRRR,0.030681496
APP_binder_08_985_dldesign_0_cycle1_af2pred.pdb,MRLPPVLE,0.05094368
APP_binder_08_986_dldesign_0_cycle1_af2pred.pdb,PLVPRRPP,0.020032505
APP_binder_08_987_dldesign_0_cycle1_af2pred.pdb,GPRVRKAP,0.019296559
APP_binder_08_988_dldesign_0_cycle1_af2pred.pdb,EEPPVLKR,0.035734314
APP_binder_08_989_dldesign_0_cycle1_af2pred.pdb,EPSVVLKR,0.003494642
APP_binder_08_98_dldesign_0_cycle1_af2pred.pdb,SLPVPKSV,0.003158162
APP_binder_08_990_dldesign_0_cycle1_af2pred.pdb,GVPVLVLP,0.00243776
APP_binder_08_991_dldesign_0_cycle1_af2pred.pdb,SVPVPRVP,0.000207018
APP_binder_08_992_dldesign_0_cycle1_af2pred.pdb,NVLVPATP,0.073881239
APP_binder_08_993_dldesign_0_cycle1_af2pred.pdb,GGVPRRPP,5.71E-05
APP_binder_08_994_dldesign_0_cycle1_af2pred.pdb,MRSVPAPP,0.002120648
APP_binder_08_995_dldesign_0_cycle1_af2pred.pdb,SLPVLRAP,0.003786767
APP_binder_08_996_dldesign_0_cycle1_af2pred.pdb,STLKSVNP,0.004143347
APP_binder_08_997_dldesign_0_cycle1_af2pred.pdb,GTTPILAP,0.001999234
APP_binder_08_998_dldesign_0_cycle1_af2pred.pdb,LVLPPQFP,0.007390643
APP_binder_08_999_dldesign_0_cycle1_af2pred.pdb,GSTPRPPP,0.008017317
APP_binder_08_99_dldesign_0_cycle1_af2pred.pdb,KRSAPIRV,0.013208549
APP_binder_08_9_dldesign_0_cycle1_af2pred.pdb,SSLNYVLE,0.00228018
