Category,Sequence,B3P3
APP_binder_09_0_dldesign_0_cycle1_af2pred.pdb,HSVPVRLLP,0.002324435
APP_binder_09_100_dldesign_0_cycle1_af2pred.pdb,MRSVRLPAP,0.010050621
APP_binder_09_101_dldesign_0_cycle1_af2pred.pdb,GGVLRPTRR,0.001968851
APP_binder_09_102_dldesign_0_cycle1_af2pred.pdb,GPVLDPATL,0.002545251
APP_binder_09_103_dldesign_0_cycle1_af2pred.pdb,GPPRYVKAP,0.000468148
APP_binder_09_104_dldesign_0_cycle1_af2pred.pdb,GLPKVVTVP,0.011921115
APP_binder_09_105_dldesign_0_cycle1_af2pred.pdb,SEPLAVRVT,0.005437628
APP_binder_09_106_dldesign_0_cycle1_af2pred.pdb,FRLPVRVAL,0.006956717
APP_binder_09_107_dldesign_0_cycle1_af2pred.pdb,SLPKVRPPL,0.004060651
APP_binder_09_108_dldesign_0_cycle1_af2pred.pdb,MTEPILELP,0.012823301
APP_binder_09_109_dldesign_0_cycle1_af2pred.pdb,GTPVHVPAP,0.021070223
APP_binder_09_10_dldesign_0_cycle1_af2pred.pdb,SPVLRRVPE,0.003168691
APP_binder_09_110_dldesign_0_cycle1_af2pred.pdb,SHYSERPAV,0.014083835
APP_binder_09_111_dldesign_0_cycle1_af2pred.pdb,SVPVLRPQR,0.011189114
APP_binder_09_112_dldesign_0_cycle1_af2pred.pdb,SARPRPRPP,0.006145228
APP_binder_09_113_dldesign_0_cycle1_af2pred.pdb,GVAVAVPAP,0.006648398
APP_binder_09_114_dldesign_0_cycle1_af2pred.pdb,SEPVLVQLP,0.011310244
APP_binder_09_115_dldesign_0_cycle1_af2pred.pdb,GAVPRVLLP,6.83E-05
APP_binder_09_116_dldesign_0_cycle1_af2pred.pdb,GATPVPLLP,0.003365147
APP_binder_09_117_dldesign_0_cycle1_af2pred.pdb,PITRLPLPP,6.13E-05
APP_binder_09_118_dldesign_0_cycle1_af2pred.pdb,SITVVYEVA,3.79E-05
APP_binder_09_119_dldesign_0_cycle1_af2pred.pdb,PSSPVLAPP,0.000295466
APP_binder_09_11_dldesign_0_cycle1_af2pred.pdb,TVYRPKGPP,0.000236574
APP_binder_09_120_dldesign_0_cycle1_af2pred.pdb,GGTPKQKPA,0.002602015
APP_binder_09_121_dldesign_0_cycle1_af2pred.pdb,SLPRPTVPR,0.000619352
APP_binder_09_122_dldesign_0_cycle1_af2pred.pdb,EPRRRPALP,7.54E-05
APP_binder_09_123_dldesign_0_cycle1_af2pred.pdb,GRSVRVFEE,0.037674107
APP_binder_09_124_dldesign_0_cycle1_af2pred.pdb,MTPVYVPLP,0.018563392
APP_binder_09_125_dldesign_0_cycle1_af2pred.pdb,PAPQTARQP,0.000435775
APP_binder_09_126_dldesign_0_cycle1_af2pred.pdb,GKALANLLY,0.000381744
APP_binder_09_127_dldesign_0_cycle1_af2pred.pdb,SVPVLRYPP,0.002429945
APP_binder_09_128_dldesign_0_cycle1_af2pred.pdb,SLVETELPP,0.00347419
APP_binder_09_129_dldesign_0_cycle1_af2pred.pdb,HSVRLFEPP,4.24E-05
APP_binder_09_12_dldesign_0_cycle1_af2pred.pdb,GVAVPRRVP,0.019442609
APP_binder_09_130_dldesign_0_cycle1_af2pred.pdb,SDNLVPRSV,0.003564289
APP_binder_09_131_dldesign_0_cycle1_af2pred.pdb,SSPPLTPPL,0.007424258
APP_binder_09_132_dldesign_0_cycle1_af2pred.pdb,GTVYTLRPG,0.000263873
APP_binder_09_133_dldesign_0_cycle1_af2pred.pdb,SVLRRPPPR,0.009461504
APP_binder_09_134_dldesign_0_cycle1_af2pred.pdb,GVPRRVEAP,0.002387239
APP_binder_09_135_dldesign_0_cycle1_af2pred.pdb,LRKLLERLR,0.001957239
APP_binder_09_136_dldesign_0_cycle1_af2pred.pdb,PVPPVLRPP,0.001456974
APP_binder_09_137_dldesign_0_cycle1_af2pred.pdb,PAVPRVYVP,0.009255436
APP_binder_09_138_dldesign_0_cycle1_af2pred.pdb,KLGSELLAE,0.018003589
APP_binder_09_139_dldesign_0_cycle1_af2pred.pdb,SVYTPRQLP,0.010975935
APP_binder_09_13_dldesign_0_cycle1_af2pred.pdb,GLAVHVYEE,0.090066098
APP_binder_09_140_dldesign_0_cycle1_af2pred.pdb,PPPVPLVLP,0.022306353
APP_binder_09_141_dldesign_0_cycle1_af2pred.pdb,MKPHVRVSN,0.011842836
APP_binder_09_142_dldesign_0_cycle1_af2pred.pdb,GNFTPRQLP,0.010228149
APP_binder_09_143_dldesign_0_cycle1_af2pred.pdb,GATPVKVPA,0.000947196
APP_binder_09_144_dldesign_0_cycle1_af2pred.pdb,LGTPVRVPA,0.005588223
APP_binder_09_145_dldesign_0_cycle1_af2pred.pdb,SSPVLVSAP,0.007265283
APP_binder_09_146_dldesign_0_cycle1_af2pred.pdb,GGLAPVVKA,3.64E-05
APP_binder_09_147_dldesign_0_cycle1_af2pred.pdb,NLLRKVDLP,9.12E-05
APP_binder_09_148_dldesign_0_cycle1_af2pred.pdb,GSVLRRALP,0.000184068
APP_binder_09_149_dldesign_0_cycle1_af2pred.pdb,RKLPVRLLG,0.146584794
APP_binder_09_14_dldesign_0_cycle1_af2pred.pdb,APVRTVLLP,0.001038703
APP_binder_09_150_dldesign_0_cycle1_af2pred.pdb,PPTTPAALP,0.000159437
APP_binder_09_151_dldesign_0_cycle1_af2pred.pdb,PEVLSERLP,0.000107773
APP_binder_09_152_dldesign_0_cycle1_af2pred.pdb,SVLRRVVPP,0.001641123
APP_binder_09_153_dldesign_0_cycle1_af2pred.pdb,PLVPTPRLP,0.000551068
APP_binder_09_154_dldesign_0_cycle1_af2pred.pdb,GSTLKRVLP,9.25E-05
APP_binder_09_155_dldesign_0_cycle1_af2pred.pdb,STEPVKVAA,0.00149277
APP_binder_09_156_dldesign_0_cycle1_af2pred.pdb,AVDSALLAA,0.001734155
APP_binder_09_157_dldesign_0_cycle1_af2pred.pdb,GGRVVKVDL,0.002024928
APP_binder_09_158_dldesign_0_cycle1_af2pred.pdb,GAFLTSTVR,0.00570461
APP_binder_09_159_dldesign_0_cycle1_af2pred.pdb,HEVELPPAV,0.002876528
APP_binder_09_15_dldesign_0_cycle1_af2pred.pdb,PVLREPIYL,0.001217419
APP_binder_09_160_dldesign_0_cycle1_af2pred.pdb,MRHVYVPAP,0.00183813
APP_binder_09_161_dldesign_0_cycle1_af2pred.pdb,MQPLIPSLP,5.00E-05
APP_binder_09_162_dldesign_0_cycle1_af2pred.pdb,EEPVLRQMP,0.00360218
APP_binder_09_163_dldesign_0_cycle1_af2pred.pdb,STLPVKVDL,0.003412067
APP_binder_09_164_dldesign_0_cycle1_af2pred.pdb,GSVFRQRPG,0.008329044
APP_binder_09_165_dldesign_0_cycle1_af2pred.pdb,RTVDLPDVL,0.000144834
APP_binder_09_166_dldesign_0_cycle1_af2pred.pdb,PAVPVDVLP,0.004031291
APP_binder_09_167_dldesign_0_cycle1_af2pred.pdb,DPLLLLANL,0.001406028
APP_binder_09_168_dldesign_0_cycle1_af2pred.pdb,GSTLRQLPP,0.002908663
APP_binder_09_169_dldesign_0_cycle1_af2pred.pdb,KPVRRPLLP,0.001792562
APP_binder_09_16_dldesign_0_cycle1_af2pred.pdb,GLVLPVPLL,0.012709212
APP_binder_09_170_dldesign_0_cycle1_af2pred.pdb,KVEPVKVPL,0.000198791
APP_binder_09_171_dldesign_0_cycle1_af2pred.pdb,PTSVKVDLD,1.79E-05
APP_binder_09_172_dldesign_0_cycle1_af2pred.pdb,SLEDLLRLL,0.000283512
APP_binder_09_173_dldesign_0_cycle1_af2pred.pdb,FSPRPVVPA,2.68E-05
APP_binder_09_174_dldesign_0_cycle1_af2pred.pdb,MVLTPRRLP,0.000278934
APP_binder_09_175_dldesign_0_cycle1_af2pred.pdb,MQEPIYVSP,0.001894692
APP_binder_09_176_dldesign_0_cycle1_af2pred.pdb,AAPPLVRQP,0.000613968
APP_binder_09_177_dldesign_0_cycle1_af2pred.pdb,TVYTPKSVP,0.001775446
APP_binder_09_178_dldesign_0_cycle1_af2pred.pdb,GATLRQVLP,0.001920771
APP_binder_09_179_dldesign_0_cycle1_af2pred.pdb,GSVLRPGRR,0.003749758
APP_binder_09_17_dldesign_0_cycle1_af2pred.pdb,GVPVPHVHP,0.044564586
APP_binder_09_180_dldesign_0_cycle1_af2pred.pdb,GVHSEELEA,0.000704215
APP_binder_09_181_dldesign_0_cycle1_af2pred.pdb,GVNRLKSDP,0.000657543
APP_binder_09_182_dldesign_0_cycle1_af2pred.pdb,GPVVPDALP,0.00202184
APP_binder_09_183_dldesign_0_cycle1_af2pred.pdb,LRRLRRVEL,0.002651735
APP_binder_09_184_dldesign_0_cycle1_af2pred.pdb,GSAVPLPAD,0.016319674
APP_binder_09_185_dldesign_0_cycle1_af2pred.pdb,GAALPVPAP,0.005083048
APP_binder_09_186_dldesign_0_cycle1_af2pred.pdb,MTHIVDTSL,0.012519916
APP_binder_09_187_dldesign_0_cycle1_af2pred.pdb,PRVVLPPAA,0.002983521
APP_binder_09_188_dldesign_0_cycle1_af2pred.pdb,GAPRIRVPL,0.001274195
APP_binder_09_189_dldesign_0_cycle1_af2pred.pdb,PVLRPAPPR,0.005158183
APP_binder_09_18_dldesign_0_cycle1_af2pred.pdb,SLGRLQQLL,0.005376243
APP_binder_09_190_dldesign_0_cycle1_af2pred.pdb,SVLRRVPPP,0.006664374
APP_binder_09_191_dldesign_0_cycle1_af2pred.pdb,MHLEEYLDL,0.009967295
APP_binder_09_192_dldesign_0_cycle1_af2pred.pdb,PHVRVSSPP,0.00123283
APP_binder_09_193_dldesign_0_cycle1_af2pred.pdb,SLPKLVQRP,0.003550031
APP_binder_09_194_dldesign_0_cycle1_af2pred.pdb,SLVPAPPVP,2.16E-05
APP_binder_09_195_dldesign_0_cycle1_af2pred.pdb,GRSTPRPAP,0.061939146
APP_binder_09_196_dldesign_0_cycle1_af2pred.pdb,SLPTLRQRP,0.006684752
APP_binder_09_197_dldesign_0_cycle1_af2pred.pdb,DTLLELLRR,0.001013517
APP_binder_09_198_dldesign_0_cycle1_af2pred.pdb,GTVTVRRVR,0.052896604
APP_binder_09_199_dldesign_0_cycle1_af2pred.pdb,PVPVVKVPA,0.00010006
APP_binder_09_19_dldesign_0_cycle1_af2pred.pdb,GLLPPVVLP,0.135223627
APP_binder_09_1_dldesign_0_cycle1_af2pred.pdb,SVRVVKVAA,0.000134559
APP_binder_09_200_dldesign_0_cycle1_af2pred.pdb,GPLTLAPPP,0.001875829
APP_binder_09_201_dldesign_0_cycle1_af2pred.pdb,PLIPNAPAL,0.000272365
APP_binder_09_202_dldesign_0_cycle1_af2pred.pdb,GSVVEREAE,0.000727495
APP_binder_09_203_dldesign_0_cycle1_af2pred.pdb,SVPTVAYAP,0.004761918
APP_binder_09_204_dldesign_0_cycle1_af2pred.pdb,SVATPRPPL,0.011007491
APP_binder_09_205_dldesign_0_cycle1_af2pred.pdb,MKVTLRKPR,0.001692768
APP_binder_09_206_dldesign_0_cycle1_af2pred.pdb,GVPTLRSSP,0.004613217
APP_binder_09_207_dldesign_0_cycle1_af2pred.pdb,IRKPVKVPA,0.016329626
APP_binder_09_208_dldesign_0_cycle1_af2pred.pdb,GPVPRQYLA,0.064224795
APP_binder_09_209_dldesign_0_cycle1_af2pred.pdb,GGFRPVAPP,0.070381202
APP_binder_09_20_dldesign_0_cycle1_af2pred.pdb,GGVPRRPLP,0.086405583
APP_binder_09_210_dldesign_0_cycle1_af2pred.pdb,PHVKVPDAP,0.065988794
APP_binder_09_211_dldesign_0_cycle1_af2pred.pdb,SPRYYVLEP,0.081880458
APP_binder_09_212_dldesign_0_cycle1_af2pred.pdb,GTNHVKAPP,0.060883816
APP_binder_09_213_dldesign_0_cycle1_af2pred.pdb,GGVPRRVLP,0.084803537
APP_binder_09_214_dldesign_0_cycle1_af2pred.pdb,GPRSVPAAP,0.000595079
APP_binder_09_215_dldesign_0_cycle1_af2pred.pdb,PLPPKVVRL,0.067930527
APP_binder_09_216_dldesign_0_cycle1_af2pred.pdb,GPVYTVARP,0.103614911
APP_binder_09_217_dldesign_0_cycle1_af2pred.pdb,GSTPVLEAP,0.086314514
APP_binder_09_218_dldesign_0_cycle1_af2pred.pdb,GSPRRRPAP,0.068066545
APP_binder_09_219_dldesign_0_cycle1_af2pred.pdb,GPVRVALPL,0.077225022
APP_binder_09_21_dldesign_0_cycle1_af2pred.pdb,MSAVKVVAP,0.111680627
APP_binder_09_220_dldesign_0_cycle1_af2pred.pdb,PPALRPREP,0.088555619
APP_binder_09_221_dldesign_0_cycle1_af2pred.pdb,GNVLRQKLA,0.083654806
APP_binder_09_222_dldesign_0_cycle1_af2pred.pdb,LRPGLPALE,0.000171638
APP_binder_09_223_dldesign_0_cycle1_af2pred.pdb,GSYTYRQRP,0.012417162
APP_binder_09_224_dldesign_0_cycle1_af2pred.pdb,SSNVVPRSL,7.20E-05
APP_binder_09_225_dldesign_0_cycle1_af2pred.pdb,PLPQTVRQA,0.003047498
APP_binder_09_226_dldesign_0_cycle1_af2pred.pdb,VLDPPLLVR,0.001576811
APP_binder_09_227_dldesign_0_cycle1_af2pred.pdb,EVLEEEEVD,0.000787779
APP_binder_09_228_dldesign_0_cycle1_af2pred.pdb,SLLTELLLS,0.001623186
APP_binder_09_229_dldesign_0_cycle1_af2pred.pdb,SVPVPAVTS,0.00083567
APP_binder_09_22_dldesign_0_cycle1_af2pred.pdb,MSEQVKVAA,0.002044519
APP_binder_09_230_dldesign_0_cycle1_af2pred.pdb,SVNTLTKPL,0.006520885
APP_binder_09_231_dldesign_0_cycle1_af2pred.pdb,SSVPRLDLP,2.64E-05
APP_binder_09_232_dldesign_0_cycle1_af2pred.pdb,SVPTPTVAP,0.000182494
APP_binder_09_233_dldesign_0_cycle1_af2pred.pdb,SSKPVLLLP,0.000273105
APP_binder_09_234_dldesign_0_cycle1_af2pred.pdb,PVDASNVLP,0.004117373
APP_binder_09_235_dldesign_0_cycle1_af2pred.pdb,GVPTLRVRE,0.004625991
APP_binder_09_236_dldesign_0_cycle1_af2pred.pdb,STEPVKVPA,6.17E-05
APP_binder_09_237_dldesign_0_cycle1_af2pred.pdb,SVPKVVRAP,0.000719001
APP_binder_09_238_dldesign_0_cycle1_af2pred.pdb,APVLVLGRR,2.77E-05
APP_binder_09_239_dldesign_0_cycle1_af2pred.pdb,MRRLPAPPP,0.001225899
APP_binder_09_23_dldesign_0_cycle1_af2pred.pdb,MVGVDLSSL,0.002461031
APP_binder_09_240_dldesign_0_cycle1_af2pred.pdb,PLPVPRSRP,0.149919853
APP_binder_09_241_dldesign_0_cycle1_af2pred.pdb,GTNHRLVPA,0.003176016
APP_binder_09_242_dldesign_0_cycle1_af2pred.pdb,SLPLLLRLP,0.000701547
APP_binder_09_243_dldesign_0_cycle1_af2pred.pdb,SVERILAAD,0.001656819
APP_binder_09_244_dldesign_0_cycle1_af2pred.pdb,MEVVEHPPP,0.001063463
APP_binder_09_245_dldesign_0_cycle1_af2pred.pdb,SLPLLLRAG,0.000718056
APP_binder_09_246_dldesign_0_cycle1_af2pred.pdb,GGTPRQAPL,0.004721994
APP_binder_09_247_dldesign_0_cycle1_af2pred.pdb,GHEPVVVSP,0.000949409
APP_binder_09_248_dldesign_0_cycle1_af2pred.pdb,GSHVVVPAP,0.016835852
APP_binder_09_249_dldesign_0_cycle1_af2pred.pdb,SRSSSETLK,0.00652624
APP_binder_09_24_dldesign_0_cycle1_af2pred.pdb,MKPRRRKLL,0.000467806
APP_binder_09_250_dldesign_0_cycle1_af2pred.pdb,PAPHVHVPA,0.000588407
APP_binder_09_251_dldesign_0_cycle1_af2pred.pdb,GSVLRRVLP,0.005558214
APP_binder_09_252_dldesign_0_cycle1_af2pred.pdb,PVPATPIVS,0.000113472
APP_binder_09_253_dldesign_0_cycle1_af2pred.pdb,GSTLRQRPP,0.002149052
APP_binder_09_254_dldesign_0_cycle1_af2pred.pdb,GGKNHRKAL,0.001088821
APP_binder_09_255_dldesign_0_cycle1_af2pred.pdb,SSLPTPRYP,0.000925089
APP_binder_09_256_dldesign_0_cycle1_af2pred.pdb,SVPTPRQVP,0.00166914
APP_binder_09_257_dldesign_0_cycle1_af2pred.pdb,PYLRYIKAP,0.00013199
APP_binder_09_258_dldesign_0_cycle1_af2pred.pdb,SSGVVLTLP,0.000759555
APP_binder_09_259_dldesign_0_cycle1_af2pred.pdb,SLSVVTVKY,0.002849304
APP_binder_09_25_dldesign_0_cycle1_af2pred.pdb,PVLPPLARP,9.74E-05
APP_binder_09_260_dldesign_0_cycle1_af2pred.pdb,GATAIPALP,0.000748797
APP_binder_09_261_dldesign_0_cycle1_af2pred.pdb,GPPHLSEVP,0.002389678
APP_binder_09_262_dldesign_0_cycle1_af2pred.pdb,GGTLARVEA,0.000121684
APP_binder_09_263_dldesign_0_cycle1_af2pred.pdb,SVLVPSPRG,0.011446746
APP_binder_09_264_dldesign_0_cycle1_af2pred.pdb,PVLLDPVLP,0.00021835
APP_binder_09_265_dldesign_0_cycle1_af2pred.pdb,GPVYEVKAE,0.003425186
APP_binder_09_266_dldesign_0_cycle1_af2pred.pdb,GGSVLRRLP,0.000280452
APP_binder_09_267_dldesign_0_cycle1_af2pred.pdb,PPGLPRKAL,0.000161183
APP_binder_09_268_dldesign_0_cycle1_af2pred.pdb,PFPTRQVLA,0.018103136
APP_binder_09_269_dldesign_0_cycle1_af2pred.pdb,APVLRRVLE,0.000209449
APP_binder_09_26_dldesign_0_cycle1_af2pred.pdb,PPPPKLRPP,0.000658698
APP_binder_09_270_dldesign_0_cycle1_af2pred.pdb,PLSAVPKLP,0.0020666
APP_binder_09_271_dldesign_0_cycle1_af2pred.pdb,VSVPTLRYP,0.002642954
APP_binder_09_272_dldesign_0_cycle1_af2pred.pdb,EEPLLVRAP,0.002589165
APP_binder_09_273_dldesign_0_cycle1_af2pred.pdb,SLPTLRRVP,0.00442152
APP_binder_09_274_dldesign_0_cycle1_af2pred.pdb,GFTLRPPIK,0.002555488
APP_binder_09_275_dldesign_0_cycle1_af2pred.pdb,GVVLARSPS,0.000145282
APP_binder_09_276_dldesign_0_cycle1_af2pred.pdb,MTEPVKLLP,0.004643253
APP_binder_09_277_dldesign_0_cycle1_af2pred.pdb,GVPVLRQAP,3.56E-05
APP_binder_09_278_dldesign_0_cycle1_af2pred.pdb,SIQPPLPAL,0.005137101
APP_binder_09_279_dldesign_0_cycle1_af2pred.pdb,EVPNPVRPP,0.006049518
APP_binder_09_27_dldesign_0_cycle1_af2pred.pdb,GGVPVVRQP,4.97E-05
APP_binder_09_280_dldesign_0_cycle1_af2pred.pdb,EPRRILAAG,0.002219943
APP_binder_09_281_dldesign_0_cycle1_af2pred.pdb,GYRPARVLP,0.115551658
APP_binder_09_282_dldesign_0_cycle1_af2pred.pdb,APVTTPKSV,0.002936732
APP_binder_09_283_dldesign_0_cycle1_af2pred.pdb,GSVLRRTLP,0.00143664
APP_binder_09_284_dldesign_0_cycle1_af2pred.pdb,DPLELLRGP,0.000778735
APP_binder_09_285_dldesign_0_cycle1_af2pred.pdb,SLPLVTTHP,7.26E-05
APP_binder_09_286_dldesign_0_cycle1_af2pred.pdb,LVEEEVEPE,3.08E-05
APP_binder_09_287_dldesign_0_cycle1_af2pred.pdb,LLDDVVEFP,0.000104508
APP_binder_09_288_dldesign_0_cycle1_af2pred.pdb,VVYRPRPPP,0.007193002
APP_binder_09_289_dldesign_0_cycle1_af2pred.pdb,LKLYPLRKP,0.008587802
APP_binder_09_28_dldesign_0_cycle1_af2pred.pdb,ALPPLVRQV,2.01E-05
APP_binder_09_290_dldesign_0_cycle1_af2pred.pdb,SLPVLRKPR,0.001466943
APP_binder_09_291_dldesign_0_cycle1_af2pred.pdb,GAVLRRYTP,0.001361968
APP_binder_09_292_dldesign_0_cycle1_af2pred.pdb,SYTLKQVRP,3.90E-05
APP_binder_09_293_dldesign_0_cycle1_af2pred.pdb,GVTHVKVAA,0.000484788
APP_binder_09_294_dldesign_0_cycle1_af2pred.pdb,STVLEELEE,0.001570334
APP_binder_09_295_dldesign_0_cycle1_af2pred.pdb,SLPTLTPPL,0.002992374
APP_binder_09_296_dldesign_0_cycle1_af2pred.pdb,SLAPLVPAP,7.21E-05
APP_binder_09_297_dldesign_0_cycle1_af2pred.pdb,GSTLRTPRP,0.000799896
APP_binder_09_298_dldesign_0_cycle1_af2pred.pdb,GAVAVPVAP,0.00229099
APP_binder_09_299_dldesign_0_cycle1_af2pred.pdb,MRTEPIRVA,0.000307246
APP_binder_09_29_dldesign_0_cycle1_af2pred.pdb,PPTLRTRPP,0.004626384
APP_binder_09_2_dldesign_0_cycle1_af2pred.pdb,GVPVPLVPP,0.086533904
APP_binder_09_300_dldesign_0_cycle1_af2pred.pdb,SLAARLLSE,0.013871787
APP_binder_09_301_dldesign_0_cycle1_af2pred.pdb,TVYTLRPRP,0.012011766
APP_binder_09_302_dldesign_0_cycle1_af2pred.pdb,MPVTLRPPP,0.012940053
APP_binder_09_303_dldesign_0_cycle1_af2pred.pdb,SMGVRIKAP,0.017998936
APP_binder_09_304_dldesign_0_cycle1_af2pred.pdb,MPKVLLTPL,0.024868153
APP_binder_09_305_dldesign_0_cycle1_af2pred.pdb,GLRPHVRLP,0.00070595
APP_binder_09_306_dldesign_0_cycle1_af2pred.pdb,GATLKTVPQ,0.010511241
APP_binder_09_307_dldesign_0_cycle1_af2pred.pdb,PVVTVPRAP,0.010986075
APP_binder_09_308_dldesign_0_cycle1_af2pred.pdb,GLPTVRRPP,0.110619254
APP_binder_09_309_dldesign_0_cycle1_af2pred.pdb,MRKVKLVAP,0.02761407
APP_binder_09_30_dldesign_0_cycle1_af2pred.pdb,MKVLLPPLL,0.020379299
APP_binder_09_310_dldesign_0_cycle1_af2pred.pdb,NLVFLPDEL,0.018488342
APP_binder_09_311_dldesign_0_cycle1_af2pred.pdb,PAPGSLRRV,0.013535907
APP_binder_09_312_dldesign_0_cycle1_af2pred.pdb,MHLEEREAE,0.019114848
APP_binder_09_313_dldesign_0_cycle1_af2pred.pdb,APLVLKSVP,0.012781454
APP_binder_09_314_dldesign_0_cycle1_af2pred.pdb,SVNTLAVPP,0.00713801
APP_binder_09_315_dldesign_0_cycle1_af2pred.pdb,MGVAIKVEA,5.33E-05
APP_binder_09_316_dldesign_0_cycle1_af2pred.pdb,GVVLPPRPE,0.007168834
APP_binder_09_317_dldesign_0_cycle1_af2pred.pdb,FDSSVLRSR,0.001532811
APP_binder_09_318_dldesign_0_cycle1_af2pred.pdb,GSSRFVRLP,0.00042491
APP_binder_09_319_dldesign_0_cycle1_af2pred.pdb,PVKPVKVDV,0.000102875
APP_binder_09_31_dldesign_0_cycle1_af2pred.pdb,SLPKVVQVT,4.43E-05
APP_binder_09_320_dldesign_0_cycle1_af2pred.pdb,VRLRRKAPP,0.000623708
APP_binder_09_321_dldesign_0_cycle1_af2pred.pdb,RAEPVLLKP,0.00023931
APP_binder_09_322_dldesign_0_cycle1_af2pred.pdb,LTLPRLRAP,0.000226448
APP_binder_09_323_dldesign_0_cycle1_af2pred.pdb,VGPPVEVEL,0.001186239
APP_binder_09_324_dldesign_0_cycle1_af2pred.pdb,MSTTVLPAP,0.000105952
APP_binder_09_325_dldesign_0_cycle1_af2pred.pdb,HMHGDVDLG,0.000597942
APP_binder_09_326_dldesign_0_cycle1_af2pred.pdb,SMGSLPVLP,0.00267993
APP_binder_09_327_dldesign_0_cycle1_af2pred.pdb,GSGLVVRAE,0.000268898
APP_binder_09_328_dldesign_0_cycle1_af2pred.pdb,PVSSVLRRP,0.000520127
APP_binder_09_329_dldesign_0_cycle1_af2pred.pdb,GATHRPVPL,0.002866122
APP_binder_09_32_dldesign_0_cycle1_af2pred.pdb,GVTVRHVKA,0.004579676
APP_binder_09_330_dldesign_0_cycle1_af2pred.pdb,SLPRLRPRR,0.001810649
APP_binder_09_331_dldesign_0_cycle1_af2pred.pdb,PLPAKVVQP,0.001720711
APP_binder_09_332_dldesign_0_cycle1_af2pred.pdb,GHGHHIVEP,0.000469808
APP_binder_09_333_dldesign_0_cycle1_af2pred.pdb,AVVPRRATP,0.001618585
APP_binder_09_334_dldesign_0_cycle1_af2pred.pdb,MHSEELPAA,0.001850549
APP_binder_09_335_dldesign_0_cycle1_af2pred.pdb,SRPVAPVQP,0.00546748
APP_binder_09_336_dldesign_0_cycle1_af2pred.pdb,SVHRVPAPP,0.008707308
APP_binder_09_337_dldesign_0_cycle1_af2pred.pdb,VDILPLNPP,0.099967398
APP_binder_09_338_dldesign_0_cycle1_af2pred.pdb,EVPVVRHPP,0.006185127
APP_binder_09_339_dldesign_0_cycle1_af2pred.pdb,SGVLTPRRP,0.000297953
APP_binder_09_33_dldesign_0_cycle1_af2pred.pdb,MSKAIPVPA,0.000873705
APP_binder_09_340_dldesign_0_cycle1_af2pred.pdb,PVPRLDLSL,0.000196606
APP_binder_09_341_dldesign_0_cycle1_af2pred.pdb,GRVVHEVEK,0.012918759
APP_binder_09_342_dldesign_0_cycle1_af2pred.pdb,GPGLPLLAL,0.001835194
APP_binder_09_343_dldesign_0_cycle1_af2pred.pdb,RLSNHVLEV,0.114060275
APP_binder_09_344_dldesign_0_cycle1_af2pred.pdb,GPVLEDVPP,0.000929908
APP_binder_09_345_dldesign_0_cycle1_af2pred.pdb,GVPVPTRLP,0.000140867
APP_binder_09_346_dldesign_0_cycle1_af2pred.pdb,NLVPATSED,0.014054247
APP_binder_09_347_dldesign_0_cycle1_af2pred.pdb,RIRGVPVPA,7.21E-05
APP_binder_09_348_dldesign_0_cycle1_af2pred.pdb,GSSSVLRHL,0.006442504
APP_binder_09_349_dldesign_0_cycle1_af2pred.pdb,SAVPHLPEL,0.010306977
APP_binder_09_34_dldesign_0_cycle1_af2pred.pdb,SLPVAVRPP,0.005586261
APP_binder_09_350_dldesign_0_cycle1_af2pred.pdb,SAKPVLASS,0.002613321
APP_binder_09_351_dldesign_0_cycle1_af2pred.pdb,DVSFLRPGL,0.010012783
APP_binder_09_352_dldesign_0_cycle1_af2pred.pdb,PNENVPLSP,0.014445753
APP_binder_09_353_dldesign_0_cycle1_af2pred.pdb,GVVYKPVLP,0.000734418
APP_binder_09_354_dldesign_0_cycle1_af2pred.pdb,SLPKVTRPL,0.010817788
APP_binder_09_355_dldesign_0_cycle1_af2pred.pdb,LRPPLPAPP,0.016207438
APP_binder_09_356_dldesign_0_cycle1_af2pred.pdb,VRPGVPLAA,0.149193734
APP_binder_09_357_dldesign_0_cycle1_af2pred.pdb,SVLVTASLS,0.027395247
APP_binder_09_358_dldesign_0_cycle1_af2pred.pdb,GSVLRQRLP,8.75E-05
APP_binder_09_359_dldesign_0_cycle1_af2pred.pdb,SVPTVTPRR,0.005463412
APP_binder_09_35_dldesign_0_cycle1_af2pred.pdb,SVPTLRPPL,0.018375026
APP_binder_09_360_dldesign_0_cycle1_af2pred.pdb,SSPPLLVAP,0.002506967
APP_binder_09_361_dldesign_0_cycle1_af2pred.pdb,SLPLLVSRP,0.003108491
APP_binder_09_362_dldesign_0_cycle1_af2pred.pdb,PVVTTVKTL,0.003611329
APP_binder_09_363_dldesign_0_cycle1_af2pred.pdb,SLPVPRSVP,0.001387676
APP_binder_09_364_dldesign_0_cycle1_af2pred.pdb,MGVAVPPPP,0.000724072
APP_binder_09_365_dldesign_0_cycle1_af2pred.pdb,GNLRYVREA,9.79E-05
APP_binder_09_366_dldesign_0_cycle1_af2pred.pdb,MLSEVERLP,0.009443812
APP_binder_09_367_dldesign_0_cycle1_af2pred.pdb,GSLGKRIKA,0.000164851
APP_binder_09_368_dldesign_0_cycle1_af2pred.pdb,SLPTIKRVE,0.00507975
APP_binder_09_369_dldesign_0_cycle1_af2pred.pdb,GSTPRQVPP,0.002829895
APP_binder_09_36_dldesign_0_cycle1_af2pred.pdb,SAVPTPRLP,7.48E-05
APP_binder_09_370_dldesign_0_cycle1_af2pred.pdb,GPPRAVPAP,0.003338921
APP_binder_09_371_dldesign_0_cycle1_af2pred.pdb,SRSGVPVAP,0.008476606
APP_binder_09_372_dldesign_0_cycle1_af2pred.pdb,GAVALPELS,0.003197003
APP_binder_09_373_dldesign_0_cycle1_af2pred.pdb,MTPRLAPAL,0.006851744
APP_binder_09_374_dldesign_0_cycle1_af2pred.pdb,SLALFRKPP,0.004104749
APP_binder_09_375_dldesign_0_cycle1_af2pred.pdb,VVPRRYSDL,4.35E-05
APP_binder_09_376_dldesign_0_cycle1_af2pred.pdb,SVPVLRRAP,0.001603402
APP_binder_09_377_dldesign_0_cycle1_af2pred.pdb,SVPRLRVFP,0.003171094
APP_binder_09_378_dldesign_0_cycle1_af2pred.pdb,MGVAIPVAP,0.001027106
APP_binder_09_379_dldesign_0_cycle1_af2pred.pdb,SVLTLRKPR,0.002261441
APP_binder_09_37_dldesign_0_cycle1_af2pred.pdb,GVYTLRPTR,0.0001662
APP_binder_09_380_dldesign_0_cycle1_af2pred.pdb,RLTLERILP,0.000647716
APP_binder_09_381_dldesign_0_cycle1_af2pred.pdb,GSTLAQVLP,3.79E-05
APP_binder_09_382_dldesign_0_cycle1_af2pred.pdb,GPPVLRYVP,0.005678229
APP_binder_09_383_dldesign_0_cycle1_af2pred.pdb,MRSEPVRVA,0.001929483
APP_binder_09_384_dldesign_0_cycle1_af2pred.pdb,LSLSELAPP,0.000992843
APP_binder_09_385_dldesign_0_cycle1_af2pred.pdb,PAVHYKLLY,0.004421691
APP_binder_09_386_dldesign_0_cycle1_af2pred.pdb,GGSVLRQLP,0.002274579
APP_binder_09_387_dldesign_0_cycle1_af2pred.pdb,GVVRPVKLA,0.014521318
APP_binder_09_388_dldesign_0_cycle1_af2pred.pdb,SLPVLRKRP,0.001532432
APP_binder_09_389_dldesign_0_cycle1_af2pred.pdb,EEEPVDLDS,0.003027033
APP_binder_09_38_dldesign_0_cycle1_af2pred.pdb,GSVLVPRSP,0.008834503
APP_binder_09_390_dldesign_0_cycle1_af2pred.pdb,SVSDAVVHP,0.001318831
APP_binder_09_391_dldesign_0_cycle1_af2pred.pdb,GVTVRPPRP,0.021589693
APP_binder_09_392_dldesign_0_cycle1_af2pred.pdb,SLPVPRRVH,0.134419605
APP_binder_09_393_dldesign_0_cycle1_af2pred.pdb,SRSGVPLSA,0.155761123
APP_binder_09_394_dldesign_0_cycle1_af2pred.pdb,NVPVLRSVP,0.151765898
APP_binder_09_395_dldesign_0_cycle1_af2pred.pdb,SLPKVVQVP,0.14503026
APP_binder_09_396_dldesign_0_cycle1_af2pred.pdb,RLRYRYVLE,0.032594349
APP_binder_09_397_dldesign_0_cycle1_af2pred.pdb,GSVLRQVLA,0.090401195
APP_binder_09_398_dldesign_0_cycle1_af2pred.pdb,PVPPRAVLP,0.139665931
APP_binder_09_399_dldesign_0_cycle1_af2pred.pdb,GVVVPRRPP,0.006829191
APP_binder_09_39_dldesign_0_cycle1_af2pred.pdb,RKVKYVKSE,0.020069648
APP_binder_09_3_dldesign_0_cycle1_af2pred.pdb,RLNSSYARL,0.101542346
APP_binder_09_400_dldesign_0_cycle1_af2pred.pdb,GGVPRRVLP,0.124661289
APP_binder_09_401_dldesign_0_cycle1_af2pred.pdb,SGSPVVVPA,0.121096469
APP_binder_09_402_dldesign_0_cycle1_af2pred.pdb,PRGPRLPAP,0.180889457
APP_binder_09_403_dldesign_0_cycle1_af2pred.pdb,SGVPLPLLP,0.126063451
APP_binder_09_404_dldesign_0_cycle1_af2pred.pdb,GVVLRRPLP,0.087445237
APP_binder_09_405_dldesign_0_cycle1_af2pred.pdb,SVPTVASPP,0.132848218
APP_binder_09_406_dldesign_0_cycle1_af2pred.pdb,PLGLRLPAP,2.32E-05
APP_binder_09_407_dldesign_0_cycle1_af2pred.pdb,SSTPLPLLP,0.002226276
APP_binder_09_408_dldesign_0_cycle1_af2pred.pdb,SVLLNYDQP,0.010072705
APP_binder_09_409_dldesign_0_cycle1_af2pred.pdb,SVNVLRPPR,0.013634305
APP_binder_09_40_dldesign_0_cycle1_af2pred.pdb,PAPPVPPAP,0.000416056
APP_binder_09_410_dldesign_0_cycle1_af2pred.pdb,APPVPRESV,0.003331335
APP_binder_09_411_dldesign_0_cycle1_af2pred.pdb,HSTPVKVSS,0.000599781
APP_binder_09_412_dldesign_0_cycle1_af2pred.pdb,STPLLRRIL,0.006856999
APP_binder_09_413_dldesign_0_cycle1_af2pred.pdb,GLPRLVQLP,0.004994258
APP_binder_09_414_dldesign_0_cycle1_af2pred.pdb,GAVRLLDVP,0.001171896
APP_binder_09_415_dldesign_0_cycle1_af2pred.pdb,RVVLPAQAD,0.004779981
APP_binder_09_416_dldesign_0_cycle1_af2pred.pdb,GHGVAVPLP,0.000348689
APP_binder_09_417_dldesign_0_cycle1_af2pred.pdb,SLLTGAEAL,0.005887206
APP_binder_09_418_dldesign_0_cycle1_af2pred.pdb,RPRLILVPN,0.010291604
APP_binder_09_419_dldesign_0_cycle1_af2pred.pdb,SLAAILAEL,0.007942183
APP_binder_09_41_dldesign_0_cycle1_af2pred.pdb,GSVILPELP,0.000259116
APP_binder_09_420_dldesign_0_cycle1_af2pred.pdb,LRYVYAPAP,0.000239351
APP_binder_09_421_dldesign_0_cycle1_af2pred.pdb,GSVLRRVLP,0.003282668
APP_binder_09_422_dldesign_0_cycle1_af2pred.pdb,GGVPRSVQA,0.001970946
APP_binder_09_423_dldesign_0_cycle1_af2pred.pdb,SLPVLKSYE,0.024450971
APP_binder_09_424_dldesign_0_cycle1_af2pred.pdb,APVVTLRRP,0.018166158
APP_binder_09_425_dldesign_0_cycle1_af2pred.pdb,GVLKPRLPL,0.013250362
APP_binder_09_426_dldesign_0_cycle1_af2pred.pdb,MRGVAVPAP,0.022076325
APP_binder_09_427_dldesign_0_cycle1_af2pred.pdb,GPTNYYLEE,0.000112576
APP_binder_09_428_dldesign_0_cycle1_af2pred.pdb,PPRPPRKPP,0.00764456
APP_binder_09_429_dldesign_0_cycle1_af2pred.pdb,SLAKLLSAL,0.024699127
APP_binder_09_42_dldesign_0_cycle1_af2pred.pdb,SIQPPVRLA,0.026603287
APP_binder_09_430_dldesign_0_cycle1_af2pred.pdb,GNSVPLSLP,0.013876338
APP_binder_09_431_dldesign_0_cycle1_af2pred.pdb,GLGLRITLP,0.000448556
APP_binder_09_432_dldesign_0_cycle1_af2pred.pdb,SLPTLVQRP,0.032155432
APP_binder_09_433_dldesign_0_cycle1_af2pred.pdb,APKVVRGPP,0.009227228
APP_binder_09_434_dldesign_0_cycle1_af2pred.pdb,YLPRLANEL,0.018044595
APP_binder_09_435_dldesign_0_cycle1_af2pred.pdb,VTNVGPRRV,0.025608165
APP_binder_09_436_dldesign_0_cycle1_af2pred.pdb,GFTLRPPRR,0.023953296
APP_binder_09_437_dldesign_0_cycle1_af2pred.pdb,GARVRVLAP,0.001386433
APP_binder_09_438_dldesign_0_cycle1_af2pred.pdb,SSSPIYLDD,0.000789829
APP_binder_09_439_dldesign_0_cycle1_af2pred.pdb,GQPRVPELP,0.001137195
APP_binder_09_43_dldesign_0_cycle1_af2pred.pdb,NVPRLTFSL,0.002937683
APP_binder_09_440_dldesign_0_cycle1_af2pred.pdb,SLPILRPGR,0.000716558
APP_binder_09_441_dldesign_0_cycle1_af2pred.pdb,EVLEESEKP,0.003137326
APP_binder_09_442_dldesign_0_cycle1_af2pred.pdb,GLSVPPISV,0.104492195
APP_binder_09_443_dldesign_0_cycle1_af2pred.pdb,AVYTLRPPS,0.000550014
APP_binder_09_444_dldesign_0_cycle1_af2pred.pdb,STPVLLVAP,0.002503776
APP_binder_09_445_dldesign_0_cycle1_af2pred.pdb,GPAVLRQAP,0.000271442
APP_binder_09_446_dldesign_0_cycle1_af2pred.pdb,EEPPLLRSV,0.001413158
APP_binder_09_447_dldesign_0_cycle1_af2pred.pdb,AAVHYPLPA,0.002322617
APP_binder_09_448_dldesign_0_cycle1_af2pred.pdb,GSVVRRAPP,0.001180539
APP_binder_09_449_dldesign_0_cycle1_af2pred.pdb,SVYSVPLPP,0.000721652
APP_binder_09_44_dldesign_0_cycle1_af2pred.pdb,APPLAVSRE,0.000368672
APP_binder_09_450_dldesign_0_cycle1_af2pred.pdb,PVYVPRPRS,2.39E-05
APP_binder_09_451_dldesign_0_cycle1_af2pred.pdb,PVVYPLKSR,0.000115013
APP_binder_09_452_dldesign_0_cycle1_af2pred.pdb,EVPTLASRP,0.001549019
APP_binder_09_453_dldesign_0_cycle1_af2pred.pdb,GSTVLKVAN,6.95E-05
APP_binder_09_454_dldesign_0_cycle1_af2pred.pdb,GVPQVKVPA,0.007776473
APP_binder_09_455_dldesign_0_cycle1_af2pred.pdb,SATRYRTYE,0.001159742
APP_binder_09_456_dldesign_0_cycle1_af2pred.pdb,SLPVPRRVP,0.000899807
APP_binder_09_457_dldesign_0_cycle1_af2pred.pdb,GPSVLAPAP,0.001112126
APP_binder_09_458_dldesign_0_cycle1_af2pred.pdb,AKPVYVSLP,0.006714108
APP_binder_09_459_dldesign_0_cycle1_af2pred.pdb,SSVVEVPQL,0.002491274
APP_binder_09_45_dldesign_0_cycle1_af2pred.pdb,SLPTPRQVV,0.001175421
APP_binder_09_460_dldesign_0_cycle1_af2pred.pdb,SKVVLRVPP,0.003262631
APP_binder_09_461_dldesign_0_cycle1_af2pred.pdb,SGGVRRVAP,0.003372848
APP_binder_09_462_dldesign_0_cycle1_af2pred.pdb,SLPVARYRP,8.72E-05
APP_binder_09_463_dldesign_0_cycle1_af2pred.pdb,MRSTPILAA,0.004278328
APP_binder_09_464_dldesign_0_cycle1_af2pred.pdb,EVDVPVLKR,0.002626013
APP_binder_09_465_dldesign_0_cycle1_af2pred.pdb,GVPVELPVV,0.001989662
APP_binder_09_466_dldesign_0_cycle1_af2pred.pdb,GVLLIRRPP,0.001904398
APP_binder_09_467_dldesign_0_cycle1_af2pred.pdb,GAVIRLSAP,0.000276233
APP_binder_09_468_dldesign_0_cycle1_af2pred.pdb,GPVPRRYTP,0.018857202
APP_binder_09_469_dldesign_0_cycle1_af2pred.pdb,SVPLVRPPL,0.001888502
APP_binder_09_46_dldesign_0_cycle1_af2pred.pdb,SVAIKVPAL,0.000180879
APP_binder_09_470_dldesign_0_cycle1_af2pred.pdb,VVEYPVVDE,0.124280058
APP_binder_09_471_dldesign_0_cycle1_af2pred.pdb,EEVVTLKAE,0.003609707
APP_binder_09_472_dldesign_0_cycle1_af2pred.pdb,TILYPDVPE,0.005173828
APP_binder_09_473_dldesign_0_cycle1_af2pred.pdb,PNVPKVVTL,0.000133401
APP_binder_09_474_dldesign_0_cycle1_af2pred.pdb,ARAVYVPAP,0.002323501
APP_binder_09_475_dldesign_0_cycle1_af2pred.pdb,GVLTPRTTL,0.006624312
APP_binder_09_476_dldesign_0_cycle1_af2pred.pdb,GSVPVPVAP,0.011819794
APP_binder_09_477_dldesign_0_cycle1_af2pred.pdb,GVSYTPKYP,0.018191013
APP_binder_09_478_dldesign_0_cycle1_af2pred.pdb,GSGLRLKEL,0.002926845
APP_binder_09_479_dldesign_0_cycle1_af2pred.pdb,MNSVPLPEP,0.008402316
APP_binder_09_47_dldesign_0_cycle1_af2pred.pdb,GAVIPAPAP,0.000674998
APP_binder_09_480_dldesign_0_cycle1_af2pred.pdb,SEEIVNLPQ,0.001047748
APP_binder_09_481_dldesign_0_cycle1_af2pred.pdb,VVLPEVKTP,0.000153676
APP_binder_09_482_dldesign_0_cycle1_af2pred.pdb,PPVVYTLRV,0.068278112
APP_binder_09_483_dldesign_0_cycle1_af2pred.pdb,PVYDPSLKP,0.000119946
APP_binder_09_484_dldesign_0_cycle1_af2pred.pdb,GALALPELP,0.003570326
APP_binder_09_485_dldesign_0_cycle1_af2pred.pdb,SLAKALAYL,0.001006111
APP_binder_09_486_dldesign_0_cycle1_af2pred.pdb,PAPATPRLP,1.87E-05
APP_binder_09_487_dldesign_0_cycle1_af2pred.pdb,GVTLKSVPN,0.010051137
APP_binder_09_488_dldesign_0_cycle1_af2pred.pdb,PTVYTLRSP,0.001603692
APP_binder_09_489_dldesign_0_cycle1_af2pred.pdb,APHILEVAP,0.003480327
APP_binder_09_48_dldesign_0_cycle1_af2pred.pdb,GERDVDVLL,0.000372201
APP_binder_09_490_dldesign_0_cycle1_af2pred.pdb,PVVLVRPPE,0.000482219
APP_binder_09_491_dldesign_0_cycle1_af2pred.pdb,GSLPKVVSR,9.73E-05
APP_binder_09_492_dldesign_0_cycle1_af2pred.pdb,GAPRHVLLL,0.000854528
APP_binder_09_493_dldesign_0_cycle1_af2pred.pdb,SSLPKVRTV,0.000423971
APP_binder_09_494_dldesign_0_cycle1_af2pred.pdb,SVVHLPVAA,0.010812623
APP_binder_09_495_dldesign_0_cycle1_af2pred.pdb,GSNKPVLEP,0.018536435
APP_binder_09_496_dldesign_0_cycle1_af2pred.pdb,AAALYTVKR,0.000231923
APP_binder_09_497_dldesign_0_cycle1_af2pred.pdb,GAQLLLPAP,4.11E-05
APP_binder_09_498_dldesign_0_cycle1_af2pred.pdb,GSVLRPRRP,0.009153081
APP_binder_09_499_dldesign_0_cycle1_af2pred.pdb,GSVLRSVQP,0.003481184
APP_binder_09_49_dldesign_0_cycle1_af2pred.pdb,GAVPRRPLP,0.000301386
APP_binder_09_4_dldesign_0_cycle1_af2pred.pdb,GVATPRPPP,0.009915891
APP_binder_09_500_dldesign_0_cycle1_af2pred.pdb,MTPVYVAAP,0.000903654
APP_binder_09_501_dldesign_0_cycle1_af2pred.pdb,EYDNLTLRL,0.001387108
APP_binder_09_502_dldesign_0_cycle1_af2pred.pdb,GSVNRVLEE,0.001106027
APP_binder_09_503_dldesign_0_cycle1_af2pred.pdb,SPILQSELL,0.004301787
APP_binder_09_504_dldesign_0_cycle1_af2pred.pdb,GSTTPVKAP,0.00043925
APP_binder_09_505_dldesign_0_cycle1_af2pred.pdb,GSLFTLRQR,0.000130231
APP_binder_09_506_dldesign_0_cycle1_af2pred.pdb,GPAVPRRPP,0.003696743
APP_binder_09_507_dldesign_0_cycle1_af2pred.pdb,PKPQPKVAA,0.00028906
APP_binder_09_508_dldesign_0_cycle1_af2pred.pdb,GHAVHYPAP,0.029905289
APP_binder_09_509_dldesign_0_cycle1_af2pred.pdb,HNEPIVLLP,0.00019468
APP_binder_09_50_dldesign_0_cycle1_af2pred.pdb,VPILPRVPE,0.004864297
APP_binder_09_510_dldesign_0_cycle1_af2pred.pdb,SSVPKLVRR,0.001930691
APP_binder_09_511_dldesign_0_cycle1_af2pred.pdb,LSSLKVAYP,0.001292062
APP_binder_09_512_dldesign_0_cycle1_af2pred.pdb,PPVAPHVKA,0.022210766
APP_binder_09_513_dldesign_0_cycle1_af2pred.pdb,GTPVLAVPP,0.01233117
APP_binder_09_514_dldesign_0_cycle1_af2pred.pdb,TPVHVKALP,2.64E-05
APP_binder_09_515_dldesign_0_cycle1_af2pred.pdb,GSVLRSVQE,0.012765029
APP_binder_09_516_dldesign_0_cycle1_af2pred.pdb,AVSLPVRVP,0.00149506
APP_binder_09_517_dldesign_0_cycle1_af2pred.pdb,GVSPVRVSL,0.002868041
APP_binder_09_518_dldesign_0_cycle1_af2pred.pdb,GTNRRPALT,0.005094535
APP_binder_09_519_dldesign_0_cycle1_af2pred.pdb,APPPLVRQA,0.000188694
APP_binder_09_51_dldesign_0_cycle1_af2pred.pdb,IEPGSLVHL,3.74E-05
APP_binder_09_520_dldesign_0_cycle1_af2pred.pdb,GTNHVRLPP,0.001247913
APP_binder_09_521_dldesign_0_cycle1_af2pred.pdb,MRSKRIRVP,0.000100996
APP_binder_09_522_dldesign_0_cycle1_af2pred.pdb,ATPIKALPA,0.001131355
APP_binder_09_523_dldesign_0_cycle1_af2pred.pdb,PPLRLPDLE,5.36E-05
APP_binder_09_524_dldesign_0_cycle1_af2pred.pdb,DNGTNVLEP,7.43E-05
APP_binder_09_525_dldesign_0_cycle1_af2pred.pdb,SSSVPVPAP,0.001160764
APP_binder_09_526_dldesign_0_cycle1_af2pred.pdb,FKLGERRKA,1.22E-05
APP_binder_09_527_dldesign_0_cycle1_af2pred.pdb,EVPTYRPPV,0.002472402
APP_binder_09_528_dldesign_0_cycle1_af2pred.pdb,SLPTLRLPR,0.003713189
APP_binder_09_529_dldesign_0_cycle1_af2pred.pdb,PTVLPDDLP,0.003437221
APP_binder_09_52_dldesign_0_cycle1_af2pred.pdb,SEPVYVDAP,4.24E-05
APP_binder_09_530_dldesign_0_cycle1_af2pred.pdb,SLPVPRRVL,0.000203924
APP_binder_09_531_dldesign_0_cycle1_af2pred.pdb,GHSAIVKAP,0.000477836
APP_binder_09_532_dldesign_0_cycle1_af2pred.pdb,GVLYSERPA,0.099351898
APP_binder_09_533_dldesign_0_cycle1_af2pred.pdb,STPRHRKAL,0.001468693
APP_binder_09_534_dldesign_0_cycle1_af2pred.pdb,SVPTLRPPR,0.001689637
APP_binder_09_535_dldesign_0_cycle1_af2pred.pdb,GPPPPTRHL,0.00019414
APP_binder_09_536_dldesign_0_cycle1_af2pred.pdb,LPLHQLLLL,0.000441234
APP_binder_09_537_dldesign_0_cycle1_af2pred.pdb,GPPVEVELD,0.000130623
APP_binder_09_538_dldesign_0_cycle1_af2pred.pdb,MNPVVLEPE,2.77E-05
APP_binder_09_539_dldesign_0_cycle1_af2pred.pdb,GPVAVPVAP,0.002723769
APP_binder_09_53_dldesign_0_cycle1_af2pred.pdb,GHSTVVKVA,0.004392282
APP_binder_09_540_dldesign_0_cycle1_af2pred.pdb,SSSFGEVLP,0.00013406
APP_binder_09_541_dldesign_0_cycle1_af2pred.pdb,DEADLTDVS,0.002011382
APP_binder_09_542_dldesign_0_cycle1_af2pred.pdb,SAPPVVPEP,0.062083568
APP_binder_09_543_dldesign_0_cycle1_af2pred.pdb,SLPTLRRAP,0.002356724
APP_binder_09_544_dldesign_0_cycle1_af2pred.pdb,SKALSLLRL,0.012991482
APP_binder_09_545_dldesign_0_cycle1_af2pred.pdb,PVPRVARRP,0.012938047
APP_binder_09_546_dldesign_0_cycle1_af2pred.pdb,TVTLLKAPP,0.00550195
APP_binder_09_547_dldesign_0_cycle1_af2pred.pdb,VRGKRIKAL,0.004218233
APP_binder_09_548_dldesign_0_cycle1_af2pred.pdb,VEEVDPELL,0.02102942
APP_binder_09_549_dldesign_0_cycle1_af2pred.pdb,SRSPLYVPL,0.014961525
APP_binder_09_54_dldesign_0_cycle1_af2pred.pdb,SLPTVRLRP,0.011942699
APP_binder_09_550_dldesign_0_cycle1_af2pred.pdb,GPVLRTASP,0.011513353
APP_binder_09_551_dldesign_0_cycle1_af2pred.pdb,VDNATLTQP,0.152345598
APP_binder_09_552_dldesign_0_cycle1_af2pred.pdb,TLYPLTTRP,0.00080358
APP_binder_09_553_dldesign_0_cycle1_af2pred.pdb,GVYTPRQPP,0.006438717
APP_binder_09_554_dldesign_0_cycle1_af2pred.pdb,GVYTPRPPR,0.00113172
APP_binder_09_555_dldesign_0_cycle1_af2pred.pdb,NVLVPRYAP,0.008620265
APP_binder_09_556_dldesign_0_cycle1_af2pred.pdb,AVALPAPAL,0.01172195
APP_binder_09_557_dldesign_0_cycle1_af2pred.pdb,PLPPRLRTL,0.004870715
APP_binder_09_558_dldesign_0_cycle1_af2pred.pdb,VTVARYVPP,0.001813156
APP_binder_09_559_dldesign_0_cycle1_af2pred.pdb,RLRHRPAPP,0.001763367
APP_binder_09_55_dldesign_0_cycle1_af2pred.pdb,AVAVQIVEA,0.007133638
APP_binder_09_560_dldesign_0_cycle1_af2pred.pdb,SVTPTTVKR,0.000372762
APP_binder_09_561_dldesign_0_cycle1_af2pred.pdb,GTPVPVSPP,0.02265428
APP_binder_09_562_dldesign_0_cycle1_af2pred.pdb,GTLRPPRRA,0.092004471
APP_binder_09_563_dldesign_0_cycle1_af2pred.pdb,SSSAIYLEA,0.001546938
APP_binder_09_564_dldesign_0_cycle1_af2pred.pdb,GGVVKNLPP,0.000450329
APP_binder_09_565_dldesign_0_cycle1_af2pred.pdb,GPVLRSVPG,0.005449468
APP_binder_09_566_dldesign_0_cycle1_af2pred.pdb,LNYVLEPEP,0.003413526
APP_binder_09_567_dldesign_0_cycle1_af2pred.pdb,GPVPAPAAL,0.001476617
APP_binder_09_568_dldesign_0_cycle1_af2pred.pdb,APATVARRP,0.001856697
APP_binder_09_569_dldesign_0_cycle1_af2pred.pdb,TPVALPELP,0.000549756
APP_binder_09_56_dldesign_0_cycle1_af2pred.pdb,ELRHVKAAP,6.52E-05
APP_binder_09_570_dldesign_0_cycle1_af2pred.pdb,SKPVKLLPP,0.002278751
APP_binder_09_571_dldesign_0_cycle1_af2pred.pdb,SVVPRRVLR,0.00174851
APP_binder_09_572_dldesign_0_cycle1_af2pred.pdb,SLPLLLLPL,0.001748499
APP_binder_09_573_dldesign_0_cycle1_af2pred.pdb,HATPIVLPA,0.004183288
APP_binder_09_574_dldesign_0_cycle1_af2pred.pdb,GVPRRPSLP,0.002365532
APP_binder_09_575_dldesign_0_cycle1_af2pred.pdb,PEVIELKSV,0.00010472
APP_binder_09_576_dldesign_0_cycle1_af2pred.pdb,APAIVPVPP,0.001084415
APP_binder_09_577_dldesign_0_cycle1_af2pred.pdb,PIVHVKAAD,0.01063398
APP_binder_09_578_dldesign_0_cycle1_af2pred.pdb,GVVLKSVSN,0.0238172
APP_binder_09_579_dldesign_0_cycle1_af2pred.pdb,MRPPIYVRP,0.567049563
APP_binder_09_57_dldesign_0_cycle1_af2pred.pdb,GVEEVEREP,0.005997798
APP_binder_09_580_dldesign_0_cycle1_af2pred.pdb,PVRVLLLEE,2.78E-05
APP_binder_09_581_dldesign_0_cycle1_af2pred.pdb,RLLLNLAAL,0.004189467
APP_binder_09_582_dldesign_0_cycle1_af2pred.pdb,SLDLLEQLL,0.003163266
APP_binder_09_583_dldesign_0_cycle1_af2pred.pdb,GDLRRVVAP,0.000161161
APP_binder_09_584_dldesign_0_cycle1_af2pred.pdb,PIAVPEPAP,0.001326298
APP_binder_09_585_dldesign_0_cycle1_af2pred.pdb,GSPRSVPAP,0.009110155
APP_binder_09_586_dldesign_0_cycle1_af2pred.pdb,SLPNPLEEE,0.001961237
APP_binder_09_587_dldesign_0_cycle1_af2pred.pdb,GHSPIKVPA,0.001800136
APP_binder_09_588_dldesign_0_cycle1_af2pred.pdb,GVTLSTPLP,3.40E-05
APP_binder_09_589_dldesign_0_cycle1_af2pred.pdb,APLGKPVVR,6.25E-05
APP_binder_09_58_dldesign_0_cycle1_af2pred.pdb,ELPKLVQRV,0.001534415
APP_binder_09_590_dldesign_0_cycle1_af2pred.pdb,LVNLPDLLP,0.001238369
APP_binder_09_591_dldesign_0_cycle1_af2pred.pdb,GATRLPAIP,9.40E-05
APP_binder_09_592_dldesign_0_cycle1_af2pred.pdb,APPPVVRRV,0.000555826
APP_binder_09_593_dldesign_0_cycle1_af2pred.pdb,VAATLAALA,0.010854575
APP_binder_09_594_dldesign_0_cycle1_af2pred.pdb,SLDVDLPPL,0.005187123
APP_binder_09_595_dldesign_0_cycle1_af2pred.pdb,SVPTLRRAP,0.003971764
APP_binder_09_596_dldesign_0_cycle1_af2pred.pdb,VDVPVLTTP,0.07725881
APP_binder_09_597_dldesign_0_cycle1_af2pred.pdb,ALAALLATA,0.001160342
APP_binder_09_598_dldesign_0_cycle1_af2pred.pdb,RSEPVRVPA,0.001447698
APP_binder_09_599_dldesign_0_cycle1_af2pred.pdb,MELNYILED,0.000289239
APP_binder_09_59_dldesign_0_cycle1_af2pred.pdb,EEDVEFEAT,0.004468405
APP_binder_09_5_dldesign_0_cycle1_af2pred.pdb,GVPRRAQPP,0.000485921
APP_binder_09_600_dldesign_0_cycle1_af2pred.pdb,KVYPPGPPP,0.006664568
APP_binder_09_601_dldesign_0_cycle1_af2pred.pdb,GSQPPTPVP,0.003283832
APP_binder_09_602_dldesign_0_cycle1_af2pred.pdb,GVPVPRRAP,0.006664302
APP_binder_09_603_dldesign_0_cycle1_af2pred.pdb,SLSLNALLQ,0.004457223
APP_binder_09_604_dldesign_0_cycle1_af2pred.pdb,PKKPPAVEP,0.003150603
APP_binder_09_605_dldesign_0_cycle1_af2pred.pdb,PLPRVEDPE,0.041258525
APP_binder_09_606_dldesign_0_cycle1_af2pred.pdb,PVLTPRPPR,0.045386259
APP_binder_09_607_dldesign_0_cycle1_af2pred.pdb,SRAVLVLVP,0.054670893
APP_binder_09_608_dldesign_0_cycle1_af2pred.pdb,SVPRPAVRV,0.060825393
APP_binder_09_609_dldesign_0_cycle1_af2pred.pdb,GSAVPAPAP,0.016049189
APP_binder_09_60_dldesign_0_cycle1_af2pred.pdb,GVTLRTAPN,0.02380944
APP_binder_09_610_dldesign_0_cycle1_af2pred.pdb,RVPRPLEPE,0.018981017
APP_binder_09_611_dldesign_0_cycle1_af2pred.pdb,GVPVPRPPR,0.001678397
APP_binder_09_612_dldesign_0_cycle1_af2pred.pdb,HVSQHRPAP,0.06301184
APP_binder_09_613_dldesign_0_cycle1_af2pred.pdb,GSVLGYPLV,0.041202884
APP_binder_09_614_dldesign_0_cycle1_af2pred.pdb,HMHVPVNPV,0.044884164
APP_binder_09_615_dldesign_0_cycle1_af2pred.pdb,SVVLPRPPR,0.058049783
APP_binder_09_616_dldesign_0_cycle1_af2pred.pdb,RLLSLLRNE,0.055278022
APP_binder_09_617_dldesign_0_cycle1_af2pred.pdb,ATPVPAPPP,0.038818963
APP_binder_09_618_dldesign_0_cycle1_af2pred.pdb,GVAVPRVRP,0.001280772
APP_binder_09_619_dldesign_0_cycle1_af2pred.pdb,STPVLRSVD,0.069170699
APP_binder_09_61_dldesign_0_cycle1_af2pred.pdb,GSVTHILEP,0.000644199
APP_binder_09_620_dldesign_0_cycle1_af2pred.pdb,GVVPRRVLP,0.001136157
APP_binder_09_621_dldesign_0_cycle1_af2pred.pdb,PVLPPLALP,0.00122514
APP_binder_09_622_dldesign_0_cycle1_af2pred.pdb,GGVLVYAPP,0.000338501
APP_binder_09_623_dldesign_0_cycle1_af2pred.pdb,SGLLAQLLR,0.005917097
APP_binder_09_624_dldesign_0_cycle1_af2pred.pdb,MVIVYPVEP,0.007575178
APP_binder_09_625_dldesign_0_cycle1_af2pred.pdb,PYVPLPAPP,0.001620455
APP_binder_09_626_dldesign_0_cycle1_af2pred.pdb,GSHAILVAS,0.000370713
APP_binder_09_627_dldesign_0_cycle1_af2pred.pdb,LLSRLLREP,0.001682363
APP_binder_09_628_dldesign_0_cycle1_af2pred.pdb,SLANRLARL,0.006455065
APP_binder_09_629_dldesign_0_cycle1_af2pred.pdb,EVPVLTPAP,0.011832142
APP_binder_09_62_dldesign_0_cycle1_af2pred.pdb,GLSPVLPAP,4.77E-05
APP_binder_09_630_dldesign_0_cycle1_af2pred.pdb,SNVQLLLEQ,0.004551486
APP_binder_09_631_dldesign_0_cycle1_af2pred.pdb,GTNHVLAPP,0.000103523
APP_binder_09_632_dldesign_0_cycle1_af2pred.pdb,EVNQFRLPR,0.007172978
APP_binder_09_633_dldesign_0_cycle1_af2pred.pdb,SHSGEREAP,0.011476425
APP_binder_09_634_dldesign_0_cycle1_af2pred.pdb,GSRPVQPLD,0.001376263
APP_binder_09_635_dldesign_0_cycle1_af2pred.pdb,FVPPTPRRR,0.002796452
APP_binder_09_636_dldesign_0_cycle1_af2pred.pdb,GLVEYPSEP,0.04183387
APP_binder_09_637_dldesign_0_cycle1_af2pred.pdb,GATPRSTPP,0.108295389
APP_binder_09_638_dldesign_0_cycle1_af2pred.pdb,GPAVLRPQS,0.123274535
APP_binder_09_639_dldesign_0_cycle1_af2pred.pdb,GSTPRQKPP,0.108915195
APP_binder_09_63_dldesign_0_cycle1_af2pred.pdb,RLLPVRNLP,0.094188161
APP_binder_09_640_dldesign_0_cycle1_af2pred.pdb,SLPVLRPRL,0.159910202
APP_binder_09_641_dldesign_0_cycle1_af2pred.pdb,GAVAVPLAA,0.104345426
APP_binder_09_642_dldesign_0_cycle1_af2pred.pdb,GPPRRKKAP,0.065066941
APP_binder_09_643_dldesign_0_cycle1_af2pred.pdb,GFVLSEVDL,0.140024856
APP_binder_09_644_dldesign_0_cycle1_af2pred.pdb,GVVPRRATP,0.09799435
APP_binder_09_645_dldesign_0_cycle1_af2pred.pdb,PYPPVLVLP,0.09336438
APP_binder_09_646_dldesign_0_cycle1_af2pred.pdb,PPPPRVRRP,0.074978404
APP_binder_09_647_dldesign_0_cycle1_af2pred.pdb,SLPKVVYAP,0.127275303
APP_binder_09_648_dldesign_0_cycle1_af2pred.pdb,SLPLVRRVP,0.137959063
APP_binder_09_649_dldesign_0_cycle1_af2pred.pdb,ATPLTERLA,0.141481966
APP_binder_09_64_dldesign_0_cycle1_af2pred.pdb,GRHVRVALP,0.070802987
APP_binder_09_650_dldesign_0_cycle1_af2pred.pdb,SAKWRPPRR,0.151435971
APP_binder_09_651_dldesign_0_cycle1_af2pred.pdb,PVLVPAPRV,2.82E-05
APP_binder_09_652_dldesign_0_cycle1_af2pred.pdb,GPRHVLALP,3.21E-05
APP_binder_09_653_dldesign_0_cycle1_af2pred.pdb,GGVLRLPPP,0.000340681
APP_binder_09_654_dldesign_0_cycle1_af2pred.pdb,SAVSLPALP,0.000247074
APP_binder_09_655_dldesign_0_cycle1_af2pred.pdb,GSAIRLPPA,0.004483367
APP_binder_09_656_dldesign_0_cycle1_af2pred.pdb,VVEVPAAPP,0.003049426
APP_binder_09_657_dldesign_0_cycle1_af2pred.pdb,GVGVPTVRL,0.00433405
APP_binder_09_658_dldesign_0_cycle1_af2pred.pdb,GSSSFTPVS,0.000248523
APP_binder_09_659_dldesign_0_cycle1_af2pred.pdb,GVNTLRQPP,0.002705642
APP_binder_09_65_dldesign_0_cycle1_af2pred.pdb,RPPAVEVEL,0.007569353
APP_binder_09_660_dldesign_0_cycle1_af2pred.pdb,SLPVPRPRL,0.000410393
APP_binder_09_661_dldesign_0_cycle1_af2pred.pdb,EEPVLVYRR,0.004305007
APP_binder_09_662_dldesign_0_cycle1_af2pred.pdb,GATLRVKTP,0.000721559
APP_binder_09_663_dldesign_0_cycle1_af2pred.pdb,VVEVAPRPP,0.002007743
APP_binder_09_664_dldesign_0_cycle1_af2pred.pdb,GAVAVLAAP,7.39E-05
APP_binder_09_665_dldesign_0_cycle1_af2pred.pdb,GSAPVYAPP,0.008945648
APP_binder_09_666_dldesign_0_cycle1_af2pred.pdb,SVHSAELPP,0.020029213
APP_binder_09_667_dldesign_0_cycle1_af2pred.pdb,MHVLLEALP,0.007438025
APP_binder_09_668_dldesign_0_cycle1_af2pred.pdb,SKPVERPPR,0.014701991
APP_binder_09_669_dldesign_0_cycle1_af2pred.pdb,GRGVPIRVP,0.037632268
APP_binder_09_66_dldesign_0_cycle1_af2pred.pdb,LLLPREVLP,0.00404982
APP_binder_09_670_dldesign_0_cycle1_af2pred.pdb,SRIVVLPDP,0.011895645
APP_binder_09_671_dldesign_0_cycle1_af2pred.pdb,PPVARYSTP,0.003972324
APP_binder_09_672_dldesign_0_cycle1_af2pred.pdb,MHSGEREAP,0.017719323
APP_binder_09_673_dldesign_0_cycle1_af2pred.pdb,GHAPRIKAP,6.16E-05
APP_binder_09_674_dldesign_0_cycle1_af2pred.pdb,VSSTLRPRL,0.109433301
APP_binder_09_675_dldesign_0_cycle1_af2pred.pdb,GVPVLRSAP,0.001605005
APP_binder_09_676_dldesign_0_cycle1_af2pred.pdb,VLVPAPRVT,0.003547146
APP_binder_09_677_dldesign_0_cycle1_af2pred.pdb,GPVPRRPRP,0.003506757
APP_binder_09_678_dldesign_0_cycle1_af2pred.pdb,MRGVPLPEL,0.01355282
APP_binder_09_679_dldesign_0_cycle1_af2pred.pdb,LSLPPVVPE,0.008884648
APP_binder_09_67_dldesign_0_cycle1_af2pred.pdb,MENAVLLVP,0.000544328
APP_binder_09_680_dldesign_0_cycle1_af2pred.pdb,VRVLRRPPP,0.005560358
APP_binder_09_681_dldesign_0_cycle1_af2pred.pdb,SLPPPHVPP,0.006063702
APP_binder_09_682_dldesign_0_cycle1_af2pred.pdb,TPVALPAPP,0.000244975
APP_binder_09_683_dldesign_0_cycle1_af2pred.pdb,AVPAPRVLP,0.000251459
APP_binder_09_684_dldesign_0_cycle1_af2pred.pdb,SVATPALPP,0.006070442
APP_binder_09_685_dldesign_0_cycle1_af2pred.pdb,PVNVLRKPR,7.74E-05
APP_binder_09_686_dldesign_0_cycle1_af2pred.pdb,GEDIEVRTA,0.000506563
APP_binder_09_687_dldesign_0_cycle1_af2pred.pdb,SLVPSPPVV,0.000375305
APP_binder_09_688_dldesign_0_cycle1_af2pred.pdb,SRPPVRVPL,0.000927249
APP_binder_09_689_dldesign_0_cycle1_af2pred.pdb,QRVAVQEPP,0.000173784
APP_binder_09_68_dldesign_0_cycle1_af2pred.pdb,DLSDLVVVP,0.000192563
APP_binder_09_690_dldesign_0_cycle1_af2pred.pdb,ALPPRLATR,8.56E-05
APP_binder_09_691_dldesign_0_cycle1_af2pred.pdb,SRAVAVPAP,0.001194931
APP_binder_09_692_dldesign_0_cycle1_af2pred.pdb,SYSSNARPA,0.00085331
APP_binder_09_693_dldesign_0_cycle1_af2pred.pdb,PRHYRVASL,0.000293432
APP_binder_09_694_dldesign_0_cycle1_af2pred.pdb,SVPTLRPPL,0.00235399
APP_binder_09_695_dldesign_0_cycle1_af2pred.pdb,SSHLPLVPP,3.82E-05
APP_binder_09_696_dldesign_0_cycle1_af2pred.pdb,GFTLRQIPP,0.001116142
APP_binder_09_697_dldesign_0_cycle1_af2pred.pdb,GVGVPRPPR,0.010911684
APP_binder_09_698_dldesign_0_cycle1_af2pred.pdb,SQTSVHYTE,0.000113294
APP_binder_09_699_dldesign_0_cycle1_af2pred.pdb,GVLPTVRRP,5.40E-05
APP_binder_09_69_dldesign_0_cycle1_af2pred.pdb,PVPLKSVPA,0.000230459
APP_binder_09_6_dldesign_0_cycle1_af2pred.pdb,MERRHVVVD,7.71E-05
APP_binder_09_700_dldesign_0_cycle1_af2pred.pdb,GVNRLAPPL,0.001044234
APP_binder_09_701_dldesign_0_cycle1_af2pred.pdb,APTPVQPTP,0.000547046
APP_binder_09_702_dldesign_0_cycle1_af2pred.pdb,PESNAVLAA,2.53E-05
APP_binder_09_703_dldesign_0_cycle1_af2pred.pdb,ALNVVDVLP,0.001964539
APP_binder_09_704_dldesign_0_cycle1_af2pred.pdb,SVVVELPEP,0.001983261
APP_binder_09_705_dldesign_0_cycle1_af2pred.pdb,GVPVPRRLP,0.023999922
APP_binder_09_706_dldesign_0_cycle1_af2pred.pdb,RPNVPVVLP,0.182583064
APP_binder_09_707_dldesign_0_cycle1_af2pred.pdb,PVPTLRPTS,1.82E-05
APP_binder_09_708_dldesign_0_cycle1_af2pred.pdb,GSVPAVPLL,0.021593194
APP_binder_09_709_dldesign_0_cycle1_af2pred.pdb,PRPAALTLE,0.002347633
APP_binder_09_70_dldesign_0_cycle1_af2pred.pdb,SSPLLLRVP,0.000150271
APP_binder_09_710_dldesign_0_cycle1_af2pred.pdb,GVPWVATLP,0.084730908
APP_binder_09_711_dldesign_0_cycle1_af2pred.pdb,SSVVNLPEE,0.000493153
APP_binder_09_712_dldesign_0_cycle1_af2pred.pdb,PIIRLPAPP,0.001999273
APP_binder_09_713_dldesign_0_cycle1_af2pred.pdb,APTLAQAPQ,2.16E-05
APP_binder_09_714_dldesign_0_cycle1_af2pred.pdb,SSVPVLAAA,0.000345928
APP_binder_09_715_dldesign_0_cycle1_af2pred.pdb,GSLPVLRLP,0.000958742
APP_binder_09_716_dldesign_0_cycle1_af2pred.pdb,SLPKLVLRP,0.000860576
APP_binder_09_717_dldesign_0_cycle1_af2pred.pdb,GFTLIQLPP,0.000979825
APP_binder_09_718_dldesign_0_cycle1_af2pred.pdb,SVPLLVQRP,0.000139761
APP_binder_09_719_dldesign_0_cycle1_af2pred.pdb,SLLQLLLQS,0.000885167
APP_binder_09_71_dldesign_0_cycle1_af2pred.pdb,AALLSAPRP,0.000344043
APP_binder_09_720_dldesign_0_cycle1_af2pred.pdb,GVARRPPPR,0.028080698
APP_binder_09_721_dldesign_0_cycle1_af2pred.pdb,TVYTPIVRS,0.000608506
APP_binder_09_722_dldesign_0_cycle1_af2pred.pdb,HNEPVYVAA,0.001263071
APP_binder_09_723_dldesign_0_cycle1_af2pred.pdb,GVPVPRSVP,0.00670227
APP_binder_09_724_dldesign_0_cycle1_af2pred.pdb,GRSVILPEP,0.031478573
APP_binder_09_725_dldesign_0_cycle1_af2pred.pdb,EVVVNLSIR,0.000234891
APP_binder_09_726_dldesign_0_cycle1_af2pred.pdb,GSVLRRAPP,0.005778573
APP_binder_09_727_dldesign_0_cycle1_af2pred.pdb,GVELEELEA,0.000111776
APP_binder_09_728_dldesign_0_cycle1_af2pred.pdb,SLPTVRRAP,0.007026315
APP_binder_09_729_dldesign_0_cycle1_af2pred.pdb,SVLRTYRPA,0.023737829
APP_binder_09_72_dldesign_0_cycle1_af2pred.pdb,SHPPRVLEP,0.011103379
APP_binder_09_730_dldesign_0_cycle1_af2pred.pdb,LVSGAAAKY,0.019047899
APP_binder_09_731_dldesign_0_cycle1_af2pred.pdb,PHVVLVAPL,0.000106006
APP_binder_09_732_dldesign_0_cycle1_af2pred.pdb,GKPHIRVAA,0.007711215
APP_binder_09_733_dldesign_0_cycle1_af2pred.pdb,SIAGPRVRP,0.008217797
APP_binder_09_734_dldesign_0_cycle1_af2pred.pdb,SVPVPRRVL,0.017853074
APP_binder_09_735_dldesign_0_cycle1_af2pred.pdb,GSYTPRSAP,0.006403071
APP_binder_09_736_dldesign_0_cycle1_af2pred.pdb,PVHHIPELP,0.004521552
APP_binder_09_737_dldesign_0_cycle1_af2pred.pdb,SLPELKVAT,0.018607784
APP_binder_09_738_dldesign_0_cycle1_af2pred.pdb,PLNVKLVQR,0.00010687
APP_binder_09_739_dldesign_0_cycle1_af2pred.pdb,SLDELLEQL,0.016972436
APP_binder_09_73_dldesign_0_cycle1_af2pred.pdb,RTNYVLEAS,0.008306537
APP_binder_09_740_dldesign_0_cycle1_af2pred.pdb,GGVRLPAPP,0.000182999
APP_binder_09_741_dldesign_0_cycle1_af2pred.pdb,APPPKVRVR,0.009420482
APP_binder_09_742_dldesign_0_cycle1_af2pred.pdb,SSLPVKLLP,0.008147813
APP_binder_09_743_dldesign_0_cycle1_af2pred.pdb,GVQTVATMN,0.000360556
APP_binder_09_744_dldesign_0_cycle1_af2pred.pdb,GLTLAKPPL,0.000191988
APP_binder_09_745_dldesign_0_cycle1_af2pred.pdb,SLPVPRRLP,2.89E-05
APP_binder_09_746_dldesign_0_cycle1_af2pred.pdb,APVLRQVLP,2.09E-05
APP_binder_09_747_dldesign_0_cycle1_af2pred.pdb,GAVARRAPP,0.000552696
APP_binder_09_748_dldesign_0_cycle1_af2pred.pdb,GAPVRVPLP,0.015414721
APP_binder_09_749_dldesign_0_cycle1_af2pred.pdb,ASPLLPDLP,0.001137875
APP_binder_09_74_dldesign_0_cycle1_af2pred.pdb,APPVTKEEL,0.001397472
APP_binder_09_750_dldesign_0_cycle1_af2pred.pdb,STRLAVLLR,0.001433685
APP_binder_09_751_dldesign_0_cycle1_af2pred.pdb,SPSKIVKVP,0.000419444
APP_binder_09_752_dldesign_0_cycle1_af2pred.pdb,MLSERPVDP,0.005479901
APP_binder_09_753_dldesign_0_cycle1_af2pred.pdb,GSALLQRLL,0.000255253
APP_binder_09_754_dldesign_0_cycle1_af2pred.pdb,APTHVLELP,0.000731728
APP_binder_09_755_dldesign_0_cycle1_af2pred.pdb,GGVPAVPPA,0.002473963
APP_binder_09_756_dldesign_0_cycle1_af2pred.pdb,GLAPHILAP,0.011127453
APP_binder_09_757_dldesign_0_cycle1_af2pred.pdb,VPSGPVPAP,0.019265745
APP_binder_09_758_dldesign_0_cycle1_af2pred.pdb,GSVALPLLP,0.000316422
APP_binder_09_759_dldesign_0_cycle1_af2pred.pdb,SSPVLKRYG,0.018403424
APP_binder_09_75_dldesign_0_cycle1_af2pred.pdb,PVRHRPAPP,0.004276829
APP_binder_09_760_dldesign_0_cycle1_af2pred.pdb,MAKPVKLLP,0.009600368
APP_binder_09_761_dldesign_0_cycle1_af2pred.pdb,GKPPYLEAP,0.014265019
APP_binder_09_762_dldesign_0_cycle1_af2pred.pdb,SADSLLVRL,0.018646302
APP_binder_09_763_dldesign_0_cycle1_af2pred.pdb,GSVLRRPPP,0.001280496
APP_binder_09_764_dldesign_0_cycle1_af2pred.pdb,GELGLRTTE,0.015146804
APP_binder_09_765_dldesign_0_cycle1_af2pred.pdb,RPRFDLSLE,0.005344546
APP_binder_09_766_dldesign_0_cycle1_af2pred.pdb,GPVPRRRLP,0.011003244
APP_binder_09_767_dldesign_0_cycle1_af2pred.pdb,PLPTIVRPR,0.00078844
APP_binder_09_768_dldesign_0_cycle1_af2pred.pdb,GPHHLPAPP,0.019125678
APP_binder_09_769_dldesign_0_cycle1_af2pred.pdb,GEPPRRVFE,0.018681994
APP_binder_09_76_dldesign_0_cycle1_af2pred.pdb,MVLEEVETE,0.016762642
APP_binder_09_770_dldesign_0_cycle1_af2pred.pdb,GSVPTVRRV,0.002098493
APP_binder_09_771_dldesign_0_cycle1_af2pred.pdb,YEFSEVLDL,0.028116567
APP_binder_09_772_dldesign_0_cycle1_af2pred.pdb,SLPTLRPPR,0.027740236
APP_binder_09_773_dldesign_0_cycle1_af2pred.pdb,GVPTLTPRR,0.000629326
APP_binder_09_774_dldesign_0_cycle1_af2pred.pdb,SVPVPRLPP,0.004213816
APP_binder_09_775_dldesign_0_cycle1_af2pred.pdb,SLPEVRSAF,0.00128616
APP_binder_09_776_dldesign_0_cycle1_af2pred.pdb,GAVALPLLE,0.001318236
APP_binder_09_777_dldesign_0_cycle1_af2pred.pdb,STPLLVRAP,0.000478941
APP_binder_09_778_dldesign_0_cycle1_af2pred.pdb,GPAVRLKAP,2.68E-05
APP_binder_09_779_dldesign_0_cycle1_af2pred.pdb,EELEELLEE,0.004064356
APP_binder_09_77_dldesign_0_cycle1_af2pred.pdb,SPVSGERPP,5.01E-05
APP_binder_09_780_dldesign_0_cycle1_af2pred.pdb,SVVTVATAA,0.003479004
APP_binder_09_781_dldesign_0_cycle1_af2pred.pdb,GPVVGSVQR,7.50E-05
APP_binder_09_782_dldesign_0_cycle1_af2pred.pdb,SVYTLKSRP,0.004628384
APP_binder_09_783_dldesign_0_cycle1_af2pred.pdb,GVLNPQRRY,0.066713586
APP_binder_09_784_dldesign_0_cycle1_af2pred.pdb,SSVPVPLAA,3.08E-05
APP_binder_09_785_dldesign_0_cycle1_af2pred.pdb,PVLTPRPPL,0.000891763
APP_binder_09_786_dldesign_0_cycle1_af2pred.pdb,GAPRHVKAP,0.000737549
APP_binder_09_787_dldesign_0_cycle1_af2pred.pdb,GPHIRVPRP,0.030093985
APP_binder_09_788_dldesign_0_cycle1_af2pred.pdb,SSVLRRVLP,0.000966144
APP_binder_09_789_dldesign_0_cycle1_af2pred.pdb,GRRVPEVAL,0.000606391
APP_binder_09_78_dldesign_0_cycle1_af2pred.pdb,GALALPEAP,0.002364819
APP_binder_09_790_dldesign_0_cycle1_af2pred.pdb,GLRPVDVPP,0.017357776
APP_binder_09_791_dldesign_0_cycle1_af2pred.pdb,PYVPPLPLL,0.023790693
APP_binder_09_792_dldesign_0_cycle1_af2pred.pdb,SVNTLAQAP,0.007375021
APP_binder_09_793_dldesign_0_cycle1_af2pred.pdb,RRLLYSLLQ,0.000104145
APP_binder_09_794_dldesign_0_cycle1_af2pred.pdb,GTPHIILSP,0.015129127
APP_binder_09_795_dldesign_0_cycle1_af2pred.pdb,TVYTPRSRG,6.47E-05
APP_binder_09_796_dldesign_0_cycle1_af2pred.pdb,GALAISSAP,0.004618232
APP_binder_09_797_dldesign_0_cycle1_af2pred.pdb,TVYTPRTVP,6.09E-05
APP_binder_09_798_dldesign_0_cycle1_af2pred.pdb,ELRHVKLLP,0.000301945
APP_binder_09_799_dldesign_0_cycle1_af2pred.pdb,SLPTLAVRP,0.00183678
APP_binder_09_79_dldesign_0_cycle1_af2pred.pdb,APSLAELLA,0.000155614
APP_binder_09_7_dldesign_0_cycle1_af2pred.pdb,GVGVPRQKP,0.002357451
APP_binder_09_800_dldesign_0_cycle1_af2pred.pdb,SLPVLRPPR,0.000839479
APP_binder_09_801_dldesign_0_cycle1_af2pred.pdb,SRTHVKAPA,0.001043531
APP_binder_09_802_dldesign_0_cycle1_af2pred.pdb,AEPPVPRSV,6.84E-05
APP_binder_09_803_dldesign_0_cycle1_af2pred.pdb,VTLASVPLG,0.000227132
APP_binder_09_804_dldesign_0_cycle1_af2pred.pdb,GMSVRVKAP,0.005746584
APP_binder_09_805_dldesign_0_cycle1_af2pred.pdb,GKPPVKAVP,0.021222051
APP_binder_09_806_dldesign_0_cycle1_af2pred.pdb,PLPARLRPP,6.84E-05
APP_binder_09_807_dldesign_0_cycle1_af2pred.pdb,MVAPVRVAA,0.006280882
APP_binder_09_808_dldesign_0_cycle1_af2pred.pdb,PLPPVARRP,0.002386422
APP_binder_09_809_dldesign_0_cycle1_af2pred.pdb,PPPVLRRAP,0.002371218
APP_binder_09_80_dldesign_0_cycle1_af2pred.pdb,EEPYFASVG,0.00297286
APP_binder_09_810_dldesign_0_cycle1_af2pred.pdb,SSNVVLLQP,0.004517586
APP_binder_09_811_dldesign_0_cycle1_af2pred.pdb,GSNRIYVRP,0.0007691
APP_binder_09_812_dldesign_0_cycle1_af2pred.pdb,SSWWVVHSG,0.003534764
APP_binder_09_813_dldesign_0_cycle1_af2pred.pdb,PPPVPRYPP,0.254871666
APP_binder_09_814_dldesign_0_cycle1_af2pred.pdb,PAPLRRVLP,0.00056277
APP_binder_09_815_dldesign_0_cycle1_af2pred.pdb,VVNSHFASV,0.013433814
APP_binder_09_816_dldesign_0_cycle1_af2pred.pdb,GPIRLPAVP,0.000966128
APP_binder_09_817_dldesign_0_cycle1_af2pred.pdb,SAPVLKRVP,0.004369609
APP_binder_09_818_dldesign_0_cycle1_af2pred.pdb,GVPASLLLA,0.00045274
APP_binder_09_819_dldesign_0_cycle1_af2pred.pdb,GSSSTVAYP,3.77E-05
APP_binder_09_81_dldesign_0_cycle1_af2pred.pdb,SLPLLVAPP,0.002886911
APP_binder_09_820_dldesign_0_cycle1_af2pred.pdb,GATPRLPPP,0.001156853
APP_binder_09_821_dldesign_0_cycle1_af2pred.pdb,GAVHTLLPP,0.002543693
APP_binder_09_822_dldesign_0_cycle1_af2pred.pdb,SNKPIKALP,0.002191787
APP_binder_09_823_dldesign_0_cycle1_af2pred.pdb,STTPVKVAA,0.001904691
APP_binder_09_824_dldesign_0_cycle1_af2pred.pdb,PIRVSLEEL,0.000120678
APP_binder_09_825_dldesign_0_cycle1_af2pred.pdb,NVYTPTPPR,0.00683313
APP_binder_09_826_dldesign_0_cycle1_af2pred.pdb,PLPPVFVEL,0.000410062
APP_binder_09_827_dldesign_0_cycle1_af2pred.pdb,GSVRVKVAA,0.000179166
APP_binder_09_828_dldesign_0_cycle1_af2pred.pdb,GPRHYLEAP,0.003170802
APP_binder_09_829_dldesign_0_cycle1_af2pred.pdb,SLPVLRQMP,0.006585409
APP_binder_09_82_dldesign_0_cycle1_af2pred.pdb,GVPVPRSLP,0.000751646
APP_binder_09_830_dldesign_0_cycle1_af2pred.pdb,SEPLLRPPL,0.003096726
APP_binder_09_831_dldesign_0_cycle1_af2pred.pdb,GPLRHVKAP,0.000302246
APP_binder_09_832_dldesign_0_cycle1_af2pred.pdb,PSSSYFVQP,7.99E-05
APP_binder_09_833_dldesign_0_cycle1_af2pred.pdb,GTPRHRPAL,0.00306875
APP_binder_09_834_dldesign_0_cycle1_af2pred.pdb,GVPVLRLPP,0.000388742
APP_binder_09_835_dldesign_0_cycle1_af2pred.pdb,APVLRPPVS,0.000442603
APP_binder_09_836_dldesign_0_cycle1_af2pred.pdb,LLAQLAKLL,0.002331774
APP_binder_09_837_dldesign_0_cycle1_af2pred.pdb,PVNPVVPPP,0.000101773
APP_binder_09_838_dldesign_0_cycle1_af2pred.pdb,DLDQGELLA,0.003119322
APP_binder_09_839_dldesign_0_cycle1_af2pred.pdb,SVPVLRYAP,0.005719097
APP_binder_09_83_dldesign_0_cycle1_af2pred.pdb,GAVALPALP,0.004064749
APP_binder_09_840_dldesign_0_cycle1_af2pred.pdb,MHSHAVVLP,0.001228767
APP_binder_09_841_dldesign_0_cycle1_af2pred.pdb,SNSVTRYSV,0.006030314
APP_binder_09_842_dldesign_0_cycle1_af2pred.pdb,MGSPVYVSS,0.004422344
APP_binder_09_843_dldesign_0_cycle1_af2pred.pdb,SLPKVAKPP,0.001279714
APP_binder_09_844_dldesign_0_cycle1_af2pred.pdb,PHYPAVDLS,0.000913769
APP_binder_09_845_dldesign_0_cycle1_af2pred.pdb,SPPIKYSAP,0.001208236
APP_binder_09_846_dldesign_0_cycle1_af2pred.pdb,GGTPRYRRR,0.010389924
APP_binder_09_847_dldesign_0_cycle1_af2pred.pdb,AVVQPRVYE,0.001563348
APP_binder_09_848_dldesign_0_cycle1_af2pred.pdb,PLARRYPEP,3.00E-05
APP_binder_09_849_dldesign_0_cycle1_af2pred.pdb,GVAPAVRTR,0.000967517
APP_binder_09_84_dldesign_0_cycle1_af2pred.pdb,GVPRSRILY,0.005117833
APP_binder_09_850_dldesign_0_cycle1_af2pred.pdb,GVPAVRVPP,0.000259685
APP_binder_09_851_dldesign_0_cycle1_af2pred.pdb,SRQPRPPEE,0.051849082
APP_binder_09_852_dldesign_0_cycle1_af2pred.pdb,SVLVPRRVP,0.075204164
APP_binder_09_853_dldesign_0_cycle1_af2pred.pdb,SYPLRRIPP,0.03223921
APP_binder_09_854_dldesign_0_cycle1_af2pred.pdb,APVVVLEEL,0.031915043
APP_binder_09_855_dldesign_0_cycle1_af2pred.pdb,SVPVPRSHN,0.05108032
APP_binder_09_856_dldesign_0_cycle1_af2pred.pdb,SGGSVLRQP,0.036481105
APP_binder_09_857_dldesign_0_cycle1_af2pred.pdb,PPPPLLRSA,0.033932012
APP_binder_09_858_dldesign_0_cycle1_af2pred.pdb,GGVLRQRLP,0.02127875
APP_binder_09_859_dldesign_0_cycle1_af2pred.pdb,GVVTLKSLP,0.008408488
APP_binder_09_85_dldesign_0_cycle1_af2pred.pdb,SLPVLKSVE,0.055487078
APP_binder_09_860_dldesign_0_cycle1_af2pred.pdb,GVHSAELPP,0.014650492
APP_binder_09_861_dldesign_0_cycle1_af2pred.pdb,PVTLDSSEL,0.043800902
APP_binder_09_862_dldesign_0_cycle1_af2pred.pdb,SLLLPQSLP,0.052489433
APP_binder_09_863_dldesign_0_cycle1_af2pred.pdb,PRRVLLPAP,0.033847313
APP_binder_09_864_dldesign_0_cycle1_af2pred.pdb,VRSRQRKAP,0.055083673
APP_binder_09_865_dldesign_0_cycle1_af2pred.pdb,RLPQLPTEP,0.034929816
APP_binder_09_866_dldesign_0_cycle1_af2pred.pdb,GLSTHVPLP,0.000914498
APP_binder_09_867_dldesign_0_cycle1_af2pred.pdb,GSALRLPAP,0.000233917
APP_binder_09_868_dldesign_0_cycle1_af2pred.pdb,SVLRRWRPR,0.007134113
APP_binder_09_869_dldesign_0_cycle1_af2pred.pdb,GTPLVRRVP,0.006082513
APP_binder_09_86_dldesign_0_cycle1_af2pred.pdb,SLPKAVRVP,0.004726784
APP_binder_09_870_dldesign_0_cycle1_af2pred.pdb,HQRAVPYVP,0.001908497
APP_binder_09_871_dldesign_0_cycle1_af2pred.pdb,GSSVHLPAP,0.000854988
APP_binder_09_872_dldesign_0_cycle1_af2pred.pdb,GRVLAPVVL,0.001877502
APP_binder_09_873_dldesign_0_cycle1_af2pred.pdb,GHPPLLRPP,0.001633817
APP_binder_09_874_dldesign_0_cycle1_af2pred.pdb,GAVLRQKLP,0.003038287
APP_binder_09_875_dldesign_0_cycle1_af2pred.pdb,AVAVPAPAS,0.003001881
APP_binder_09_876_dldesign_0_cycle1_af2pred.pdb,SLPKLVQRP,0.010143302
APP_binder_09_877_dldesign_0_cycle1_af2pred.pdb,GSARHVKVP,0.000400358
APP_binder_09_878_dldesign_0_cycle1_af2pred.pdb,MSSVHRKAL,0.008015234
APP_binder_09_879_dldesign_0_cycle1_af2pred.pdb,SYVPRRVLP,0.000165162
APP_binder_09_87_dldesign_0_cycle1_af2pred.pdb,GFTLRRRLP,0.008632603
APP_binder_09_880_dldesign_0_cycle1_af2pred.pdb,PVPVLVPKR,0.000491207
APP_binder_09_881_dldesign_0_cycle1_af2pred.pdb,AVKTVYATP,0.001565682
APP_binder_09_882_dldesign_0_cycle1_af2pred.pdb,SSTLAQAPE,0.000132526
APP_binder_09_883_dldesign_0_cycle1_af2pred.pdb,GSTYRRILP,0.000651902
APP_binder_09_884_dldesign_0_cycle1_af2pred.pdb,SVPVPRRRP,0.00238106
APP_binder_09_885_dldesign_0_cycle1_af2pred.pdb,AVPVTLVTP,0.002285551
APP_binder_09_886_dldesign_0_cycle1_af2pred.pdb,SVPLLISVD,0.00158618
APP_binder_09_887_dldesign_0_cycle1_af2pred.pdb,GSTLRQRLP,0.004834604
APP_binder_09_888_dldesign_0_cycle1_af2pred.pdb,SLPTLRPPR,0.002983062
APP_binder_09_889_dldesign_0_cycle1_af2pred.pdb,SITLVHVAA,2.50E-05
APP_binder_09_88_dldesign_0_cycle1_af2pred.pdb,GVPTLRVRL,0.005679627
APP_binder_09_890_dldesign_0_cycle1_af2pred.pdb,GSTPVKVAA,0.001555228
APP_binder_09_891_dldesign_0_cycle1_af2pred.pdb,GAAVPVLEL,0.002243378
APP_binder_09_892_dldesign_0_cycle1_af2pred.pdb,GASVHRKAP,0.000891116
APP_binder_09_893_dldesign_0_cycle1_af2pred.pdb,SVTLRQLPG,4.00E-05
APP_binder_09_894_dldesign_0_cycle1_af2pred.pdb,GRGVAVPLL,0.009895639
APP_binder_09_895_dldesign_0_cycle1_af2pred.pdb,MTEPVLTLE,0.006013289
APP_binder_09_896_dldesign_0_cycle1_af2pred.pdb,GFVVPVFLP,0.00096976
APP_binder_09_897_dldesign_0_cycle1_af2pred.pdb,PPPPTLKTR,3.82E-05
APP_binder_09_898_dldesign_0_cycle1_af2pred.pdb,SVEVIFEEE,0.00441989
APP_binder_09_899_dldesign_0_cycle1_af2pred.pdb,PVVTTPRLR,0.001119862
APP_binder_09_89_dldesign_0_cycle1_af2pred.pdb,VTVKYAPLH,0.000957673
APP_binder_09_8_dldesign_0_cycle1_af2pred.pdb,PRSRPAPAP,0.002199954
APP_binder_09_900_dldesign_0_cycle1_af2pred.pdb,GAHHILLPA,5.07E-05
APP_binder_09_901_dldesign_0_cycle1_af2pred.pdb,SVLVRAPPR,0.002519397
APP_binder_09_902_dldesign_0_cycle1_af2pred.pdb,VRPALPSLE,0.002397243
APP_binder_09_903_dldesign_0_cycle1_af2pred.pdb,SRTLPVKVP,0.001842401
APP_binder_09_904_dldesign_0_cycle1_af2pred.pdb,SGTPRYAPP,0.000777787
APP_binder_09_905_dldesign_0_cycle1_af2pred.pdb,GQTNHRPLL,0.001236307
APP_binder_09_906_dldesign_0_cycle1_af2pred.pdb,SLTSAEYEQ,0.003502425
APP_binder_09_907_dldesign_0_cycle1_af2pred.pdb,SKPVPLSLP,0.001010043
APP_binder_09_908_dldesign_0_cycle1_af2pred.pdb,RLPRVLEEP,0.000646657
APP_binder_09_909_dldesign_0_cycle1_af2pred.pdb,MKPLFTLPP,0.001602433
APP_binder_09_90_dldesign_0_cycle1_af2pred.pdb,SPVLRTVTP,0.000174681
APP_binder_09_910_dldesign_0_cycle1_af2pred.pdb,SSLNYYLEE,0.001571713
APP_binder_09_911_dldesign_0_cycle1_af2pred.pdb,APKVAPPFP,0.003287112
APP_binder_09_912_dldesign_0_cycle1_af2pred.pdb,GHGVALPAP,0.000164736
APP_binder_09_913_dldesign_0_cycle1_af2pred.pdb,SLQRLLDSL,0.00039047
APP_binder_09_914_dldesign_0_cycle1_af2pred.pdb,GLHEGEREA,0.017089112
APP_binder_09_915_dldesign_0_cycle1_af2pred.pdb,PVVDASQLP,0.000381885
APP_binder_09_916_dldesign_0_cycle1_af2pred.pdb,LHYSEREAE,0.001141402
APP_binder_09_917_dldesign_0_cycle1_af2pred.pdb,TPPVKVDLP,0.000314782
APP_binder_09_918_dldesign_0_cycle1_af2pred.pdb,GSPPVEVEK,2.70E-05
APP_binder_09_919_dldesign_0_cycle1_af2pred.pdb,SVPVLVRRP,3.42E-05
APP_binder_09_91_dldesign_0_cycle1_af2pred.pdb,SRTPPVKVA,0.001232161
APP_binder_09_920_dldesign_0_cycle1_af2pred.pdb,EVPVPRLPP,0.004000206
APP_binder_09_921_dldesign_0_cycle1_af2pred.pdb,PVLTPRQIP,2.20E-05
APP_binder_09_922_dldesign_0_cycle1_af2pred.pdb,GVKVARPLP,0.002122924
APP_binder_09_923_dldesign_0_cycle1_af2pred.pdb,SVPTLRSAS,0.001627933
APP_binder_09_924_dldesign_0_cycle1_af2pred.pdb,PVYTPKSMP,0.000300641
APP_binder_09_925_dldesign_0_cycle1_af2pred.pdb,KRGKRLKAL,0.03279496
APP_binder_09_926_dldesign_0_cycle1_af2pred.pdb,GVPRPLELP,0.010761956
APP_binder_09_927_dldesign_0_cycle1_af2pred.pdb,SAVPRPRLP,0.000596274
APP_binder_09_928_dldesign_0_cycle1_af2pred.pdb,YPVSGSKPP,0.037114829
APP_binder_09_929_dldesign_0_cycle1_af2pred.pdb,SVLTPRRPP,0.023283903
APP_binder_09_92_dldesign_0_cycle1_af2pred.pdb,PLPVPRRVE,0.081815712
APP_binder_09_930_dldesign_0_cycle1_af2pred.pdb,GSVLRSVPN,0.003608772
APP_binder_09_931_dldesign_0_cycle1_af2pred.pdb,PVLADDALP,0.011050891
APP_binder_09_932_dldesign_0_cycle1_af2pred.pdb,GPAVRIRLA,0.004028223
APP_binder_09_933_dldesign_0_cycle1_af2pred.pdb,GFSVSFVNL,0.022888506
APP_binder_09_934_dldesign_0_cycle1_af2pred.pdb,LVVLPVPRP,0.005126512
APP_binder_09_935_dldesign_0_cycle1_af2pred.pdb,SLPTVRPPR,0.00654041
APP_binder_09_936_dldesign_0_cycle1_af2pred.pdb,APVTTVKRR,0.025453074
APP_binder_09_937_dldesign_0_cycle1_af2pred.pdb,SYTVSEKFP,0.003121397
APP_binder_09_938_dldesign_0_cycle1_af2pred.pdb,PPVPRQVLP,0.000745769
APP_binder_09_939_dldesign_0_cycle1_af2pred.pdb,SLPTLQPPL,0.019867091
APP_binder_09_93_dldesign_0_cycle1_af2pred.pdb,GLSHHILEE,0.000242752
APP_binder_09_940_dldesign_0_cycle1_af2pred.pdb,GYTLRSVPP,0.006695371
APP_binder_09_941_dldesign_0_cycle1_af2pred.pdb,GTRYTVPNP,0.000508581
APP_binder_09_942_dldesign_0_cycle1_af2pred.pdb,DDDLLVALP,0.001068515
APP_binder_09_943_dldesign_0_cycle1_af2pred.pdb,KVNSALLAA,0.005441884
APP_binder_09_944_dldesign_0_cycle1_af2pred.pdb,SLPLLLSRP,0.000961721
APP_binder_09_945_dldesign_0_cycle1_af2pred.pdb,PVPKEAVPL,2.23E-05
APP_binder_09_946_dldesign_0_cycle1_af2pred.pdb,GYTAKTVPE,0.002026922
APP_binder_09_947_dldesign_0_cycle1_af2pred.pdb,SSGTLRPAL,0.00105596
APP_binder_09_948_dldesign_0_cycle1_af2pred.pdb,EVPPVRLPP,0.006231445
APP_binder_09_949_dldesign_0_cycle1_af2pred.pdb,GLAPVVKAP,0.00711114
APP_binder_09_94_dldesign_0_cycle1_af2pred.pdb,APSYTIARP,7.42E-05
APP_binder_09_950_dldesign_0_cycle1_af2pred.pdb,SSGVLLRRP,0.000540917
APP_binder_09_951_dldesign_0_cycle1_af2pred.pdb,SRLRPPVTA,0.001186021
APP_binder_09_952_dldesign_0_cycle1_af2pred.pdb,GLGERLPAP,0.008319442
APP_binder_09_953_dldesign_0_cycle1_af2pred.pdb,PVVYTPRRP,0.004125516
APP_binder_09_954_dldesign_0_cycle1_af2pred.pdb,SSYTVARAP,3.63E-05
APP_binder_09_955_dldesign_0_cycle1_af2pred.pdb,LVLPVLRAP,6.47E-05
APP_binder_09_956_dldesign_0_cycle1_af2pred.pdb,TAPVPWSPP,0.002489537
APP_binder_09_957_dldesign_0_cycle1_af2pred.pdb,GVTLRVRTP,0.000725447
APP_binder_09_958_dldesign_0_cycle1_af2pred.pdb,GTTILPALP,0.000832247
APP_binder_09_959_dldesign_0_cycle1_af2pred.pdb,GSTLKVTPN,0.000741991
APP_binder_09_95_dldesign_0_cycle1_af2pred.pdb,GLAPVVKAL,0.008537356
APP_binder_09_960_dldesign_0_cycle1_af2pred.pdb,GVAVPADAG,0.031759072
APP_binder_09_961_dldesign_0_cycle1_af2pred.pdb,SQRLLQKLA,0.001638464
APP_binder_09_962_dldesign_0_cycle1_af2pred.pdb,SHSEELEAE,0.000432364
APP_binder_09_963_dldesign_0_cycle1_af2pred.pdb,GPRRVRVPL,0.050365485
APP_binder_09_964_dldesign_0_cycle1_af2pred.pdb,SQQLLNALL,0.001457754
APP_binder_09_965_dldesign_0_cycle1_af2pred.pdb,SSAVLRSLP,0.000452711
APP_binder_09_966_dldesign_0_cycle1_af2pred.pdb,MTARRRPAP,0.001552145
APP_binder_09_967_dldesign_0_cycle1_af2pred.pdb,PLPVAEVKS,0.001188434
APP_binder_09_968_dldesign_0_cycle1_af2pred.pdb,GSVAVPATP,0.061264399
APP_binder_09_969_dldesign_0_cycle1_af2pred.pdb,TTVGPLDDD,0.001150834
APP_binder_09_96_dldesign_0_cycle1_af2pred.pdb,PVVYTPRLP,0.006641482
APP_binder_09_970_dldesign_0_cycle1_af2pred.pdb,SVGVLRPGR,0.004214007
APP_binder_09_971_dldesign_0_cycle1_af2pred.pdb,GLPVVRYPP,0.94190079
APP_binder_09_972_dldesign_0_cycle1_af2pred.pdb,PVNLTPKTL,0.000242524
APP_binder_09_973_dldesign_0_cycle1_af2pred.pdb,SVPTLKVVK,0.000867626
APP_binder_09_974_dldesign_0_cycle1_af2pred.pdb,SLPKLLSVP,0.001476938
APP_binder_09_975_dldesign_0_cycle1_af2pred.pdb,KRAPQIRVP,0.000125828
APP_binder_09_976_dldesign_0_cycle1_af2pred.pdb,GSSAVWRLP,0.000525098
APP_binder_09_977_dldesign_0_cycle1_af2pred.pdb,APVLTPRYP,0.000115235
APP_binder_09_978_dldesign_0_cycle1_af2pred.pdb,VLTPPLPAP,4.11E-05
APP_binder_09_979_dldesign_0_cycle1_af2pred.pdb,GPVYTPRQR,0.00068414
APP_binder_09_97_dldesign_0_cycle1_af2pred.pdb,GGRPTTPEE,0.003977031
APP_binder_09_980_dldesign_0_cycle1_af2pred.pdb,GPVWRQRPL,0.001235792
APP_binder_09_981_dldesign_0_cycle1_af2pred.pdb,SKELESALL,0.001908633
APP_binder_09_982_dldesign_0_cycle1_af2pred.pdb,GLTPTAPLP,0.001775943
APP_binder_09_983_dldesign_0_cycle1_af2pred.pdb,SLPKVRQVV,0.000713731
APP_binder_09_984_dldesign_0_cycle1_af2pred.pdb,DLDYTLKRP,0.000576608
APP_binder_09_985_dldesign_0_cycle1_af2pred.pdb,SHNIYLKPP,4.61E-05
APP_binder_09_986_dldesign_0_cycle1_af2pred.pdb,AVKLRQVLP,0.000661262
APP_binder_09_987_dldesign_0_cycle1_af2pred.pdb,NRLLQQLLS,0.001771185
APP_binder_09_988_dldesign_0_cycle1_af2pred.pdb,SVAKPHVRL,0.046659566
APP_binder_09_989_dldesign_0_cycle1_af2pred.pdb,GADVVARLP,0.098030135
APP_binder_09_98_dldesign_0_cycle1_af2pred.pdb,MKALPLLPP,0.083274648
APP_binder_09_990_dldesign_0_cycle1_af2pred.pdb,GLRPRVRWL,0.003568138
APP_binder_09_991_dldesign_0_cycle1_af2pred.pdb,GPVVTLKLP,0.069229104
APP_binder_09_992_dldesign_0_cycle1_af2pred.pdb,PKPLPLRQP,0.047549751
APP_binder_09_993_dldesign_0_cycle1_af2pred.pdb,GAVLRSRPN,0.065026298
APP_binder_09_994_dldesign_0_cycle1_af2pred.pdb,GAAIPLPAP,0.079324812
APP_binder_09_995_dldesign_0_cycle1_af2pred.pdb,GSVPIPAPA,0.040909324
APP_binder_09_996_dldesign_0_cycle1_af2pred.pdb,GVARRPLPP,0.027325276
APP_binder_09_997_dldesign_0_cycle1_af2pred.pdb,APPLRRRVE,0.082276508
APP_binder_09_998_dldesign_0_cycle1_af2pred.pdb,SSVLRVRLP,0.082171686
APP_binder_09_999_dldesign_0_cycle1_af2pred.pdb,AVRLPAPAL,0.07809905
APP_binder_09_99_dldesign_0_cycle1_af2pred.pdb,GSVLARVLP,0.057670243
APP_binder_09_9_dldesign_0_cycle1_af2pred.pdb,LPPMAVRSV,0.059493378
